series_id,metric,geography_level,location_id,location_name,month,mean_value,median_value,std_value,minimum_value,maximum_value,n_observations
region_1_bonds_lodged,bonds_lodged,region,1,Northland Region,1,314.27272727272725,327.0,65.22857537501906,171.0,420.0,33
region_1_bonds_lodged,bonds_lodged,region,1,Northland Region,2,330.70588235294116,339.0,76.90865475660452,174.0,456.0,34
region_1_bonds_lodged,bonds_lodged,region,1,Northland Region,3,351.79411764705884,363.0,88.64836200157055,189.0,501.0,34
region_1_bonds_lodged,bonds_lodged,region,1,Northland Region,4,329.11764705882354,343.5,94.69144939346579,111.0,483.0,34
region_1_bonds_lodged,bonds_lodged,region,1,Northland Region,5,357.0,360.0,83.88628666778081,174.0,507.0,34
region_1_bonds_lodged,bonds_lodged,region,1,Northland Region,6,330.0882352941176,355.5,75.49648502636992,153.0,432.0,34
region_1_bonds_lodged,bonds_lodged,region,1,Northland Region,7,351.61764705882354,363.0,80.08329554032433,183.0,510.0,34
region_1_bonds_lodged,bonds_lodged,region,1,Northland Region,8,348.1818181818182,342.0,89.23089940760941,159.0,492.0,33
region_1_bonds_lodged,bonds_lodged,region,1,Northland Region,9,337.1818181818182,357.0,84.29392569509922,138.0,459.0,33
region_1_bonds_lodged,bonds_lodged,region,1,Northland Region,10,331.3636363636364,342.0,82.13130424121873,159.0,474.0,33
region_1_bonds_lodged,bonds_lodged,region,1,Northland Region,11,320.72727272727275,321.0,78.54746683028387,159.0,444.0,33
region_1_bonds_lodged,bonds_lodged,region,1,Northland Region,12,318.72727272727275,330.0,71.761441913151,159.0,432.0,33
region_2_bonds_lodged,bonds_lodged,region,2,Auckland Region,1,4537.181818181818,4722.0,712.0083590865285,2571.0,5589.0,33
region_2_bonds_lodged,bonds_lodged,region,2,Auckland Region,2,5041.14705882353,5383.5,1051.8850649379765,2376.0,6684.0,34
region_2_bonds_lodged,bonds_lodged,region,2,Auckland Region,3,4776.705882352941,5077.5,880.2217878023271,2316.0,6129.0,34
region_2_bonds_lodged,bonds_lodged,region,2,Auckland Region,4,4215.529411764706,4506.0,858.2782354293768,1647.0,5205.0,34
region_2_bonds_lodged,bonds_lodged,region,2,Auckland Region,5,4410.970588235294,4536.0,705.4780663770048,2460.0,5508.0,34
region_2_bonds_lodged,bonds_lodged,region,2,Auckland Region,6,4239.264705882353,4393.5,682.4265665378056,2208.0,5178.0,34
region_2_bonds_lodged,bonds_lodged,region,2,Auckland Region,7,4744.941176470588,4930.5,759.1675640952604,2520.0,5682.0,34
region_2_bonds_lodged,bonds_lodged,region,2,Auckland Region,8,4499.090909090909,4659.0,779.4107695735753,2328.0,5829.0,33
region_2_bonds_lodged,bonds_lodged,region,2,Auckland Region,9,4248.818181818182,4500.0,822.4700775159487,1746.0,5253.0,33
region_2_bonds_lodged,bonds_lodged,region,2,Auckland Region,10,4294.090909090909,4422.0,667.529417125023,2511.0,5118.0,33
region_2_bonds_lodged,bonds_lodged,region,2,Auckland Region,11,4294.0,4482.0,644.6413246914907,2409.0,4986.0,33
region_2_bonds_lodged,bonds_lodged,region,2,Auckland Region,12,4156.454545454545,4458.0,675.8457706324857,2214.0,5034.0,33
region_3_bonds_lodged,bonds_lodged,region,3,Waikato Region,1,1338.3636363636363,1368.0,180.6453393707228,921.0,1599.0,33
region_3_bonds_lodged,bonds_lodged,region,3,Waikato Region,2,1436.3823529411766,1464.0,232.758688241431,903.0,1806.0,34
region_3_bonds_lodged,bonds_lodged,region,3,Waikato Region,3,1314.0,1329.0,226.70325016718147,774.0,1680.0,34
region_3_bonds_lodged,bonds_lodged,region,3,Waikato Region,4,1156.8529411764705,1189.5,228.21164185013834,420.0,1458.0,34
region_3_bonds_lodged,bonds_lodged,region,3,Waikato Region,5,1219.5882352941176,1227.0,197.66808998113842,720.0,1617.0,34
region_3_bonds_lodged,bonds_lodged,region,3,Waikato Region,6,1203.1764705882354,1251.0,191.23275847625715,651.0,1476.0,34
region_3_bonds_lodged,bonds_lodged,region,3,Waikato Region,7,1292.8235294117646,1329.0,211.15260467229157,732.0,1623.0,34
region_3_bonds_lodged,bonds_lodged,region,3,Waikato Region,8,1218.909090909091,1233.0,187.0757472984479,741.0,1491.0,33
region_3_bonds_lodged,bonds_lodged,region,3,Waikato Region,9,1148.5454545454545,1188.0,178.50964450644722,696.0,1458.0,33
region_3_bonds_lodged,bonds_lodged,region,3,Waikato Region,10,1156.8181818181818,1200.0,184.9216818252822,696.0,1497.0,33
region_3_bonds_lodged,bonds_lodged,region,3,Waikato Region,11,1197.2727272727273,1200.0,144.91964858311843,783.0,1401.0,33
region_3_bonds_lodged,bonds_lodged,region,3,Waikato Region,12,1165.090909090909,1191.0,160.81304433183504,738.0,1410.0,33
region_4_bonds_lodged,bonds_lodged,region,4,Bay of Plenty Region,1,749.6363636363636,807.0,156.02299874173565,459.0,972.0,33
region_4_bonds_lodged,bonds_lodged,region,4,Bay of Plenty Region,2,796.4117647058823,823.5,170.45644918723,432.0,1044.0,34
region_4_bonds_lodged,bonds_lodged,region,4,Bay of Plenty Region,3,864.5294117647059,885.0,180.0173788401885,510.0,1134.0,34
region_4_bonds_lodged,bonds_lodged,region,4,Bay of Plenty Region,4,800.8235294117648,850.5,188.1705336459997,285.0,1095.0,34
region_4_bonds_lodged,bonds_lodged,region,4,Bay of Plenty Region,5,842.5588235294117,883.5,173.50263139677244,441.0,1128.0,34
region_4_bonds_lodged,bonds_lodged,region,4,Bay of Plenty Region,6,793.1470588235294,826.5,157.00900038917692,459.0,1029.0,34
region_4_bonds_lodged,bonds_lodged,region,4,Bay of Plenty Region,7,867.5294117647059,912.0,176.3284186679689,501.0,1143.0,34
region_4_bonds_lodged,bonds_lodged,region,4,Bay of Plenty Region,8,832.5454545454545,861.0,186.4909667566185,420.0,1098.0,33
region_4_bonds_lodged,bonds_lodged,region,4,Bay of Plenty Region,9,801.4545454545455,855.0,162.291614638028,492.0,1047.0,33
region_4_bonds_lodged,bonds_lodged,region,4,Bay of Plenty Region,10,789.2727272727273,822.0,156.0763580605805,516.0,1014.0,33
region_4_bonds_lodged,bonds_lodged,region,4,Bay of Plenty Region,11,761.6363636363636,795.0,152.0036632333696,462.0,990.0,33
region_4_bonds_lodged,bonds_lodged,region,4,Bay of Plenty Region,12,751.2727272727273,759.0,136.74092125422635,402.0,936.0,33
region_5_bonds_lodged,bonds_lodged,region,5,Gisborne Region,1,95.81818181818181,93.0,23.369925312052427,51.0,159.0,33
region_5_bonds_lodged,bonds_lodged,region,5,Gisborne Region,2,101.91176470588235,108.0,23.994150356636897,48.0,147.0,34
region_5_bonds_lodged,bonds_lodged,region,5,Gisborne Region,3,101.47058823529412,102.0,22.769244666299247,57.0,141.0,34
region_5_bonds_lodged,bonds_lodged,region,5,Gisborne Region,4,92.82352941176471,99.0,22.52200350127026,36.0,135.0,34
region_5_bonds_lodged,bonds_lodged,region,5,Gisborne Region,5,99.97058823529412,108.0,26.471809241001612,45.0,147.0,34
region_5_bonds_lodged,bonds_lodged,region,5,Gisborne Region,6,95.38235294117646,99.0,21.592668096092734,39.0,123.0,34
region_5_bonds_lodged,bonds_lodged,region,5,Gisborne Region,7,104.91176470588235,108.0,25.482457004246317,57.0,147.0,34
region_5_bonds_lodged,bonds_lodged,region,5,Gisborne Region,8,99.18181818181819,102.0,24.01100599914358,54.0,147.0,33
region_5_bonds_lodged,bonds_lodged,region,5,Gisborne Region,9,100.81818181818181,108.0,22.623901279198268,57.0,135.0,33
region_5_bonds_lodged,bonds_lodged,region,5,Gisborne Region,10,91.45454545454545,96.0,23.480165711046027,48.0,132.0,33
region_5_bonds_lodged,bonds_lodged,region,5,Gisborne Region,11,94.81818181818181,99.0,20.756707568661007,57.0,150.0,33
region_5_bonds_lodged,bonds_lodged,region,5,Gisborne Region,12,87.27272727272727,87.0,16.02200191781743,54.0,117.0,33
region_6_bonds_lodged,bonds_lodged,region,6,Hawke's Bay Region,1,344.3636363636364,369.0,80.1895481740834,180.0,465.0,33
region_6_bonds_lodged,bonds_lodged,region,6,Hawke's Bay Region,2,343.8529411764706,375.0,81.95236323360172,201.0,453.0,34
region_6_bonds_lodged,bonds_lodged,region,6,Hawke's Bay Region,3,361.6764705882353,376.5,78.79729290390604,192.0,504.0,34
region_6_bonds_lodged,bonds_lodged,region,6,Hawke's Bay Region,4,335.8235294117647,355.5,84.52414773780414,81.0,459.0,34
region_6_bonds_lodged,bonds_lodged,region,6,Hawke's Bay Region,5,367.6764705882353,390.0,70.63552226286428,228.0,480.0,34
region_6_bonds_lodged,bonds_lodged,region,6,Hawke's Bay Region,6,351.0,384.0,74.3223935420421,213.0,468.0,34
region_6_bonds_lodged,bonds_lodged,region,6,Hawke's Bay Region,7,374.38235294117646,397.5,79.1619034123843,234.0,510.0,34
region_6_bonds_lodged,bonds_lodged,region,6,Hawke's Bay Region,8,367.54545454545456,396.0,84.24446974026357,159.0,492.0,33
region_6_bonds_lodged,bonds_lodged,region,6,Hawke's Bay Region,9,355.3636363636364,381.0,80.22227643468885,204.0,486.0,33
region_6_bonds_lodged,bonds_lodged,region,6,Hawke's Bay Region,10,354.27272727272725,366.0,75.16992114838582,216.0,498.0,33
region_6_bonds_lodged,bonds_lodged,region,6,Hawke's Bay Region,11,352.45454545454544,381.0,75.96919232042804,201.0,474.0,33
region_6_bonds_lodged,bonds_lodged,region,6,Hawke's Bay Region,12,338.54545454545456,348.0,61.550838189403905,228.0,432.0,33
region_7_bonds_lodged,bonds_lodged,region,7,Taranaki Region,1,274.45454545454544,294.0,50.917881749127986,162.0,357.0,33
region_7_bonds_lodged,bonds_lodged,region,7,Taranaki Region,2,272.29411764705884,283.5,48.33439669369334,174.0,351.0,34
region_7_bonds_lodged,bonds_lodged,region,7,Taranaki Region,3,278.11764705882354,294.0,56.866011953609174,162.0,384.0,34
region_7_bonds_lodged,bonds_lodged,region,7,Taranaki Region,4,265.7647058823529,279.0,58.24767329130208,78.0,390.0,34
region_7_bonds_lodged,bonds_lodged,region,7,Taranaki Region,5,286.4117647058824,283.5,49.851973394609956,183.0,414.0,34
region_7_bonds_lodged,bonds_lodged,region,7,Taranaki Region,6,280.5882352941176,286.5,46.141493616430324,183.0,351.0,34
region_7_bonds_lodged,bonds_lodged,region,7,Taranaki Region,7,293.47058823529414,295.5,53.67310442891701,198.0,405.0,34
region_7_bonds_lodged,bonds_lodged,region,7,Taranaki Region,8,283.27272727272725,291.0,58.060998488266996,138.0,381.0,33
region_7_bonds_lodged,bonds_lodged,region,7,Taranaki Region,9,268.45454545454544,279.0,53.901583296023695,156.0,372.0,33
region_7_bonds_lodged,bonds_lodged,region,7,Taranaki Region,10,269.6363636363636,279.0,48.96734765497961,171.0,357.0,33
region_7_bonds_lodged,bonds_lodged,region,7,Taranaki Region,11,261.1818181818182,279.0,51.0933303777598,147.0,339.0,33
region_7_bonds_lodged,bonds_lodged,region,7,Taranaki Region,12,252.45454545454547,258.0,40.25007058153044,171.0,330.0,33
region_8_bonds_lodged,bonds_lodged,region,8,Manawatu-Wanganui Region,1,678.6363636363636,729.0,125.80734730675957,438.0,861.0,33
region_8_bonds_lodged,bonds_lodged,region,8,Manawatu-Wanganui Region,2,819.6176470588235,852.0,176.4000300120022,450.0,1140.0,34
region_8_bonds_lodged,bonds_lodged,region,8,Manawatu-Wanganui Region,3,664.5,666.0,111.58506742717537,462.0,843.0,34
region_8_bonds_lodged,bonds_lodged,region,8,Manawatu-Wanganui Region,4,573.2647058823529,586.5,120.05309654192521,174.0,768.0,34
region_8_bonds_lodged,bonds_lodged,region,8,Manawatu-Wanganui Region,5,605.3823529411765,607.5,95.73195366162571,414.0,810.0,34
region_8_bonds_lodged,bonds_lodged,region,8,Manawatu-Wanganui Region,6,590.8235294117648,610.5,93.7111844779303,384.0,732.0,34
region_8_bonds_lodged,bonds_lodged,region,8,Manawatu-Wanganui Region,7,647.8235294117648,667.5,106.74253095387286,435.0,810.0,34
region_8_bonds_lodged,bonds_lodged,region,8,Manawatu-Wanganui Region,8,614.3636363636364,639.0,105.03416651910761,360.0,789.0,33
region_8_bonds_lodged,bonds_lodged,region,8,Manawatu-Wanganui Region,9,578.4545454545455,606.0,92.09576907664209,396.0,741.0,33
region_8_bonds_lodged,bonds_lodged,region,8,Manawatu-Wanganui Region,10,567.3636363636364,582.0,88.96832940076838,420.0,735.0,33
region_8_bonds_lodged,bonds_lodged,region,8,Manawatu-Wanganui Region,11,739.5454545454545,774.0,135.47857093215214,519.0,969.0,33
region_8_bonds_lodged,bonds_lodged,region,8,Manawatu-Wanganui Region,12,611.3636363636364,621.0,88.65164203986093,426.0,756.0,33
region_9_bonds_lodged,bonds_lodged,region,9,Wellington Region,1,1882.1818181818182,1938.0,353.8831423070204,1020.0,2394.0,33
region_9_bonds_lodged,bonds_lodged,region,9,Wellington Region,2,2315.735294117647,2422.5,628.1663217711425,975.0,3153.0,34
region_9_bonds_lodged,bonds_lodged,region,9,Wellington Region,3,1706.0294117647059,1726.5,371.8824745350474,894.0,2436.0,34
region_9_bonds_lodged,bonds_lodged,region,9,Wellington Region,4,1420.235294117647,1471.5,303.7538934853126,477.0,1815.0,34
region_9_bonds_lodged,bonds_lodged,region,9,Wellington Region,5,1465.235294117647,1519.5,265.8992813218693,840.0,2088.0,34
region_9_bonds_lodged,bonds_lodged,region,9,Wellington Region,6,1394.0294117647059,1401.0,272.3080347242825,792.0,2337.0,34
region_9_bonds_lodged,bonds_lodged,region,9,Wellington Region,7,1495.3235294117646,1524.0,250.05329378478558,924.0,1962.0,34
region_9_bonds_lodged,bonds_lodged,region,9,Wellington Region,8,1437.7272727272727,1515.0,264.14700839769995,849.0,2028.0,33
region_9_bonds_lodged,bonds_lodged,region,9,Wellington Region,9,1348.5454545454545,1380.0,213.6396046659378,837.0,1614.0,33
region_9_bonds_lodged,bonds_lodged,region,9,Wellington Region,10,1360.5454545454545,1437.0,212.11761049431558,873.0,1671.0,33
region_9_bonds_lodged,bonds_lodged,region,9,Wellington Region,11,1489.3636363636363,1536.0,221.97984398670891,888.0,1803.0,33
region_9_bonds_lodged,bonds_lodged,region,9,Wellington Region,12,1330.909090909091,1356.0,187.53572386954093,747.0,1593.0,33
region_12_bonds_lodged,bonds_lodged,region,12,West Coast Region,1,64.9090909090909,66.0,17.570151600732633,33.0,102.0,33
region_12_bonds_lodged,bonds_lodged,region,12,West Coast Region,2,54.088235294117645,54.0,17.531560540159056,21.0,87.0,34
region_12_bonds_lodged,bonds_lodged,region,12,West Coast Region,3,55.3235294117647,52.5,18.093562538858773,27.0,93.0,34
region_12_bonds_lodged,bonds_lodged,region,12,West Coast Region,4,53.470588235294116,51.0,16.57167224077326,18.0,81.0,34
region_12_bonds_lodged,bonds_lodged,region,12,West Coast Region,5,56.470588235294116,55.5,17.217389542953274,24.0,93.0,34
region_12_bonds_lodged,bonds_lodged,region,12,West Coast Region,6,54.61764705882353,54.0,15.540786427357812,30.0,87.0,34
region_12_bonds_lodged,bonds_lodged,region,12,West Coast Region,7,56.911764705882355,54.0,17.058486996496075,30.0,93.0,34
region_12_bonds_lodged,bonds_lodged,region,12,West Coast Region,8,58.90909090909091,60.0,18.62686842367034,18.0,93.0,33
region_12_bonds_lodged,bonds_lodged,region,12,West Coast Region,9,55.18181818181818,51.0,18.49232027331641,24.0,96.0,33
region_12_bonds_lodged,bonds_lodged,region,12,West Coast Region,10,54.0,51.0,17.151894939043906,21.0,87.0,33
region_12_bonds_lodged,bonds_lodged,region,12,West Coast Region,11,53.36363636363637,51.0,18.716333411318477,24.0,99.0,33
region_12_bonds_lodged,bonds_lodged,region,12,West Coast Region,12,49.45454545454545,48.0,14.133495031950936,21.0,81.0,33
region_13_bonds_lodged,bonds_lodged,region,13,Canterbury Region,1,1951.0,1986.0,286.57132619995326,1284.0,2475.0,33
region_13_bonds_lodged,bonds_lodged,region,13,Canterbury Region,2,2055.0,2107.5,310.96594376525894,1230.0,2436.0,34
region_13_bonds_lodged,bonds_lodged,region,13,Canterbury Region,3,1684.3235294117646,1729.5,306.4579382467331,945.0,2499.0,34
region_13_bonds_lodged,bonds_lodged,region,13,Canterbury Region,4,1498.5,1533.0,323.7383202526387,582.0,2175.0,34
region_13_bonds_lodged,bonds_lodged,region,13,Canterbury Region,5,1553.1176470588234,1542.0,245.27334963827752,999.0,2025.0,34
region_13_bonds_lodged,bonds_lodged,region,13,Canterbury Region,6,1464.7941176470588,1497.0,224.3248158244031,843.0,1779.0,34
region_13_bonds_lodged,bonds_lodged,region,13,Canterbury Region,7,1559.3823529411766,1570.5,236.17264033494808,933.0,1944.0,34
region_13_bonds_lodged,bonds_lodged,region,13,Canterbury Region,8,1504.4545454545455,1533.0,226.80168800478128,894.0,1839.0,33
region_13_bonds_lodged,bonds_lodged,region,13,Canterbury Region,9,1466.090909090909,1464.0,237.7825113991203,846.0,1884.0,33
region_13_bonds_lodged,bonds_lodged,region,13,Canterbury Region,10,1472.909090909091,1476.0,244.4016115480271,861.0,1926.0,33
region_13_bonds_lodged,bonds_lodged,region,13,Canterbury Region,11,1557.1818181818182,1590.0,221.27407419101522,876.0,1929.0,33
region_13_bonds_lodged,bonds_lodged,region,13,Canterbury Region,12,1515.2727272727273,1575.0,259.36379767703625,819.0,1980.0,33
region_14_bonds_lodged,bonds_lodged,region,14,Otago Region,1,2344.181818181818,2514.0,600.1963457145426,1062.0,3042.0,33
region_14_bonds_lodged,bonds_lodged,region,14,Otago Region,2,974.4705882352941,985.5,133.68239957907414,669.0,1242.0,34
region_14_bonds_lodged,bonds_lodged,region,14,Otago Region,3,684.7941176470588,670.5,128.3361541000737,441.0,978.0,34
region_14_bonds_lodged,bonds_lodged,region,14,Otago Region,4,577.9411764705883,576.0,132.74147605492655,252.0,789.0,34
region_14_bonds_lodged,bonds_lodged,region,14,Otago Region,5,623.2058823529412,627.0,111.21553723255192,390.0,837.0,34
region_14_bonds_lodged,bonds_lodged,region,14,Otago Region,6,628.5882352941177,630.0,125.56034831712883,354.0,909.0,34
region_14_bonds_lodged,bonds_lodged,region,14,Otago Region,7,591.5294117647059,589.5,129.87855289721165,360.0,870.0,34
region_14_bonds_lodged,bonds_lodged,region,14,Otago Region,8,483.6363636363636,495.0,83.56951379757834,309.0,600.0,33
region_14_bonds_lodged,bonds_lodged,region,14,Otago Region,9,497.0,495.0,96.65887181216218,312.0,756.0,33
region_14_bonds_lodged,bonds_lodged,region,14,Otago Region,10,534.0,531.0,98.45303448853164,336.0,669.0,33
region_14_bonds_lodged,bonds_lodged,region,14,Otago Region,11,556.9090909090909,555.0,93.56026254384244,372.0,744.0,33
region_14_bonds_lodged,bonds_lodged,region,14,Otago Region,12,630.8181818181819,645.0,98.51664026493653,393.0,825.0,33
region_15_bonds_lodged,bonds_lodged,region,15,Southland Region,1,227.54545454545453,219.0,57.51635142999061,120.0,330.0,33
region_15_bonds_lodged,bonds_lodged,region,15,Southland Region,2,228.0,219.0,61.13918547053109,129.0,330.0,34
region_15_bonds_lodged,bonds_lodged,region,15,Southland Region,3,208.23529411764707,199.5,50.042441879916424,132.0,309.0,34
region_15_bonds_lodged,bonds_lodged,region,15,Southland Region,4,191.02941176470588,192.0,48.85444385613225,63.0,282.0,34
region_15_bonds_lodged,bonds_lodged,region,15,Southland Region,5,211.94117647058823,216.0,49.07813262140561,111.0,306.0,34
region_15_bonds_lodged,bonds_lodged,region,15,Southland Region,6,206.2058823529412,204.0,42.964946538033104,117.0,288.0,34
region_15_bonds_lodged,bonds_lodged,region,15,Southland Region,7,220.14705882352942,213.0,47.89200752763177,126.0,318.0,34
region_15_bonds_lodged,bonds_lodged,region,15,Southland Region,8,208.36363636363637,198.0,49.28984313592037,120.0,288.0,33
region_15_bonds_lodged,bonds_lodged,region,15,Southland Region,9,204.45454545454547,195.0,47.33398020257943,123.0,285.0,33
region_15_bonds_lodged,bonds_lodged,region,15,Southland Region,10,202.1818181818182,192.0,48.36737959710977,111.0,294.0,33
region_15_bonds_lodged,bonds_lodged,region,15,Southland Region,11,202.72727272727272,198.0,43.46138568263264,102.0,276.0,33
region_15_bonds_lodged,bonds_lodged,region,15,Southland Region,12,189.1818181818182,201.0,44.60412995554235,96.0,255.0,33
region_16_bonds_lodged,bonds_lodged,region,16,Tasman Region,1,68.0,69.0,15.254097810096798,36.0,102.0,33
region_16_bonds_lodged,bonds_lodged,region,16,Tasman Region,2,72.08823529411765,72.0,15.500474376042586,33.0,105.0,34
region_16_bonds_lodged,bonds_lodged,region,16,Tasman Region,3,76.41176470588235,78.0,21.71177260194839,27.0,120.0,34
region_16_bonds_lodged,bonds_lodged,region,16,Tasman Region,4,76.1470588235294,78.0,22.58335717714207,24.0,111.0,34
region_16_bonds_lodged,bonds_lodged,region,16,Tasman Region,5,82.8529411764706,84.0,24.13614459551958,27.0,144.0,34
region_16_bonds_lodged,bonds_lodged,region,16,Tasman Region,6,74.82352941176471,76.5,20.1170372362775,27.0,105.0,34
region_16_bonds_lodged,bonds_lodged,region,16,Tasman Region,7,82.32352941176471,84.0,21.151288503247116,27.0,111.0,34
region_16_bonds_lodged,bonds_lodged,region,16,Tasman Region,8,78.27272727272727,75.0,19.763085423449077,33.0,120.0,33
region_16_bonds_lodged,bonds_lodged,region,16,Tasman Region,9,75.45454545454545,72.0,19.844852778949555,33.0,108.0,33
region_16_bonds_lodged,bonds_lodged,region,16,Tasman Region,10,75.18181818181819,75.0,19.64283353009207,39.0,114.0,33
region_16_bonds_lodged,bonds_lodged,region,16,Tasman Region,11,71.45454545454545,69.0,17.818689116155035,33.0,114.0,33
region_16_bonds_lodged,bonds_lodged,region,16,Tasman Region,12,69.36363636363636,72.0,17.807684755847305,27.0,96.0,33
region_17_bonds_lodged,bonds_lodged,region,17,Nelson Region,1,164.0,165.0,28.288690319631268,99.0,213.0,33
region_17_bonds_lodged,bonds_lodged,region,17,Nelson Region,2,171.88235294117646,181.5,32.11226963268973,99.0,219.0,34
region_17_bonds_lodged,bonds_lodged,region,17,Nelson Region,3,180.97058823529412,181.5,33.51841221208504,114.0,252.0,34
region_17_bonds_lodged,bonds_lodged,region,17,Nelson Region,4,174.08823529411765,181.5,39.69991042433892,63.0,246.0,34
region_17_bonds_lodged,bonds_lodged,region,17,Nelson Region,5,184.23529411764707,186.0,32.61442218956758,117.0,243.0,34
region_17_bonds_lodged,bonds_lodged,region,17,Nelson Region,6,169.5,174.0,25.554754049793818,117.0,207.0,34
region_17_bonds_lodged,bonds_lodged,region,17,Nelson Region,7,180.26470588235293,181.5,33.03194855996916,111.0,234.0,34
region_17_bonds_lodged,bonds_lodged,region,17,Nelson Region,8,172.63636363636363,171.0,30.65923411247639,102.0,243.0,33
region_17_bonds_lodged,bonds_lodged,region,17,Nelson Region,9,167.27272727272728,168.0,32.189160372003265,84.0,228.0,33
region_17_bonds_lodged,bonds_lodged,region,17,Nelson Region,10,169.54545454545453,171.0,28.133710772277848,105.0,213.0,33
region_17_bonds_lodged,bonds_lodged,region,17,Nelson Region,11,164.0909090909091,168.0,32.280376814292715,102.0,240.0,33
region_17_bonds_lodged,bonds_lodged,region,17,Nelson Region,12,165.1818181818182,168.0,25.773599071354187,126.0,228.0,33
region_18_bonds_lodged,bonds_lodged,region,18,Marlborough Region,1,93.0,93.0,24.77271684737061,45.0,144.0,33
region_18_bonds_lodged,bonds_lodged,region,18,Marlborough Region,2,96.79411764705883,96.0,28.126100691474313,48.0,156.0,34
region_18_bonds_lodged,bonds_lodged,region,18,Marlborough Region,3,106.8529411764706,103.5,35.110330304878175,54.0,195.0,34
region_18_bonds_lodged,bonds_lodged,region,18,Marlborough Region,4,96.97058823529412,96.0,28.62027814078009,36.0,141.0,34
region_18_bonds_lodged,bonds_lodged,region,18,Marlborough Region,5,106.58823529411765,105.0,27.4183279191557,66.0,171.0,34
region_18_bonds_lodged,bonds_lodged,region,18,Marlborough Region,6,99.61764705882354,99.0,27.62192224004865,48.0,153.0,34
region_18_bonds_lodged,bonds_lodged,region,18,Marlborough Region,7,106.58823529411765,103.5,25.661098546430658,69.0,165.0,34
region_18_bonds_lodged,bonds_lodged,region,18,Marlborough Region,8,102.9090909090909,108.0,24.15750871411883,57.0,165.0,33
region_18_bonds_lodged,bonds_lodged,region,18,Marlborough Region,9,100.0909090909091,96.0,24.450669260221233,66.0,159.0,33
region_18_bonds_lodged,bonds_lodged,region,18,Marlborough Region,10,96.54545454545455,99.0,28.366012793802764,42.0,153.0,33
region_18_bonds_lodged,bonds_lodged,region,18,Marlborough Region,11,98.45454545454545,99.0,27.181210087451614,48.0,156.0,33
region_18_bonds_lodged,bonds_lodged,region,18,Marlborough Region,12,92.45454545454545,96.0,21.15285280566623,60.0,126.0,33
territorial_authority_1_bonds_lodged,bonds_lodged,territorial_authority,1,Far North District,1,94.0,99.0,27.027763503479168,42.0,144.0,33
territorial_authority_1_bonds_lodged,bonds_lodged,territorial_authority,1,Far North District,2,98.55882352941177,99.0,27.397402195442243,42.0,150.0,34
territorial_authority_1_bonds_lodged,bonds_lodged,territorial_authority,1,Far North District,3,106.76470588235294,105.0,33.77291260268278,39.0,177.0,34
territorial_authority_1_bonds_lodged,bonds_lodged,territorial_authority,1,Far North District,4,99.08823529411765,103.5,36.73852543770501,21.0,162.0,34
territorial_authority_1_bonds_lodged,bonds_lodged,territorial_authority,1,Far North District,5,108.17647058823529,108.0,31.800010089797613,45.0,162.0,34
territorial_authority_1_bonds_lodged,bonds_lodged,territorial_authority,1,Far North District,6,98.82352941176471,105.0,30.423745299927596,30.0,144.0,34
territorial_authority_1_bonds_lodged,bonds_lodged,territorial_authority,1,Far North District,7,107.55882352941177,115.5,29.62614649511024,45.0,153.0,34
territorial_authority_1_bonds_lodged,bonds_lodged,territorial_authority,1,Far North District,8,105.54545454545455,108.0,32.33234729830456,33.0,162.0,33
territorial_authority_1_bonds_lodged,bonds_lodged,territorial_authority,1,Far North District,9,102.81818181818181,105.0,32.217478316760136,33.0,162.0,33
territorial_authority_1_bonds_lodged,bonds_lodged,territorial_authority,1,Far North District,10,107.54545454545455,105.0,36.964586861186234,39.0,180.0,33
territorial_authority_1_bonds_lodged,bonds_lodged,territorial_authority,1,Far North District,11,97.0,96.0,32.80910696742598,33.0,144.0,33
territorial_authority_1_bonds_lodged,bonds_lodged,territorial_authority,1,Far North District,12,93.54545454545455,96.0,29.607949638875404,27.0,159.0,33
territorial_authority_2_bonds_lodged,bonds_lodged,territorial_authority,2,Whangarei District,1,190.72727272727272,195.0,36.132804284397096,114.0,249.0,33
territorial_authority_2_bonds_lodged,bonds_lodged,territorial_authority,2,Whangarei District,2,202.85294117647058,202.5,47.589235065481425,117.0,288.0,34
territorial_authority_2_bonds_lodged,bonds_lodged,territorial_authority,2,Whangarei District,3,214.6764705882353,217.5,50.82156580431323,129.0,297.0,34
territorial_authority_2_bonds_lodged,bonds_lodged,territorial_authority,2,Whangarei District,4,199.5,210.0,51.64168506510643,72.0,303.0,34
territorial_authority_2_bonds_lodged,bonds_lodged,territorial_authority,2,Whangarei District,5,216.61764705882354,217.5,47.48461614095112,117.0,318.0,34
territorial_authority_2_bonds_lodged,bonds_lodged,territorial_authority,2,Whangarei District,6,201.08823529411765,207.0,42.98510499390339,111.0,279.0,34
territorial_authority_2_bonds_lodged,bonds_lodged,territorial_authority,2,Whangarei District,7,214.76470588235293,219.0,45.82645710856333,120.0,318.0,34
territorial_authority_2_bonds_lodged,bonds_lodged,territorial_authority,2,Whangarei District,8,212.27272727272728,204.0,52.39291025944775,99.0,315.0,33
territorial_authority_2_bonds_lodged,bonds_lodged,territorial_authority,2,Whangarei District,9,204.72727272727272,213.0,47.90633617231175,99.0,282.0,33
territorial_authority_2_bonds_lodged,bonds_lodged,territorial_authority,2,Whangarei District,10,197.0909090909091,198.0,41.19190123401355,108.0,270.0,33
territorial_authority_2_bonds_lodged,bonds_lodged,territorial_authority,2,Whangarei District,11,196.63636363636363,201.0,40.74295811994554,117.0,270.0,33
territorial_authority_2_bonds_lodged,bonds_lodged,territorial_authority,2,Whangarei District,12,199.45454545454547,207.0,39.14483595339469,120.0,270.0,33
territorial_authority_3_bonds_lodged,bonds_lodged,territorial_authority,3,Kaipara District,1,30.0,30.0,9.692135987490063,15.0,60.0,33
territorial_authority_3_bonds_lodged,bonds_lodged,territorial_authority,3,Kaipara District,2,29.470588235294116,30.0,11.452762784632775,9.0,54.0,34
territorial_authority_3_bonds_lodged,bonds_lodged,territorial_authority,3,Kaipara District,3,30.441176470588236,31.5,10.62926542252379,12.0,48.0,34
territorial_authority_3_bonds_lodged,bonds_lodged,territorial_authority,3,Kaipara District,4,31.454545454545453,33.0,12.507724885772864,12.0,57.0,33
territorial_authority_3_bonds_lodged,bonds_lodged,territorial_authority,3,Kaipara District,5,32.38235294117647,34.5,13.12415008707312,9.0,57.0,34
territorial_authority_3_bonds_lodged,bonds_lodged,territorial_authority,3,Kaipara District,6,30.441176470588236,31.5,11.72717945492071,12.0,54.0,34
territorial_authority_3_bonds_lodged,bonds_lodged,territorial_authority,3,Kaipara District,7,29.647058823529413,33.0,11.671987582140716,6.0,45.0,34
territorial_authority_3_bonds_lodged,bonds_lodged,territorial_authority,3,Kaipara District,8,30.818181818181817,33.0,11.029660425004439,12.0,51.0,33
territorial_authority_3_bonds_lodged,bonds_lodged,territorial_authority,3,Kaipara District,9,29.90909090909091,30.0,11.6064735071738,6.0,51.0,33
territorial_authority_3_bonds_lodged,bonds_lodged,territorial_authority,3,Kaipara District,10,26.90909090909091,27.0,10.296733815765426,9.0,48.0,33
territorial_authority_3_bonds_lodged,bonds_lodged,territorial_authority,3,Kaipara District,11,27.272727272727273,27.0,10.826104814500248,9.0,54.0,33
territorial_authority_3_bonds_lodged,bonds_lodged,territorial_authority,3,Kaipara District,12,26.181818181818183,27.0,10.693030865517462,6.0,48.0,33
territorial_authority_11_bonds_lodged,bonds_lodged,territorial_authority,11,Thames-Coromandel District,1,51.63636363636363,54.0,15.816957241000441,18.0,93.0,33
territorial_authority_11_bonds_lodged,bonds_lodged,territorial_authority,11,Thames-Coromandel District,2,62.205882352941174,67.5,20.5378872534208,24.0,90.0,34
territorial_authority_11_bonds_lodged,bonds_lodged,territorial_authority,11,Thames-Coromandel District,3,66.88235294117646,67.5,22.089027450067594,30.0,102.0,34
territorial_authority_11_bonds_lodged,bonds_lodged,territorial_authority,11,Thames-Coromandel District,4,66.0,67.5,21.896450521820775,24.0,111.0,34
territorial_authority_11_bonds_lodged,bonds_lodged,territorial_authority,11,Thames-Coromandel District,5,67.94117647058823,67.5,19.129449257022674,33.0,108.0,34
territorial_authority_11_bonds_lodged,bonds_lodged,territorial_authority,11,Thames-Coromandel District,6,65.55882352941177,66.0,18.96119030989126,36.0,99.0,34
territorial_authority_11_bonds_lodged,bonds_lodged,territorial_authority,11,Thames-Coromandel District,7,67.1470588235294,69.0,22.667734849529104,27.0,105.0,34
territorial_authority_11_bonds_lodged,bonds_lodged,territorial_authority,11,Thames-Coromandel District,8,64.0909090909091,69.0,20.358296276278317,21.0,105.0,33
territorial_authority_11_bonds_lodged,bonds_lodged,territorial_authority,11,Thames-Coromandel District,9,61.18181818181818,63.0,20.346152193741915,27.0,93.0,33
territorial_authority_11_bonds_lodged,bonds_lodged,territorial_authority,11,Thames-Coromandel District,10,61.72727272727273,69.0,25.156103542769603,21.0,117.0,33
territorial_authority_11_bonds_lodged,bonds_lodged,territorial_authority,11,Thames-Coromandel District,11,55.36363636363637,54.0,21.425478672917357,21.0,90.0,33
territorial_authority_11_bonds_lodged,bonds_lodged,territorial_authority,11,Thames-Coromandel District,12,49.0,51.0,16.528384676065595,21.0,87.0,33
territorial_authority_12_bonds_lodged,bonds_lodged,territorial_authority,12,Hauraki District,1,30.0,30.0,9.246621004453464,12.0,51.0,33
territorial_authority_12_bonds_lodged,bonds_lodged,territorial_authority,12,Hauraki District,2,30.264705882352942,28.5,10.988447993452617,15.0,66.0,34
territorial_authority_12_bonds_lodged,bonds_lodged,territorial_authority,12,Hauraki District,3,33.088235294117645,33.0,9.558013128954263,12.0,51.0,34
territorial_authority_12_bonds_lodged,bonds_lodged,territorial_authority,12,Hauraki District,4,29.823529411764707,30.0,9.369423475149604,9.0,57.0,34
territorial_authority_12_bonds_lodged,bonds_lodged,territorial_authority,12,Hauraki District,5,31.764705882352942,33.0,8.77344071799004,15.0,48.0,34
territorial_authority_12_bonds_lodged,bonds_lodged,territorial_authority,12,Hauraki District,6,34.5,33.0,9.02269864891269,18.0,51.0,34
territorial_authority_12_bonds_lodged,bonds_lodged,territorial_authority,12,Hauraki District,7,33.705882352941174,34.5,9.517223340184463,12.0,51.0,34
territorial_authority_12_bonds_lodged,bonds_lodged,territorial_authority,12,Hauraki District,8,33.36363636363637,33.0,10.679472663181286,18.0,60.0,33
territorial_authority_12_bonds_lodged,bonds_lodged,territorial_authority,12,Hauraki District,9,32.18181818181818,30.0,8.945859885495024,18.0,51.0,33
territorial_authority_12_bonds_lodged,bonds_lodged,territorial_authority,12,Hauraki District,10,30.727272727272727,30.0,8.969645781999724,15.0,51.0,33
territorial_authority_12_bonds_lodged,bonds_lodged,territorial_authority,12,Hauraki District,11,30.818181818181817,27.0,8.78725833755382,15.0,48.0,33
territorial_authority_12_bonds_lodged,bonds_lodged,territorial_authority,12,Hauraki District,12,29.454545454545453,30.0,7.211496503374443,18.0,45.0,33
territorial_authority_13_bonds_lodged,bonds_lodged,territorial_authority,13,Waikato District,1,88.9090909090909,87.0,22.233650785975907,42.0,135.0,33
territorial_authority_13_bonds_lodged,bonds_lodged,territorial_authority,13,Waikato District,2,93.79411764705883,96.0,22.586908801291532,45.0,129.0,34
territorial_authority_13_bonds_lodged,bonds_lodged,territorial_authority,13,Waikato District,3,103.1470588235294,109.5,28.888639219177993,39.0,150.0,34
territorial_authority_13_bonds_lodged,bonds_lodged,territorial_authority,13,Waikato District,4,98.29411764705883,99.0,29.412973237202767,39.0,156.0,34
territorial_authority_13_bonds_lodged,bonds_lodged,territorial_authority,13,Waikato District,5,108.52941176470588,108.0,30.846870372287455,39.0,174.0,34
territorial_authority_13_bonds_lodged,bonds_lodged,territorial_authority,13,Waikato District,6,98.82352941176471,105.0,26.494677096324516,42.0,159.0,34
territorial_authority_13_bonds_lodged,bonds_lodged,territorial_authority,13,Waikato District,7,104.73529411764706,109.5,29.080149246761163,36.0,144.0,34
territorial_authority_13_bonds_lodged,bonds_lodged,territorial_authority,13,Waikato District,8,102.36363636363636,108.0,26.756796078074,42.0,150.0,33
territorial_authority_13_bonds_lodged,bonds_lodged,territorial_authority,13,Waikato District,9,96.45454545454545,93.0,28.313083226985047,42.0,147.0,33
territorial_authority_13_bonds_lodged,bonds_lodged,territorial_authority,13,Waikato District,10,96.0909090909091,93.0,26.963358976075792,48.0,150.0,33
territorial_authority_13_bonds_lodged,bonds_lodged,territorial_authority,13,Waikato District,11,90.81818181818181,87.0,25.303723225859656,42.0,132.0,33
territorial_authority_13_bonds_lodged,bonds_lodged,territorial_authority,13,Waikato District,12,91.45454545454545,96.0,24.32731349364704,45.0,135.0,33
territorial_authority_15_bonds_lodged,bonds_lodged,territorial_authority,15,Matamata-Piako District,1,50.0,51.0,13.34634781503914,27.0,72.0,33
territorial_authority_15_bonds_lodged,bonds_lodged,territorial_authority,15,Matamata-Piako District,2,53.205882352941174,51.0,13.402350340608411,27.0,78.0,34
territorial_authority_15_bonds_lodged,bonds_lodged,territorial_authority,15,Matamata-Piako District,3,59.11764705882353,60.0,15.073083989766888,33.0,87.0,34
territorial_authority_15_bonds_lodged,bonds_lodged,territorial_authority,15,Matamata-Piako District,4,53.55882352941177,54.0,13.479931607754272,18.0,81.0,34
territorial_authority_15_bonds_lodged,bonds_lodged,territorial_authority,15,Matamata-Piako District,5,62.11764705882353,60.0,16.962998423274744,33.0,90.0,34
territorial_authority_15_bonds_lodged,bonds_lodged,territorial_authority,15,Matamata-Piako District,6,63.529411764705884,64.5,11.919516194466974,36.0,87.0,34
territorial_authority_15_bonds_lodged,bonds_lodged,territorial_authority,15,Matamata-Piako District,7,61.85294117647059,60.0,13.149795142870676,33.0,90.0,34
territorial_authority_15_bonds_lodged,bonds_lodged,territorial_authority,15,Matamata-Piako District,8,58.63636363636363,57.0,14.525447888572536,27.0,93.0,33
territorial_authority_15_bonds_lodged,bonds_lodged,territorial_authority,15,Matamata-Piako District,9,56.0,54.0,12.293290853144246,36.0,84.0,33
territorial_authority_15_bonds_lodged,bonds_lodged,territorial_authority,15,Matamata-Piako District,10,57.0,57.0,14.269723192830336,30.0,84.0,33
territorial_authority_15_bonds_lodged,bonds_lodged,territorial_authority,15,Matamata-Piako District,11,53.63636363636363,54.0,11.78138940718099,30.0,75.0,33
territorial_authority_15_bonds_lodged,bonds_lodged,territorial_authority,15,Matamata-Piako District,12,53.81818181818182,54.0,10.918603806847699,30.0,69.0,33
territorial_authority_16_bonds_lodged,bonds_lodged,territorial_authority,16,Hamilton City,1,838.1818181818181,870.0,92.06670630087136,609.0,948.0,33
territorial_authority_16_bonds_lodged,bonds_lodged,territorial_authority,16,Hamilton City,2,909.7941176470588,946.5,155.45237591130797,528.0,1140.0,34
territorial_authority_16_bonds_lodged,bonds_lodged,territorial_authority,16,Hamilton City,3,738.7941176470588,765.0,133.40636925682662,447.0,954.0,34
territorial_authority_16_bonds_lodged,bonds_lodged,territorial_authority,16,Hamilton City,4,615.4411764705883,660.0,119.44218613570752,231.0,759.0,34
territorial_authority_16_bonds_lodged,bonds_lodged,territorial_authority,16,Hamilton City,5,628.5882352941177,633.0,97.351944354074,366.0,795.0,34
territorial_authority_16_bonds_lodged,bonds_lodged,territorial_authority,16,Hamilton City,6,628.1470588235294,634.5,99.67405435869182,315.0,777.0,34
territorial_authority_16_bonds_lodged,bonds_lodged,territorial_authority,16,Hamilton City,7,702.5294117647059,727.5,108.47740591285768,408.0,885.0,34
territorial_authority_16_bonds_lodged,bonds_lodged,territorial_authority,16,Hamilton City,8,646.6363636363636,675.0,86.36760756419986,429.0,780.0,33
territorial_authority_16_bonds_lodged,bonds_lodged,territorial_authority,16,Hamilton City,9,609.8181818181819,633.0,85.51734273871534,372.0,759.0,33
territorial_authority_16_bonds_lodged,bonds_lodged,territorial_authority,16,Hamilton City,10,616.6363636363636,621.0,91.35261975643411,378.0,783.0,33
territorial_authority_16_bonds_lodged,bonds_lodged,territorial_authority,16,Hamilton City,11,684.5454545454545,699.0,54.66494015196742,477.0,777.0,33
territorial_authority_16_bonds_lodged,bonds_lodged,territorial_authority,16,Hamilton City,12,672.5454545454545,693.0,87.35634311152329,453.0,798.0,33
territorial_authority_17_bonds_lodged,bonds_lodged,territorial_authority,17,Waipa District,1,96.72727272727273,96.0,20.457689152358956,63.0,144.0,33
territorial_authority_17_bonds_lodged,bonds_lodged,territorial_authority,17,Waipa District,2,92.20588235294117,90.0,19.64191469369075,54.0,132.0,34
territorial_authority_17_bonds_lodged,bonds_lodged,territorial_authority,17,Waipa District,3,99.08823529411765,99.0,19.36470961852064,63.0,141.0,34
territorial_authority_17_bonds_lodged,bonds_lodged,territorial_authority,17,Waipa District,4,93.97058823529412,96.0,22.017190658482722,36.0,129.0,34
territorial_authority_17_bonds_lodged,bonds_lodged,territorial_authority,17,Waipa District,5,104.02941176470588,106.5,20.24918299005434,66.0,153.0,34
territorial_authority_17_bonds_lodged,bonds_lodged,territorial_authority,17,Waipa District,6,100.76470588235294,106.5,22.00972074985576,51.0,144.0,34
territorial_authority_17_bonds_lodged,bonds_lodged,territorial_authority,17,Waipa District,7,106.94117647058823,111.0,21.957177574971332,54.0,159.0,34
territorial_authority_17_bonds_lodged,bonds_lodged,territorial_authority,17,Waipa District,8,102.0,99.0,23.478713763747795,63.0,159.0,33
territorial_authority_17_bonds_lodged,bonds_lodged,territorial_authority,17,Waipa District,9,92.0,93.0,19.057478846898924,48.0,132.0,33
territorial_authority_17_bonds_lodged,bonds_lodged,territorial_authority,17,Waipa District,10,95.9090909090909,99.0,18.147595633381503,57.0,129.0,33
territorial_authority_17_bonds_lodged,bonds_lodged,territorial_authority,17,Waipa District,11,89.81818181818181,87.0,19.98351593416206,45.0,123.0,33
territorial_authority_17_bonds_lodged,bonds_lodged,territorial_authority,17,Waipa District,12,90.72727272727273,90.0,16.5855221640606,60.0,120.0,33
territorial_authority_18_bonds_lodged,bonds_lodged,territorial_authority,18,Otorohanga District,1,10.6,10.5,3.499753685914048,6.0,18.0,30
territorial_authority_18_bonds_lodged,bonds_lodged,territorial_authority,18,Otorohanga District,2,10.451612903225806,9.0,4.01529334484559,6.0,18.0,31
territorial_authority_18_bonds_lodged,bonds_lodged,territorial_authority,18,Otorohanga District,3,10.551724137931034,9.0,4.917797175976191,6.0,24.0,29
territorial_authority_18_bonds_lodged,bonds_lodged,territorial_authority,18,Otorohanga District,4,10.4,9.0,4.223089243506546,6.0,18.0,30
territorial_authority_18_bonds_lodged,bonds_lodged,territorial_authority,18,Otorohanga District,5,12.517241379310345,12.0,4.2478624007104395,6.0,24.0,29
territorial_authority_18_bonds_lodged,bonds_lodged,territorial_authority,18,Otorohanga District,6,13.551724137931034,15.0,5.29545766871781,6.0,24.0,29
territorial_authority_18_bonds_lodged,bonds_lodged,territorial_authority,18,Otorohanga District,7,11.4,12.0,4.343842252803546,6.0,21.0,30
territorial_authority_18_bonds_lodged,bonds_lodged,territorial_authority,18,Otorohanga District,8,12.321428571428571,12.0,3.77176225075103,6.0,18.0,28
territorial_authority_18_bonds_lodged,bonds_lodged,territorial_authority,18,Otorohanga District,9,11.0,9.0,4.480727962834061,6.0,24.0,27
territorial_authority_18_bonds_lodged,bonds_lodged,territorial_authority,18,Otorohanga District,10,11.333333333333334,12.0,3.9321162828098637,6.0,18.0,27
territorial_authority_18_bonds_lodged,bonds_lodged,territorial_authority,18,Otorohanga District,11,9.857142857142858,9.0,3.9880774697543058,6.0,21.0,28
territorial_authority_18_bonds_lodged,bonds_lodged,territorial_authority,18,Otorohanga District,12,9.0,9.0,2.7595986330233995,6.0,15.0,27
territorial_authority_19_bonds_lodged,bonds_lodged,territorial_authority,19,South Waikato District,1,60.27272727272727,57.0,18.176689617599397,33.0,102.0,33
territorial_authority_19_bonds_lodged,bonds_lodged,territorial_authority,19,South Waikato District,2,61.23529411764706,60.0,16.13214149779294,33.0,90.0,34
territorial_authority_19_bonds_lodged,bonds_lodged,territorial_authority,19,South Waikato District,3,69.88235294117646,72.0,14.945891714594518,42.0,102.0,34
territorial_authority_19_bonds_lodged,bonds_lodged,territorial_authority,19,South Waikato District,4,62.470588235294116,63.0,18.80721217901589,15.0,90.0,34
territorial_authority_19_bonds_lodged,bonds_lodged,territorial_authority,19,South Waikato District,5,66.61764705882354,69.0,15.870717663180354,39.0,99.0,34
territorial_authority_19_bonds_lodged,bonds_lodged,territorial_authority,19,South Waikato District,6,67.1470588235294,69.0,13.856695904521185,42.0,99.0,34
territorial_authority_19_bonds_lodged,bonds_lodged,territorial_authority,19,South Waikato District,7,69.0,72.0,15.527102404856775,36.0,96.0,34
territorial_authority_19_bonds_lodged,bonds_lodged,territorial_authority,19,South Waikato District,8,67.54545454545455,72.0,16.922785876391085,30.0,99.0,33
territorial_authority_19_bonds_lodged,bonds_lodged,territorial_authority,19,South Waikato District,9,64.72727272727273,66.0,16.44930227865442,27.0,96.0,33
territorial_authority_19_bonds_lodged,bonds_lodged,territorial_authority,19,South Waikato District,10,63.27272727272727,63.0,14.607944600611871,30.0,93.0,33
territorial_authority_19_bonds_lodged,bonds_lodged,territorial_authority,19,South Waikato District,11,59.27272727272727,57.0,13.789200319617722,30.0,81.0,33
territorial_authority_19_bonds_lodged,bonds_lodged,territorial_authority,19,South Waikato District,12,57.45454545454545,57.0,11.932337651029734,33.0,87.0,33
territorial_authority_20_bonds_lodged,bonds_lodged,territorial_authority,20,Waitomo District,1,12.46875,12.0,5.447606014601513,6.0,21.0,32
territorial_authority_20_bonds_lodged,bonds_lodged,territorial_authority,20,Waitomo District,2,12.441176470588236,12.0,5.727081738603153,6.0,27.0,34
territorial_authority_20_bonds_lodged,bonds_lodged,territorial_authority,20,Waitomo District,3,13.3125,12.0,5.27585797945271,6.0,24.0,32
territorial_authority_20_bonds_lodged,bonds_lodged,territorial_authority,20,Waitomo District,4,12.0,12.0,4.09878030638384,6.0,21.0,31
territorial_authority_20_bonds_lodged,bonds_lodged,territorial_authority,20,Waitomo District,5,12.441176470588236,12.0,4.377568001102675,6.0,24.0,34
territorial_authority_20_bonds_lodged,bonds_lodged,territorial_authority,20,Waitomo District,6,13.5,12.0,5.183014216036491,6.0,24.0,34
territorial_authority_20_bonds_lodged,bonds_lodged,territorial_authority,20,Waitomo District,7,13.764705882352942,12.0,5.176045193993903,6.0,27.0,34
territorial_authority_20_bonds_lodged,bonds_lodged,territorial_authority,20,Waitomo District,8,13.40625,13.5,5.4940400259236934,6.0,24.0,32
territorial_authority_20_bonds_lodged,bonds_lodged,territorial_authority,20,Waitomo District,9,12.28125,12.0,3.98573565476656,6.0,24.0,32
territorial_authority_20_bonds_lodged,bonds_lodged,territorial_authority,20,Waitomo District,10,12.4,12.0,4.073463323546176,6.0,24.0,30
territorial_authority_20_bonds_lodged,bonds_lodged,territorial_authority,20,Waitomo District,11,12.363636363636363,12.0,4.159463470645748,6.0,24.0,33
territorial_authority_20_bonds_lodged,bonds_lodged,territorial_authority,20,Waitomo District,12,11.806451612903226,12.0,4.020110735114226,6.0,21.0,31
territorial_authority_21_bonds_lodged,bonds_lodged,territorial_authority,21,Taupo District,1,99.0,99.0,23.466731770743014,48.0,144.0,33
territorial_authority_21_bonds_lodged,bonds_lodged,territorial_authority,21,Taupo District,2,109.1470588235294,111.0,25.423840342363906,57.0,150.0,34
territorial_authority_21_bonds_lodged,bonds_lodged,territorial_authority,21,Taupo District,3,120.17647058823529,126.0,23.598241573210352,69.0,159.0,34
territorial_authority_21_bonds_lodged,bonds_lodged,territorial_authority,21,Taupo District,4,114.44117647058823,120.0,27.910236176400577,36.0,165.0,34
territorial_authority_21_bonds_lodged,bonds_lodged,territorial_authority,21,Taupo District,5,124.58823529411765,130.5,24.070751328504823,78.0,171.0,34
territorial_authority_21_bonds_lodged,bonds_lodged,territorial_authority,21,Taupo District,6,115.8529411764706,120.0,24.583971561853275,66.0,156.0,34
territorial_authority_21_bonds_lodged,bonds_lodged,territorial_authority,21,Taupo District,7,119.73529411764706,129.0,25.298591197486484,75.0,162.0,34
territorial_authority_21_bonds_lodged,bonds_lodged,territorial_authority,21,Taupo District,8,118.0,117.0,29.28523518771875,48.0,168.0,33
territorial_authority_21_bonds_lodged,bonds_lodged,territorial_authority,21,Taupo District,9,112.63636363636364,117.0,27.27042603927626,60.0,150.0,33
territorial_authority_21_bonds_lodged,bonds_lodged,territorial_authority,21,Taupo District,10,112.0,114.0,26.933946981458178,63.0,156.0,33
territorial_authority_21_bonds_lodged,bonds_lodged,territorial_authority,21,Taupo District,11,109.45454545454545,117.0,27.38394934661876,45.0,153.0,33
territorial_authority_21_bonds_lodged,bonds_lodged,territorial_authority,21,Taupo District,12,100.45454545454545,108.0,23.61155822511894,51.0,153.0,33
territorial_authority_22_bonds_lodged,bonds_lodged,territorial_authority,22,Western Bay of Plenty District,1,62.72727272727273,63.0,19.41853613057754,30.0,96.0,33
territorial_authority_22_bonds_lodged,bonds_lodged,territorial_authority,22,Western Bay of Plenty District,2,68.11764705882354,70.5,22.948908610587832,21.0,111.0,34
territorial_authority_22_bonds_lodged,bonds_lodged,territorial_authority,22,Western Bay of Plenty District,3,76.94117647058823,81.0,23.1070514968268,27.0,120.0,34
territorial_authority_22_bonds_lodged,bonds_lodged,territorial_authority,22,Western Bay of Plenty District,4,72.70588235294117,69.0,22.955199334150603,30.0,108.0,34
territorial_authority_22_bonds_lodged,bonds_lodged,territorial_authority,22,Western Bay of Plenty District,5,72.97058823529412,76.5,21.81809826187209,30.0,111.0,34
territorial_authority_22_bonds_lodged,bonds_lodged,territorial_authority,22,Western Bay of Plenty District,6,69.97058823529412,75.0,19.424266756751287,30.0,111.0,34
territorial_authority_22_bonds_lodged,bonds_lodged,territorial_authority,22,Western Bay of Plenty District,7,73.67647058823529,78.0,19.929756324796735,36.0,117.0,34
territorial_authority_22_bonds_lodged,bonds_lodged,territorial_authority,22,Western Bay of Plenty District,8,72.63636363636364,75.0,24.10240934769046,33.0,111.0,33
territorial_authority_22_bonds_lodged,bonds_lodged,territorial_authority,22,Western Bay of Plenty District,9,70.36363636363636,72.0,23.44384005157083,24.0,114.0,33
territorial_authority_22_bonds_lodged,bonds_lodged,territorial_authority,22,Western Bay of Plenty District,10,67.0,63.0,21.758618981911514,24.0,102.0,33
territorial_authority_22_bonds_lodged,bonds_lodged,territorial_authority,22,Western Bay of Plenty District,11,66.0909090909091,69.0,25.13881913043505,21.0,129.0,33
territorial_authority_22_bonds_lodged,bonds_lodged,territorial_authority,22,Western Bay of Plenty District,12,62.09090909090909,63.0,18.038783974335058,15.0,93.0,33
territorial_authority_23_bonds_lodged,bonds_lodged,territorial_authority,23,Tauranga City,1,371.6363636363636,387.0,70.27527044674845,198.0,477.0,33
territorial_authority_23_bonds_lodged,bonds_lodged,territorial_authority,23,Tauranga City,2,394.4117647058824,421.5,78.49922510602248,180.0,492.0,34
territorial_authority_23_bonds_lodged,bonds_lodged,territorial_authority,23,Tauranga City,3,427.05882352941177,441.0,80.3759881136191,222.0,534.0,34
territorial_authority_23_bonds_lodged,bonds_lodged,territorial_authority,23,Tauranga City,4,403.1470588235294,417.0,91.63965409804075,156.0,537.0,34
territorial_authority_23_bonds_lodged,bonds_lodged,territorial_authority,23,Tauranga City,5,420.52941176470586,430.5,86.01311925800609,198.0,570.0,34
territorial_authority_23_bonds_lodged,bonds_lodged,territorial_authority,23,Tauranga City,6,390.52941176470586,405.0,75.06531914964081,192.0,507.0,34
territorial_authority_23_bonds_lodged,bonds_lodged,territorial_authority,23,Tauranga City,7,433.94117647058823,448.5,86.99492885828934,198.0,588.0,34
territorial_authority_23_bonds_lodged,bonds_lodged,territorial_authority,23,Tauranga City,8,411.90909090909093,429.0,89.6477006245711,201.0,549.0,33
territorial_authority_23_bonds_lodged,bonds_lodged,territorial_authority,23,Tauranga City,9,394.90909090909093,402.0,76.52506273942365,210.0,534.0,33
territorial_authority_23_bonds_lodged,bonds_lodged,territorial_authority,23,Tauranga City,10,395.54545454545456,408.0,78.73971794347617,201.0,525.0,33
territorial_authority_23_bonds_lodged,bonds_lodged,territorial_authority,23,Tauranga City,11,369.72727272727275,387.0,73.25864826390494,204.0,477.0,33
territorial_authority_23_bonds_lodged,bonds_lodged,territorial_authority,23,Tauranga City,12,371.6363636363636,384.0,72.3381029358915,186.0,474.0,33
territorial_authority_24_bonds_lodged,bonds_lodged,territorial_authority,24,Rotorua District,1,222.0909090909091,246.0,58.679938882660124,117.0,297.0,33
territorial_authority_24_bonds_lodged,bonds_lodged,territorial_authority,24,Rotorua District,2,235.23529411764707,240.0,58.92268114182498,144.0,336.0,34
territorial_authority_24_bonds_lodged,bonds_lodged,territorial_authority,24,Rotorua District,3,249.35294117647058,265.5,61.73299415097989,126.0,336.0,34
territorial_authority_24_bonds_lodged,bonds_lodged,territorial_authority,24,Rotorua District,4,223.76470588235293,244.5,60.75038786434576,72.0,345.0,34
territorial_authority_24_bonds_lodged,bonds_lodged,territorial_authority,24,Rotorua District,5,245.55882352941177,261.0,54.1418961598695,135.0,336.0,34
territorial_authority_24_bonds_lodged,bonds_lodged,territorial_authority,24,Rotorua District,6,232.23529411764707,244.5,52.23957563028324,117.0,333.0,34
territorial_authority_24_bonds_lodged,bonds_lodged,territorial_authority,24,Rotorua District,7,248.55882352941177,259.5,58.27582854420322,138.0,333.0,34
territorial_authority_24_bonds_lodged,bonds_lodged,territorial_authority,24,Rotorua District,8,243.0,261.0,61.96016865696863,114.0,345.0,33
territorial_authority_24_bonds_lodged,bonds_lodged,territorial_authority,24,Rotorua District,9,235.27272727272728,252.0,54.02619314235034,135.0,321.0,33
territorial_authority_24_bonds_lodged,bonds_lodged,territorial_authority,24,Rotorua District,10,228.72727272727272,249.0,51.646800921785534,129.0,294.0,33
territorial_authority_24_bonds_lodged,bonds_lodged,territorial_authority,24,Rotorua District,11,231.1818181818182,243.0,48.83035335824337,123.0,315.0,33
territorial_authority_24_bonds_lodged,bonds_lodged,territorial_authority,24,Rotorua District,12,224.54545454545453,237.0,41.85323382748557,135.0,282.0,33
territorial_authority_25_bonds_lodged,bonds_lodged,territorial_authority,25,Whakatane District,1,67.0909090909091,66.0,21.734712495745775,24.0,108.0,33
territorial_authority_25_bonds_lodged,bonds_lodged,territorial_authority,25,Whakatane District,2,69.26470588235294,73.5,22.111711998093472,30.0,105.0,34
territorial_authority_25_bonds_lodged,bonds_lodged,territorial_authority,25,Whakatane District,3,77.29411764705883,78.0,23.4139681332173,27.0,117.0,34
territorial_authority_25_bonds_lodged,bonds_lodged,territorial_authority,25,Whakatane District,4,72.17647058823529,75.0,20.45315503295614,24.0,102.0,34
territorial_authority_25_bonds_lodged,bonds_lodged,territorial_authority,25,Whakatane District,5,74.91176470588235,78.0,21.24513155933053,33.0,105.0,34
territorial_authority_25_bonds_lodged,bonds_lodged,territorial_authority,25,Whakatane District,6,73.41176470588235,76.5,19.5991923875957,36.0,102.0,34
territorial_authority_25_bonds_lodged,bonds_lodged,territorial_authority,25,Whakatane District,7,82.5,87.0,24.014200344417432,39.0,126.0,34
territorial_authority_25_bonds_lodged,bonds_lodged,territorial_authority,25,Whakatane District,8,76.0909090909091,78.0,25.398528053269686,21.0,135.0,33
territorial_authority_25_bonds_lodged,bonds_lodged,territorial_authority,25,Whakatane District,9,71.63636363636364,75.0,21.447345671752394,33.0,99.0,33
territorial_authority_25_bonds_lodged,bonds_lodged,territorial_authority,25,Whakatane District,10,69.54545454545455,72.0,20.885238371112305,24.0,105.0,33
territorial_authority_25_bonds_lodged,bonds_lodged,territorial_authority,25,Whakatane District,11,66.54545454545455,66.0,21.80752580689019,30.0,129.0,33
territorial_authority_25_bonds_lodged,bonds_lodged,territorial_authority,25,Whakatane District,12,65.18181818181819,69.0,18.113279909803996,27.0,99.0,33
territorial_authority_26_bonds_lodged,bonds_lodged,territorial_authority,26,Kawerau District,1,16.3125,18.0,5.275857979452711,6.0,27.0,32
territorial_authority_26_bonds_lodged,bonds_lodged,territorial_authority,26,Kawerau District,2,18.970588235294116,18.0,7.4852796717761905,6.0,36.0,34
territorial_authority_26_bonds_lodged,bonds_lodged,territorial_authority,26,Kawerau District,3,20.91176470588235,21.0,7.1789576649455356,6.0,33.0,34
territorial_authority_26_bonds_lodged,bonds_lodged,territorial_authority,26,Kawerau District,4,18.181818181818183,18.0,6.449101417322348,9.0,36.0,33
territorial_authority_26_bonds_lodged,bonds_lodged,territorial_authority,26,Kawerau District,5,18.970588235294116,21.0,6.426674026075473,9.0,30.0,34
territorial_authority_26_bonds_lodged,bonds_lodged,territorial_authority,26,Kawerau District,6,19.5,19.5,7.540798125108268,6.0,36.0,34
territorial_authority_26_bonds_lodged,bonds_lodged,territorial_authority,26,Kawerau District,7,18.61764705882353,19.5,8.216814637117517,6.0,33.0,34
territorial_authority_26_bonds_lodged,bonds_lodged,territorial_authority,26,Kawerau District,8,19.0,18.0,7.14142842854285,9.0,33.0,33
territorial_authority_26_bonds_lodged,bonds_lodged,territorial_authority,26,Kawerau District,9,18.545454545454547,18.0,6.600619805607792,6.0,33.0,33
territorial_authority_26_bonds_lodged,bonds_lodged,territorial_authority,26,Kawerau District,10,18.9375,18.0,5.972720242634355,9.0,30.0,32
territorial_authority_26_bonds_lodged,bonds_lodged,territorial_authority,26,Kawerau District,11,18.09375,16.5,6.48750349617657,6.0,36.0,32
territorial_authority_26_bonds_lodged,bonds_lodged,territorial_authority,26,Kawerau District,12,17.363636363636363,18.0,5.07332596662548,6.0,30.0,33
territorial_authority_27_bonds_lodged,bonds_lodged,territorial_authority,27,Opotiki District,1,12.7,12.0,5.66386002164845,6.0,27.0,30
territorial_authority_27_bonds_lodged,bonds_lodged,territorial_authority,27,Opotiki District,2,13.272727272727273,12.0,5.8591420408235075,6.0,24.0,33
territorial_authority_27_bonds_lodged,bonds_lodged,territorial_authority,27,Opotiki District,3,15.5625,15.0,6.791538853603062,6.0,33.0,32
territorial_authority_27_bonds_lodged,bonds_lodged,territorial_authority,27,Opotiki District,4,14.129032258064516,12.0,5.37737194475685,6.0,27.0,31
territorial_authority_27_bonds_lodged,bonds_lodged,territorial_authority,27,Opotiki District,5,13.548387096774194,12.0,5.359345169436402,6.0,27.0,31
territorial_authority_27_bonds_lodged,bonds_lodged,territorial_authority,27,Opotiki District,6,12.84375,12.0,5.181290006266032,6.0,24.0,32
territorial_authority_27_bonds_lodged,bonds_lodged,territorial_authority,27,Opotiki District,7,13.363636363636363,15.0,4.86581302185322,6.0,24.0,33
territorial_authority_27_bonds_lodged,bonds_lodged,territorial_authority,27,Opotiki District,8,12.5625,12.0,4.845599932895556,6.0,27.0,32
territorial_authority_27_bonds_lodged,bonds_lodged,territorial_authority,27,Opotiki District,9,13.9,15.0,6.0762397628115705,6.0,30.0,30
territorial_authority_27_bonds_lodged,bonds_lodged,territorial_authority,27,Opotiki District,10,12.28125,12.0,5.566225193362716,6.0,27.0,32
territorial_authority_27_bonds_lodged,bonds_lodged,territorial_authority,27,Opotiki District,11,13.125,12.0,4.360748677951765,6.0,21.0,32
territorial_authority_27_bonds_lodged,bonds_lodged,territorial_authority,27,Opotiki District,12,13.607142857142858,12.0,4.653467728991134,6.0,24.0,28
territorial_authority_28_bonds_lodged,bonds_lodged,territorial_authority,28,Gisborne District,1,95.81818181818181,93.0,23.369925312052427,51.0,159.0,33
territorial_authority_28_bonds_lodged,bonds_lodged,territorial_authority,28,Gisborne District,2,101.91176470588235,108.0,23.994150356636897,48.0,147.0,34
territorial_authority_28_bonds_lodged,bonds_lodged,territorial_authority,28,Gisborne District,3,101.47058823529412,102.0,22.769244666299247,57.0,141.0,34
territorial_authority_28_bonds_lodged,bonds_lodged,territorial_authority,28,Gisborne District,4,92.82352941176471,99.0,22.52200350127026,36.0,135.0,34
territorial_authority_28_bonds_lodged,bonds_lodged,territorial_authority,28,Gisborne District,5,99.97058823529412,108.0,26.471809241001612,45.0,147.0,34
territorial_authority_28_bonds_lodged,bonds_lodged,territorial_authority,28,Gisborne District,6,95.38235294117646,99.0,21.592668096092734,39.0,123.0,34
territorial_authority_28_bonds_lodged,bonds_lodged,territorial_authority,28,Gisborne District,7,104.91176470588235,108.0,25.482457004246317,57.0,147.0,34
territorial_authority_28_bonds_lodged,bonds_lodged,territorial_authority,28,Gisborne District,8,99.18181818181819,102.0,24.01100599914358,54.0,147.0,33
territorial_authority_28_bonds_lodged,bonds_lodged,territorial_authority,28,Gisborne District,9,100.81818181818181,108.0,22.623901279198268,57.0,135.0,33
territorial_authority_28_bonds_lodged,bonds_lodged,territorial_authority,28,Gisborne District,10,91.45454545454545,96.0,23.480165711046027,48.0,132.0,33
territorial_authority_28_bonds_lodged,bonds_lodged,territorial_authority,28,Gisborne District,11,94.81818181818181,99.0,20.756707568661007,57.0,150.0,33
territorial_authority_28_bonds_lodged,bonds_lodged,territorial_authority,28,Gisborne District,12,87.27272727272727,87.0,16.02200191781743,54.0,117.0,33
territorial_authority_29_bonds_lodged,bonds_lodged,territorial_authority,29,Wairoa District,1,11.90625,12.0,4.4093696060299425,6.0,21.0,32
territorial_authority_29_bonds_lodged,bonds_lodged,territorial_authority,29,Wairoa District,2,12.529411764705882,12.0,4.398589953938387,6.0,24.0,34
territorial_authority_29_bonds_lodged,bonds_lodged,territorial_authority,29,Wairoa District,3,12.84375,12.0,4.120048347664961,6.0,21.0,32
territorial_authority_29_bonds_lodged,bonds_lodged,territorial_authority,29,Wairoa District,4,12.181818181818182,12.0,4.558334025815691,6.0,24.0,33
territorial_authority_29_bonds_lodged,bonds_lodged,territorial_authority,29,Wairoa District,5,12.65625,12.0,4.01295784243509,6.0,21.0,32
territorial_authority_29_bonds_lodged,bonds_lodged,territorial_authority,29,Wairoa District,6,12.65625,12.0,3.865558216167575,6.0,21.0,32
territorial_authority_29_bonds_lodged,bonds_lodged,territorial_authority,29,Wairoa District,7,12.09375,12.0,5.082286601203655,6.0,24.0,32
territorial_authority_29_bonds_lodged,bonds_lodged,territorial_authority,29,Wairoa District,8,12.290322580645162,12.0,4.124670074782521,6.0,18.0,31
territorial_authority_29_bonds_lodged,bonds_lodged,territorial_authority,29,Wairoa District,9,12.290322580645162,12.0,5.550937148428764,6.0,24.0,31
territorial_authority_29_bonds_lodged,bonds_lodged,territorial_authority,29,Wairoa District,10,10.909090909090908,12.0,3.5032452487268535,6.0,18.0,33
territorial_authority_29_bonds_lodged,bonds_lodged,territorial_authority,29,Wairoa District,11,11.0625,12.0,3.5281129014192962,6.0,18.0,32
territorial_authority_29_bonds_lodged,bonds_lodged,territorial_authority,29,Wairoa District,12,10.59375,9.0,3.4906268500731525,6.0,21.0,32
territorial_authority_30_bonds_lodged,bonds_lodged,territorial_authority,30,Hastings District,1,151.9090909090909,156.0,34.5066693158399,81.0,210.0,33
territorial_authority_30_bonds_lodged,bonds_lodged,territorial_authority,30,Hastings District,2,152.64705882352942,160.5,38.99485774408316,78.0,207.0,34
territorial_authority_30_bonds_lodged,bonds_lodged,territorial_authority,30,Hastings District,3,158.55882352941177,162.0,34.17441110438555,96.0,219.0,34
territorial_authority_30_bonds_lodged,bonds_lodged,territorial_authority,30,Hastings District,4,145.5,150.0,35.08884826732381,42.0,201.0,34
territorial_authority_30_bonds_lodged,bonds_lodged,territorial_authority,30,Hastings District,5,164.2058823529412,169.5,31.665658113219692,102.0,207.0,34
territorial_authority_30_bonds_lodged,bonds_lodged,territorial_authority,30,Hastings District,6,156.7058823529412,160.5,35.55067182740263,84.0,219.0,34
territorial_authority_30_bonds_lodged,bonds_lodged,territorial_authority,30,Hastings District,7,164.38235294117646,168.0,34.55256400246422,99.0,228.0,34
territorial_authority_30_bonds_lodged,bonds_lodged,territorial_authority,30,Hastings District,8,162.45454545454547,168.0,37.312942551053006,84.0,219.0,33
territorial_authority_30_bonds_lodged,bonds_lodged,territorial_authority,30,Hastings District,9,157.36363636363637,171.0,35.09880534097474,84.0,216.0,33
territorial_authority_30_bonds_lodged,bonds_lodged,territorial_authority,30,Hastings District,10,161.0,162.0,33.97977339535978,99.0,231.0,33
territorial_authority_30_bonds_lodged,bonds_lodged,territorial_authority,30,Hastings District,11,158.54545454545453,159.0,31.776653093398334,90.0,210.0,33
territorial_authority_30_bonds_lodged,bonds_lodged,territorial_authority,30,Hastings District,12,152.63636363636363,156.0,29.950811948320126,90.0,195.0,33
territorial_authority_31_bonds_lodged,bonds_lodged,territorial_authority,31,Napier City,1,157.27272727272728,165.0,39.59424889367829,78.0,213.0,33
territorial_authority_31_bonds_lodged,bonds_lodged,territorial_authority,31,Napier City,2,155.55882352941177,165.0,36.265177534437605,84.0,216.0,34
territorial_authority_31_bonds_lodged,bonds_lodged,territorial_authority,31,Napier City,3,168.1764705882353,174.0,37.882170258967626,90.0,231.0,34
territorial_authority_31_bonds_lodged,bonds_lodged,territorial_authority,31,Napier City,4,156.0,168.0,41.04764415784529,33.0,222.0,34
territorial_authority_31_bonds_lodged,bonds_lodged,territorial_authority,31,Napier City,5,165.97058823529412,172.5,32.38451303465868,96.0,222.0,34
territorial_authority_31_bonds_lodged,bonds_lodged,territorial_authority,31,Napier City,6,159.61764705882354,171.0,33.721690444239485,99.0,207.0,34
territorial_authority_31_bonds_lodged,bonds_lodged,territorial_authority,31,Napier City,7,174.44117647058823,189.0,38.90640764899443,105.0,246.0,34
territorial_authority_31_bonds_lodged,bonds_lodged,territorial_authority,31,Napier City,8,168.9090909090909,177.0,38.779314424996315,66.0,231.0,33
territorial_authority_31_bonds_lodged,bonds_lodged,territorial_authority,31,Napier City,9,161.8181818181818,174.0,39.622006626253906,96.0,231.0,33
territorial_authority_31_bonds_lodged,bonds_lodged,territorial_authority,31,Napier City,10,158.63636363636363,159.0,36.900896145807025,93.0,222.0,33
territorial_authority_31_bonds_lodged,bonds_lodged,territorial_authority,31,Napier City,11,158.27272727272728,168.0,38.021599722454425,84.0,210.0,33
territorial_authority_31_bonds_lodged,bonds_lodged,territorial_authority,31,Napier City,12,155.0,156.0,27.224758952100945,99.0,201.0,33
territorial_authority_32_bonds_lodged,bonds_lodged,territorial_authority,32,Central Hawke's Bay District,1,23.363636363636363,24.0,8.70638480447748,6.0,36.0,33
territorial_authority_32_bonds_lodged,bonds_lodged,territorial_authority,32,Central Hawke's Bay District,2,23.11764705882353,24.0,9.328238996764,6.0,42.0,34
territorial_authority_32_bonds_lodged,bonds_lodged,territorial_authority,32,Central Hawke's Bay District,3,23.272727272727273,24.0,8.453079051715147,6.0,39.0,33
territorial_authority_32_bonds_lodged,bonds_lodged,territorial_authority,32,Central Hawke's Bay District,4,23.34375,24.0,8.877697227576313,6.0,42.0,32
territorial_authority_32_bonds_lodged,bonds_lodged,territorial_authority,32,Central Hawke's Bay District,5,25.147058823529413,27.0,8.67644792891086,9.0,42.0,34
territorial_authority_32_bonds_lodged,bonds_lodged,territorial_authority,32,Central Hawke's Bay District,6,22.058823529411764,22.5,8.734956510518053,6.0,36.0,34
territorial_authority_32_bonds_lodged,bonds_lodged,territorial_authority,32,Central Hawke's Bay District,7,24.08823529411765,22.5,9.811457887712354,9.0,54.0,34
territorial_authority_32_bonds_lodged,bonds_lodged,territorial_authority,32,Central Hawke's Bay District,8,24.09090909090909,24.0,9.96357000641473,6.0,39.0,33
territorial_authority_32_bonds_lodged,bonds_lodged,territorial_authority,32,Central Hawke's Bay District,9,24.545454545454547,24.0,8.265481342195493,9.0,42.0,33
territorial_authority_32_bonds_lodged,bonds_lodged,territorial_authority,32,Central Hawke's Bay District,10,23.363636363636363,24.0,9.449927849652417,9.0,42.0,33
territorial_authority_32_bonds_lodged,bonds_lodged,territorial_authority,32,Central Hawke's Bay District,11,24.727272727272727,24.0,9.978955128396231,6.0,51.0,33
territorial_authority_32_bonds_lodged,bonds_lodged,territorial_authority,32,Central Hawke's Bay District,12,20.727272727272727,21.0,7.914672795166293,9.0,39.0,33
territorial_authority_33_bonds_lodged,bonds_lodged,territorial_authority,33,New Plymouth District,1,204.9090909090909,213.0,34.601628968485386,135.0,276.0,33
territorial_authority_33_bonds_lodged,bonds_lodged,territorial_authority,33,New Plymouth District,2,203.64705882352942,210.0,34.21933030970828,132.0,252.0,34
territorial_authority_33_bonds_lodged,bonds_lodged,territorial_authority,33,New Plymouth District,3,206.47058823529412,213.0,39.278520071884515,123.0,282.0,34
territorial_authority_33_bonds_lodged,bonds_lodged,territorial_authority,33,New Plymouth District,4,198.7941176470588,207.0,41.42007960702643,66.0,309.0,34
territorial_authority_33_bonds_lodged,bonds_lodged,territorial_authority,33,New Plymouth District,5,213.26470588235293,213.0,34.12837513426054,144.0,309.0,34
territorial_authority_33_bonds_lodged,bonds_lodged,territorial_authority,33,New Plymouth District,6,204.08823529411765,210.0,31.163661479220384,138.0,249.0,34
territorial_authority_33_bonds_lodged,bonds_lodged,territorial_authority,33,New Plymouth District,7,219.0,219.0,36.63828102359109,156.0,297.0,34
territorial_authority_33_bonds_lodged,bonds_lodged,territorial_authority,33,New Plymouth District,8,209.54545454545453,210.0,40.977197095679706,105.0,276.0,33
territorial_authority_33_bonds_lodged,bonds_lodged,territorial_authority,33,New Plymouth District,9,200.54545454545453,210.0,36.58986446843144,114.0,258.0,33
territorial_authority_33_bonds_lodged,bonds_lodged,territorial_authority,33,New Plymouth District,10,200.63636363636363,207.0,34.391876022741705,123.0,276.0,33
territorial_authority_33_bonds_lodged,bonds_lodged,territorial_authority,33,New Plymouth District,11,192.27272727272728,207.0,35.59430495816073,111.0,258.0,33
territorial_authority_33_bonds_lodged,bonds_lodged,territorial_authority,33,New Plymouth District,12,191.0,186.0,29.390687300571926,132.0,252.0,33
territorial_authority_34_bonds_lodged,bonds_lodged,territorial_authority,34,Stratford District,1,19.125,21.0,7.218926736420481,6.0,30.0,32
territorial_authority_34_bonds_lodged,bonds_lodged,territorial_authority,34,Stratford District,2,17.205882352941178,15.0,5.876400731867876,6.0,30.0,34
territorial_authority_34_bonds_lodged,bonds_lodged,territorial_authority,34,Stratford District,3,17.558823529411764,18.0,5.868204910959173,9.0,30.0,34
territorial_authority_34_bonds_lodged,bonds_lodged,territorial_authority,34,Stratford District,4,18.0,18.0,5.803224909896109,9.0,30.0,32
territorial_authority_34_bonds_lodged,bonds_lodged,territorial_authority,34,Stratford District,5,18.705882352941178,18.0,6.225701429459178,6.0,36.0,34
territorial_authority_34_bonds_lodged,bonds_lodged,territorial_authority,34,Stratford District,6,20.470588235294116,21.0,6.066476657618749,9.0,33.0,34
territorial_authority_34_bonds_lodged,bonds_lodged,territorial_authority,34,Stratford District,7,19.058823529411764,19.5,6.305078167254326,6.0,33.0,34
territorial_authority_34_bonds_lodged,bonds_lodged,territorial_authority,34,Stratford District,8,19.181818181818183,18.0,7.899582842841074,6.0,39.0,33
territorial_authority_34_bonds_lodged,bonds_lodged,territorial_authority,34,Stratford District,9,17.454545454545453,15.0,6.1598037158810355,9.0,30.0,33
territorial_authority_34_bonds_lodged,bonds_lodged,territorial_authority,34,Stratford District,10,17.636363636363637,18.0,6.127898201148283,6.0,30.0,33
territorial_authority_34_bonds_lodged,bonds_lodged,territorial_authority,34,Stratford District,11,17.727272727272727,18.0,5.7785850737481965,6.0,27.0,33
territorial_authority_34_bonds_lodged,bonds_lodged,territorial_authority,34,Stratford District,12,15.454545454545455,15.0,5.46632251318762,6.0,24.0,33
territorial_authority_35_bonds_lodged,bonds_lodged,territorial_authority,35,South Taranaki District,1,50.90909090909091,54.0,15.046518775873949,15.0,78.0,33
territorial_authority_35_bonds_lodged,bonds_lodged,territorial_authority,35,South Taranaki District,2,51.088235294117645,51.0,13.303833229923834,30.0,81.0,34
territorial_authority_35_bonds_lodged,bonds_lodged,territorial_authority,35,South Taranaki District,3,54.088235294117645,57.0,14.945086649908125,24.0,78.0,34
territorial_authority_35_bonds_lodged,bonds_lodged,territorial_authority,35,South Taranaki District,4,50.205882352941174,54.0,14.923602237506717,9.0,69.0,34
territorial_authority_35_bonds_lodged,bonds_lodged,territorial_authority,35,South Taranaki District,5,54.35294117647059,51.0,16.37789040498339,30.0,87.0,34
territorial_authority_35_bonds_lodged,bonds_lodged,territorial_authority,35,South Taranaki District,6,56.11764705882353,55.5,14.023280872075276,27.0,81.0,34
territorial_authority_35_bonds_lodged,bonds_lodged,territorial_authority,35,South Taranaki District,7,55.588235294117645,54.0,16.812905661766024,24.0,102.0,34
territorial_authority_35_bonds_lodged,bonds_lodged,territorial_authority,35,South Taranaki District,8,54.09090909090909,54.0,14.571726983193422,24.0,78.0,33
territorial_authority_35_bonds_lodged,bonds_lodged,territorial_authority,35,South Taranaki District,9,50.36363636363637,48.0,16.028915632806743,24.0,99.0,33
territorial_authority_35_bonds_lodged,bonds_lodged,territorial_authority,35,South Taranaki District,10,51.45454545454545,48.0,13.770645657273365,21.0,84.0,33
territorial_authority_35_bonds_lodged,bonds_lodged,territorial_authority,35,South Taranaki District,11,51.09090909090909,51.0,14.648727838031782,18.0,78.0,33
territorial_authority_35_bonds_lodged,bonds_lodged,territorial_authority,35,South Taranaki District,12,46.36363636363637,48.0,11.523937537301927,21.0,72.0,33
territorial_authority_36_bonds_lodged,bonds_lodged,territorial_authority,36,Ruapehu District,1,26.545454545454547,24.0,8.254131197054104,12.0,42.0,33
territorial_authority_36_bonds_lodged,bonds_lodged,territorial_authority,36,Ruapehu District,2,26.470588235294116,25.5,8.468248339918006,12.0,45.0,34
territorial_authority_36_bonds_lodged,bonds_lodged,territorial_authority,36,Ruapehu District,3,27.441176470588236,27.0,6.972635589131525,12.0,42.0,34
territorial_authority_36_bonds_lodged,bonds_lodged,territorial_authority,36,Ruapehu District,4,25.363636363636363,24.0,7.27503514518221,12.0,45.0,33
territorial_authority_36_bonds_lodged,bonds_lodged,territorial_authority,36,Ruapehu District,5,28.676470588235293,33.0,8.426943039083463,12.0,48.0,34
territorial_authority_36_bonds_lodged,bonds_lodged,territorial_authority,36,Ruapehu District,6,40.588235294117645,39.0,17.40274733980994,15.0,90.0,34
territorial_authority_36_bonds_lodged,bonds_lodged,territorial_authority,36,Ruapehu District,7,32.38235294117647,31.5,10.924020532703627,12.0,60.0,34
territorial_authority_36_bonds_lodged,bonds_lodged,territorial_authority,36,Ruapehu District,8,25.363636363636363,27.0,6.877582159715459,12.0,36.0,33
territorial_authority_36_bonds_lodged,bonds_lodged,territorial_authority,36,Ruapehu District,9,24.09090909090909,21.0,8.059790771026707,12.0,45.0,33
territorial_authority_36_bonds_lodged,bonds_lodged,territorial_authority,36,Ruapehu District,10,24.0,24.0,6.408002808988148,9.0,33.0,33
territorial_authority_36_bonds_lodged,bonds_lodged,territorial_authority,36,Ruapehu District,11,26.363636363636363,24.0,6.739891420760157,12.0,39.0,33
territorial_authority_36_bonds_lodged,bonds_lodged,territorial_authority,36,Ruapehu District,12,21.363636363636363,21.0,5.2369968840583025,12.0,33.0,33
territorial_authority_37_bonds_lodged,bonds_lodged,territorial_authority,37,Whanganui District,1,119.36363636363636,120.0,20.6591659164555,81.0,153.0,33
territorial_authority_37_bonds_lodged,bonds_lodged,territorial_authority,37,Whanganui District,2,125.29411764705883,132.0,28.02653440966333,78.0,165.0,34
territorial_authority_37_bonds_lodged,bonds_lodged,territorial_authority,37,Whanganui District,3,126.52941176470588,126.0,26.08521617073158,63.0,168.0,34
territorial_authority_37_bonds_lodged,bonds_lodged,territorial_authority,37,Whanganui District,4,111.61764705882354,115.5,27.44362232681963,30.0,147.0,34
territorial_authority_37_bonds_lodged,bonds_lodged,territorial_authority,37,Whanganui District,5,122.73529411764706,123.0,23.242214497748673,81.0,186.0,34
territorial_authority_37_bonds_lodged,bonds_lodged,territorial_authority,37,Whanganui District,6,114.26470588235294,117.0,20.89411809871368,69.0,159.0,34
territorial_authority_37_bonds_lodged,bonds_lodged,territorial_authority,37,Whanganui District,7,123.61764705882354,130.5,26.431173864807008,66.0,171.0,34
territorial_authority_37_bonds_lodged,bonds_lodged,territorial_authority,37,Whanganui District,8,123.72727272727273,123.0,28.122802944488754,66.0,192.0,33
territorial_authority_37_bonds_lodged,bonds_lodged,territorial_authority,37,Whanganui District,9,118.81818181818181,117.0,23.39398232646398,72.0,165.0,33
territorial_authority_37_bonds_lodged,bonds_lodged,territorial_authority,37,Whanganui District,10,116.18181818181819,117.0,20.652564225560695,72.0,177.0,33
territorial_authority_37_bonds_lodged,bonds_lodged,territorial_authority,37,Whanganui District,11,114.9090909090909,120.0,20.899108288937285,75.0,150.0,33
territorial_authority_37_bonds_lodged,bonds_lodged,territorial_authority,37,Whanganui District,12,107.9090909090909,108.0,24.435327443534025,60.0,162.0,33
territorial_authority_38_bonds_lodged,bonds_lodged,territorial_authority,38,Rangitikei District,1,23.90909090909091,24.0,7.555476641002024,9.0,36.0,33
territorial_authority_38_bonds_lodged,bonds_lodged,territorial_authority,38,Rangitikei District,2,25.941176470588236,27.0,8.981263920199545,6.0,42.0,34
territorial_authority_38_bonds_lodged,bonds_lodged,territorial_authority,38,Rangitikei District,3,27.0,27.0,7.273863547599095,12.0,39.0,34
territorial_authority_38_bonds_lodged,bonds_lodged,territorial_authority,38,Rangitikei District,4,21.705882352941178,21.0,7.35065205009034,6.0,36.0,34
territorial_authority_38_bonds_lodged,bonds_lodged,territorial_authority,38,Rangitikei District,5,26.91176470588235,27.0,8.338910789490448,12.0,42.0,34
territorial_authority_38_bonds_lodged,bonds_lodged,territorial_authority,38,Rangitikei District,6,23.647058823529413,22.5,6.879404277156282,9.0,36.0,34
territorial_authority_38_bonds_lodged,bonds_lodged,territorial_authority,38,Rangitikei District,7,26.470588235294116,27.0,6.199879246710922,15.0,39.0,34
territorial_authority_38_bonds_lodged,bonds_lodged,territorial_authority,38,Rangitikei District,8,24.90909090909091,24.0,7.666337278826654,12.0,39.0,33
territorial_authority_38_bonds_lodged,bonds_lodged,territorial_authority,38,Rangitikei District,9,24.545454545454547,24.0,5.73416792727435,12.0,33.0,33
territorial_authority_38_bonds_lodged,bonds_lodged,territorial_authority,38,Rangitikei District,10,24.272727272727273,27.0,7.207950156219551,12.0,45.0,33
territorial_authority_38_bonds_lodged,bonds_lodged,territorial_authority,38,Rangitikei District,11,24.0,24.0,7.310095758606723,9.0,39.0,33
territorial_authority_38_bonds_lodged,bonds_lodged,territorial_authority,38,Rangitikei District,12,23.0,21.0,6.94172168845741,12.0,42.0,33
territorial_authority_39_bonds_lodged,bonds_lodged,territorial_authority,39,Manawatu District,1,44.09090909090909,45.0,13.194136094217285,18.0,66.0,33
territorial_authority_39_bonds_lodged,bonds_lodged,territorial_authority,39,Manawatu District,2,46.6764705882353,48.0,11.705270991478892,21.0,63.0,34
territorial_authority_39_bonds_lodged,bonds_lodged,territorial_authority,39,Manawatu District,3,51.794117647058826,49.5,13.46325957146968,30.0,75.0,34
territorial_authority_39_bonds_lodged,bonds_lodged,territorial_authority,39,Manawatu District,4,47.55882352941177,48.0,14.90208685095376,15.0,81.0,34
territorial_authority_39_bonds_lodged,bonds_lodged,territorial_authority,39,Manawatu District,5,49.3235294117647,51.0,13.899467154023402,27.0,81.0,34
territorial_authority_39_bonds_lodged,bonds_lodged,territorial_authority,39,Manawatu District,6,47.029411764705884,51.0,11.482490739508032,15.0,66.0,34
territorial_authority_39_bonds_lodged,bonds_lodged,territorial_authority,39,Manawatu District,7,48.1764705882353,48.0,11.10138017145751,27.0,69.0,34
territorial_authority_39_bonds_lodged,bonds_lodged,territorial_authority,39,Manawatu District,8,49.54545454545455,51.0,13.079303567781498,15.0,72.0,33
territorial_authority_39_bonds_lodged,bonds_lodged,territorial_authority,39,Manawatu District,9,47.0,51.0,11.80307163411288,24.0,72.0,33
territorial_authority_39_bonds_lodged,bonds_lodged,territorial_authority,39,Manawatu District,10,47.36363636363637,45.0,10.705775841275416,21.0,66.0,33
territorial_authority_39_bonds_lodged,bonds_lodged,territorial_authority,39,Manawatu District,11,47.27272727272727,45.0,11.692071905977377,27.0,69.0,33
territorial_authority_39_bonds_lodged,bonds_lodged,territorial_authority,39,Manawatu District,12,44.18181818181818,45.0,10.013910779056756,24.0,69.0,33
territorial_authority_40_bonds_lodged,bonds_lodged,territorial_authority,40,Palmerston North City,1,362.72727272727275,384.0,78.60473615154844,231.0,516.0,33
territorial_authority_40_bonds_lodged,bonds_lodged,territorial_authority,40,Palmerston North City,2,489.0882352941176,474.0,134.58721800875776,249.0,741.0,34
territorial_authority_40_bonds_lodged,bonds_lodged,territorial_authority,40,Palmerston North City,3,319.05882352941177,324.0,52.165204458045906,237.0,411.0,34
territorial_authority_40_bonds_lodged,bonds_lodged,territorial_authority,40,Palmerston North City,4,262.5,267.0,48.63360230054188,81.0,369.0,34
territorial_authority_40_bonds_lodged,bonds_lodged,territorial_authority,40,Palmerston North City,5,265.6764705882353,265.5,36.52041404079686,183.0,330.0,34
territorial_authority_40_bonds_lodged,bonds_lodged,territorial_authority,40,Palmerston North City,6,261.0882352941176,262.5,39.49328109105267,189.0,330.0,34
territorial_authority_40_bonds_lodged,bonds_lodged,territorial_authority,40,Palmerston North City,7,302.8235294117647,303.0,48.52520156749249,183.0,408.0,34
territorial_authority_40_bonds_lodged,bonds_lodged,territorial_authority,40,Palmerston North City,8,276.6363636363636,279.0,45.53900675644601,168.0,375.0,33
territorial_authority_40_bonds_lodged,bonds_lodged,territorial_authority,40,Palmerston North City,9,257.54545454545456,261.0,34.74468566296407,180.0,330.0,33
territorial_authority_40_bonds_lodged,bonds_lodged,territorial_authority,40,Palmerston North City,10,249.9090909090909,243.0,35.8864212101559,189.0,321.0,33
territorial_authority_40_bonds_lodged,bonds_lodged,territorial_authority,40,Palmerston North City,11,425.09090909090907,435.0,84.48238116478916,276.0,573.0,33
territorial_authority_40_bonds_lodged,bonds_lodged,territorial_authority,40,Palmerston North City,12,318.45454545454544,324.0,48.69297363910099,240.0,405.0,33
territorial_authority_41_bonds_lodged,bonds_lodged,territorial_authority,41,Tararua District,1,29.272727272727273,30.0,9.368406772474465,12.0,45.0,33
territorial_authority_41_bonds_lodged,bonds_lodged,territorial_authority,41,Tararua District,2,29.11764705882353,30.0,8.661180218697027,12.0,48.0,34
territorial_authority_41_bonds_lodged,bonds_lodged,territorial_authority,41,Tararua District,3,30.61764705882353,30.0,8.94770905462416,15.0,54.0,34
territorial_authority_41_bonds_lodged,bonds_lodged,territorial_authority,41,Tararua District,4,29.11764705882353,30.0,8.940085776425168,9.0,48.0,34
territorial_authority_41_bonds_lodged,bonds_lodged,territorial_authority,41,Tararua District,5,32.38235294117647,30.0,10.69696843455376,9.0,60.0,34
territorial_authority_41_bonds_lodged,bonds_lodged,territorial_authority,41,Tararua District,6,29.294117647058822,30.0,7.956432167386624,15.0,57.0,34
territorial_authority_41_bonds_lodged,bonds_lodged,territorial_authority,41,Tararua District,7,32.029411764705884,30.0,9.84573525308277,15.0,54.0,34
territorial_authority_41_bonds_lodged,bonds_lodged,territorial_authority,41,Tararua District,8,33.81818181818182,33.0,9.19393327640075,18.0,57.0,33
territorial_authority_41_bonds_lodged,bonds_lodged,territorial_authority,41,Tararua District,9,28.636363636363637,27.0,8.908627075124222,12.0,48.0,33
territorial_authority_41_bonds_lodged,bonds_lodged,territorial_authority,41,Tararua District,10,30.0,33.0,8.48528137423857,12.0,48.0,33
territorial_authority_41_bonds_lodged,bonds_lodged,territorial_authority,41,Tararua District,11,28.818181818181817,30.0,8.00567980192245,12.0,45.0,33
territorial_authority_41_bonds_lodged,bonds_lodged,territorial_authority,41,Tararua District,12,27.181818181818183,27.0,6.789028582272217,15.0,39.0,33
territorial_authority_42_bonds_lodged,bonds_lodged,territorial_authority,42,Horowhenua District,1,72.0,69.0,18.10904470147445,42.0,105.0,33
territorial_authority_42_bonds_lodged,bonds_lodged,territorial_authority,42,Horowhenua District,2,77.47058823529412,78.0,19.947256656702002,39.0,126.0,34
territorial_authority_42_bonds_lodged,bonds_lodged,territorial_authority,42,Horowhenua District,3,81.97058823529412,82.5,16.55932456190542,51.0,111.0,34
territorial_authority_42_bonds_lodged,bonds_lodged,territorial_authority,42,Horowhenua District,4,75.3529411764706,72.0,21.85611675417645,30.0,126.0,34
territorial_authority_42_bonds_lodged,bonds_lodged,territorial_authority,42,Horowhenua District,5,79.67647058823529,78.0,19.204987654308425,42.0,114.0,34
territorial_authority_42_bonds_lodged,bonds_lodged,territorial_authority,42,Horowhenua District,6,74.73529411764706,73.5,15.673387643196463,39.0,102.0,34
territorial_authority_42_bonds_lodged,bonds_lodged,territorial_authority,42,Horowhenua District,7,82.32352941176471,78.0,22.440116388499675,42.0,126.0,34
territorial_authority_42_bonds_lodged,bonds_lodged,territorial_authority,42,Horowhenua District,8,80.0,81.0,19.248376554920153,45.0,111.0,33
territorial_authority_42_bonds_lodged,bonds_lodged,territorial_authority,42,Horowhenua District,9,77.18181818181819,81.0,19.917728512330644,45.0,114.0,33
territorial_authority_42_bonds_lodged,bonds_lodged,territorial_authority,42,Horowhenua District,10,75.81818181818181,75.0,19.344660997053143,42.0,114.0,33
territorial_authority_42_bonds_lodged,bonds_lodged,territorial_authority,42,Horowhenua District,11,73.0,72.0,16.66395811324548,36.0,114.0,33
territorial_authority_42_bonds_lodged,bonds_lodged,territorial_authority,42,Horowhenua District,12,69.63636363636364,72.0,15.993784304023748,36.0,99.0,33
territorial_authority_43_bonds_lodged,bonds_lodged,territorial_authority,43,Kapiti Coast District,1,108.54545454545455,114.0,23.758013002315288,51.0,138.0,33
territorial_authority_43_bonds_lodged,bonds_lodged,territorial_authority,43,Kapiti Coast District,2,118.23529411764706,123.0,29.78209633373858,57.0,165.0,34
territorial_authority_43_bonds_lodged,bonds_lodged,territorial_authority,43,Kapiti Coast District,3,120.79411764705883,126.0,28.0969958620239,60.0,171.0,34
territorial_authority_43_bonds_lodged,bonds_lodged,territorial_authority,43,Kapiti Coast District,4,117.26470588235294,120.0,33.73453299776862,36.0,171.0,34
territorial_authority_43_bonds_lodged,bonds_lodged,territorial_authority,43,Kapiti Coast District,5,120.08823529411765,129.0,26.043515620636793,63.0,156.0,34
territorial_authority_43_bonds_lodged,bonds_lodged,territorial_authority,43,Kapiti Coast District,6,112.05882352941177,118.5,26.349562904166774,48.0,159.0,34
territorial_authority_43_bonds_lodged,bonds_lodged,territorial_authority,43,Kapiti Coast District,7,119.20588235294117,123.0,26.33327128312372,66.0,156.0,34
territorial_authority_43_bonds_lodged,bonds_lodged,territorial_authority,43,Kapiti Coast District,8,116.81818181818181,120.0,26.853135926571202,54.0,153.0,33
territorial_authority_43_bonds_lodged,bonds_lodged,territorial_authority,43,Kapiti Coast District,9,113.0909090909091,117.0,25.32829894155404,63.0,159.0,33
territorial_authority_43_bonds_lodged,bonds_lodged,territorial_authority,43,Kapiti Coast District,10,115.36363636363636,117.0,29.991476061768555,48.0,162.0,33
territorial_authority_43_bonds_lodged,bonds_lodged,territorial_authority,43,Kapiti Coast District,11,107.63636363636364,108.0,24.667562432547655,51.0,150.0,33
territorial_authority_43_bonds_lodged,bonds_lodged,territorial_authority,43,Kapiti Coast District,12,105.0909090909091,108.0,24.57305897263764,51.0,144.0,33
territorial_authority_44_bonds_lodged,bonds_lodged,territorial_authority,44,Porirua City,1,86.36363636363636,90.0,18.7763451279432,42.0,120.0,33
territorial_authority_44_bonds_lodged,bonds_lodged,territorial_authority,44,Porirua City,2,96.52941176470588,102.0,23.971239451801715,45.0,144.0,34
territorial_authority_44_bonds_lodged,bonds_lodged,territorial_authority,44,Porirua City,3,98.91176470588235,102.0,25.76980573656959,39.0,156.0,34
territorial_authority_44_bonds_lodged,bonds_lodged,territorial_authority,44,Porirua City,4,90.44117647058823,94.5,23.577327548548638,27.0,129.0,34
territorial_authority_44_bonds_lodged,bonds_lodged,territorial_authority,44,Porirua City,5,89.6470588235294,88.5,22.337470018892468,45.0,138.0,34
territorial_authority_44_bonds_lodged,bonds_lodged,territorial_authority,44,Porirua City,6,82.67647058823529,87.0,22.33046646669793,33.0,117.0,34
territorial_authority_44_bonds_lodged,bonds_lodged,territorial_authority,44,Porirua City,7,91.32352941176471,88.5,20.147517462284238,45.0,132.0,34
territorial_authority_44_bonds_lodged,bonds_lodged,territorial_authority,44,Porirua City,8,90.27272727272727,90.0,21.676993459761555,48.0,129.0,33
territorial_authority_44_bonds_lodged,bonds_lodged,territorial_authority,44,Porirua City,9,86.0,81.0,24.48341275231049,42.0,141.0,33
territorial_authority_44_bonds_lodged,bonds_lodged,territorial_authority,44,Porirua City,10,83.45454545454545,87.0,17.354918087337136,54.0,114.0,33
territorial_authority_44_bonds_lodged,bonds_lodged,territorial_authority,44,Porirua City,11,86.54545454545455,87.0,20.445187253194376,48.0,132.0,33
territorial_authority_44_bonds_lodged,bonds_lodged,territorial_authority,44,Porirua City,12,85.9090909090909,87.0,17.77702807762668,45.0,117.0,33
territorial_authority_45_bonds_lodged,bonds_lodged,territorial_authority,45,Upper Hutt City,1,95.54545454545455,96.0,18.3270478205897,66.0,144.0,33
territorial_authority_45_bonds_lodged,bonds_lodged,territorial_authority,45,Upper Hutt City,2,94.23529411764706,96.0,16.875764985631537,54.0,126.0,34
territorial_authority_45_bonds_lodged,bonds_lodged,territorial_authority,45,Upper Hutt City,3,100.05882352941177,103.5,23.22477931717653,57.0,144.0,34
territorial_authority_45_bonds_lodged,bonds_lodged,territorial_authority,45,Upper Hutt City,4,87.79411764705883,91.5,23.521465904334498,24.0,123.0,34
territorial_authority_45_bonds_lodged,bonds_lodged,territorial_authority,45,Upper Hutt City,5,93.17647058823529,93.0,19.2864697246153,51.0,126.0,34
territorial_authority_45_bonds_lodged,bonds_lodged,territorial_authority,45,Upper Hutt City,6,86.6470588235294,88.5,16.902361952466652,51.0,114.0,34
territorial_authority_45_bonds_lodged,bonds_lodged,territorial_authority,45,Upper Hutt City,7,91.32352941176471,93.0,19.751057644462144,48.0,126.0,34
territorial_authority_45_bonds_lodged,bonds_lodged,territorial_authority,45,Upper Hutt City,8,91.27272727272727,93.0,22.412709462591653,51.0,141.0,33
territorial_authority_45_bonds_lodged,bonds_lodged,territorial_authority,45,Upper Hutt City,9,87.45454545454545,87.0,18.55581261540927,42.0,117.0,33
territorial_authority_45_bonds_lodged,bonds_lodged,territorial_authority,45,Upper Hutt City,10,87.27272727272727,90.0,20.48974244480748,45.0,123.0,33
territorial_authority_45_bonds_lodged,bonds_lodged,territorial_authority,45,Upper Hutt City,11,86.36363636363636,87.0,15.47542039376108,51.0,114.0,33
territorial_authority_45_bonds_lodged,bonds_lodged,territorial_authority,45,Upper Hutt City,12,85.72727272727273,87.0,15.223897183525166,51.0,108.0,33
territorial_authority_46_bonds_lodged,bonds_lodged,territorial_authority,46,Lower Hutt City,1,250.72727272727272,252.0,45.98319851265835,150.0,312.0,33
territorial_authority_46_bonds_lodged,bonds_lodged,territorial_authority,46,Lower Hutt City,2,273.3529411764706,285.0,46.64429053562926,159.0,357.0,34
territorial_authority_46_bonds_lodged,bonds_lodged,territorial_authority,46,Lower Hutt City,3,276.88235294117646,273.0,53.244868699065734,180.0,378.0,34
territorial_authority_46_bonds_lodged,bonds_lodged,territorial_authority,46,Lower Hutt City,4,240.44117647058823,252.0,50.06431692210537,57.0,309.0,34
territorial_authority_46_bonds_lodged,bonds_lodged,territorial_authority,46,Lower Hutt City,5,245.38235294117646,250.5,45.45394919395018,150.0,312.0,34
territorial_authority_46_bonds_lodged,bonds_lodged,territorial_authority,46,Lower Hutt City,6,235.76470588235293,237.0,39.220479207995574,138.0,306.0,34
territorial_authority_46_bonds_lodged,bonds_lodged,territorial_authority,46,Lower Hutt City,7,254.38235294117646,258.0,41.68570331615585,177.0,327.0,34
territorial_authority_46_bonds_lodged,bonds_lodged,territorial_authority,46,Lower Hutt City,8,240.45454545454547,249.0,42.25450487011038,153.0,327.0,33
territorial_authority_46_bonds_lodged,bonds_lodged,territorial_authority,46,Lower Hutt City,9,235.0909090909091,237.0,38.73819468267367,165.0,306.0,33
territorial_authority_46_bonds_lodged,bonds_lodged,territorial_authority,46,Lower Hutt City,10,235.8181818181818,240.0,41.89231324587971,171.0,324.0,33
territorial_authority_46_bonds_lodged,bonds_lodged,territorial_authority,46,Lower Hutt City,11,234.1818181818182,237.0,39.501150731224385,150.0,333.0,33
territorial_authority_46_bonds_lodged,bonds_lodged,territorial_authority,46,Lower Hutt City,12,213.27272727272728,219.0,34.42135304508737,126.0,276.0,33
territorial_authority_47_bonds_lodged,bonds_lodged,territorial_authority,47,Wellington City,1,1258.4545454545455,1272.0,286.8768345158217,597.0,1707.0,33
territorial_authority_47_bonds_lodged,bonds_lodged,territorial_authority,47,Wellington City,2,1652.735294117647,1695.0,556.2153119629413,597.0,2421.0,34
territorial_authority_47_bonds_lodged,bonds_lodged,territorial_authority,47,Wellington City,3,1024.4117647058824,1042.5,273.033699512567,489.0,1647.0,34
territorial_authority_47_bonds_lodged,bonds_lodged,territorial_authority,47,Wellington City,4,803.0294117647059,847.5,176.12916838848486,309.0,1062.0,34
territorial_authority_47_bonds_lodged,bonds_lodged,territorial_authority,47,Wellington City,5,829.3235294117648,844.5,167.18828445765283,462.0,1329.0,34
territorial_authority_47_bonds_lodged,bonds_lodged,territorial_authority,47,Wellington City,6,796.5882352941177,807.0,194.23729905001767,450.0,1641.0,34
territorial_authority_47_bonds_lodged,bonds_lodged,territorial_authority,47,Wellington City,7,855.3529411764706,886.5,149.60815128354895,501.0,1146.0,34
territorial_authority_47_bonds_lodged,bonds_lodged,territorial_authority,47,Wellington City,8,815.2727272727273,855.0,165.57008952541682,459.0,1371.0,33
territorial_authority_47_bonds_lodged,bonds_lodged,territorial_authority,47,Wellington City,9,746.6363636363636,777.0,121.56886376191741,450.0,903.0,33
territorial_authority_47_bonds_lodged,bonds_lodged,territorial_authority,47,Wellington City,10,761.4545454545455,777.0,122.30394794044132,453.0,933.0,33
territorial_authority_47_bonds_lodged,bonds_lodged,territorial_authority,47,Wellington City,11,895.9090909090909,936.0,148.97805283756648,501.0,1071.0,33
territorial_authority_47_bonds_lodged,bonds_lodged,territorial_authority,47,Wellington City,12,766.2727272727273,792.0,114.73781872362115,411.0,936.0,33
territorial_authority_48_bonds_lodged,bonds_lodged,territorial_authority,48,Masterton District,1,56.72727272727273,60.0,11.108197218925554,30.0,87.0,33
territorial_authority_48_bonds_lodged,bonds_lodged,territorial_authority,48,Masterton District,2,54.794117647058826,54.0,9.778701071840084,39.0,81.0,34
territorial_authority_48_bonds_lodged,bonds_lodged,territorial_authority,48,Masterton District,3,57.088235294117645,57.0,10.193187407220401,39.0,75.0,34
territorial_authority_48_bonds_lodged,bonds_lodged,territorial_authority,48,Masterton District,4,55.3235294117647,57.0,11.469909482180398,15.0,75.0,34
territorial_authority_48_bonds_lodged,bonds_lodged,territorial_authority,48,Masterton District,5,58.94117647058823,58.5,11.099934961509128,39.0,84.0,34
territorial_authority_48_bonds_lodged,bonds_lodged,territorial_authority,48,Masterton District,6,52.6764705882353,54.0,9.200528931551753,36.0,69.0,34
territorial_authority_48_bonds_lodged,bonds_lodged,territorial_authority,48,Masterton District,7,55.6764705882353,54.0,10.656398243750639,39.0,84.0,34
territorial_authority_48_bonds_lodged,bonds_lodged,territorial_authority,48,Masterton District,8,55.27272727272727,54.0,12.37000587932542,27.0,75.0,33
territorial_authority_48_bonds_lodged,bonds_lodged,territorial_authority,48,Masterton District,9,55.45454545454545,57.0,10.009654430507668,36.0,78.0,33
territorial_authority_48_bonds_lodged,bonds_lodged,territorial_authority,48,Masterton District,10,52.36363636363637,54.0,9.065105424849527,33.0,69.0,33
territorial_authority_48_bonds_lodged,bonds_lodged,territorial_authority,48,Masterton District,11,53.0,51.0,9.297176990893526,39.0,81.0,33
territorial_authority_48_bonds_lodged,bonds_lodged,territorial_authority,48,Masterton District,12,51.90909090909091,51.0,9.077319388053242,36.0,69.0,33
territorial_authority_49_bonds_lodged,bonds_lodged,territorial_authority,49,Carterton District,1,12.193548387096774,12.0,3.5441910674483457,6.0,21.0,31
territorial_authority_49_bonds_lodged,bonds_lodged,territorial_authority,49,Carterton District,2,12.28125,12.0,4.128847179571807,6.0,21.0,32
territorial_authority_49_bonds_lodged,bonds_lodged,territorial_authority,49,Carterton District,3,12.363636363636363,12.0,4.021956782915048,6.0,24.0,33
territorial_authority_49_bonds_lodged,bonds_lodged,territorial_authority,49,Carterton District,4,11.0625,12.0,3.4448418663083746,6.0,18.0,32
territorial_authority_49_bonds_lodged,bonds_lodged,territorial_authority,49,Carterton District,5,12.636363636363637,12.0,5.395705362937857,6.0,24.0,33
territorial_authority_49_bonds_lodged,bonds_lodged,territorial_authority,49,Carterton District,6,12.363636363636363,12.0,4.159463470645747,6.0,21.0,33
territorial_authority_49_bonds_lodged,bonds_lodged,territorial_authority,49,Carterton District,7,13.5,12.0,4.446653491416582,6.0,21.0,34
territorial_authority_49_bonds_lodged,bonds_lodged,territorial_authority,49,Carterton District,8,13.3125,12.0,5.491562442922426,6.0,33.0,32
territorial_authority_49_bonds_lodged,bonds_lodged,territorial_authority,49,Carterton District,9,11.53125,12.0,4.039996606514064,6.0,18.0,32
territorial_authority_49_bonds_lodged,bonds_lodged,territorial_authority,49,Carterton District,10,11.454545454545455,9.0,4.070403151799809,6.0,21.0,33
territorial_authority_49_bonds_lodged,bonds_lodged,territorial_authority,49,Carterton District,11,12.0,12.0,4.377361114025281,6.0,24.0,32
territorial_authority_49_bonds_lodged,bonds_lodged,territorial_authority,49,Carterton District,12,10.78125,9.0,4.626253099640732,6.0,24.0,32
territorial_authority_50_bonds_lodged,bonds_lodged,territorial_authority,50,South Wairarapa District,1,15.272727272727273,15.0,4.522670168666455,6.0,27.0,33
territorial_authority_50_bonds_lodged,bonds_lodged,territorial_authority,50,South Wairarapa District,2,14.117647058823529,13.5,5.698296959205805,6.0,27.0,34
territorial_authority_50_bonds_lodged,bonds_lodged,territorial_authority,50,South Wairarapa District,3,15.617647058823529,15.0,5.210797099975426,6.0,27.0,34
territorial_authority_50_bonds_lodged,bonds_lodged,territorial_authority,50,South Wairarapa District,4,15.181818181818182,15.0,6.535740898391635,6.0,39.0,33
territorial_authority_50_bonds_lodged,bonds_lodged,territorial_authority,50,South Wairarapa District,5,15.970588235294118,15.0,5.56223899826291,6.0,30.0,34
territorial_authority_50_bonds_lodged,bonds_lodged,territorial_authority,50,South Wairarapa District,6,15.0,15.0,4.177863742936747,9.0,24.0,34
territorial_authority_50_bonds_lodged,bonds_lodged,territorial_authority,50,South Wairarapa District,7,15.65625,15.0,5.68875163469898,6.0,30.0,32
territorial_authority_50_bonds_lodged,bonds_lodged,territorial_authority,50,South Wairarapa District,8,15.363636363636363,15.0,5.988625582187984,6.0,27.0,33
territorial_authority_50_bonds_lodged,bonds_lodged,territorial_authority,50,South Wairarapa District,9,13.96875,13.5,4.915311003188356,6.0,24.0,32
territorial_authority_50_bonds_lodged,bonds_lodged,territorial_authority,50,South Wairarapa District,10,13.78125,12.0,4.6885885832759735,6.0,24.0,32
territorial_authority_50_bonds_lodged,bonds_lodged,territorial_authority,50,South Wairarapa District,11,14.32258064516129,15.0,5.236965385756612,6.0,24.0,31
territorial_authority_50_bonds_lodged,bonds_lodged,territorial_authority,50,South Wairarapa District,12,12.454545454545455,12.0,4.507569391388425,6.0,21.0,33
territorial_authority_51_bonds_lodged,bonds_lodged,territorial_authority,51,Tasman District,1,68.0,69.0,15.254097810096798,36.0,102.0,33
territorial_authority_51_bonds_lodged,bonds_lodged,territorial_authority,51,Tasman District,2,72.08823529411765,72.0,15.500474376042586,33.0,105.0,34
territorial_authority_51_bonds_lodged,bonds_lodged,territorial_authority,51,Tasman District,3,76.41176470588235,78.0,21.71177260194839,27.0,120.0,34
territorial_authority_51_bonds_lodged,bonds_lodged,territorial_authority,51,Tasman District,4,76.1470588235294,78.0,22.58335717714207,24.0,111.0,34
territorial_authority_51_bonds_lodged,bonds_lodged,territorial_authority,51,Tasman District,5,82.8529411764706,84.0,24.13614459551958,27.0,144.0,34
territorial_authority_51_bonds_lodged,bonds_lodged,territorial_authority,51,Tasman District,6,74.82352941176471,76.5,20.1170372362775,27.0,105.0,34
territorial_authority_51_bonds_lodged,bonds_lodged,territorial_authority,51,Tasman District,7,82.32352941176471,84.0,21.151288503247116,27.0,111.0,34
territorial_authority_51_bonds_lodged,bonds_lodged,territorial_authority,51,Tasman District,8,78.27272727272727,75.0,19.763085423449077,33.0,120.0,33
territorial_authority_51_bonds_lodged,bonds_lodged,territorial_authority,51,Tasman District,9,75.45454545454545,72.0,19.844852778949555,33.0,108.0,33
territorial_authority_51_bonds_lodged,bonds_lodged,territorial_authority,51,Tasman District,10,75.18181818181819,75.0,19.64283353009207,39.0,114.0,33
territorial_authority_51_bonds_lodged,bonds_lodged,territorial_authority,51,Tasman District,11,71.45454545454545,69.0,17.818689116155035,33.0,114.0,33
territorial_authority_51_bonds_lodged,bonds_lodged,territorial_authority,51,Tasman District,12,69.36363636363636,72.0,17.807684755847305,27.0,96.0,33
territorial_authority_52_bonds_lodged,bonds_lodged,territorial_authority,52,Nelson City,1,164.0,165.0,28.288690319631268,99.0,213.0,33
territorial_authority_52_bonds_lodged,bonds_lodged,territorial_authority,52,Nelson City,2,171.88235294117646,181.5,32.11226963268973,99.0,219.0,34
territorial_authority_52_bonds_lodged,bonds_lodged,territorial_authority,52,Nelson City,3,180.97058823529412,181.5,33.51841221208504,114.0,252.0,34
territorial_authority_52_bonds_lodged,bonds_lodged,territorial_authority,52,Nelson City,4,174.08823529411765,181.5,39.69991042433892,63.0,246.0,34
territorial_authority_52_bonds_lodged,bonds_lodged,territorial_authority,52,Nelson City,5,184.23529411764707,186.0,32.61442218956758,117.0,243.0,34
territorial_authority_52_bonds_lodged,bonds_lodged,territorial_authority,52,Nelson City,6,169.5,174.0,25.554754049793818,117.0,207.0,34
territorial_authority_52_bonds_lodged,bonds_lodged,territorial_authority,52,Nelson City,7,180.26470588235293,181.5,33.03194855996916,111.0,234.0,34
territorial_authority_52_bonds_lodged,bonds_lodged,territorial_authority,52,Nelson City,8,172.63636363636363,171.0,30.65923411247639,102.0,243.0,33
territorial_authority_52_bonds_lodged,bonds_lodged,territorial_authority,52,Nelson City,9,167.27272727272728,168.0,32.189160372003265,84.0,228.0,33
territorial_authority_52_bonds_lodged,bonds_lodged,territorial_authority,52,Nelson City,10,169.54545454545453,171.0,28.133710772277848,105.0,213.0,33
territorial_authority_52_bonds_lodged,bonds_lodged,territorial_authority,52,Nelson City,11,164.0909090909091,168.0,32.280376814292715,102.0,240.0,33
territorial_authority_52_bonds_lodged,bonds_lodged,territorial_authority,52,Nelson City,12,165.1818181818182,168.0,25.773599071354187,126.0,228.0,33
territorial_authority_53_bonds_lodged,bonds_lodged,territorial_authority,53,Marlborough District,1,93.0,93.0,24.77271684737061,45.0,144.0,33
territorial_authority_53_bonds_lodged,bonds_lodged,territorial_authority,53,Marlborough District,2,96.79411764705883,96.0,28.126100691474313,48.0,156.0,34
territorial_authority_53_bonds_lodged,bonds_lodged,territorial_authority,53,Marlborough District,3,106.8529411764706,103.5,35.110330304878175,54.0,195.0,34
territorial_authority_53_bonds_lodged,bonds_lodged,territorial_authority,53,Marlborough District,4,96.97058823529412,96.0,28.62027814078009,36.0,141.0,34
territorial_authority_53_bonds_lodged,bonds_lodged,territorial_authority,53,Marlborough District,5,106.58823529411765,105.0,27.4183279191557,66.0,171.0,34
territorial_authority_53_bonds_lodged,bonds_lodged,territorial_authority,53,Marlborough District,6,99.61764705882354,99.0,27.62192224004865,48.0,153.0,34
territorial_authority_53_bonds_lodged,bonds_lodged,territorial_authority,53,Marlborough District,7,106.58823529411765,103.5,25.661098546430658,69.0,165.0,34
territorial_authority_53_bonds_lodged,bonds_lodged,territorial_authority,53,Marlborough District,8,102.9090909090909,108.0,24.15750871411883,57.0,165.0,33
territorial_authority_53_bonds_lodged,bonds_lodged,territorial_authority,53,Marlborough District,9,100.0909090909091,96.0,24.450669260221233,66.0,159.0,33
territorial_authority_53_bonds_lodged,bonds_lodged,territorial_authority,53,Marlborough District,10,96.54545454545455,99.0,28.366012793802764,42.0,153.0,33
territorial_authority_53_bonds_lodged,bonds_lodged,territorial_authority,53,Marlborough District,11,98.45454545454545,99.0,27.181210087451614,48.0,156.0,33
territorial_authority_53_bonds_lodged,bonds_lodged,territorial_authority,53,Marlborough District,12,92.45454545454545,96.0,21.15285280566623,60.0,126.0,33
territorial_authority_54_bonds_lodged,bonds_lodged,territorial_authority,54,Kaikoura District,1,9.545454545454545,9.0,3.418817293789138,6.0,15.0,22
territorial_authority_54_bonds_lodged,bonds_lodged,territorial_authority,54,Kaikoura District,2,8.76,9.0,2.7276363393971708,6.0,15.0,25
territorial_authority_54_bonds_lodged,bonds_lodged,territorial_authority,54,Kaikoura District,3,9.9,9.0,5.766509479654688,6.0,27.0,20
territorial_authority_54_bonds_lodged,bonds_lodged,territorial_authority,54,Kaikoura District,4,8.16,9.0,2.3748684174075834,6.0,12.0,25
territorial_authority_54_bonds_lodged,bonds_lodged,territorial_authority,54,Kaikoura District,5,9.461538461538462,9.0,3.9520199314352573,6.0,18.0,26
territorial_authority_54_bonds_lodged,bonds_lodged,territorial_authority,54,Kaikoura District,6,8.076923076923077,9.0,2.512736785627606,6.0,15.0,26
territorial_authority_54_bonds_lodged,bonds_lodged,territorial_authority,54,Kaikoura District,7,9.125,7.5,4.003395298124265,6.0,18.0,24
territorial_authority_54_bonds_lodged,bonds_lodged,territorial_authority,54,Kaikoura District,8,9.9,9.0,4.253790878981389,6.0,21.0,20
territorial_authority_54_bonds_lodged,bonds_lodged,territorial_authority,54,Kaikoura District,9,9.6,9.0,3.24037034920393,6.0,18.0,25
territorial_authority_54_bonds_lodged,bonds_lodged,territorial_authority,54,Kaikoura District,10,9.625,9.0,3.5363024167354093,6.0,18.0,24
territorial_authority_54_bonds_lodged,bonds_lodged,territorial_authority,54,Kaikoura District,11,10.043478260869565,9.0,4.395020538472697,6.0,18.0,23
territorial_authority_54_bonds_lodged,bonds_lodged,territorial_authority,54,Kaikoura District,12,7.588235294117647,6.0,1.8727928185403933,6.0,12.0,17
territorial_authority_55_bonds_lodged,bonds_lodged,territorial_authority,55,Buller District,1,21.818181818181817,21.0,7.006490497453706,12.0,36.0,33
territorial_authority_55_bonds_lodged,bonds_lodged,territorial_authority,55,Buller District,2,18.181818181818183,15.0,8.144992884644472,6.0,39.0,33
territorial_authority_55_bonds_lodged,bonds_lodged,territorial_authority,55,Buller District,3,19.852941176470587,19.5,8.19139368369531,6.0,36.0,34
territorial_authority_55_bonds_lodged,bonds_lodged,territorial_authority,55,Buller District,4,17.735294117647058,15.0,7.75890035761243,6.0,36.0,34
territorial_authority_55_bonds_lodged,bonds_lodged,territorial_authority,55,Buller District,5,19.323529411764707,18.0,9.141051554903942,6.0,42.0,34
territorial_authority_55_bonds_lodged,bonds_lodged,territorial_authority,55,Buller District,6,19.676470588235293,16.5,7.9951522745378725,9.0,33.0,34
territorial_authority_55_bonds_lodged,bonds_lodged,territorial_authority,55,Buller District,7,19.5,18.0,9.290757871034085,6.0,48.0,34
territorial_authority_55_bonds_lodged,bonds_lodged,territorial_authority,55,Buller District,8,20.90909090909091,21.0,9.501196096951544,6.0,42.0,33
territorial_authority_55_bonds_lodged,bonds_lodged,territorial_authority,55,Buller District,9,18.545454545454547,18.0,8.825003219159855,6.0,39.0,33
territorial_authority_55_bonds_lodged,bonds_lodged,territorial_authority,55,Buller District,10,18.727272727272727,18.0,7.759158811014598,6.0,36.0,33
territorial_authority_55_bonds_lodged,bonds_lodged,territorial_authority,55,Buller District,11,17.454545454545453,15.0,8.400486998869876,6.0,36.0,33
territorial_authority_55_bonds_lodged,bonds_lodged,territorial_authority,55,Buller District,12,16.3125,15.0,5.544177416516038,6.0,27.0,32
territorial_authority_56_bonds_lodged,bonds_lodged,territorial_authority,56,Grey District,1,30.09090909090909,30.0,9.963570006414734,12.0,51.0,33
territorial_authority_56_bonds_lodged,bonds_lodged,territorial_authority,56,Grey District,2,25.235294117647058,24.0,8.648204660521591,9.0,42.0,34
territorial_authority_56_bonds_lodged,bonds_lodged,territorial_authority,56,Grey District,3,24.705882352941178,24.0,7.71275767906932,9.0,42.0,34
territorial_authority_56_bonds_lodged,bonds_lodged,territorial_authority,56,Grey District,4,25.09090909090909,24.0,8.20961188319687,12.0,42.0,33
territorial_authority_56_bonds_lodged,bonds_lodged,territorial_authority,56,Grey District,5,24.441176470588236,25.5,7.679927305805695,9.0,36.0,34
territorial_authority_56_bonds_lodged,bonds_lodged,territorial_authority,56,Grey District,6,23.38235294117647,24.0,6.678843602874509,9.0,39.0,34
territorial_authority_56_bonds_lodged,bonds_lodged,territorial_authority,56,Grey District,7,24.441176470588236,27.0,6.774243450862304,12.0,36.0,34
territorial_authority_56_bonds_lodged,bonds_lodged,territorial_authority,56,Grey District,8,24.636363636363637,27.0,7.785475988251223,6.0,39.0,33
territorial_authority_56_bonds_lodged,bonds_lodged,territorial_authority,56,Grey District,9,23.727272727272727,24.0,6.596745065147315,9.0,39.0,33
territorial_authority_56_bonds_lodged,bonds_lodged,territorial_authority,56,Grey District,10,22.545454545454547,24.0,8.08196645737792,6.0,39.0,33
territorial_authority_56_bonds_lodged,bonds_lodged,territorial_authority,56,Grey District,11,23.09090909090909,24.0,6.206667968622718,9.0,36.0,33
territorial_authority_56_bonds_lodged,bonds_lodged,territorial_authority,56,Grey District,12,22.09090909090909,21.0,6.443813100387633,12.0,39.0,33
territorial_authority_57_bonds_lodged,bonds_lodged,territorial_authority,57,Westland District,1,13.96875,15.0,4.67308266703075,6.0,24.0,32
territorial_authority_57_bonds_lodged,bonds_lodged,territorial_authority,57,Westland District,2,12.193548387096774,12.0,4.5783501747442426,6.0,24.0,31
territorial_authority_57_bonds_lodged,bonds_lodged,territorial_authority,57,Westland District,3,11.516129032258064,12.0,4.965688725255443,6.0,21.0,31
territorial_authority_57_bonds_lodged,bonds_lodged,territorial_authority,57,Westland District,4,11.612903225806452,12.0,4.821323603568068,6.0,21.0,31
territorial_authority_57_bonds_lodged,bonds_lodged,territorial_authority,57,Westland District,5,13.40625,13.5,4.031003837195379,6.0,21.0,32
territorial_authority_57_bonds_lodged,bonds_lodged,territorial_authority,57,Westland District,6,12.0,12.0,4.242640687119285,6.0,27.0,32
territorial_authority_57_bonds_lodged,bonds_lodged,territorial_authority,57,Westland District,7,13.363636363636363,12.0,4.980073931543222,6.0,24.0,33
territorial_authority_57_bonds_lodged,bonds_lodged,territorial_authority,57,Westland District,8,13.838709677419354,15.0,5.348499940441546,6.0,27.0,31
territorial_authority_57_bonds_lodged,bonds_lodged,territorial_authority,57,Westland District,9,13.125,12.0,5.2655300257061395,6.0,27.0,32
territorial_authority_57_bonds_lodged,bonds_lodged,territorial_authority,57,Westland District,10,13.7,15.0,5.147145174587157,6.0,24.0,30
territorial_authority_57_bonds_lodged,bonds_lodged,territorial_authority,57,Westland District,11,13.862068965517242,12.0,5.859815562254952,6.0,27.0,29
territorial_authority_57_bonds_lodged,bonds_lodged,territorial_authority,57,Westland District,12,12.5,12.0,5.463041971851113,6.0,24.0,30
territorial_authority_58_bonds_lodged,bonds_lodged,territorial_authority,58,Hurunui District,1,13.545454545454545,12.0,5.309725211174474,6.0,27.0,33
territorial_authority_58_bonds_lodged,bonds_lodged,territorial_authority,58,Hurunui District,2,14.636363636363637,12.0,6.61351921170842,6.0,27.0,33
territorial_authority_58_bonds_lodged,bonds_lodged,territorial_authority,58,Hurunui District,3,16.21875,15.0,6.3689487409239,6.0,33.0,32
territorial_authority_58_bonds_lodged,bonds_lodged,territorial_authority,58,Hurunui District,4,14.454545454545455,15.0,6.067798762169178,6.0,30.0,33
territorial_authority_58_bonds_lodged,bonds_lodged,territorial_authority,58,Hurunui District,5,16.75862068965517,18.0,5.349600602006211,6.0,24.0,29
territorial_authority_58_bonds_lodged,bonds_lodged,territorial_authority,58,Hurunui District,6,13.636363636363637,15.0,5.0362323579871076,6.0,24.0,33
territorial_authority_58_bonds_lodged,bonds_lodged,territorial_authority,58,Hurunui District,7,15.65625,15.0,5.839848512175747,6.0,27.0,32
territorial_authority_58_bonds_lodged,bonds_lodged,territorial_authority,58,Hurunui District,8,15.2,15.0,4.722652673642438,6.0,24.0,30
territorial_authority_58_bonds_lodged,bonds_lodged,territorial_authority,58,Hurunui District,9,14.71875,15.0,5.2990222774370555,6.0,24.0,32
territorial_authority_58_bonds_lodged,bonds_lodged,territorial_authority,58,Hurunui District,10,13.636363636363637,12.0,5.201070693966422,6.0,24.0,33
territorial_authority_58_bonds_lodged,bonds_lodged,territorial_authority,58,Hurunui District,11,14.0625,15.0,6.021132140890492,6.0,24.0,32
territorial_authority_58_bonds_lodged,bonds_lodged,territorial_authority,58,Hurunui District,12,12.67741935483871,12.0,4.942247105478731,6.0,21.0,31
territorial_authority_59_bonds_lodged,bonds_lodged,territorial_authority,59,Waimakariri District,1,65.9090909090909,63.0,18.28654497910218,30.0,102.0,33
territorial_authority_59_bonds_lodged,bonds_lodged,territorial_authority,59,Waimakariri District,2,64.23529411764706,64.5,19.611466688354778,24.0,108.0,34
territorial_authority_59_bonds_lodged,bonds_lodged,territorial_authority,59,Waimakariri District,3,73.41176470588235,76.5,21.91183110207793,27.0,132.0,34
territorial_authority_59_bonds_lodged,bonds_lodged,territorial_authority,59,Waimakariri District,4,66.88235294117646,69.0,20.80466833667219,24.0,111.0,34
territorial_authority_59_bonds_lodged,bonds_lodged,territorial_authority,59,Waimakariri District,5,71.11764705882354,70.5,20.725865418027865,33.0,117.0,34
territorial_authority_59_bonds_lodged,bonds_lodged,territorial_authority,59,Waimakariri District,6,68.73529411764706,75.0,17.420483978124306,24.0,96.0,34
territorial_authority_59_bonds_lodged,bonds_lodged,territorial_authority,59,Waimakariri District,7,70.1470588235294,67.5,17.53979432680834,27.0,105.0,34
territorial_authority_59_bonds_lodged,bonds_lodged,territorial_authority,59,Waimakariri District,8,71.0,75.0,19.97967717456916,33.0,114.0,33
territorial_authority_59_bonds_lodged,bonds_lodged,territorial_authority,59,Waimakariri District,9,66.0,66.0,18.538810641462412,30.0,117.0,33
territorial_authority_59_bonds_lodged,bonds_lodged,territorial_authority,59,Waimakariri District,10,65.0909090909091,66.0,17.46847810408014,33.0,96.0,33
territorial_authority_59_bonds_lodged,bonds_lodged,territorial_authority,59,Waimakariri District,11,62.81818181818182,66.0,16.550027464959356,21.0,102.0,33
territorial_authority_59_bonds_lodged,bonds_lodged,territorial_authority,59,Waimakariri District,12,62.0,63.0,16.23653288112952,24.0,90.0,33
territorial_authority_60_bonds_lodged,bonds_lodged,territorial_authority,60,Christchurch City,1,1648.909090909091,1698.0,228.98940527297918,1134.0,2094.0,33
territorial_authority_60_bonds_lodged,bonds_lodged,territorial_authority,60,Christchurch City,2,1761.8823529411766,1849.5,253.47676538143554,1101.0,2043.0,34
territorial_authority_60_bonds_lodged,bonds_lodged,territorial_authority,60,Christchurch City,3,1375.764705882353,1425.0,229.2336453732807,816.0,1938.0,34
territorial_authority_60_bonds_lodged,bonds_lodged,territorial_authority,60,Christchurch City,4,1210.3235294117646,1216.5,248.84298573759747,453.0,1770.0,34
territorial_authority_60_bonds_lodged,bonds_lodged,territorial_authority,60,Christchurch City,5,1247.6470588235295,1245.0,165.05332147667085,870.0,1572.0,34
territorial_authority_60_bonds_lodged,bonds_lodged,territorial_authority,60,Christchurch City,6,1162.0588235294117,1204.5,155.8371218809874,720.0,1377.0,34
territorial_authority_60_bonds_lodged,bonds_lodged,territorial_authority,60,Christchurch City,7,1258.5,1276.5,168.1529336375345,810.0,1536.0,34
territorial_authority_60_bonds_lodged,bonds_lodged,territorial_authority,60,Christchurch City,8,1211.4545454545455,1227.0,165.50454882515518,741.0,1452.0,33
territorial_authority_60_bonds_lodged,bonds_lodged,territorial_authority,60,Christchurch City,9,1186.0,1191.0,168.84608375677536,738.0,1479.0,33
territorial_authority_60_bonds_lodged,bonds_lodged,territorial_authority,60,Christchurch City,10,1190.3636363636363,1215.0,173.5091528893033,732.0,1518.0,33
territorial_authority_60_bonds_lodged,bonds_lodged,territorial_authority,60,Christchurch City,11,1273.1818181818182,1299.0,161.11379025114795,765.0,1521.0,33
territorial_authority_60_bonds_lodged,bonds_lodged,territorial_authority,60,Christchurch City,12,1243.909090909091,1263.0,196.40238727488196,705.0,1569.0,33
territorial_authority_62_bonds_lodged,bonds_lodged,territorial_authority,62,Selwyn District,1,55.0,48.0,41.991070479329295,6.0,198.0,33
territorial_authority_62_bonds_lodged,bonds_lodged,territorial_authority,62,Selwyn District,2,52.05882352941177,52.5,36.22567411713192,9.0,153.0,34
territorial_authority_62_bonds_lodged,bonds_lodged,territorial_authority,62,Selwyn District,3,49.76470588235294,49.5,36.601919823410334,6.0,156.0,34
territorial_authority_62_bonds_lodged,bonds_lodged,territorial_authority,62,Selwyn District,4,47.0625,45.0,33.695924420924335,6.0,141.0,32
territorial_authority_62_bonds_lodged,bonds_lodged,territorial_authority,62,Selwyn District,5,47.470588235294116,46.5,37.37138371609506,6.0,174.0,34
territorial_authority_62_bonds_lodged,bonds_lodged,territorial_authority,62,Selwyn District,6,51.81818181818182,54.0,38.37679519046515,6.0,168.0,33
territorial_authority_62_bonds_lodged,bonds_lodged,territorial_authority,62,Selwyn District,7,51.0,49.5,35.283186162908414,9.0,156.0,32
territorial_authority_62_bonds_lodged,bonds_lodged,territorial_authority,62,Selwyn District,8,46.125,48.0,32.55937504353863,6.0,159.0,32
territorial_authority_62_bonds_lodged,bonds_lodged,territorial_authority,62,Selwyn District,9,45.38709677419355,36.0,33.10657278079872,6.0,159.0,31
territorial_authority_62_bonds_lodged,bonds_lodged,territorial_authority,62,Selwyn District,10,46.78125,43.5,32.399456760678824,6.0,150.0,32
territorial_authority_62_bonds_lodged,bonds_lodged,territorial_authority,62,Selwyn District,11,54.84375,55.5,38.983130656816826,9.0,186.0,32
territorial_authority_62_bonds_lodged,bonds_lodged,territorial_authority,62,Selwyn District,12,51.65625,49.5,37.868711550779345,6.0,153.0,32
territorial_authority_63_bonds_lodged,bonds_lodged,territorial_authority,63,Ashburton District,1,52.54545454545455,51.0,21.121805837053373,15.0,105.0,33
territorial_authority_63_bonds_lodged,bonds_lodged,territorial_authority,63,Ashburton District,2,49.85294117647059,52.5,18.684189318278793,12.0,75.0,34
territorial_authority_63_bonds_lodged,bonds_lodged,territorial_authority,63,Ashburton District,3,52.6764705882353,51.0,22.861533907861933,15.0,111.0,34
territorial_authority_63_bonds_lodged,bonds_lodged,territorial_authority,63,Ashburton District,4,51.088235294117645,52.5,21.129281200840012,18.0,84.0,34
territorial_authority_63_bonds_lodged,bonds_lodged,territorial_authority,63,Ashburton District,5,59.55882352941177,54.0,24.485235101340447,15.0,102.0,34
territorial_authority_63_bonds_lodged,bonds_lodged,territorial_authority,63,Ashburton District,6,59.205882352941174,60.0,23.40523045890009,15.0,99.0,34
territorial_authority_63_bonds_lodged,bonds_lodged,territorial_authority,63,Ashburton District,7,54.1764705882353,51.0,21.2124471581782,21.0,93.0,34
territorial_authority_63_bonds_lodged,bonds_lodged,territorial_authority,63,Ashburton District,8,51.09090909090909,51.0,18.68214996387534,15.0,78.0,33
territorial_authority_63_bonds_lodged,bonds_lodged,territorial_authority,63,Ashburton District,9,48.72727272727273,48.0,20.78501973668886,9.0,87.0,33
territorial_authority_63_bonds_lodged,bonds_lodged,territorial_authority,63,Ashburton District,10,52.72727272727273,48.0,20.139005572633057,18.0,93.0,33
territorial_authority_63_bonds_lodged,bonds_lodged,territorial_authority,63,Ashburton District,11,50.09090909090909,51.0,20.047387043520843,12.0,96.0,33
territorial_authority_63_bonds_lodged,bonds_lodged,territorial_authority,63,Ashburton District,12,47.72727272727273,45.0,16.826825174540367,12.0,84.0,33
territorial_authority_64_bonds_lodged,bonds_lodged,territorial_authority,64,Timaru District,1,87.54545454545455,96.0,17.093659111441934,48.0,108.0,33
territorial_authority_64_bonds_lodged,bonds_lodged,territorial_authority,64,Timaru District,2,88.1470588235294,91.5,17.6018806724894,57.0,117.0,34
territorial_authority_64_bonds_lodged,bonds_lodged,territorial_authority,64,Timaru District,3,92.02941176470588,91.5,21.299431339851996,51.0,162.0,34
territorial_authority_64_bonds_lodged,bonds_lodged,territorial_authority,64,Timaru District,4,86.02941176470588,90.0,21.209610877686742,27.0,126.0,34
territorial_authority_64_bonds_lodged,bonds_lodged,territorial_authority,64,Timaru District,5,86.82352941176471,87.0,16.87291282398434,54.0,120.0,34
territorial_authority_64_bonds_lodged,bonds_lodged,territorial_authority,64,Timaru District,6,85.32352941176471,87.0,16.989694894856726,51.0,114.0,34
territorial_authority_64_bonds_lodged,bonds_lodged,territorial_authority,64,Timaru District,7,87.70588235294117,91.5,20.050737780976974,48.0,123.0,34
territorial_authority_64_bonds_lodged,bonds_lodged,territorial_authority,64,Timaru District,8,86.81818181818181,87.0,19.339814091425723,39.0,123.0,33
territorial_authority_64_bonds_lodged,bonds_lodged,territorial_authority,64,Timaru District,9,83.54545454545455,84.0,16.955992504662824,48.0,117.0,33
territorial_authority_64_bonds_lodged,bonds_lodged,territorial_authority,64,Timaru District,10,80.27272727272727,78.0,18.417506493946068,48.0,123.0,33
territorial_authority_64_bonds_lodged,bonds_lodged,territorial_authority,64,Timaru District,11,80.27272727272727,84.0,16.921274935847634,45.0,111.0,33
territorial_authority_64_bonds_lodged,bonds_lodged,territorial_authority,64,Timaru District,12,79.27272727272727,78.0,15.678952307298637,45.0,108.0,33
territorial_authority_65_bonds_lodged,bonds_lodged,territorial_authority,65,Mackenzie District,1,9.642857142857142,9.0,2.870208222079931,6.0,18.0,28
territorial_authority_65_bonds_lodged,bonds_lodged,territorial_authority,65,Mackenzie District,2,9.0,9.0,3.2863353450309973,6.0,18.0,26
territorial_authority_65_bonds_lodged,bonds_lodged,territorial_authority,65,Mackenzie District,3,10.5,9.0,4.242640687119285,6.0,18.0,24
territorial_authority_65_bonds_lodged,bonds_lodged,territorial_authority,65,Mackenzie District,4,9.10344827586207,9.0,3.2551588460934573,6.0,18.0,29
territorial_authority_65_bonds_lodged,bonds_lodged,territorial_authority,65,Mackenzie District,5,9.0,9.0,3.5999999999999996,6.0,18.0,26
territorial_authority_65_bonds_lodged,bonds_lodged,territorial_authority,65,Mackenzie District,6,9.870967741935484,9.0,4.039322843281788,6.0,21.0,31
territorial_authority_65_bonds_lodged,bonds_lodged,territorial_authority,65,Mackenzie District,7,8.653846153846153,9.0,3.3219549387950185,6.0,21.0,26
territorial_authority_65_bonds_lodged,bonds_lodged,territorial_authority,65,Mackenzie District,8,9.23076923076923,9.0,3.5922994564227775,6.0,18.0,26
territorial_authority_65_bonds_lodged,bonds_lodged,territorial_authority,65,Mackenzie District,9,8.25,9.0,2.5409686615797593,6.0,15.0,24
territorial_authority_65_bonds_lodged,bonds_lodged,territorial_authority,65,Mackenzie District,10,9.214285714285714,9.0,2.2990681342044397,6.0,15.0,28
territorial_authority_65_bonds_lodged,bonds_lodged,territorial_authority,65,Mackenzie District,11,9.777777777777779,9.0,3.6829475375170047,6.0,18.0,27
territorial_authority_65_bonds_lodged,bonds_lodged,territorial_authority,65,Mackenzie District,12,8.375,7.5,3.187100358578652,6.0,18.0,24
territorial_authority_66_bonds_lodged,bonds_lodged,territorial_authority,66,Waimate District,1,10.961538461538462,10.5,4.643109037968152,6.0,21.0,26
territorial_authority_66_bonds_lodged,bonds_lodged,territorial_authority,66,Waimate District,2,9.333333333333334,9.0,2.801098685543558,6.0,15.0,27
territorial_authority_66_bonds_lodged,bonds_lodged,territorial_authority,66,Waimate District,3,10.68,9.0,4.422668877499197,6.0,21.0,25
territorial_authority_66_bonds_lodged,bonds_lodged,territorial_authority,66,Waimate District,4,10.090909090909092,9.0,4.0261926522121705,6.0,18.0,33
territorial_authority_66_bonds_lodged,bonds_lodged,territorial_authority,66,Waimate District,5,10.03448275862069,9.0,4.411695160274803,6.0,21.0,29
territorial_authority_66_bonds_lodged,bonds_lodged,territorial_authority,66,Waimate District,6,10.11111111111111,9.0,3.445547107760228,6.0,18.0,27
territorial_authority_66_bonds_lodged,bonds_lodged,territorial_authority,66,Waimate District,7,10.0,9.0,4.616312903994508,6.0,24.0,30
territorial_authority_66_bonds_lodged,bonds_lodged,territorial_authority,66,Waimate District,8,11.0,9.0,4.5573271518765,6.0,21.0,27
territorial_authority_66_bonds_lodged,bonds_lodged,territorial_authority,66,Waimate District,9,10.444444444444445,9.0,4.509249752822894,6.0,21.0,27
territorial_authority_66_bonds_lodged,bonds_lodged,territorial_authority,66,Waimate District,10,9.222222222222221,9.0,3.214550253664318,6.0,15.0,27
territorial_authority_66_bonds_lodged,bonds_lodged,territorial_authority,66,Waimate District,11,8.884615384615385,9.0,2.87509197177305,6.0,15.0,26
territorial_authority_66_bonds_lodged,bonds_lodged,territorial_authority,66,Waimate District,12,8.88888888888889,9.0,3.576992003747254,6.0,21.0,27
territorial_authority_68_bonds_lodged,bonds_lodged,territorial_authority,68,Waitaki District,1,35.81818181818182,36.0,13.11834246735879,12.0,63.0,33
territorial_authority_68_bonds_lodged,bonds_lodged,territorial_authority,68,Waitaki District,2,33.0,31.5,14.622523100278618,15.0,81.0,34
territorial_authority_68_bonds_lodged,bonds_lodged,territorial_authority,68,Waitaki District,3,32.38235294117647,33.0,13.103353042735543,9.0,72.0,34
territorial_authority_68_bonds_lodged,bonds_lodged,territorial_authority,68,Waitaki District,4,32.911764705882355,30.0,15.779479668532346,9.0,69.0,34
territorial_authority_68_bonds_lodged,bonds_lodged,territorial_authority,68,Waitaki District,5,33.970588235294116,34.5,13.572443772089242,12.0,60.0,34
territorial_authority_68_bonds_lodged,bonds_lodged,territorial_authority,68,Waitaki District,6,33.529411764705884,33.0,12.368668368876712,12.0,54.0,34
territorial_authority_68_bonds_lodged,bonds_lodged,territorial_authority,68,Waitaki District,7,34.588235294117645,30.0,15.460835461095892,9.0,72.0,34
territorial_authority_68_bonds_lodged,bonds_lodged,territorial_authority,68,Waitaki District,8,32.27272727272727,30.0,14.171434135419938,9.0,69.0,33
territorial_authority_68_bonds_lodged,bonds_lodged,territorial_authority,68,Waitaki District,9,31.727272727272727,30.0,12.505680527446136,9.0,57.0,33
territorial_authority_68_bonds_lodged,bonds_lodged,territorial_authority,68,Waitaki District,10,33.45454545454545,33.0,16.906158103430297,6.0,63.0,33
territorial_authority_68_bonds_lodged,bonds_lodged,territorial_authority,68,Waitaki District,11,30.363636363636363,33.0,11.243937760572868,9.0,48.0,33
territorial_authority_68_bonds_lodged,bonds_lodged,territorial_authority,68,Waitaki District,12,29.09090909090909,30.0,9.763975997140063,9.0,45.0,33
territorial_authority_69_bonds_lodged,bonds_lodged,territorial_authority,69,Central Otago District,1,38.63636363636363,39.0,7.999289741198049,24.0,57.0,33
territorial_authority_69_bonds_lodged,bonds_lodged,territorial_authority,69,Central Otago District,2,41.029411764705884,40.5,9.564724628511337,21.0,57.0,34
territorial_authority_69_bonds_lodged,bonds_lodged,territorial_authority,69,Central Otago District,3,44.205882352941174,42.0,8.43074967644941,33.0,63.0,34
territorial_authority_69_bonds_lodged,bonds_lodged,territorial_authority,69,Central Otago District,4,41.911764705882355,42.0,10.74037313007616,18.0,66.0,34
territorial_authority_69_bonds_lodged,bonds_lodged,territorial_authority,69,Central Otago District,5,43.05882352941177,43.5,11.342975870743887,27.0,75.0,34
territorial_authority_69_bonds_lodged,bonds_lodged,territorial_authority,69,Central Otago District,6,42.088235294117645,42.0,10.431210880228985,21.0,63.0,34
territorial_authority_69_bonds_lodged,bonds_lodged,territorial_authority,69,Central Otago District,7,38.8235294117647,39.0,10.28523681091906,21.0,60.0,34
territorial_authority_69_bonds_lodged,bonds_lodged,territorial_authority,69,Central Otago District,8,38.54545454545455,36.0,10.368494674646934,21.0,57.0,33
territorial_authority_69_bonds_lodged,bonds_lodged,territorial_authority,69,Central Otago District,9,38.81818181818182,39.0,9.36567718271931,21.0,63.0,33
territorial_authority_69_bonds_lodged,bonds_lodged,territorial_authority,69,Central Otago District,10,40.18181818181818,42.0,10.032617260262104,21.0,57.0,33
territorial_authority_69_bonds_lodged,bonds_lodged,territorial_authority,69,Central Otago District,11,39.45454545454545,39.0,10.529989639984546,24.0,57.0,33
territorial_authority_69_bonds_lodged,bonds_lodged,territorial_authority,69,Central Otago District,12,35.45454545454545,36.0,10.377532549608402,15.0,54.0,33
territorial_authority_70_bonds_lodged,bonds_lodged,territorial_authority,70,Queenstown-Lakes District,1,141.8181818181818,147.0,40.29303176842008,72.0,210.0,33
territorial_authority_70_bonds_lodged,bonds_lodged,territorial_authority,70,Queenstown-Lakes District,2,146.55882352941177,145.5,38.75892169159493,72.0,225.0,34
territorial_authority_70_bonds_lodged,bonds_lodged,territorial_authority,70,Queenstown-Lakes District,3,165.97058823529412,175.5,46.92966064365203,66.0,258.0,34
territorial_authority_70_bonds_lodged,bonds_lodged,territorial_authority,70,Queenstown-Lakes District,4,176.2941176470588,180.0,51.42899159492231,78.0,255.0,34
territorial_authority_70_bonds_lodged,bonds_lodged,territorial_authority,70,Queenstown-Lakes District,5,231.88235294117646,247.5,63.302431714449696,78.0,327.0,34
territorial_authority_70_bonds_lodged,bonds_lodged,territorial_authority,70,Queenstown-Lakes District,6,237.35294117647058,238.5,69.58355881782714,84.0,357.0,34
territorial_authority_70_bonds_lodged,bonds_lodged,territorial_authority,70,Queenstown-Lakes District,7,151.23529411764707,157.5,43.606406829473336,66.0,270.0,34
territorial_authority_70_bonds_lodged,bonds_lodged,territorial_authority,70,Queenstown-Lakes District,8,110.18181818181819,114.0,33.66884181392211,45.0,201.0,33
territorial_authority_70_bonds_lodged,bonds_lodged,territorial_authority,70,Queenstown-Lakes District,9,123.27272727272727,126.0,39.081863382578696,48.0,243.0,33
territorial_authority_70_bonds_lodged,bonds_lodged,territorial_authority,70,Queenstown-Lakes District,10,170.54545454545453,177.0,43.65567754391382,81.0,276.0,33
territorial_authority_70_bonds_lodged,bonds_lodged,territorial_authority,70,Queenstown-Lakes District,11,166.8181818181818,174.0,38.76084892118475,81.0,228.0,33
territorial_authority_70_bonds_lodged,bonds_lodged,territorial_authority,70,Queenstown-Lakes District,12,149.36363636363637,156.0,44.829411510342595,48.0,228.0,33
territorial_authority_71_bonds_lodged,bonds_lodged,territorial_authority,71,Dunedin City,1,2106.2727272727275,2223.0,558.328715494246,933.0,2805.0,33
territorial_authority_71_bonds_lodged,bonds_lodged,territorial_authority,71,Dunedin City,2,735.5294117647059,759.0,126.21079896506893,483.0,957.0,34
territorial_authority_71_bonds_lodged,bonds_lodged,territorial_authority,71,Dunedin City,3,424.4117647058824,417.0,82.52019684719939,297.0,594.0,34
territorial_authority_71_bonds_lodged,bonds_lodged,territorial_authority,71,Dunedin City,4,309.0,309.0,66.07021058898425,114.0,441.0,34
territorial_authority_71_bonds_lodged,bonds_lodged,territorial_authority,71,Dunedin City,5,293.9117647058824,291.0,41.38830726919894,228.0,387.0,34
territorial_authority_71_bonds_lodged,bonds_lodged,territorial_authority,71,Dunedin City,6,295.8529411764706,288.0,54.080821869842616,222.0,495.0,34
territorial_authority_71_bonds_lodged,bonds_lodged,territorial_authority,71,Dunedin City,7,346.94117647058823,313.5,90.96717395834561,240.0,591.0,34
territorial_authority_71_bonds_lodged,bonds_lodged,territorial_authority,71,Dunedin City,8,286.27272727272725,270.0,42.373541809182605,210.0,366.0,33
territorial_authority_71_bonds_lodged,bonds_lodged,territorial_authority,71,Dunedin City,9,285.54545454545456,270.0,61.993997143418476,207.0,528.0,33
territorial_authority_71_bonds_lodged,bonds_lodged,territorial_authority,71,Dunedin City,10,273.1818181818182,258.0,48.48933809705912,207.0,420.0,33
territorial_authority_71_bonds_lodged,bonds_lodged,territorial_authority,71,Dunedin City,11,302.27272727272725,291.0,48.07628880700492,240.0,486.0,33
territorial_authority_71_bonds_lodged,bonds_lodged,territorial_authority,71,Dunedin City,12,400.90909090909093,399.0,50.3552154922678,309.0,573.0,33
territorial_authority_72_bonds_lodged,bonds_lodged,territorial_authority,72,Clutha District,1,22.90909090909091,24.0,5.991471211040513,12.0,33.0,33
territorial_authority_72_bonds_lodged,bonds_lodged,territorial_authority,72,Clutha District,2,20.029411764705884,21.0,5.849036668249232,9.0,36.0,34
territorial_authority_72_bonds_lodged,bonds_lodged,territorial_authority,72,Clutha District,3,19.147058823529413,18.0,6.481359532565243,9.0,33.0,34
territorial_authority_72_bonds_lodged,bonds_lodged,territorial_authority,72,Clutha District,4,19.41176470588235,18.0,6.778386538415399,9.0,33.0,34
territorial_authority_72_bonds_lodged,bonds_lodged,territorial_authority,72,Clutha District,5,22.58823529411765,22.5,7.540266240210753,9.0,33.0,34
territorial_authority_72_bonds_lodged,bonds_lodged,territorial_authority,72,Clutha District,6,21.61764705882353,21.0,5.613915102737898,9.0,33.0,34
territorial_authority_72_bonds_lodged,bonds_lodged,territorial_authority,72,Clutha District,7,21.176470588235293,21.0,5.812580860227624,12.0,36.0,34
territorial_authority_72_bonds_lodged,bonds_lodged,territorial_authority,72,Clutha District,8,18.90909090909091,18.0,6.686570666098375,9.0,30.0,33
territorial_authority_72_bonds_lodged,bonds_lodged,territorial_authority,72,Clutha District,9,18.818181818181817,18.0,5.82266340182129,6.0,30.0,33
territorial_authority_72_bonds_lodged,bonds_lodged,territorial_authority,72,Clutha District,10,18.181818181818183,18.0,6.0902306270706275,9.0,30.0,33
territorial_authority_72_bonds_lodged,bonds_lodged,territorial_authority,72,Clutha District,11,18.818181818181817,18.0,7.243335494846907,6.0,36.0,33
territorial_authority_72_bonds_lodged,bonds_lodged,territorial_authority,72,Clutha District,12,17.625,18.0,5.040161287741852,9.0,27.0,32
territorial_authority_73_bonds_lodged,bonds_lodged,territorial_authority,73,Southland District,1,25.181818181818183,24.0,7.460121251756508,9.0,39.0,33
territorial_authority_73_bonds_lodged,bonds_lodged,territorial_authority,73,Southland District,2,21.529411764705884,21.0,6.747548574460645,9.0,39.0,34
territorial_authority_73_bonds_lodged,bonds_lodged,territorial_authority,73,Southland District,3,21.176470588235293,21.0,6.3507126215991745,6.0,33.0,34
territorial_authority_73_bonds_lodged,bonds_lodged,territorial_authority,73,Southland District,4,21.61764705882353,21.0,6.760019301937446,9.0,36.0,34
territorial_authority_73_bonds_lodged,bonds_lodged,territorial_authority,73,Southland District,5,26.823529411764707,27.0,10.547067920101298,6.0,48.0,34
territorial_authority_73_bonds_lodged,bonds_lodged,territorial_authority,73,Southland District,6,26.823529411764707,27.0,9.398486622969626,6.0,51.0,34
territorial_authority_73_bonds_lodged,bonds_lodged,territorial_authority,73,Southland District,7,25.147058823529413,25.5,8.613352400325468,6.0,51.0,34
territorial_authority_73_bonds_lodged,bonds_lodged,territorial_authority,73,Southland District,8,24.09090909090909,24.0,7.666337278826654,9.0,39.0,33
territorial_authority_73_bonds_lodged,bonds_lodged,territorial_authority,73,Southland District,9,25.363636363636363,24.0,7.503408316467681,15.0,39.0,33
territorial_authority_73_bonds_lodged,bonds_lodged,territorial_authority,73,Southland District,10,27.09090909090909,27.0,9.735128518552145,9.0,45.0,33
territorial_authority_73_bonds_lodged,bonds_lodged,territorial_authority,73,Southland District,11,23.71875,24.0,7.895422826733426,9.0,39.0,32
territorial_authority_73_bonds_lodged,bonds_lodged,territorial_authority,73,Southland District,12,20.181818181818183,18.0,5.67590601498202,6.0,30.0,33
territorial_authority_74_bonds_lodged,bonds_lodged,territorial_authority,74,Gore District,1,28.727272727272727,30.0,10.256926706111607,6.0,51.0,33
territorial_authority_74_bonds_lodged,bonds_lodged,territorial_authority,74,Gore District,2,25.5,25.5,7.648529270389177,12.0,39.0,34
territorial_authority_74_bonds_lodged,bonds_lodged,territorial_authority,74,Gore District,3,27.176470588235293,27.0,9.13358964991575,12.0,48.0,34
territorial_authority_74_bonds_lodged,bonds_lodged,territorial_authority,74,Gore District,4,24.61764705882353,24.0,8.886539722259394,9.0,54.0,34
territorial_authority_74_bonds_lodged,bonds_lodged,territorial_authority,74,Gore District,5,26.91176470588235,27.0,7.476701780779849,9.0,42.0,34
territorial_authority_74_bonds_lodged,bonds_lodged,territorial_authority,74,Gore District,6,25.323529411764707,24.0,8.868468448403076,9.0,45.0,34
territorial_authority_74_bonds_lodged,bonds_lodged,territorial_authority,74,Gore District,7,27.0,27.0,7.816067367347155,15.0,45.0,34
territorial_authority_74_bonds_lodged,bonds_lodged,territorial_authority,74,Gore District,8,25.09090909090909,27.0,6.988220608475902,12.0,39.0,33
territorial_authority_74_bonds_lodged,bonds_lodged,territorial_authority,74,Gore District,9,26.363636363636363,24.0,8.343478672810063,9.0,48.0,33
territorial_authority_74_bonds_lodged,bonds_lodged,territorial_authority,74,Gore District,10,25.0,24.0,8.735702604828075,12.0,45.0,33
territorial_authority_74_bonds_lodged,bonds_lodged,territorial_authority,74,Gore District,11,25.454545454545453,24.0,7.4292113860208495,12.0,45.0,33
territorial_authority_74_bonds_lodged,bonds_lodged,territorial_authority,74,Gore District,12,22.454545454545453,21.0,6.878821252088312,12.0,36.0,33
territorial_authority_75_bonds_lodged,bonds_lodged,territorial_authority,75,Invercargill City,1,174.0909090909091,171.0,46.47268259174123,105.0,255.0,33
territorial_authority_75_bonds_lodged,bonds_lodged,territorial_authority,75,Invercargill City,2,181.23529411764707,171.0,50.79970103916409,108.0,276.0,34
territorial_authority_75_bonds_lodged,bonds_lodged,territorial_authority,75,Invercargill City,3,159.88235294117646,151.5,38.747640949409885,108.0,237.0,34
territorial_authority_75_bonds_lodged,bonds_lodged,territorial_authority,75,Invercargill City,4,144.44117647058823,151.5,37.390803582075755,36.0,210.0,34
territorial_authority_75_bonds_lodged,bonds_lodged,territorial_authority,75,Invercargill City,5,158.2058823529412,150.0,37.12858852099682,93.0,225.0,34
territorial_authority_75_bonds_lodged,bonds_lodged,territorial_authority,75,Invercargill City,6,154.41176470588235,148.5,32.45614070586206,99.0,219.0,34
territorial_authority_75_bonds_lodged,bonds_lodged,territorial_authority,75,Invercargill City,7,167.8235294117647,162.0,36.87527757531711,93.0,231.0,34
territorial_authority_75_bonds_lodged,bonds_lodged,territorial_authority,75,Invercargill City,8,159.54545454545453,150.0,38.902193791843956,96.0,225.0,33
territorial_authority_75_bonds_lodged,bonds_lodged,territorial_authority,75,Invercargill City,9,152.45454545454547,144.0,36.50778248289235,90.0,210.0,33
territorial_authority_75_bonds_lodged,bonds_lodged,territorial_authority,75,Invercargill City,10,150.63636363636363,147.0,33.98052584001072,81.0,216.0,33
territorial_authority_75_bonds_lodged,bonds_lodged,territorial_authority,75,Invercargill City,11,153.9090909090909,150.0,33.828948066304505,84.0,210.0,33
territorial_authority_75_bonds_lodged,bonds_lodged,territorial_authority,75,Invercargill City,12,146.54545454545453,156.0,36.44352729660209,78.0,198.0,33
territorial_authority_76_bonds_lodged,bonds_lodged,territorial_authority,76,Auckland,1,4537.181818181818,4722.0,712.0083590865285,2571.0,5589.0,33
territorial_authority_76_bonds_lodged,bonds_lodged,territorial_authority,76,Auckland,2,5041.14705882353,5383.5,1051.8850649379765,2376.0,6684.0,34
territorial_authority_76_bonds_lodged,bonds_lodged,territorial_authority,76,Auckland,3,4776.705882352941,5077.5,880.2217878023271,2316.0,6129.0,34
territorial_authority_76_bonds_lodged,bonds_lodged,territorial_authority,76,Auckland,4,4215.529411764706,4506.0,858.2782354293768,1647.0,5205.0,34
territorial_authority_76_bonds_lodged,bonds_lodged,territorial_authority,76,Auckland,5,4410.970588235294,4536.0,705.4780663770048,2460.0,5508.0,34
territorial_authority_76_bonds_lodged,bonds_lodged,territorial_authority,76,Auckland,6,4239.264705882353,4393.5,682.4265665378056,2208.0,5178.0,34
territorial_authority_76_bonds_lodged,bonds_lodged,territorial_authority,76,Auckland,7,4744.941176470588,4930.5,759.1675640952604,2520.0,5682.0,34
territorial_authority_76_bonds_lodged,bonds_lodged,territorial_authority,76,Auckland,8,4499.090909090909,4659.0,779.4107695735753,2328.0,5829.0,33
territorial_authority_76_bonds_lodged,bonds_lodged,territorial_authority,76,Auckland,9,4248.818181818182,4500.0,822.4700775159487,1746.0,5253.0,33
territorial_authority_76_bonds_lodged,bonds_lodged,territorial_authority,76,Auckland,10,4294.090909090909,4422.0,667.529417125023,2511.0,5118.0,33
territorial_authority_76_bonds_lodged,bonds_lodged,territorial_authority,76,Auckland,11,4294.0,4482.0,644.6413246914907,2409.0,4986.0,33
territorial_authority_76_bonds_lodged,bonds_lodged,territorial_authority,76,Auckland,12,4156.454545454545,4458.0,675.8457706324857,2214.0,5034.0,33
region_1_median_rent,median_rent,region,1,Northland Region,1,285.93939393939394,260.0,140.21566856853485,130.0,580.0,33
region_1_median_rent,median_rent,region,1,Northland Region,2,282.7352941176471,260.0,139.4637584776015,120.0,580.0,34
region_1_median_rent,median_rent,region,1,Northland Region,3,282.3529411764706,260.0,137.9037614256035,120.0,580.0,34
region_1_median_rent,median_rent,region,1,Northland Region,4,287.52941176470586,255.0,143.6568375940466,125.0,580.0,34
region_1_median_rent,median_rent,region,1,Northland Region,5,287.8529411764706,260.0,144.42280780863447,125.0,580.0,34
region_1_median_rent,median_rent,region,1,Northland Region,6,287.6764705882353,260.0,144.93566401102697,130.0,580.0,34
region_1_median_rent,median_rent,region,1,Northland Region,7,286.1764705882353,260.0,138.35647208925192,120.0,560.0,34
region_1_median_rent,median_rent,region,1,Northland Region,8,278.2121212121212,260.0,133.4350866469717,120.0,570.0,33
region_1_median_rent,median_rent,region,1,Northland Region,9,279.1212121212121,260.0,134.54408143238723,120.0,560.0,33
region_1_median_rent,median_rent,region,1,Northland Region,10,280.7878787878788,260.0,137.51789828413192,125.0,570.0,33
region_1_median_rent,median_rent,region,1,Northland Region,11,280.6363636363636,258.0,133.8573910412258,130.0,560.0,33
region_1_median_rent,median_rent,region,1,Northland Region,12,285.7878787878788,260.0,138.29288610946276,130.0,570.0,33
region_2_median_rent,median_rent,region,2,Auckland Region,1,402.5151515151515,360.0,142.68411816231537,190.0,650.0,33
region_2_median_rent,median_rent,region,2,Auckland Region,2,391.8529411764706,350.0,143.81514489155256,180.0,650.0,34
region_2_median_rent,median_rent,region,2,Auckland Region,3,394.8529411764706,355.0,144.89016369837495,180.0,650.0,34
region_2_median_rent,median_rent,region,2,Auckland Region,4,399.4117647058824,360.0,146.48282920307383,180.0,650.0,34
region_2_median_rent,median_rent,region,2,Auckland Region,5,398.52941176470586,365.0,145.3549960142759,180.0,660.0,34
region_2_median_rent,median_rent,region,2,Auckland Region,6,398.97058823529414,362.5,145.90251733016765,180.0,655.0,34
region_2_median_rent,median_rent,region,2,Auckland Region,7,397.79411764705884,357.5,144.6531440569527,190.0,650.0,34
region_2_median_rent,median_rent,region,2,Auckland Region,8,392.06060606060606,350.0,142.1315278610668,185.0,650.0,33
region_2_median_rent,median_rent,region,2,Auckland Region,9,392.8787878787879,355.0,142.927157491097,180.0,650.0,33
region_2_median_rent,median_rent,region,2,Auckland Region,10,394.45454545454544,350.0,142.61948738450224,190.0,650.0,33
region_2_median_rent,median_rent,region,2,Auckland Region,11,395.72727272727275,355.0,141.9945581543692,190.0,650.0,33
region_2_median_rent,median_rent,region,2,Auckland Region,12,397.8181818181818,350.0,142.32301609047957,190.0,650.0,33
region_3_median_rent,median_rent,region,3,Waikato Region,1,301.0,280.0,134.92544237466853,130.0,570.0,33
region_3_median_rent,median_rent,region,3,Waikato Region,2,293.52941176470586,272.5,136.95016463510692,120.0,570.0,34
region_3_median_rent,median_rent,region,3,Waikato Region,3,290.1470588235294,265.0,135.41454475233184,125.0,570.0,34
region_3_median_rent,median_rent,region,3,Waikato Region,4,294.94117647058823,267.5,137.96067537559074,130.0,580.0,34
region_3_median_rent,median_rent,region,3,Waikato Region,5,293.9117647058824,267.5,138.6196819395928,130.0,580.0,34
region_3_median_rent,median_rent,region,3,Waikato Region,6,291.47058823529414,270.0,134.6236584399811,130.0,575.0,34
region_3_median_rent,median_rent,region,3,Waikato Region,7,292.6470588235294,270.0,137.62176588618823,130.0,570.0,34
region_3_median_rent,median_rent,region,3,Waikato Region,8,286.6969696969697,260.0,132.26192877404404,130.0,570.0,33
region_3_median_rent,median_rent,region,3,Waikato Region,9,287.2121212121212,265.0,131.82582200951697,130.0,570.0,33
region_3_median_rent,median_rent,region,3,Waikato Region,10,288.4848484848485,260.0,132.05399492540002,130.0,565.0,33
region_3_median_rent,median_rent,region,3,Waikato Region,11,291.8181818181818,270.0,131.5283844236327,135.0,570.0,33
region_3_median_rent,median_rent,region,3,Waikato Region,12,297.8181818181818,275.0,132.7058435378447,140.0,570.0,33
region_4_median_rent,median_rent,region,4,Bay of Plenty Region,1,324.24242424242425,280.0,162.27446470082526,150.0,660.0,33
region_4_median_rent,median_rent,region,4,Bay of Plenty Region,2,314.0,275.0,159.63632912265797,140.0,650.0,34
region_4_median_rent,median_rent,region,4,Bay of Plenty Region,3,317.5882352941176,275.0,161.55552899330496,143.0,650.0,34
region_4_median_rent,median_rent,region,4,Bay of Plenty Region,4,322.3529411764706,280.0,161.44815892846336,140.0,650.0,34
region_4_median_rent,median_rent,region,4,Bay of Plenty Region,5,321.3235294117647,275.0,161.62671557377442,140.0,650.0,34
region_4_median_rent,median_rent,region,4,Bay of Plenty Region,6,319.29411764705884,275.0,158.70126871459502,140.0,640.0,34
region_4_median_rent,median_rent,region,4,Bay of Plenty Region,7,324.0,277.5,162.86023009149451,140.0,650.0,34
region_4_median_rent,median_rent,region,4,Bay of Plenty Region,8,312.6666666666667,275.0,154.75074043980104,145.0,643.0,33
region_4_median_rent,median_rent,region,4,Bay of Plenty Region,9,312.5151515151515,275.0,153.31444835943407,145.0,640.0,33
region_4_median_rent,median_rent,region,4,Bay of Plenty Region,10,315.1515151515151,275.0,154.9318643009164,140.0,650.0,33
region_4_median_rent,median_rent,region,4,Bay of Plenty Region,11,313.93939393939394,275.0,152.94891700211943,145.0,640.0,33
region_4_median_rent,median_rent,region,4,Bay of Plenty Region,12,320.27272727272725,280.0,155.60994359440704,150.0,640.0,33
region_5_median_rent,median_rent,region,5,Gisborne Region,1,275.3333333333333,250.0,150.47729618339994,130.0,655.0,33
region_5_median_rent,median_rent,region,5,Gisborne Region,2,273.0,240.0,153.75403419196203,120.0,650.0,34
region_5_median_rent,median_rent,region,5,Gisborne Region,3,276.2647058823529,244.0,153.8632428634478,125.0,650.0,34
region_5_median_rent,median_rent,region,5,Gisborne Region,4,277.11764705882354,245.0,150.67359156234346,130.0,623.0,34
region_5_median_rent,median_rent,region,5,Gisborne Region,5,277.9117647058824,240.0,154.855429674977,121.0,650.0,34
region_5_median_rent,median_rent,region,5,Gisborne Region,6,274.5882352941176,250.0,145.85175488437585,120.0,600.0,34
region_5_median_rent,median_rent,region,5,Gisborne Region,7,281.3529411764706,240.0,159.60422306878468,125.0,625.0,34
region_5_median_rent,median_rent,region,5,Gisborne Region,8,267.030303030303,240.0,144.75571768683372,128.0,650.0,33
region_5_median_rent,median_rent,region,5,Gisborne Region,9,268.57575757575756,240.0,144.68198538152353,130.0,630.0,33
region_5_median_rent,median_rent,region,5,Gisborne Region,10,271.09090909090907,240.0,142.00998284371678,130.0,625.0,33
region_5_median_rent,median_rent,region,5,Gisborne Region,11,272.27272727272725,238.0,148.32234169353768,140.0,640.0,33
region_5_median_rent,median_rent,region,5,Gisborne Region,12,270.27272727272725,243.0,140.88276880248537,130.0,613.0,33
region_6_median_rent,median_rent,region,6,Hawke's Bay Region,1,298.27272727272725,270.0,148.50826423285184,145.0,620.0,33
region_6_median_rent,median_rent,region,6,Hawke's Bay Region,2,291.2647058823529,262.5,147.32078148031758,140.0,600.0,34
region_6_median_rent,median_rent,region,6,Hawke's Bay Region,3,294.79411764705884,265.0,148.30941844910933,135.0,620.0,34
region_6_median_rent,median_rent,region,6,Hawke's Bay Region,4,299.8529411764706,275.0,149.75963212872074,140.0,623.0,34
region_6_median_rent,median_rent,region,6,Hawke's Bay Region,5,296.94117647058823,267.5,147.9905691459754,143.0,610.0,34
region_6_median_rent,median_rent,region,6,Hawke's Bay Region,6,296.7352941176471,262.5,150.07115662215332,140.0,625.0,34
region_6_median_rent,median_rent,region,6,Hawke's Bay Region,7,298.5,265.0,150.7908947496298,140.0,600.0,34
region_6_median_rent,median_rent,region,6,Hawke's Bay Region,8,288.969696969697,265.0,145.03910784002468,145.0,620.0,33
region_6_median_rent,median_rent,region,6,Hawke's Bay Region,9,287.45454545454544,260.0,139.46372532604374,145.0,600.0,33
region_6_median_rent,median_rent,region,6,Hawke's Bay Region,10,292.2121212121212,260.0,143.70407039636993,145.0,625.0,33
region_6_median_rent,median_rent,region,6,Hawke's Bay Region,11,290.6363636363636,260.0,142.7201847545176,140.0,600.0,33
region_6_median_rent,median_rent,region,6,Hawke's Bay Region,12,297.57575757575756,270.0,146.3360922463744,140.0,630.0,33
region_7_median_rent,median_rent,region,7,Taranaki Region,1,276.3333333333333,253.0,140.67508367392804,130.0,588.0,33
region_7_median_rent,median_rent,region,7,Taranaki Region,2,265.8235294117647,250.0,131.98495565972323,125.0,560.0,34
region_7_median_rent,median_rent,region,7,Taranaki Region,3,272.5882352941176,264.0,137.37762987739612,120.0,580.0,34
region_7_median_rent,median_rent,region,7,Taranaki Region,4,275.6764705882353,260.0,139.05018073675183,130.0,590.0,34
region_7_median_rent,median_rent,region,7,Taranaki Region,5,273.3235294117647,260.0,137.11015712618004,130.0,565.0,34
region_7_median_rent,median_rent,region,7,Taranaki Region,6,270.0882352941176,255.0,134.46512844038193,130.0,565.0,34
region_7_median_rent,median_rent,region,7,Taranaki Region,7,274.6764705882353,260.0,137.01066549686215,130.0,573.0,34
region_7_median_rent,median_rent,region,7,Taranaki Region,8,267.93939393939394,250.0,133.40327474286832,130.0,575.0,33
region_7_median_rent,median_rent,region,7,Taranaki Region,9,267.969696969697,250.0,132.55812047185307,125.0,560.0,33
region_7_median_rent,median_rent,region,7,Taranaki Region,10,270.1212121212121,260.0,131.7397428587321,130.0,578.0,33
region_7_median_rent,median_rent,region,7,Taranaki Region,11,267.09090909090907,250.0,133.2012958918671,130.0,560.0,33
region_7_median_rent,median_rent,region,7,Taranaki Region,12,274.1818181818182,260.0,134.10314466518267,130.0,570.0,33
region_8_median_rent,median_rent,region,8,Manawatu-Wanganui Region,1,250.33333333333334,220.0,120.61422663461666,140.0,520.0,33
region_8_median_rent,median_rent,region,8,Manawatu-Wanganui Region,2,244.5,205.0,122.68838328847355,140.0,528.0,34
region_8_median_rent,median_rent,region,8,Manawatu-Wanganui Region,3,245.38235294117646,210.0,124.96108841770835,130.0,525.0,34
region_8_median_rent,median_rent,region,8,Manawatu-Wanganui Region,4,247.7941176470588,208.5,126.64643684032085,130.0,530.0,34
region_8_median_rent,median_rent,region,8,Manawatu-Wanganui Region,5,247.41176470588235,214.0,126.36026361571848,130.0,520.0,34
region_8_median_rent,median_rent,region,8,Manawatu-Wanganui Region,6,246.76470588235293,217.5,125.61293574177961,130.0,520.0,34
region_8_median_rent,median_rent,region,8,Manawatu-Wanganui Region,7,246.3235294117647,205.0,125.85049345281604,130.0,520.0,34
region_8_median_rent,median_rent,region,8,Manawatu-Wanganui Region,8,240.03030303030303,210.0,120.60822029625636,130.0,520.0,33
region_8_median_rent,median_rent,region,8,Manawatu-Wanganui Region,9,239.93939393939394,200.0,118.36963805014027,130.0,500.0,33
region_8_median_rent,median_rent,region,8,Manawatu-Wanganui Region,10,242.5151515151515,205.0,121.03334282650205,130.0,510.0,33
region_8_median_rent,median_rent,region,8,Manawatu-Wanganui Region,11,258.6363636363636,230.0,122.59099125287973,135.0,530.0,33
region_8_median_rent,median_rent,region,8,Manawatu-Wanganui Region,12,253.9090909090909,220.0,124.95408247541465,130.0,520.0,33
region_9_median_rent,median_rent,region,9,Wellington Region,1,371.75757575757575,360.0,150.36539460241306,175.0,640.0,33
region_9_median_rent,median_rent,region,9,Wellington Region,2,366.7647058823529,332.5,158.2091172378621,170.0,650.0,34
region_9_median_rent,median_rent,region,9,Wellington Region,3,349.8529411764706,335.0,143.64036158383834,170.0,610.0,34
region_9_median_rent,median_rent,region,9,Wellington Region,4,347.79411764705884,330.0,144.1967888121761,165.0,620.0,34
region_9_median_rent,median_rent,region,9,Wellington Region,5,344.05882352941177,330.0,141.57596551214186,170.0,600.0,34
region_9_median_rent,median_rent,region,9,Wellington Region,6,342.3529411764706,330.0,140.02291638263884,170.0,600.0,34
region_9_median_rent,median_rent,region,9,Wellington Region,7,344.5882352941176,325.0,139.92338112220645,165.0,600.0,34
region_9_median_rent,median_rent,region,9,Wellington Region,8,336.90909090909093,320.0,136.09724548010783,170.0,620.0,33
region_9_median_rent,median_rent,region,9,Wellington Region,9,338.57575757575756,330.0,138.1226878320118,165.0,618.0,33
region_9_median_rent,median_rent,region,9,Wellington Region,10,339.57575757575756,330.0,137.9461014089902,165.0,600.0,33
region_9_median_rent,median_rent,region,9,Wellington Region,11,352.75757575757575,340.0,147.52458064315718,170.0,650.0,33
region_9_median_rent,median_rent,region,9,Wellington Region,12,351.45454545454544,330.0,144.44551111688517,170.0,620.0,33
region_12_median_rent,median_rent,region,12,West Coast Region,1,222.6060606060606,240.0,98.11247989996589,80.0,450.0,33
region_12_median_rent,median_rent,region,12,West Coast Region,2,221.61764705882354,220.0,104.64456861084788,105.0,500.0,34
region_12_median_rent,median_rent,region,12,West Coast Region,3,222.2058823529412,225.0,99.69036287022863,110.0,450.0,34
region_12_median_rent,median_rent,region,12,West Coast Region,4,225.76470588235293,217.5,103.20443343293883,93.0,500.0,34
region_12_median_rent,median_rent,region,12,West Coast Region,5,225.35294117647058,221.5,102.07569453758208,103.0,450.0,34
region_12_median_rent,median_rent,region,12,West Coast Region,6,224.14705882352942,230.0,102.09150154668625,110.0,470.0,34
region_12_median_rent,median_rent,region,12,West Coast Region,7,221.94117647058823,230.0,97.23135208808424,110.0,435.0,34
region_12_median_rent,median_rent,region,12,West Coast Region,8,214.6060606060606,210.0,96.7948666620354,98.0,450.0,33
region_12_median_rent,median_rent,region,12,West Coast Region,9,219.63636363636363,240.0,96.11673182315157,110.0,435.0,33
region_12_median_rent,median_rent,region,12,West Coast Region,10,214.63636363636363,220.0,90.26690221982604,100.0,430.0,33
region_12_median_rent,median_rent,region,12,West Coast Region,11,218.57575757575756,240.0,93.65029041033132,103.0,445.0,33
region_12_median_rent,median_rent,region,12,West Coast Region,12,220.78787878787878,220.0,99.30626792144012,110.0,460.0,33
region_13_median_rent,median_rent,region,13,Canterbury Region,1,319.030303030303,295.0,126.88343194850263,150.0,575.0,33
region_13_median_rent,median_rent,region,13,Canterbury Region,2,312.9117647058824,290.0,125.60191265843888,150.0,550.0,34
region_13_median_rent,median_rent,region,13,Canterbury Region,3,304.97058823529414,277.5,124.53075202392175,140.0,550.0,34
region_13_median_rent,median_rent,region,13,Canterbury Region,4,305.3235294117647,280.0,124.45876050304236,140.0,550.0,34
region_13_median_rent,median_rent,region,13,Canterbury Region,5,304.55882352941177,280.0,123.842321834508,145.0,550.0,34
region_13_median_rent,median_rent,region,13,Canterbury Region,6,302.6470588235294,272.5,122.66136739696572,145.0,550.0,34
region_13_median_rent,median_rent,region,13,Canterbury Region,7,304.05882352941177,280.0,122.89116672560336,150.0,550.0,34
region_13_median_rent,median_rent,region,13,Canterbury Region,8,296.8787878787879,280.0,119.064519687793,140.0,540.0,33
region_13_median_rent,median_rent,region,13,Canterbury Region,9,297.27272727272725,270.0,118.20989614010554,145.0,545.0,33
region_13_median_rent,median_rent,region,13,Canterbury Region,10,298.93939393939394,275.0,118.94561241223323,140.0,540.0,33
region_13_median_rent,median_rent,region,13,Canterbury Region,11,306.1818181818182,280.0,124.92809295387048,145.0,569.0,33
region_13_median_rent,median_rent,region,13,Canterbury Region,12,311.1515151515151,280.0,127.10456355205181,150.0,580.0,33
region_14_median_rent,median_rent,region,14,Otago Region,1,339.1515151515151,270.0,169.182800768156,170.0,760.0,33
region_14_median_rent,median_rent,region,14,Otago Region,2,274.44117647058823,252.5,124.08725941888281,145.0,550.0,34
region_14_median_rent,median_rent,region,14,Otago Region,3,281.1764705882353,255.0,133.05876363887185,135.0,550.0,34
region_14_median_rent,median_rent,region,14,Otago Region,4,287.0882352941176,260.0,138.61924472782505,135.0,590.0,34
region_14_median_rent,median_rent,region,14,Otago Region,5,295.55882352941177,260.0,146.28287067568584,135.0,640.0,34
region_14_median_rent,median_rent,region,14,Otago Region,6,291.4117647058824,260.0,140.7336012616183,135.0,600.0,34
region_14_median_rent,median_rent,region,14,Otago Region,7,276.38235294117646,240.0,136.47555330109986,135.0,580.0,34
region_14_median_rent,median_rent,region,14,Otago Region,8,270.3333333333333,250.0,125.54871232580074,130.0,550.0,33
region_14_median_rent,median_rent,region,14,Otago Region,9,275.969696969697,250.0,130.31751725317017,135.0,580.0,33
region_14_median_rent,median_rent,region,14,Otago Region,10,285.969696969697,270.0,132.4699222579613,140.0,590.0,33
region_14_median_rent,median_rent,region,14,Otago Region,11,283.030303030303,260.0,129.46367368119252,140.0,570.0,33
region_14_median_rent,median_rent,region,14,Otago Region,12,287.1818181818182,260.0,133.7842139756814,140.0,585.0,33
region_15_median_rent,median_rent,region,15,Southland Region,1,217.0,185.0,115.10945877728729,100.0,500.0,33
region_15_median_rent,median_rent,region,15,Southland Region,2,210.7058823529412,185.0,110.31429738149818,100.0,470.0,34
region_15_median_rent,median_rent,region,15,Southland Region,3,216.7058823529412,186.5,113.02119120465451,100.0,490.0,34
region_15_median_rent,median_rent,region,15,Southland Region,4,223.08823529411765,200.0,118.2445764396723,95.0,510.0,34
region_15_median_rent,median_rent,region,15,Southland Region,5,220.41176470588235,192.5,113.86145692265237,105.0,495.0,34
region_15_median_rent,median_rent,region,15,Southland Region,6,218.41176470588235,195.0,113.39288568540873,100.0,493.0,34
region_15_median_rent,median_rent,region,15,Southland Region,7,220.08823529411765,194.0,115.30575103191457,100.0,500.0,34
region_15_median_rent,median_rent,region,15,Southland Region,8,213.78787878787878,185.0,107.666370554992,100.0,480.0,33
region_15_median_rent,median_rent,region,15,Southland Region,9,213.1818181818182,190.0,108.13690817242237,100.0,475.0,33
region_15_median_rent,median_rent,region,15,Southland Region,10,214.12121212121212,190.0,108.51231427116853,103.0,495.0,33
region_15_median_rent,median_rent,region,15,Southland Region,11,215.75757575757575,200.0,110.44003754952001,100.0,500.0,33
region_15_median_rent,median_rent,region,15,Southland Region,12,217.36363636363637,200.0,109.15579982925156,110.0,473.0,33
region_16_median_rent,median_rent,region,16,Tasman Region,1,315.93939393939394,300.0,139.3000222976336,145.0,595.0,33
region_16_median_rent,median_rent,region,16,Tasman Region,2,307.38235294117646,292.5,132.97231762627123,140.0,593.0,34
region_16_median_rent,median_rent,region,16,Tasman Region,3,313.94117647058823,300.0,141.74794983851604,135.0,610.0,34
region_16_median_rent,median_rent,region,16,Tasman Region,4,315.70588235294116,302.5,136.75625949039377,150.0,590.0,34
region_16_median_rent,median_rent,region,16,Tasman Region,5,313.3235294117647,300.0,134.1181569946837,145.0,590.0,34
region_16_median_rent,median_rent,region,16,Tasman Region,6,308.9117647058824,295.0,136.65026530860695,138.0,580.0,34
region_16_median_rent,median_rent,region,16,Tasman Region,7,311.2647058823529,297.0,136.55486383790824,148.0,600.0,34
region_16_median_rent,median_rent,region,16,Tasman Region,8,301.09090909090907,290.0,126.06901969664362,150.0,580.0,33
region_16_median_rent,median_rent,region,16,Tasman Region,9,306.7878787878788,300.0,130.4932367921221,150.0,580.0,33
region_16_median_rent,median_rent,region,16,Tasman Region,10,306.75757575757575,290.0,130.67517703810236,150.0,580.0,33
region_16_median_rent,median_rent,region,16,Tasman Region,11,308.72727272727275,280.0,131.1952916283757,145.0,585.0,33
region_16_median_rent,median_rent,region,16,Tasman Region,12,317.90909090909093,300.0,138.04649661354222,150.0,600.0,33
region_17_median_rent,median_rent,region,17,Nelson Region,1,314.3939393939394,300.0,128.8577072282493,155.0,580.0,33
region_17_median_rent,median_rent,region,17,Nelson Region,2,305.2647058823529,300.0,125.036069662228,150.0,550.0,34
region_17_median_rent,median_rent,region,17,Nelson Region,3,307.02941176470586,297.5,123.26086780879334,150.0,550.0,34
region_17_median_rent,median_rent,region,17,Nelson Region,4,314.5,297.5,130.1188850337423,150.0,580.0,34
region_17_median_rent,median_rent,region,17,Nelson Region,5,308.0,305.0,123.55271234284066,155.0,560.0,34
region_17_median_rent,median_rent,region,17,Nelson Region,6,307.7647058823529,297.5,123.7938312516883,150.0,565.0,34
region_17_median_rent,median_rent,region,17,Nelson Region,7,306.4117647058824,295.0,124.33023417546022,147.0,550.0,34
region_17_median_rent,median_rent,region,17,Nelson Region,8,297.06060606060606,300.0,115.26245577863249,150.0,550.0,33
region_17_median_rent,median_rent,region,17,Nelson Region,9,299.6666666666667,300.0,117.75813843071174,150.0,530.0,33
region_17_median_rent,median_rent,region,17,Nelson Region,10,300.0,295.0,117.00614300112626,150.0,540.0,33
region_17_median_rent,median_rent,region,17,Nelson Region,11,300.45454545454544,295.0,118.40848019385344,145.0,550.0,33
region_17_median_rent,median_rent,region,17,Nelson Region,12,308.6060606060606,300.0,121.14401021974308,150.0,570.0,33
region_18_median_rent,median_rent,region,18,Marlborough Region,1,291.4848484848485,280.0,136.53001529245344,133.0,580.0,33
region_18_median_rent,median_rent,region,18,Marlborough Region,2,284.8235294117647,280.0,130.55022732202514,130.0,578.0,34
region_18_median_rent,median_rent,region,18,Marlborough Region,3,287.5,277.5,133.47596537704206,135.0,580.0,34
region_18_median_rent,median_rent,region,18,Marlborough Region,4,285.97058823529414,279.0,128.40123790919307,130.0,560.0,34
region_18_median_rent,median_rent,region,18,Marlborough Region,5,290.8529411764706,277.5,136.84787669059284,130.0,590.0,34
region_18_median_rent,median_rent,region,18,Marlborough Region,6,289.5882352941176,277.5,131.46404454797766,130.0,550.0,34
region_18_median_rent,median_rent,region,18,Marlborough Region,7,290.3235294117647,280.0,133.44269467799035,130.0,585.0,34
region_18_median_rent,median_rent,region,18,Marlborough Region,8,280.6363636363636,265.0,131.1606405762172,130.0,570.0,33
region_18_median_rent,median_rent,region,18,Marlborough Region,9,278.42424242424244,270.0,120.82684674334338,130.0,560.0,33
region_18_median_rent,median_rent,region,18,Marlborough Region,10,283.5151515151515,270.0,127.14291201540719,130.0,560.0,33
region_18_median_rent,median_rent,region,18,Marlborough Region,11,285.75757575757575,270.0,130.25384598521225,130.0,570.0,33
region_18_median_rent,median_rent,region,18,Marlborough Region,12,287.4848484848485,270.0,129.91971588545584,140.0,560.0,33
territorial_authority_1_median_rent,median_rent,territorial_authority,1,Far North District,1,260.030303030303,250.0,126.34810169935402,115.0,550.0,33
territorial_authority_1_median_rent,median_rent,territorial_authority,1,Far North District,2,254.2941176470588,226.5,123.59771730062468,120.0,560.0,34
territorial_authority_1_median_rent,median_rent,territorial_authority,1,Far North District,3,260.1764705882353,240.0,125.32587113219905,120.0,550.0,34
territorial_authority_1_median_rent,median_rent,territorial_authority,1,Far North District,4,266.4117647058824,247.5,128.58274488297383,125.0,545.0,34
territorial_authority_1_median_rent,median_rent,territorial_authority,1,Far North District,5,264.20588235294116,245.0,132.30446507771723,110.0,550.0,34
territorial_authority_1_median_rent,median_rent,territorial_authority,1,Far North District,6,268.3235294117647,245.0,135.29915688515,120.0,565.0,34
territorial_authority_1_median_rent,median_rent,territorial_authority,1,Far North District,7,261.70588235294116,239.0,126.31191057152195,120.0,545.0,34
territorial_authority_1_median_rent,median_rent,territorial_authority,1,Far North District,8,253.57575757575756,240.0,119.91299718520672,120.0,545.0,33
territorial_authority_1_median_rent,median_rent,territorial_authority,1,Far North District,9,257.6666666666667,240.0,122.5496498023012,120.0,550.0,33
territorial_authority_1_median_rent,median_rent,territorial_authority,1,Far North District,10,259.27272727272725,240.0,123.9594875169083,120.0,550.0,33
territorial_authority_1_median_rent,median_rent,territorial_authority,1,Far North District,11,257.1515151515151,230.0,121.3878394887955,120.0,550.0,33
territorial_authority_1_median_rent,median_rent,territorial_authority,1,Far North District,12,263.3333333333333,233.0,126.80981494611004,120.0,570.0,33
territorial_authority_2_median_rent,median_rent,territorial_authority,2,Whangarei District,1,301.6060606060606,280.0,145.3566603638141,130.0,600.0,33
territorial_authority_2_median_rent,median_rent,territorial_authority,2,Whangarei District,2,297.5882352941176,277.5,146.1802784126212,120.0,583.0,34
territorial_authority_2_median_rent,median_rent,territorial_authority,2,Whangarei District,3,297.52941176470586,270.0,145.96081568282293,120.0,595.0,34
territorial_authority_2_median_rent,median_rent,territorial_authority,2,Whangarei District,4,299.7352941176471,277.5,146.9591385846666,125.0,600.0,34
territorial_authority_2_median_rent,median_rent,territorial_authority,2,Whangarei District,5,301.8235294117647,280.0,147.83108103676682,130.0,600.0,34
territorial_authority_2_median_rent,median_rent,territorial_authority,2,Whangarei District,6,301.0882352941176,277.5,149.34450059308344,130.0,599.0,34
territorial_authority_2_median_rent,median_rent,territorial_authority,2,Whangarei District,7,301.0882352941176,277.5,143.56549928402103,125.0,590.0,34
territorial_authority_2_median_rent,median_rent,territorial_authority,2,Whangarei District,8,293.06060606060606,280.0,138.68735959748176,125.0,580.0,33
territorial_authority_2_median_rent,median_rent,territorial_authority,2,Whangarei District,9,295.4848484848485,275.0,143.1345785467564,120.0,590.0,33
territorial_authority_2_median_rent,median_rent,territorial_authority,2,Whangarei District,10,297.1515151515151,270.0,141.68188866526864,130.0,585.0,33
territorial_authority_2_median_rent,median_rent,territorial_authority,2,Whangarei District,11,295.6969696969697,280.0,139.7836464076907,130.0,580.0,33
territorial_authority_2_median_rent,median_rent,territorial_authority,2,Whangarei District,12,299.030303030303,280.0,142.08634805297203,135.0,585.0,33
territorial_authority_3_median_rent,median_rent,territorial_authority,3,Kaipara District,1,247.27272727272728,220.0,138.64551758154514,90.0,565.0,33
territorial_authority_3_median_rent,median_rent,territorial_authority,3,Kaipara District,2,262.7352941176471,220.0,153.85300123593564,100.0,625.0,34
territorial_authority_3_median_rent,median_rent,territorial_authority,3,Kaipara District,3,256.6470588235294,224.0,143.87765896296443,100.0,625.0,34
territorial_authority_3_median_rent,median_rent,territorial_authority,3,Kaipara District,4,268.24242424242425,235.0,153.88246941721266,98.0,620.0,33
territorial_authority_3_median_rent,median_rent,territorial_authority,3,Kaipara District,5,268.5,222.5,154.55120755780513,95.0,600.0,34
territorial_authority_3_median_rent,median_rent,territorial_authority,3,Kaipara District,6,265.05882352941177,226.5,148.79983324698838,95.0,590.0,34
territorial_authority_3_median_rent,median_rent,territorial_authority,3,Kaipara District,7,265.94117647058823,217.5,149.05011180430898,95.0,560.0,34
territorial_authority_3_median_rent,median_rent,territorial_authority,3,Kaipara District,8,250.24242424242425,220.0,137.16345866862426,95.0,575.0,33
territorial_authority_3_median_rent,median_rent,territorial_authority,3,Kaipara District,9,254.45454545454547,220.0,143.80174957843238,100.0,578.0,33
territorial_authority_3_median_rent,median_rent,territorial_authority,3,Kaipara District,10,255.9090909090909,235.0,140.56501245784003,98.0,580.0,33
territorial_authority_3_median_rent,median_rent,territorial_authority,3,Kaipara District,11,249.93939393939394,230.0,133.89850153052953,100.0,570.0,33
territorial_authority_3_median_rent,median_rent,territorial_authority,3,Kaipara District,12,256.90909090909093,225.0,144.46330927703661,100.0,600.0,33
territorial_authority_11_median_rent,median_rent,territorial_authority,11,Thames-Coromandel District,1,275.45454545454544,250.0,134.04385730729396,130.0,600.0,33
territorial_authority_11_median_rent,median_rent,territorial_authority,11,Thames-Coromandel District,2,274.1470588235294,250.0,137.89524622147525,120.0,573.0,34
territorial_authority_11_median_rent,median_rent,territorial_authority,11,Thames-Coromandel District,3,274.3235294117647,245.0,132.54449695107772,125.0,580.0,34
territorial_authority_11_median_rent,median_rent,territorial_authority,11,Thames-Coromandel District,4,273.38235294117646,245.0,129.7148421931931,120.0,560.0,34
territorial_authority_11_median_rent,median_rent,territorial_authority,11,Thames-Coromandel District,5,276.05882352941177,250.0,134.20245700150443,125.0,580.0,34
territorial_authority_11_median_rent,median_rent,territorial_authority,11,Thames-Coromandel District,6,276.2647058823529,250.0,133.4183006899795,123.0,580.0,34
territorial_authority_11_median_rent,median_rent,territorial_authority,11,Thames-Coromandel District,7,278.3529411764706,247.5,138.15886384070336,120.0,580.0,34
territorial_authority_11_median_rent,median_rent,territorial_authority,11,Thames-Coromandel District,8,270.42424242424244,250.0,134.20670398284656,120.0,570.0,33
territorial_authority_11_median_rent,median_rent,territorial_authority,11,Thames-Coromandel District,9,267.6060606060606,250.0,125.13790877316602,120.0,575.0,33
territorial_authority_11_median_rent,median_rent,territorial_authority,11,Thames-Coromandel District,10,268.1515151515151,240.0,123.69496786756352,120.0,550.0,33
territorial_authority_11_median_rent,median_rent,territorial_authority,11,Thames-Coromandel District,11,273.42424242424244,250.0,131.55346591382303,125.0,575.0,33
territorial_authority_11_median_rent,median_rent,territorial_authority,11,Thames-Coromandel District,12,275.1212121212121,250.0,133.98245164380614,130.0,580.0,33
territorial_authority_12_median_rent,median_rent,territorial_authority,12,Hauraki District,1,259.1818181818182,235.0,139.30686777431652,120.0,620.0,33
territorial_authority_12_median_rent,median_rent,territorial_authority,12,Hauraki District,2,259.2647058823529,229.0,137.54521214220512,120.0,590.0,34
territorial_authority_12_median_rent,median_rent,territorial_authority,12,Hauraki District,3,258.2647058823529,230.0,129.85080222235695,125.0,550.0,34
territorial_authority_12_median_rent,median_rent,territorial_authority,12,Hauraki District,4,260.6764705882353,230.0,134.26381100185387,120.0,550.0,34
territorial_authority_12_median_rent,median_rent,territorial_authority,12,Hauraki District,5,264.6470588235294,229.0,141.82786885879213,120.0,590.0,34
territorial_authority_12_median_rent,median_rent,territorial_authority,12,Hauraki District,6,258.52941176470586,235.0,126.89968247306493,120.0,550.0,34
territorial_authority_12_median_rent,median_rent,territorial_authority,12,Hauraki District,7,265.52941176470586,235.0,141.46682559914194,110.0,595.0,34
territorial_authority_12_median_rent,median_rent,territorial_authority,12,Hauraki District,8,253.0909090909091,230.0,124.84124009025513,120.0,560.0,33
territorial_authority_12_median_rent,median_rent,territorial_authority,12,Hauraki District,9,256.09090909090907,235.0,128.3511695594268,120.0,560.0,33
territorial_authority_12_median_rent,median_rent,territorial_authority,12,Hauraki District,10,252.6969696969697,230.0,124.82700149819469,120.0,568.0,33
territorial_authority_12_median_rent,median_rent,territorial_authority,12,Hauraki District,11,255.3939393939394,230.0,128.71041609800355,120.0,560.0,33
territorial_authority_12_median_rent,median_rent,territorial_authority,12,Hauraki District,12,261.72727272727275,235.0,132.0940178261474,120.0,550.0,33
territorial_authority_13_median_rent,median_rent,territorial_authority,13,Waikato District,1,290.57575757575756,260.0,152.3396760333282,110.0,625.0,33
territorial_authority_13_median_rent,median_rent,territorial_authority,13,Waikato District,2,286.47058823529414,270.0,147.67146896099473,110.0,600.0,34
territorial_authority_13_median_rent,median_rent,territorial_authority,13,Waikato District,3,287.88235294117646,260.0,150.38854016339715,100.0,610.0,34
territorial_authority_13_median_rent,median_rent,territorial_authority,13,Waikato District,4,292.4117647058824,255.0,153.1772824455294,110.0,610.0,34
territorial_authority_13_median_rent,median_rent,territorial_authority,13,Waikato District,5,290.61764705882354,269.0,151.24333488061896,110.0,620.0,34
territorial_authority_13_median_rent,median_rent,territorial_authority,13,Waikato District,6,291.88235294117646,262.5,150.491269193222,110.0,600.0,34
territorial_authority_13_median_rent,median_rent,territorial_authority,13,Waikato District,7,294.20588235294116,267.5,149.99672307769376,120.0,600.0,34
territorial_authority_13_median_rent,median_rent,territorial_authority,13,Waikato District,8,283.90909090909093,253.0,143.72094568041473,110.0,575.0,33
territorial_authority_13_median_rent,median_rent,territorial_authority,13,Waikato District,9,288.2121212121212,270.0,144.93376883419836,115.0,625.0,33
territorial_authority_13_median_rent,median_rent,territorial_authority,13,Waikato District,10,289.5151515151515,263.0,148.80925735906882,115.0,615.0,33
territorial_authority_13_median_rent,median_rent,territorial_authority,13,Waikato District,11,285.72727272727275,255.0,143.39353034727387,110.0,600.0,33
territorial_authority_13_median_rent,median_rent,territorial_authority,13,Waikato District,12,293.1818181818182,260.0,152.28682940126805,110.0,600.0,33
territorial_authority_15_median_rent,median_rent,territorial_authority,15,Matamata-Piako District,1,276.2121212121212,250.0,145.85432749316988,120.0,650.0,33
territorial_authority_15_median_rent,median_rent,territorial_authority,15,Matamata-Piako District,2,269.5882352941176,250.0,142.37724487219685,120.0,600.0,34
territorial_authority_15_median_rent,median_rent,territorial_authority,15,Matamata-Piako District,3,270.11764705882354,245.0,140.40218523419898,120.0,600.0,34
territorial_authority_15_median_rent,median_rent,territorial_authority,15,Matamata-Piako District,4,271.3529411764706,249.0,138.76465412168758,120.0,580.0,34
territorial_authority_15_median_rent,median_rent,territorial_authority,15,Matamata-Piako District,5,275.61764705882354,250.0,140.3318609379064,120.0,595.0,34
territorial_authority_15_median_rent,median_rent,territorial_authority,15,Matamata-Piako District,6,271.20588235294116,250.0,135.10305368815514,120.0,580.0,34
territorial_authority_15_median_rent,median_rent,territorial_authority,15,Matamata-Piako District,7,270.7647058823529,250.0,137.54978356581222,113.0,590.0,34
territorial_authority_15_median_rent,median_rent,territorial_authority,15,Matamata-Piako District,8,266.1515151515151,250.0,132.61884321527455,120.0,578.0,33
territorial_authority_15_median_rent,median_rent,territorial_authority,15,Matamata-Piako District,9,270.57575757575756,250.0,136.58628918723647,120.0,590.0,33
territorial_authority_15_median_rent,median_rent,territorial_authority,15,Matamata-Piako District,10,268.8181818181818,250.0,134.27896674122462,115.0,588.0,33
territorial_authority_15_median_rent,median_rent,territorial_authority,15,Matamata-Piako District,11,269.8181818181818,240.0,134.60717257669037,120.0,580.0,33
territorial_authority_15_median_rent,median_rent,territorial_authority,15,Matamata-Piako District,12,272.75757575757575,250.0,136.2949536627802,120.0,580.0,33
territorial_authority_16_median_rent,median_rent,territorial_authority,16,Hamilton City,1,320.09090909090907,300.0,127.95125137048379,140.0,570.0,33
territorial_authority_16_median_rent,median_rent,territorial_authority,16,Hamilton City,2,310.5882352941176,295.0,130.35362571169776,125.0,560.0,34
territorial_authority_16_median_rent,median_rent,territorial_authority,16,Hamilton City,3,309.94117647058823,292.5,128.9836590957378,130.0,570.0,34
territorial_authority_16_median_rent,median_rent,territorial_authority,16,Hamilton City,4,314.55882352941177,290.0,129.71628508693806,140.0,580.0,34
territorial_authority_16_median_rent,median_rent,territorial_authority,16,Hamilton City,5,313.3235294117647,290.0,131.54483521603674,130.0,575.0,34
territorial_authority_16_median_rent,median_rent,territorial_authority,16,Hamilton City,6,313.7647058823529,290.0,129.48992211249012,143.0,570.0,34
territorial_authority_16_median_rent,median_rent,territorial_authority,16,Hamilton City,7,311.79411764705884,295.0,129.18433609235333,140.0,565.0,34
territorial_authority_16_median_rent,median_rent,territorial_authority,16,Hamilton City,8,306.8181818181818,285.0,124.85502957066213,140.0,575.0,33
territorial_authority_16_median_rent,median_rent,territorial_authority,16,Hamilton City,9,308.8181818181818,290.0,125.86288535184192,140.0,570.0,33
territorial_authority_16_median_rent,median_rent,territorial_authority,16,Hamilton City,10,310.0,290.0,126.47257607876897,140.0,580.0,33
territorial_authority_16_median_rent,median_rent,territorial_authority,16,Hamilton City,11,312.3333333333333,297.0,126.6749449049285,150.0,580.0,33
territorial_authority_16_median_rent,median_rent,territorial_authority,16,Hamilton City,12,317.2121212121212,295.0,126.93225495706301,160.0,570.0,33
territorial_authority_17_median_rent,median_rent,territorial_authority,17,Waipa District,1,312.3939393939394,280.0,152.0308232304266,140.0,620.0,33
territorial_authority_17_median_rent,median_rent,territorial_authority,17,Waipa District,2,307.7647058823529,275.0,154.1862429156905,140.0,620.0,34
territorial_authority_17_median_rent,median_rent,territorial_authority,17,Waipa District,3,306.61764705882354,282.5,150.0933072833882,140.0,615.0,34
territorial_authority_17_median_rent,median_rent,territorial_authority,17,Waipa District,4,313.4117647058824,281.5,154.26583070811296,140.0,650.0,34
territorial_authority_17_median_rent,median_rent,territorial_authority,17,Waipa District,5,313.61764705882354,286.5,154.6358409797289,140.0,630.0,34
territorial_authority_17_median_rent,median_rent,territorial_authority,17,Waipa District,6,312.2647058823529,284.0,154.7935690511975,140.0,625.0,34
territorial_authority_17_median_rent,median_rent,territorial_authority,17,Waipa District,7,315.61764705882354,290.0,156.04583916775425,140.0,630.0,34
territorial_authority_17_median_rent,median_rent,territorial_authority,17,Waipa District,8,305.1818181818182,280.0,149.08752767784068,140.0,640.0,33
territorial_authority_17_median_rent,median_rent,territorial_authority,17,Waipa District,9,305.6363636363636,280.0,147.68734250559064,140.0,620.0,33
territorial_authority_17_median_rent,median_rent,territorial_authority,17,Waipa District,10,304.6666666666667,270.0,147.48446245847958,140.0,630.0,33
territorial_authority_17_median_rent,median_rent,territorial_authority,17,Waipa District,11,310.1818181818182,280.0,152.51197792006676,140.0,640.0,33
territorial_authority_17_median_rent,median_rent,territorial_authority,17,Waipa District,12,317.90909090909093,290.0,154.78197642901685,150.0,645.0,33
territorial_authority_18_median_rent,median_rent,territorial_authority,18,Otorohanga District,1,257.6666666666667,222.5,130.28968608009836,100.0,563.0,30
territorial_authority_18_median_rent,median_rent,territorial_authority,18,Otorohanga District,2,248.67741935483872,223.0,134.32085643383263,100.0,550.0,31
territorial_authority_18_median_rent,median_rent,territorial_authority,18,Otorohanga District,3,249.6551724137931,225.0,119.8595236880208,120.0,520.0,29
territorial_authority_18_median_rent,median_rent,territorial_authority,18,Otorohanga District,4,241.73333333333332,220.0,116.7528876799593,100.0,520.0,30
territorial_authority_18_median_rent,median_rent,territorial_authority,18,Otorohanga District,5,253.41379310344828,225.0,114.93616776323509,115.0,560.0,29
territorial_authority_18_median_rent,median_rent,territorial_authority,18,Otorohanga District,6,250.24137931034483,220.0,114.05031946232386,110.0,515.0,29
territorial_authority_18_median_rent,median_rent,territorial_authority,18,Otorohanga District,7,258.2,225.0,123.48402102408174,105.0,560.0,30
territorial_authority_18_median_rent,median_rent,territorial_authority,18,Otorohanga District,8,245.89285714285714,224.0,110.54455756096365,120.0,505.0,28
territorial_authority_18_median_rent,median_rent,territorial_authority,18,Otorohanga District,9,262.48148148148147,230.0,120.14330237434423,95.0,510.0,27
territorial_authority_18_median_rent,median_rent,territorial_authority,18,Otorohanga District,10,256.48148148148147,220.0,117.31626235567434,120.0,500.0,27
territorial_authority_18_median_rent,median_rent,territorial_authority,18,Otorohanga District,11,257.32142857142856,222.5,123.51699645270853,110.0,495.0,28
territorial_authority_18_median_rent,median_rent,territorial_authority,18,Otorohanga District,12,260.48148148148147,233.0,115.8451786355626,120.0,500.0,27
territorial_authority_19_median_rent,median_rent,territorial_authority,19,South Waikato District,1,209.12121212121212,163.0,119.49522939634389,100.0,500.0,33
territorial_authority_19_median_rent,median_rent,territorial_authority,19,South Waikato District,2,209.76470588235293,171.5,119.64899645605549,100.0,530.0,34
territorial_authority_19_median_rent,median_rent,territorial_authority,19,South Waikato District,3,212.85294117647058,165.0,123.85649867412938,103.0,520.0,34
territorial_authority_19_median_rent,median_rent,territorial_authority,19,South Waikato District,4,218.44117647058823,165.0,125.93870350689743,110.0,500.0,34
territorial_authority_19_median_rent,median_rent,territorial_authority,19,South Waikato District,5,215.6764705882353,165.0,126.43400975817154,105.0,510.0,34
territorial_authority_19_median_rent,median_rent,territorial_authority,19,South Waikato District,6,211.14705882352942,160.0,121.51970344113202,110.0,540.0,34
territorial_authority_19_median_rent,median_rent,territorial_authority,19,South Waikato District,7,216.41176470588235,165.0,125.2205612042471,103.0,508.0,34
territorial_authority_19_median_rent,median_rent,territorial_authority,19,South Waikato District,8,210.12121212121212,170.0,119.83471887764767,110.0,510.0,33
territorial_authority_19_median_rent,median_rent,territorial_authority,19,South Waikato District,9,211.4848484848485,170.0,118.03789677793135,103.0,500.0,33
territorial_authority_19_median_rent,median_rent,territorial_authority,19,South Waikato District,10,209.45454545454547,170.0,116.15536226028563,110.0,490.0,33
territorial_authority_19_median_rent,median_rent,territorial_authority,19,South Waikato District,11,210.33333333333334,165.0,114.51246293162446,110.0,500.0,33
territorial_authority_19_median_rent,median_rent,territorial_authority,19,South Waikato District,12,214.12121212121212,168.0,119.11359010828633,100.0,500.0,33
territorial_authority_20_median_rent,median_rent,territorial_authority,20,Waitomo District,1,194.65625,180.0,94.11098779735309,70.0,460.0,32
territorial_authority_20_median_rent,median_rent,territorial_authority,20,Waitomo District,2,202.73529411764707,174.0,106.6621141519585,80.0,480.0,34
territorial_authority_20_median_rent,median_rent,territorial_authority,20,Waitomo District,3,209.53125,195.0,100.18820495093385,90.0,450.0,32
territorial_authority_20_median_rent,median_rent,territorial_authority,20,Waitomo District,4,207.29032258064515,190.0,104.8396215014111,85.0,463.0,31
territorial_authority_20_median_rent,median_rent,territorial_authority,20,Waitomo District,5,203.2941176470588,177.5,100.04651324676051,90.0,480.0,34
territorial_authority_20_median_rent,median_rent,territorial_authority,20,Waitomo District,6,211.8235294117647,187.5,102.57930282948875,85.0,495.0,34
territorial_authority_20_median_rent,median_rent,territorial_authority,20,Waitomo District,7,207.02941176470588,180.0,102.03489756380222,88.0,470.0,34
territorial_authority_20_median_rent,median_rent,territorial_authority,20,Waitomo District,8,196.9375,185.0,92.90575783399906,90.0,450.0,32
territorial_authority_20_median_rent,median_rent,territorial_authority,20,Waitomo District,9,197.15625,182.5,93.76467089508989,95.0,450.0,32
territorial_authority_20_median_rent,median_rent,territorial_authority,20,Waitomo District,10,208.7,185.0,100.49743520487785,85.0,470.0,30
territorial_authority_20_median_rent,median_rent,territorial_authority,20,Waitomo District,11,207.66666666666666,190.0,93.50022281613379,100.0,450.0,33
territorial_authority_20_median_rent,median_rent,territorial_authority,20,Waitomo District,12,210.80645161290323,185.0,102.91660680856731,95.0,460.0,31
territorial_authority_21_median_rent,median_rent,territorial_authority,21,Taupo District,1,292.24242424242425,260.0,140.79085337456905,130.0,630.0,33
territorial_authority_21_median_rent,median_rent,territorial_authority,21,Taupo District,2,287.47058823529414,260.0,136.28896113374782,130.0,630.0,34
territorial_authority_21_median_rent,median_rent,territorial_authority,21,Taupo District,3,292.20588235294116,260.0,139.05084734070326,130.0,650.0,34
territorial_authority_21_median_rent,median_rent,territorial_authority,21,Taupo District,4,294.70588235294116,274.0,140.0775822723196,140.0,643.0,34
territorial_authority_21_median_rent,median_rent,territorial_authority,21,Taupo District,5,297.1470588235294,270.0,144.76022648816738,138.0,650.0,34
territorial_authority_21_median_rent,median_rent,territorial_authority,21,Taupo District,6,288.2647058823529,262.5,132.7290036636576,135.0,630.0,34
territorial_authority_21_median_rent,median_rent,territorial_authority,21,Taupo District,7,292.88235294117646,265.0,140.05902753587824,135.0,615.0,34
territorial_authority_21_median_rent,median_rent,territorial_authority,21,Taupo District,8,282.27272727272725,260.0,129.6033064603467,130.0,620.0,33
territorial_authority_21_median_rent,median_rent,territorial_authority,21,Taupo District,9,283.42424242424244,270.0,129.55356766194976,130.0,630.0,33
territorial_authority_21_median_rent,median_rent,territorial_authority,21,Taupo District,10,285.6969696969697,260.0,134.4389928667658,130.0,620.0,33
territorial_authority_21_median_rent,median_rent,territorial_authority,21,Taupo District,11,286.93939393939394,260.0,133.97852892206726,130.0,600.0,33
territorial_authority_21_median_rent,median_rent,territorial_authority,21,Taupo District,12,290.7878787878788,273.0,128.0316751764377,130.0,600.0,33
territorial_authority_22_median_rent,median_rent,territorial_authority,22,Western Bay of Plenty District,1,305.09090909090907,265.0,153.11645152390622,130.0,650.0,33
territorial_authority_22_median_rent,median_rent,territorial_authority,22,Western Bay of Plenty District,2,297.9117647058824,255.0,151.1299596568541,128.0,650.0,34
territorial_authority_22_median_rent,median_rent,territorial_authority,22,Western Bay of Plenty District,3,301.3529411764706,272.5,152.17272529734316,130.0,650.0,34
territorial_authority_22_median_rent,median_rent,territorial_authority,22,Western Bay of Plenty District,4,304.52941176470586,271.5,152.92327949584623,130.0,650.0,34
territorial_authority_22_median_rent,median_rent,territorial_authority,22,Western Bay of Plenty District,5,304.55882352941177,270.0,156.7151809815792,140.0,670.0,34
territorial_authority_22_median_rent,median_rent,territorial_authority,22,Western Bay of Plenty District,6,301.8235294117647,274.0,151.5558644053427,130.0,630.0,34
territorial_authority_22_median_rent,median_rent,territorial_authority,22,Western Bay of Plenty District,7,305.1764705882353,270.0,155.09400289057058,125.0,650.0,34
territorial_authority_22_median_rent,median_rent,territorial_authority,22,Western Bay of Plenty District,8,293.5151515151515,260.0,146.3226574244658,130.0,650.0,33
territorial_authority_22_median_rent,median_rent,territorial_authority,22,Western Bay of Plenty District,9,297.2121212121212,260.0,149.06327464699294,128.0,605.0,33
territorial_authority_22_median_rent,median_rent,territorial_authority,22,Western Bay of Plenty District,10,294.5151515151515,265.0,143.25068089107842,133.0,640.0,33
territorial_authority_22_median_rent,median_rent,territorial_authority,22,Western Bay of Plenty District,11,295.030303030303,260.0,140.80804417017623,135.0,630.0,33
territorial_authority_22_median_rent,median_rent,territorial_authority,22,Western Bay of Plenty District,12,309.2121212121212,273.0,157.69546552924356,133.0,650.0,33
territorial_authority_23_median_rent,median_rent,territorial_authority,23,Tauranga City,1,361.06060606060606,310.0,174.444464549957,160.0,730.0,33
territorial_authority_23_median_rent,median_rent,territorial_authority,23,Tauranga City,2,349.6470588235294,300.0,171.94958428720287,150.0,700.0,34
territorial_authority_23_median_rent,median_rent,territorial_authority,23,Tauranga City,3,355.44117647058823,315.0,175.60012962935622,150.0,720.0,34
territorial_authority_23_median_rent,median_rent,territorial_authority,23,Tauranga City,4,356.29411764705884,305.0,175.03549932786618,153.0,710.0,34
territorial_authority_23_median_rent,median_rent,territorial_authority,23,Tauranga City,5,355.0882352941176,305.0,175.419733461491,150.0,700.0,34
territorial_authority_23_median_rent,median_rent,territorial_authority,23,Tauranga City,6,355.0882352941176,312.5,172.06840916668892,150.0,700.0,34
territorial_authority_23_median_rent,median_rent,territorial_authority,23,Tauranga City,7,355.8529411764706,305.0,174.51424051521556,150.0,695.0,34
territorial_authority_23_median_rent,median_rent,territorial_authority,23,Tauranga City,8,345.8484848484849,300.0,166.09487522424521,155.0,680.0,33
territorial_authority_23_median_rent,median_rent,territorial_authority,23,Tauranga City,9,347.8181818181818,300.0,165.28828122129804,150.0,685.0,33
territorial_authority_23_median_rent,median_rent,territorial_authority,23,Tauranga City,10,349.030303030303,300.0,167.443364464019,150.0,695.0,33
territorial_authority_23_median_rent,median_rent,territorial_authority,23,Tauranga City,11,351.2121212121212,300.0,167.80769454493094,160.0,700.0,33
territorial_authority_23_median_rent,median_rent,territorial_authority,23,Tauranga City,12,356.3636363636364,310.0,170.1023254878182,160.0,695.0,33
territorial_authority_24_median_rent,median_rent,territorial_authority,24,Rotorua District,1,281.24242424242425,230.0,142.18518521259307,140.0,585.0,33
territorial_authority_24_median_rent,median_rent,territorial_authority,24,Rotorua District,2,276.05882352941177,225.0,143.8801987295429,135.0,590.0,34
territorial_authority_24_median_rent,median_rent,territorial_authority,24,Rotorua District,3,274.6470588235294,226.5,139.44150122475955,130.0,580.0,34
territorial_authority_24_median_rent,median_rent,territorial_authority,24,Rotorua District,4,281.94117647058823,231.5,144.0517460006879,130.0,595.0,34
territorial_authority_24_median_rent,median_rent,territorial_authority,24,Rotorua District,5,280.47058823529414,227.5,142.84240845837397,140.0,590.0,34
territorial_authority_24_median_rent,median_rent,territorial_authority,24,Rotorua District,6,282.3235294117647,232.5,142.5921755234105,135.0,580.0,34
territorial_authority_24_median_rent,median_rent,territorial_authority,24,Rotorua District,7,280.7352941176471,234.0,144.0124802722087,130.0,593.0,34
territorial_authority_24_median_rent,median_rent,territorial_authority,24,Rotorua District,8,272.8484848484849,220.0,135.91682226920105,135.0,563.0,33
territorial_authority_24_median_rent,median_rent,territorial_authority,24,Rotorua District,9,274.1818181818182,220.0,134.93828555710533,140.0,600.0,33
territorial_authority_24_median_rent,median_rent,territorial_authority,24,Rotorua District,10,273.969696969697,220.0,134.2819991772177,130.0,560.0,33
territorial_authority_24_median_rent,median_rent,territorial_authority,24,Rotorua District,11,277.0,230.0,135.08030019214496,135.0,567.0,33
territorial_authority_24_median_rent,median_rent,territorial_authority,24,Rotorua District,12,279.3333333333333,230.0,139.4452550883918,130.0,595.0,33
territorial_authority_25_median_rent,median_rent,territorial_authority,25,Whakatane District,1,286.969696969697,273.0,137.6484391594409,135.0,613.0,33
territorial_authority_25_median_rent,median_rent,territorial_authority,25,Whakatane District,2,281.1470588235294,257.5,133.637486201889,125.0,590.0,34
territorial_authority_25_median_rent,median_rent,territorial_authority,25,Whakatane District,3,282.7647058823529,255.0,136.18860781429453,135.0,590.0,34
territorial_authority_25_median_rent,median_rent,territorial_authority,25,Whakatane District,4,290.3529411764706,264.0,139.4360681900471,130.0,600.0,34
territorial_authority_25_median_rent,median_rent,territorial_authority,25,Whakatane District,5,286.52941176470586,261.5,136.84944952759997,135.0,600.0,34
territorial_authority_25_median_rent,median_rent,territorial_authority,25,Whakatane District,6,280.55882352941177,265.0,128.0324748521085,125.0,550.0,34
territorial_authority_25_median_rent,median_rent,territorial_authority,25,Whakatane District,7,282.47058823529414,266.5,130.300872178787,130.0,573.0,34
territorial_authority_25_median_rent,median_rent,territorial_authority,25,Whakatane District,8,280.45454545454544,260.0,130.97473299006256,132.0,565.0,33
territorial_authority_25_median_rent,median_rent,territorial_authority,25,Whakatane District,9,281.72727272727275,260.0,134.80918754096302,135.0,595.0,33
territorial_authority_25_median_rent,median_rent,territorial_authority,25,Whakatane District,10,281.93939393939394,260.0,129.39134906214255,133.0,590.0,33
territorial_authority_25_median_rent,median_rent,territorial_authority,25,Whakatane District,11,278.27272727272725,250.0,132.53072113836302,130.0,600.0,33
territorial_authority_25_median_rent,median_rent,territorial_authority,25,Whakatane District,12,283.0,260.0,133.2572699705348,130.0,565.0,33
territorial_authority_26_median_rent,median_rent,territorial_authority,26,Kawerau District,1,211.5625,180.0,119.64084357615049,118.0,550.0,32
territorial_authority_26_median_rent,median_rent,territorial_authority,26,Kawerau District,2,217.47058823529412,182.5,117.51111753829096,115.0,545.0,34
territorial_authority_26_median_rent,median_rent,territorial_authority,26,Kawerau District,3,217.52941176470588,177.5,120.84481290359179,115.0,495.0,34
territorial_authority_26_median_rent,median_rent,territorial_authority,26,Kawerau District,4,218.24242424242425,180.0,124.06702581241882,110.0,550.0,33
territorial_authority_26_median_rent,median_rent,territorial_authority,26,Kawerau District,5,221.44117647058823,177.5,126.1392187051421,120.0,550.0,34
territorial_authority_26_median_rent,median_rent,territorial_authority,26,Kawerau District,6,224.47058823529412,177.5,126.15364256721574,105.0,550.0,34
territorial_authority_26_median_rent,median_rent,territorial_authority,26,Kawerau District,7,218.35294117647058,178.0,118.97539403181959,120.0,530.0,34
territorial_authority_26_median_rent,median_rent,territorial_authority,26,Kawerau District,8,207.78787878787878,180.0,107.23506818426912,118.0,475.0,33
territorial_authority_26_median_rent,median_rent,territorial_authority,26,Kawerau District,9,210.0,180.0,109.1844769186536,100.0,513.0,33
territorial_authority_26_median_rent,median_rent,territorial_authority,26,Kawerau District,10,208.40625,170.0,114.81903275266723,115.0,540.0,32
territorial_authority_26_median_rent,median_rent,territorial_authority,26,Kawerau District,11,213.875,182.5,116.30209550715259,118.0,550.0,32
territorial_authority_26_median_rent,median_rent,territorial_authority,26,Kawerau District,12,219.21212121212122,180.0,124.52051978884785,120.0,550.0,33
territorial_authority_27_median_rent,median_rent,territorial_authority,27,Opotiki District,1,216.9,177.5,117.08627823841759,68.0,528.0,30
territorial_authority_27_median_rent,median_rent,territorial_authority,27,Opotiki District,2,227.0,175.0,128.17054068700813,100.0,575.0,33
territorial_authority_27_median_rent,median_rent,territorial_authority,27,Opotiki District,3,215.75,175.0,108.09255293497328,115.0,480.0,32
territorial_authority_27_median_rent,median_rent,territorial_authority,27,Opotiki District,4,229.83870967741936,183.0,119.7489308996657,110.0,540.0,31
territorial_authority_27_median_rent,median_rent,territorial_authority,27,Opotiki District,5,234.5483870967742,185.0,120.97681284986734,105.0,550.0,31
territorial_authority_27_median_rent,median_rent,territorial_authority,27,Opotiki District,6,222.1875,181.5,115.58363471055591,105.0,535.0,32
territorial_authority_27_median_rent,median_rent,territorial_authority,27,Opotiki District,7,225.24242424242425,180.0,119.24135982929494,110.0,550.0,33
territorial_authority_27_median_rent,median_rent,territorial_authority,27,Opotiki District,8,220.875,175.0,113.41182449587816,108.0,530.0,32
territorial_authority_27_median_rent,median_rent,territorial_authority,27,Opotiki District,9,220.36666666666667,177.5,119.69630632198489,108.0,550.0,30
territorial_authority_27_median_rent,median_rent,territorial_authority,27,Opotiki District,10,210.6875,170.0,107.77827822926342,110.0,550.0,32
territorial_authority_27_median_rent,median_rent,territorial_authority,27,Opotiki District,11,224.3125,179.0,120.92104528802415,113.0,520.0,32
territorial_authority_27_median_rent,median_rent,territorial_authority,27,Opotiki District,12,233.07142857142858,192.5,107.87747802275629,130.0,465.0,28
territorial_authority_28_median_rent,median_rent,territorial_authority,28,Gisborne District,1,275.3333333333333,250.0,150.47729618339994,130.0,655.0,33
territorial_authority_28_median_rent,median_rent,territorial_authority,28,Gisborne District,2,273.0,240.0,153.75403419196203,120.0,650.0,34
territorial_authority_28_median_rent,median_rent,territorial_authority,28,Gisborne District,3,276.2647058823529,244.0,153.8632428634478,125.0,650.0,34
territorial_authority_28_median_rent,median_rent,territorial_authority,28,Gisborne District,4,277.11764705882354,245.0,150.67359156234346,130.0,623.0,34
territorial_authority_28_median_rent,median_rent,territorial_authority,28,Gisborne District,5,277.9117647058824,240.0,154.855429674977,121.0,650.0,34
territorial_authority_28_median_rent,median_rent,territorial_authority,28,Gisborne District,6,274.5882352941176,250.0,145.85175488437585,120.0,600.0,34
territorial_authority_28_median_rent,median_rent,territorial_authority,28,Gisborne District,7,281.3529411764706,240.0,159.60422306878468,125.0,625.0,34
territorial_authority_28_median_rent,median_rent,territorial_authority,28,Gisborne District,8,267.030303030303,240.0,144.75571768683372,128.0,650.0,33
territorial_authority_28_median_rent,median_rent,territorial_authority,28,Gisborne District,9,268.57575757575756,240.0,144.68198538152353,130.0,630.0,33
territorial_authority_28_median_rent,median_rent,territorial_authority,28,Gisborne District,10,271.09090909090907,240.0,142.00998284371678,130.0,625.0,33
territorial_authority_28_median_rent,median_rent,territorial_authority,28,Gisborne District,11,272.27272727272725,238.0,148.32234169353768,140.0,640.0,33
territorial_authority_28_median_rent,median_rent,territorial_authority,28,Gisborne District,12,270.27272727272725,243.0,140.88276880248537,130.0,613.0,33
territorial_authority_29_median_rent,median_rent,territorial_authority,29,Wairoa District,1,174.78125,147.5,98.5556120642292,57.0,460.0,32
territorial_authority_29_median_rent,median_rent,territorial_authority,29,Wairoa District,2,186.88235294117646,150.0,101.61447185940395,70.0,493.0,34
territorial_authority_29_median_rent,median_rent,territorial_authority,29,Wairoa District,3,188.375,150.0,108.09038929555447,83.0,488.0,32
territorial_authority_29_median_rent,median_rent,territorial_authority,29,Wairoa District,4,192.84848484848484,150.0,102.00401989999008,100.0,435.0,33
territorial_authority_29_median_rent,median_rent,territorial_authority,29,Wairoa District,5,182.53125,145.0,103.81372411447406,87.0,475.0,32
territorial_authority_29_median_rent,median_rent,territorial_authority,29,Wairoa District,6,195.78125,152.5,112.42968680827342,92.0,500.0,32
territorial_authority_29_median_rent,median_rent,territorial_authority,29,Wairoa District,7,188.1875,152.5,100.80976575197336,100.0,460.0,32
territorial_authority_29_median_rent,median_rent,territorial_authority,29,Wairoa District,8,169.41935483870967,140.0,77.05529365053313,90.0,380.0,31
territorial_authority_29_median_rent,median_rent,territorial_authority,29,Wairoa District,9,168.83870967741936,140.0,77.103867941971,100.0,398.0,31
territorial_authority_29_median_rent,median_rent,territorial_authority,29,Wairoa District,10,185.78787878787878,150.0,97.57489353560601,88.0,455.0,33
territorial_authority_29_median_rent,median_rent,territorial_authority,29,Wairoa District,11,184.46875,137.5,105.7705930151391,95.0,500.0,32
territorial_authority_29_median_rent,median_rent,territorial_authority,29,Wairoa District,12,186.78125,145.0,101.4137912537127,100.0,500.0,32
territorial_authority_30_median_rent,median_rent,territorial_authority,30,Hastings District,1,295.3939393939394,260.0,147.39338082872382,140.0,613.0,33
territorial_authority_30_median_rent,median_rent,territorial_authority,30,Hastings District,2,289.4117647058824,260.0,146.95270681146263,140.0,620.0,34
territorial_authority_30_median_rent,median_rent,territorial_authority,30,Hastings District,3,290.44117647058823,260.0,142.60970071481083,138.0,600.0,34
territorial_authority_30_median_rent,median_rent,territorial_authority,30,Hastings District,4,299.3235294117647,265.0,151.46891281976687,141.0,620.0,34
territorial_authority_30_median_rent,median_rent,territorial_authority,30,Hastings District,5,293.2352941176471,262.5,147.6463955215871,140.0,610.0,34
territorial_authority_30_median_rent,median_rent,territorial_authority,30,Hastings District,6,295.6764705882353,262.5,149.12202052462806,140.0,620.0,34
territorial_authority_30_median_rent,median_rent,territorial_authority,30,Hastings District,7,297.1764705882353,259.0,152.98117740987362,140.0,610.0,34
territorial_authority_30_median_rent,median_rent,territorial_authority,30,Hastings District,8,285.7878787878788,260.0,143.3578907785855,145.0,620.0,33
territorial_authority_30_median_rent,median_rent,territorial_authority,30,Hastings District,9,285.4848484848485,255.0,140.142811359547,140.0,600.0,33
territorial_authority_30_median_rent,median_rent,territorial_authority,30,Hastings District,10,289.1212121212121,260.0,141.69371845104794,140.0,600.0,33
territorial_authority_30_median_rent,median_rent,territorial_authority,30,Hastings District,11,288.969696969697,260.0,143.26581170338687,140.0,600.0,33
territorial_authority_30_median_rent,median_rent,territorial_authority,30,Hastings District,12,294.93939393939394,270.0,142.89067923458552,140.0,600.0,33
territorial_authority_31_median_rent,median_rent,territorial_authority,31,Napier City,1,320.09090909090907,290.0,156.2658719211355,150.0,650.0,33
territorial_authority_31_median_rent,median_rent,territorial_authority,31,Napier City,2,310.8235294117647,275.0,157.4340594215675,140.0,650.0,34
territorial_authority_31_median_rent,median_rent,territorial_authority,31,Napier City,3,317.9117647058824,282.5,160.58215449496868,140.0,670.0,34
territorial_authority_31_median_rent,median_rent,territorial_authority,31,Napier City,4,318.2352941176471,292.5,154.27681905716014,145.0,650.0,34
territorial_authority_31_median_rent,median_rent,territorial_authority,31,Napier City,5,317.5,287.5,155.15510323739295,150.0,650.0,34
territorial_authority_31_median_rent,median_rent,territorial_authority,31,Napier City,6,316.05882352941177,280.0,156.78782056448728,145.0,650.0,34
territorial_authority_31_median_rent,median_rent,territorial_authority,31,Napier City,7,318.5,282.5,154.5270889265737,150.0,645.0,34
territorial_authority_31_median_rent,median_rent,territorial_authority,31,Napier City,8,308.3030303030303,285.0,150.8317532982704,150.0,640.0,33
territorial_authority_31_median_rent,median_rent,territorial_authority,31,Napier City,9,307.90909090909093,285.0,144.37459169560523,150.0,650.0,33
territorial_authority_31_median_rent,median_rent,territorial_authority,31,Napier City,10,311.6060606060606,280.0,149.89307426336018,150.0,645.0,33
territorial_authority_31_median_rent,median_rent,territorial_authority,31,Napier City,11,311.75757575757575,280.0,150.21339618668964,146.0,650.0,33
territorial_authority_31_median_rent,median_rent,territorial_authority,31,Napier City,12,315.72727272727275,290.0,150.13478792556555,150.0,660.0,33
territorial_authority_32_median_rent,median_rent,territorial_authority,32,Central Hawke's Bay District,1,227.87878787878788,185.0,124.59051869418015,120.0,530.0,33
territorial_authority_32_median_rent,median_rent,territorial_authority,32,Central Hawke's Bay District,2,226.52941176470588,185.5,122.84092578667884,120.0,550.0,34
territorial_authority_32_median_rent,median_rent,territorial_authority,32,Central Hawke's Bay District,3,233.4848484848485,180.0,138.01451943820106,118.0,580.0,33
territorial_authority_32_median_rent,median_rent,territorial_authority,32,Central Hawke's Bay District,4,225.84375,187.5,129.3018746901494,120.0,550.0,32
territorial_authority_32_median_rent,median_rent,territorial_authority,32,Central Hawke's Bay District,5,236.11764705882354,197.5,133.6165396915531,120.0,550.0,34
territorial_authority_32_median_rent,median_rent,territorial_authority,32,Central Hawke's Bay District,6,236.1764705882353,187.5,135.95575719489966,120.0,580.0,34
territorial_authority_32_median_rent,median_rent,territorial_authority,32,Central Hawke's Bay District,7,236.5,197.5,130.2918053657042,120.0,563.0,34
territorial_authority_32_median_rent,median_rent,territorial_authority,32,Central Hawke's Bay District,8,225.54545454545453,185.0,118.74265527525559,120.0,540.0,33
territorial_authority_32_median_rent,median_rent,territorial_authority,32,Central Hawke's Bay District,9,227.8181818181818,180.0,125.26558150222635,120.0,555.0,33
territorial_authority_32_median_rent,median_rent,territorial_authority,32,Central Hawke's Bay District,10,231.93939393939394,170.0,138.5942683234816,120.0,638.0,33
territorial_authority_32_median_rent,median_rent,territorial_authority,32,Central Hawke's Bay District,11,227.21212121212122,185.0,122.59021106305693,120.0,540.0,33
territorial_authority_32_median_rent,median_rent,territorial_authority,32,Central Hawke's Bay District,12,228.6969696969697,175.0,127.98131817976524,120.0,550.0,33
territorial_authority_33_median_rent,median_rent,territorial_authority,33,New Plymouth District,1,299.030303030303,290.0,143.34518758238903,140.0,600.0,33
territorial_authority_33_median_rent,median_rent,territorial_authority,33,New Plymouth District,2,286.2647058823529,270.0,138.15062241681468,130.0,595.0,34
territorial_authority_33_median_rent,median_rent,territorial_authority,33,New Plymouth District,3,295.52941176470586,290.0,144.95709611742024,130.0,620.0,34
territorial_authority_33_median_rent,median_rent,territorial_authority,33,New Plymouth District,4,296.7352941176471,285.0,143.069660681385,130.0,600.0,34
territorial_authority_33_median_rent,median_rent,territorial_authority,33,New Plymouth District,5,292.5,285.0,142.22927499873808,130.0,600.0,34
territorial_authority_33_median_rent,median_rent,territorial_authority,33,New Plymouth District,6,290.88235294117646,285.0,139.9375975008,130.0,580.0,34
territorial_authority_33_median_rent,median_rent,territorial_authority,33,New Plymouth District,7,293.38235294117646,280.0,141.7088382235192,140.0,610.0,34
territorial_authority_33_median_rent,median_rent,territorial_authority,33,New Plymouth District,8,289.6666666666667,280.0,139.29210913281005,135.0,600.0,33
territorial_authority_33_median_rent,median_rent,territorial_authority,33,New Plymouth District,9,289.6969696969697,280.0,140.5565911049009,130.0,600.0,33
territorial_authority_33_median_rent,median_rent,territorial_authority,33,New Plymouth District,10,291.5151515151515,285.0,139.31015783408466,138.0,600.0,33
territorial_authority_33_median_rent,median_rent,territorial_authority,33,New Plymouth District,11,288.6363636363636,280.0,139.56669959687247,138.0,600.0,33
territorial_authority_33_median_rent,median_rent,territorial_authority,33,New Plymouth District,12,295.2121212121212,288.0,139.5136099041411,140.0,600.0,33
territorial_authority_34_median_rent,median_rent,territorial_authority,34,Stratford District,1,218.0625,196.5,125.342611115655,95.0,550.0,32
territorial_authority_34_median_rent,median_rent,territorial_authority,34,Stratford District,2,216.55882352941177,200.0,128.76174643126163,95.0,550.0,34
territorial_authority_34_median_rent,median_rent,territorial_authority,34,Stratford District,3,225.08823529411765,195.0,136.86519969554178,100.0,560.0,34
territorial_authority_34_median_rent,median_rent,territorial_authority,34,Stratford District,4,222.0625,190.0,139.18215901147954,85.0,570.0,32
territorial_authority_34_median_rent,median_rent,territorial_authority,34,Stratford District,5,234.3235294117647,200.0,144.57518136234054,90.0,580.0,34
territorial_authority_34_median_rent,median_rent,territorial_authority,34,Stratford District,6,230.91176470588235,200.0,138.90641446171458,90.0,575.0,34
territorial_authority_34_median_rent,median_rent,territorial_authority,34,Stratford District,7,223.91176470588235,194.0,133.3846948757408,98.0,555.0,34
territorial_authority_34_median_rent,median_rent,territorial_authority,34,Stratford District,8,225.0,195.0,137.01277312717963,95.0,560.0,33
territorial_authority_34_median_rent,median_rent,territorial_authority,34,Stratford District,9,217.5151515151515,200.0,122.09758423391338,80.0,560.0,33
territorial_authority_34_median_rent,median_rent,territorial_authority,34,Stratford District,10,225.1818181818182,205.0,132.22576681226283,100.0,560.0,33
territorial_authority_34_median_rent,median_rent,territorial_authority,34,Stratford District,11,220.96969696969697,200.0,126.98117105709137,98.0,550.0,33
territorial_authority_34_median_rent,median_rent,territorial_authority,34,Stratford District,12,224.4848484848485,193.0,134.4247282896922,85.0,560.0,33
territorial_authority_35_median_rent,median_rent,territorial_authority,35,South Taranaki District,1,228.36363636363637,200.0,120.01036887020902,110.0,530.0,33
territorial_authority_35_median_rent,median_rent,territorial_authority,35,South Taranaki District,2,232.08823529411765,195.0,125.40174655568272,120.0,550.0,34
territorial_authority_35_median_rent,median_rent,territorial_authority,35,South Taranaki District,3,233.05882352941177,200.0,126.43094681969875,119.0,515.0,34
territorial_authority_35_median_rent,median_rent,territorial_authority,35,South Taranaki District,4,234.11764705882354,216.5,129.9514512390854,110.0,550.0,34
territorial_authority_35_median_rent,median_rent,territorial_authority,35,South Taranaki District,5,232.23529411764707,200.0,128.25142419281988,118.0,530.0,34
territorial_authority_35_median_rent,median_rent,territorial_authority,35,South Taranaki District,6,232.2941176470588,215.0,120.62652841845684,110.0,520.0,34
territorial_authority_35_median_rent,median_rent,territorial_authority,35,South Taranaki District,7,236.5,205.0,127.38470723114149,120.0,550.0,34
territorial_authority_35_median_rent,median_rent,territorial_authority,35,South Taranaki District,8,225.15151515151516,210.0,112.64494030251683,115.0,483.0,33
territorial_authority_35_median_rent,median_rent,territorial_authority,35,South Taranaki District,9,228.72727272727272,200.0,116.27292051657835,120.0,500.0,33
territorial_authority_35_median_rent,median_rent,territorial_authority,35,South Taranaki District,10,227.42424242424244,210.0,119.22458594576622,120.0,530.0,33
territorial_authority_35_median_rent,median_rent,territorial_authority,35,South Taranaki District,11,225.57575757575756,200.0,114.88527709824005,120.0,500.0,33
territorial_authority_35_median_rent,median_rent,territorial_authority,35,South Taranaki District,12,232.8181818181818,220.0,118.13351941380104,120.0,510.0,33
territorial_authority_36_median_rent,median_rent,territorial_authority,36,Ruapehu District,1,195.15151515151516,168.0,104.34950922624205,90.0,445.0,33
territorial_authority_36_median_rent,median_rent,territorial_authority,36,Ruapehu District,2,190.11764705882354,151.5,100.90072069475096,83.0,450.0,34
territorial_authority_36_median_rent,median_rent,territorial_authority,36,Ruapehu District,3,196.73529411764707,165.0,106.54556823499011,100.0,465.0,34
territorial_authority_36_median_rent,median_rent,territorial_authority,36,Ruapehu District,4,193.6969696969697,160.0,103.1299195337139,100.0,455.0,33
territorial_authority_36_median_rent,median_rent,territorial_authority,36,Ruapehu District,5,192.94117647058823,175.0,101.71467555282473,91.0,475.0,34
territorial_authority_36_median_rent,median_rent,territorial_authority,36,Ruapehu District,6,189.41176470588235,175.0,94.54648292324302,80.0,450.0,34
territorial_authority_36_median_rent,median_rent,territorial_authority,36,Ruapehu District,7,185.7941176470588,162.5,97.66975258702143,90.0,430.0,34
territorial_authority_36_median_rent,median_rent,territorial_authority,36,Ruapehu District,8,186.27272727272728,158.0,97.29506434272268,95.0,440.0,33
territorial_authority_36_median_rent,median_rent,territorial_authority,36,Ruapehu District,9,188.33333333333334,160.0,100.94914148553549,93.0,475.0,33
territorial_authority_36_median_rent,median_rent,territorial_authority,36,Ruapehu District,10,190.93939393939394,160.0,102.34101676317864,90.0,450.0,33
territorial_authority_36_median_rent,median_rent,territorial_authority,36,Ruapehu District,11,195.54545454545453,160.0,104.70407433246417,90.0,500.0,33
territorial_authority_36_median_rent,median_rent,territorial_authority,36,Ruapehu District,12,193.24242424242425,165.0,104.57115708425243,90.0,445.0,33
territorial_authority_37_median_rent,median_rent,territorial_authority,37,Whanganui District,1,230.87878787878788,190.0,121.07868246923091,125.0,515.0,33
territorial_authority_37_median_rent,median_rent,territorial_authority,37,Whanganui District,2,227.41176470588235,181.5,127.37420833240375,120.0,530.0,34
territorial_authority_37_median_rent,median_rent,territorial_authority,37,Whanganui District,3,231.7941176470588,190.0,126.9506655339029,125.0,523.0,34
territorial_authority_37_median_rent,median_rent,territorial_authority,37,Whanganui District,4,233.8235294117647,199.0,127.64806508717282,120.0,520.0,34
territorial_authority_37_median_rent,median_rent,territorial_authority,37,Whanganui District,5,233.91176470588235,194.0,126.25476112163989,120.0,520.0,34
territorial_authority_37_median_rent,median_rent,territorial_authority,37,Whanganui District,6,233.94117647058823,190.0,126.97815158676771,120.0,540.0,34
territorial_authority_37_median_rent,median_rent,territorial_authority,37,Whanganui District,7,231.91176470588235,195.0,126.32314686214511,123.0,520.0,34
territorial_authority_37_median_rent,median_rent,territorial_authority,37,Whanganui District,8,225.3030303030303,190.0,121.80247453574293,120.0,520.0,33
territorial_authority_37_median_rent,median_rent,territorial_authority,37,Whanganui District,9,223.96969696969697,190.0,117.62399968981798,120.0,480.0,33
territorial_authority_37_median_rent,median_rent,territorial_authority,37,Whanganui District,10,226.24242424242425,180.0,120.60939803323535,125.0,515.0,33
territorial_authority_37_median_rent,median_rent,territorial_authority,37,Whanganui District,11,226.33333333333334,190.0,121.76018095693956,120.0,530.0,33
territorial_authority_37_median_rent,median_rent,territorial_authority,37,Whanganui District,12,229.03030303030303,190.0,120.63801350747742,125.0,515.0,33
territorial_authority_38_median_rent,median_rent,territorial_authority,38,Rangitikei District,1,207.9090909090909,170.0,116.95067433440785,100.0,500.0,33
territorial_authority_38_median_rent,median_rent,territorial_authority,38,Rangitikei District,2,200.08823529411765,167.5,109.72813999099024,100.0,470.0,34
territorial_authority_38_median_rent,median_rent,territorial_authority,38,Rangitikei District,3,204.52941176470588,172.5,119.50332448630816,100.0,480.0,34
territorial_authority_38_median_rent,median_rent,territorial_authority,38,Rangitikei District,4,214.08823529411765,175.0,130.8548508027487,105.0,535.0,34
territorial_authority_38_median_rent,median_rent,territorial_authority,38,Rangitikei District,5,211.8235294117647,180.0,125.08917318366059,105.0,520.0,34
territorial_authority_38_median_rent,median_rent,territorial_authority,38,Rangitikei District,6,213.55882352941177,177.5,125.32217660928623,100.0,525.0,34
territorial_authority_38_median_rent,median_rent,territorial_authority,38,Rangitikei District,7,212.64705882352942,170.0,128.28847284076076,110.0,520.0,34
territorial_authority_38_median_rent,median_rent,territorial_authority,38,Rangitikei District,8,204.93939393939394,170.0,115.15639891956161,105.0,500.0,33
territorial_authority_38_median_rent,median_rent,territorial_authority,38,Rangitikei District,9,207.24242424242425,168.0,124.14407716012632,105.0,535.0,33
territorial_authority_38_median_rent,median_rent,territorial_authority,38,Rangitikei District,10,207.36363636363637,180.0,115.2412735801008,105.0,500.0,33
territorial_authority_38_median_rent,median_rent,territorial_authority,38,Rangitikei District,11,206.03030303030303,170.0,115.82543029503626,105.0,510.0,33
territorial_authority_38_median_rent,median_rent,territorial_authority,38,Rangitikei District,12,209.6969696969697,170.0,119.94229989053197,110.0,500.0,33
territorial_authority_39_median_rent,median_rent,territorial_authority,39,Manawatu District,1,272.3636363636364,230.0,136.7798911988295,135.0,595.0,33
territorial_authority_39_median_rent,median_rent,territorial_authority,39,Manawatu District,2,267.7647058823529,230.0,139.77385605967115,130.0,570.0,34
territorial_authority_39_median_rent,median_rent,territorial_authority,39,Manawatu District,3,264.7352941176471,231.5,134.2894451556558,130.0,560.0,34
territorial_authority_39_median_rent,median_rent,territorial_authority,39,Manawatu District,4,271.88235294117646,215.0,144.81561206350025,130.0,600.0,34
territorial_authority_39_median_rent,median_rent,territorial_authority,39,Manawatu District,5,271.5882352941176,240.0,137.14803275184272,140.0,560.0,34
territorial_authority_39_median_rent,median_rent,territorial_authority,39,Manawatu District,6,270.52941176470586,226.5,142.65283888541347,125.0,580.0,34
territorial_authority_39_median_rent,median_rent,territorial_authority,39,Manawatu District,7,274.5882352941176,230.0,143.91098209132065,130.0,580.0,34
territorial_authority_39_median_rent,median_rent,territorial_authority,39,Manawatu District,8,264.6969696969697,230.0,132.6226990489573,133.0,550.0,33
territorial_authority_39_median_rent,median_rent,territorial_authority,39,Manawatu District,9,263.75757575757575,225.0,131.99148417204572,130.0,590.0,33
territorial_authority_39_median_rent,median_rent,territorial_authority,39,Manawatu District,10,268.6060606060606,215.0,141.13024556104625,128.0,600.0,33
territorial_authority_39_median_rent,median_rent,territorial_authority,39,Manawatu District,11,264.969696969697,230.0,129.30909791283173,140.0,550.0,33
territorial_authority_39_median_rent,median_rent,territorial_authority,39,Manawatu District,12,266.72727272727275,240.0,136.43479961305525,125.0,580.0,33
territorial_authority_40_median_rent,median_rent,territorial_authority,40,Palmerston North City,1,281.1515151515151,250.0,117.39360108522771,165.0,540.0,33
territorial_authority_40_median_rent,median_rent,territorial_authority,40,Palmerston North City,2,272.5882352941176,245.0,117.48323352899259,170.0,550.0,34
territorial_authority_40_median_rent,median_rent,territorial_authority,40,Palmerston North City,3,276.88235294117646,245.0,123.05450004845287,150.0,550.0,34
territorial_authority_40_median_rent,median_rent,territorial_authority,40,Palmerston North City,4,279.5,250.0,125.03072349699421,145.0,560.0,34
territorial_authority_40_median_rent,median_rent,territorial_authority,40,Palmerston North City,5,281.88235294117646,250.0,125.72354585428573,150.0,560.0,34
territorial_authority_40_median_rent,median_rent,territorial_authority,40,Palmerston North City,6,279.5882352941176,250.0,123.71548925514512,150.0,550.0,34
territorial_authority_40_median_rent,median_rent,territorial_authority,40,Palmerston North City,7,276.02941176470586,250.0,125.24992839630633,150.0,550.0,34
territorial_authority_40_median_rent,median_rent,territorial_authority,40,Palmerston North City,8,272.969696969697,250.0,119.44572115831652,145.0,550.0,33
territorial_authority_40_median_rent,median_rent,territorial_authority,40,Palmerston North City,9,273.54545454545456,250.0,118.12416425870782,150.0,530.0,33
territorial_authority_40_median_rent,median_rent,territorial_authority,40,Palmerston North City,10,276.6969696969697,250.0,122.35488467172166,150.0,550.0,33
territorial_authority_40_median_rent,median_rent,territorial_authority,40,Palmerston North City,11,300.6969696969697,270.0,123.71375349180182,173.0,560.0,33
territorial_authority_40_median_rent,median_rent,territorial_authority,40,Palmerston North City,12,291.1212121212121,260.0,127.4114294264249,155.0,550.0,33
territorial_authority_41_median_rent,median_rent,territorial_authority,41,Tararua District,1,202.1818181818182,165.0,111.86192788027083,100.0,500.0,33
territorial_authority_41_median_rent,median_rent,territorial_authority,41,Tararua District,2,198.05882352941177,170.0,110.33473619262062,100.0,500.0,34
territorial_authority_41_median_rent,median_rent,territorial_authority,41,Tararua District,3,200.05882352941177,171.5,109.20426819732536,100.0,480.0,34
territorial_authority_41_median_rent,median_rent,territorial_authority,41,Tararua District,4,204.08823529411765,175.0,115.86417535254276,100.0,490.0,34
territorial_authority_41_median_rent,median_rent,territorial_authority,41,Tararua District,5,202.76470588235293,174.0,112.1946519612176,100.0,450.0,34
territorial_authority_41_median_rent,median_rent,territorial_authority,41,Tararua District,6,205.35294117647058,169.0,117.08605546787688,100.0,500.0,34
territorial_authority_41_median_rent,median_rent,territorial_authority,41,Tararua District,7,203.73529411764707,167.5,110.37630093225009,100.0,473.0,34
territorial_authority_41_median_rent,median_rent,territorial_authority,41,Tararua District,8,197.3030303030303,173.0,106.60718926521935,100.0,470.0,33
territorial_authority_41_median_rent,median_rent,territorial_authority,41,Tararua District,9,199.66666666666666,170.0,110.33377391654228,100.0,480.0,33
territorial_authority_41_median_rent,median_rent,territorial_authority,41,Tararua District,10,198.6060606060606,170.0,107.27707682501986,100.0,500.0,33
territorial_authority_41_median_rent,median_rent,territorial_authority,41,Tararua District,11,197.42424242424244,165.0,107.57062514431804,100.0,445.0,33
territorial_authority_41_median_rent,median_rent,territorial_authority,41,Tararua District,12,203.03030303030303,170.0,112.92931551652258,103.0,480.0,33
territorial_authority_42_median_rent,median_rent,territorial_authority,42,Horowhenua District,1,240.24242424242425,200.0,128.27485877575307,125.0,535.0,33
territorial_authority_42_median_rent,median_rent,territorial_authority,42,Horowhenua District,2,238.3235294117647,192.5,130.8426583640513,120.0,540.0,34
territorial_authority_42_median_rent,median_rent,territorial_authority,42,Horowhenua District,3,239.91176470588235,195.0,130.25624341392086,120.0,528.0,34
territorial_authority_42_median_rent,median_rent,territorial_authority,42,Horowhenua District,4,242.11764705882354,195.0,130.0903566420878,125.0,533.0,34
territorial_authority_42_median_rent,median_rent,territorial_authority,42,Horowhenua District,5,244.2058823529412,195.0,135.23465115657407,125.0,523.0,34
territorial_authority_42_median_rent,median_rent,territorial_authority,42,Horowhenua District,6,245.52941176470588,200.0,133.1750352649674,130.0,520.0,34
territorial_authority_42_median_rent,median_rent,territorial_authority,42,Horowhenua District,7,243.91176470588235,200.0,134.51357206437837,120.0,530.0,34
territorial_authority_42_median_rent,median_rent,territorial_authority,42,Horowhenua District,8,235.5151515151515,200.0,122.58444059405572,120.0,510.0,33
territorial_authority_42_median_rent,median_rent,territorial_authority,42,Horowhenua District,9,236.0,200.0,127.59628717168852,120.0,530.0,33
territorial_authority_42_median_rent,median_rent,territorial_authority,42,Horowhenua District,10,236.75757575757575,190.0,124.37971857959558,130.0,525.0,33
territorial_authority_42_median_rent,median_rent,territorial_authority,42,Horowhenua District,11,237.3030303030303,190.0,128.45001091097774,120.0,518.0,33
territorial_authority_42_median_rent,median_rent,territorial_authority,42,Horowhenua District,12,241.87878787878788,200.0,132.61757933428302,120.0,541.0,33
territorial_authority_43_median_rent,median_rent,territorial_authority,43,Kapiti Coast District,1,327.1515151515151,300.0,147.73395031527988,150.0,620.0,33
territorial_authority_43_median_rent,median_rent,territorial_authority,43,Kapiti Coast District,2,320.7647058823529,287.5,148.04157049749713,150.0,630.0,34
territorial_authority_43_median_rent,median_rent,territorial_authority,43,Kapiti Coast District,3,319.2352941176471,290.0,146.35387972485367,150.0,620.0,34
territorial_authority_43_median_rent,median_rent,territorial_authority,43,Kapiti Coast District,4,324.9117647058824,300.0,147.73960869925716,150.0,630.0,34
territorial_authority_43_median_rent,median_rent,territorial_authority,43,Kapiti Coast District,5,323.2647058823529,299.5,146.80420042366666,150.0,620.0,34
territorial_authority_43_median_rent,median_rent,territorial_authority,43,Kapiti Coast District,6,324.3529411764706,290.0,147.8740009014515,150.0,625.0,34
territorial_authority_43_median_rent,median_rent,territorial_authority,43,Kapiti Coast District,7,324.38235294117646,295.0,150.08321221320952,150.0,640.0,34
territorial_authority_43_median_rent,median_rent,territorial_authority,43,Kapiti Coast District,8,314.1515151515151,295.0,139.2134425109787,140.0,618.0,33
territorial_authority_43_median_rent,median_rent,territorial_authority,43,Kapiti Coast District,9,316.030303030303,288.0,143.13640453438217,140.0,620.0,33
territorial_authority_43_median_rent,median_rent,territorial_authority,43,Kapiti Coast District,10,319.54545454545456,300.0,141.86769604747298,150.0,600.0,33
territorial_authority_43_median_rent,median_rent,territorial_authority,43,Kapiti Coast District,11,317.93939393939394,297.0,135.25137231141582,150.0,600.0,33
territorial_authority_43_median_rent,median_rent,territorial_authority,43,Kapiti Coast District,12,320.1212121212121,300.0,137.61262605039133,150.0,610.0,33
territorial_authority_44_median_rent,median_rent,territorial_authority,44,Porirua City,1,357.90909090909093,330.0,168.4125076331112,170.0,685.0,33
territorial_authority_44_median_rent,median_rent,territorial_authority,44,Porirua City,2,346.8235294117647,305.0,162.63669692651095,178.0,680.0,34
territorial_authority_44_median_rent,median_rent,territorial_authority,44,Porirua City,3,344.38235294117646,312.5,166.18573302471717,160.0,670.0,34
territorial_authority_44_median_rent,median_rent,territorial_authority,44,Porirua City,4,352.7647058823529,315.0,166.00859028951143,180.0,680.0,34
territorial_authority_44_median_rent,median_rent,territorial_authority,44,Porirua City,5,349.70588235294116,315.0,167.45791500458472,170.0,688.0,34
territorial_authority_44_median_rent,median_rent,territorial_authority,44,Porirua City,6,348.88235294117646,316.5,163.59239159641652,168.0,670.0,34
territorial_authority_44_median_rent,median_rent,territorial_authority,44,Porirua City,7,351.6764705882353,311.5,165.14231155568106,175.0,678.0,34
territorial_authority_44_median_rent,median_rent,territorial_authority,44,Porirua City,8,343.2121212121212,300.0,160.8838396125753,170.0,665.0,33
territorial_authority_44_median_rent,median_rent,territorial_authority,44,Porirua City,9,342.24242424242425,300.0,161.3478444043781,170.0,685.0,33
territorial_authority_44_median_rent,median_rent,territorial_authority,44,Porirua City,10,344.6666666666667,320.0,161.9696473622964,175.0,680.0,33
territorial_authority_44_median_rent,median_rent,territorial_authority,44,Porirua City,11,341.030303030303,318.0,161.64167254464516,180.0,675.0,33
territorial_authority_44_median_rent,median_rent,territorial_authority,44,Porirua City,12,347.6060606060606,328.0,159.24900694233926,175.0,660.0,33
territorial_authority_45_median_rent,median_rent,territorial_authority,45,Upper Hutt City,1,318.57575757575756,298.0,165.27836940731055,150.0,675.0,33
territorial_authority_45_median_rent,median_rent,territorial_authority,45,Upper Hutt City,2,305.6470588235294,272.5,165.0107218468566,140.0,650.0,34
territorial_authority_45_median_rent,median_rent,territorial_authority,45,Upper Hutt City,3,305.6764705882353,272.5,159.0814010400422,150.0,615.0,34
territorial_authority_45_median_rent,median_rent,territorial_authority,45,Upper Hutt City,4,320.1470588235294,289.0,163.7222578587288,140.0,650.0,34
territorial_authority_45_median_rent,median_rent,territorial_authority,45,Upper Hutt City,5,311.47058823529414,280.0,160.54325109568066,143.0,633.0,34
territorial_authority_45_median_rent,median_rent,territorial_authority,45,Upper Hutt City,6,307.79411764705884,267.5,161.19812379759426,150.0,630.0,34
territorial_authority_45_median_rent,median_rent,territorial_authority,45,Upper Hutt City,7,313.6764705882353,276.5,157.51993055007074,130.0,650.0,34
territorial_authority_45_median_rent,median_rent,territorial_authority,45,Upper Hutt City,8,308.030303030303,277.0,162.4581647779831,140.0,683.0,33
territorial_authority_45_median_rent,median_rent,territorial_authority,45,Upper Hutt City,9,306.93939393939394,280.0,153.18676089049347,150.0,650.0,33
territorial_authority_45_median_rent,median_rent,territorial_authority,45,Upper Hutt City,10,304.57575757575756,260.0,157.618215615897,140.0,650.0,33
territorial_authority_45_median_rent,median_rent,territorial_authority,45,Upper Hutt City,11,314.6060606060606,290.0,159.13200876040375,145.0,650.0,33
territorial_authority_45_median_rent,median_rent,territorial_authority,45,Upper Hutt City,12,320.3939393939394,280.0,167.09969692408544,155.0,665.0,33
territorial_authority_46_median_rent,median_rent,territorial_authority,46,Lower Hutt City,1,334.3333333333333,300.0,150.9210610440659,163.0,640.0,33
territorial_authority_46_median_rent,median_rent,territorial_authority,46,Lower Hutt City,2,328.55882352941177,296.5,151.48281054127253,160.0,640.0,34
territorial_authority_46_median_rent,median_rent,territorial_authority,46,Lower Hutt City,3,325.88235294117646,307.5,147.76450648282923,160.0,625.0,34
territorial_authority_46_median_rent,median_rent,territorial_authority,46,Lower Hutt City,4,330.47058823529414,305.0,148.84306058561143,165.0,630.0,34
territorial_authority_46_median_rent,median_rent,territorial_authority,46,Lower Hutt City,5,330.52941176470586,305.0,150.19022993970168,160.0,630.0,34
territorial_authority_46_median_rent,median_rent,territorial_authority,46,Lower Hutt City,6,329.44117647058823,295.0,150.7659617513728,170.0,650.0,34
territorial_authority_46_median_rent,median_rent,territorial_authority,46,Lower Hutt City,7,330.11764705882354,300.0,149.31373614090734,160.0,640.0,34
territorial_authority_46_median_rent,median_rent,territorial_authority,46,Lower Hutt City,8,322.6969696969697,300.0,144.15670398226476,160.0,620.0,33
territorial_authority_46_median_rent,median_rent,territorial_authority,46,Lower Hutt City,9,321.6060606060606,300.0,142.49055657172937,165.0,620.0,33
territorial_authority_46_median_rent,median_rent,territorial_authority,46,Lower Hutt City,10,320.8181818181818,295.0,143.03615245486333,160.0,620.0,33
territorial_authority_46_median_rent,median_rent,territorial_authority,46,Lower Hutt City,11,325.54545454545456,295.0,145.10170805961653,170.0,620.0,33
territorial_authority_46_median_rent,median_rent,territorial_authority,46,Lower Hutt City,12,327.75757575757575,295.0,145.29948174009223,170.0,620.0,33
territorial_authority_47_median_rent,median_rent,territorial_authority,47,Wellington City,1,408.5151515151515,400.0,149.4563316683424,198.0,650.0,33
territorial_authority_47_median_rent,median_rent,territorial_authority,47,Wellington City,2,400.6764705882353,379.0,159.98422660663567,180.0,680.0,34
territorial_authority_47_median_rent,median_rent,territorial_authority,47,Wellington City,3,383.2352941176471,380.0,136.30337349335284,185.0,625.0,34
territorial_authority_47_median_rent,median_rent,territorial_authority,47,Wellington City,4,380.9117647058824,380.0,136.80939353870338,180.0,625.0,34
territorial_authority_47_median_rent,median_rent,territorial_authority,47,Wellington City,5,375.7352941176471,375.0,133.2639915500443,185.0,600.0,34
territorial_authority_47_median_rent,median_rent,territorial_authority,47,Wellington City,6,372.29411764705884,377.5,131.589934544555,185.0,600.0,34
territorial_authority_47_median_rent,median_rent,territorial_authority,47,Wellington City,7,372.0882352941176,360.0,129.25130974005143,180.0,600.0,34
territorial_authority_47_median_rent,median_rent,territorial_authority,47,Wellington City,8,367.8181818181818,370.0,128.75690625784273,185.0,620.0,33
territorial_authority_47_median_rent,median_rent,territorial_authority,47,Wellington City,9,373.1818181818182,370.0,129.03377817103132,180.0,620.0,33
territorial_authority_47_median_rent,median_rent,territorial_authority,47,Wellington City,10,372.969696969697,375.0,130.2141229015897,185.0,610.0,33
territorial_authority_47_median_rent,median_rent,territorial_authority,47,Wellington City,11,392.8181818181818,390.0,148.5773061712014,190.0,670.0,33
territorial_authority_47_median_rent,median_rent,territorial_authority,47,Wellington City,12,388.4848484848485,380.0,142.96243414183178,180.0,640.0,33
territorial_authority_48_median_rent,median_rent,territorial_authority,48,Masterton District,1,257.030303030303,230.0,132.81036406482102,110.0,550.0,33
territorial_authority_48_median_rent,median_rent,territorial_authority,48,Masterton District,2,253.44117647058823,225.0,137.05101708277272,110.0,550.0,34
territorial_authority_48_median_rent,median_rent,territorial_authority,48,Masterton District,3,252.91176470588235,230.0,132.09715608322642,120.0,520.0,34
territorial_authority_48_median_rent,median_rent,territorial_authority,48,Masterton District,4,254.61764705882354,229.0,137.18446212615098,120.0,550.0,34
territorial_authority_48_median_rent,median_rent,territorial_authority,48,Masterton District,5,255.2941176470588,226.5,135.91408369321982,120.0,530.0,34
territorial_authority_48_median_rent,median_rent,territorial_authority,48,Masterton District,6,255.2941176470588,225.0,133.20354199762485,115.0,533.0,34
territorial_authority_48_median_rent,median_rent,territorial_authority,48,Masterton District,7,260.44117647058823,222.5,138.47747682006903,110.0,550.0,34
territorial_authority_48_median_rent,median_rent,territorial_authority,48,Masterton District,8,251.12121212121212,220.0,133.67281828586113,120.0,550.0,33
territorial_authority_48_median_rent,median_rent,territorial_authority,48,Masterton District,9,250.75757575757575,220.0,132.91633418786196,120.0,540.0,33
territorial_authority_48_median_rent,median_rent,territorial_authority,48,Masterton District,10,249.9090909090909,220.0,133.6729599704919,110.0,550.0,33
territorial_authority_48_median_rent,median_rent,territorial_authority,48,Masterton District,11,252.3030303030303,220.0,130.63438599017604,120.0,530.0,33
territorial_authority_48_median_rent,median_rent,territorial_authority,48,Masterton District,12,252.78787878787878,220.0,132.58010728795193,120.0,540.0,33
territorial_authority_49_median_rent,median_rent,territorial_authority,49,Carterton District,1,252.2258064516129,210.0,133.85108882072876,110.0,550.0,31
territorial_authority_49_median_rent,median_rent,territorial_authority,49,Carterton District,2,256.53125,225.0,137.01212199137944,110.0,550.0,32
territorial_authority_49_median_rent,median_rent,territorial_authority,49,Carterton District,3,254.5151515151515,225.0,142.33150591403708,100.0,550.0,33
territorial_authority_49_median_rent,median_rent,territorial_authority,49,Carterton District,4,249.40625,220.0,134.94105269195472,100.0,588.0,32
territorial_authority_49_median_rent,median_rent,territorial_authority,49,Carterton District,5,246.3939393939394,205.0,136.79522547267948,105.0,570.0,33
territorial_authority_49_median_rent,median_rent,territorial_authority,49,Carterton District,6,257.45454545454544,225.0,134.14010653722542,120.0,533.0,33
territorial_authority_49_median_rent,median_rent,territorial_authority,49,Carterton District,7,255.58823529411765,217.5,139.4456813214941,110.0,543.0,34
territorial_authority_49_median_rent,median_rent,territorial_authority,49,Carterton District,8,247.6875,215.0,129.21186340720146,98.0,550.0,32
territorial_authority_49_median_rent,median_rent,territorial_authority,49,Carterton District,9,243.90625,209.0,135.2162806037889,115.0,540.0,32
territorial_authority_49_median_rent,median_rent,territorial_authority,49,Carterton District,10,249.0,235.0,129.32613811600496,120.0,540.0,33
territorial_authority_49_median_rent,median_rent,territorial_authority,49,Carterton District,11,252.71875,202.5,138.21844197361256,115.0,550.0,32
territorial_authority_49_median_rent,median_rent,territorial_authority,49,Carterton District,12,257.9375,235.0,138.58337132012485,110.0,540.0,32
territorial_authority_50_median_rent,median_rent,territorial_authority,50,South Wairarapa District,1,265.54545454545456,230.0,149.12601443684522,78.0,555.0,33
territorial_authority_50_median_rent,median_rent,territorial_authority,50,South Wairarapa District,2,259.5,222.5,147.07455334769588,100.0,580.0,34
territorial_authority_50_median_rent,median_rent,territorial_authority,50,South Wairarapa District,3,269.4117647058824,230.0,153.9163719503783,100.0,600.0,34
territorial_authority_50_median_rent,median_rent,territorial_authority,50,South Wairarapa District,4,265.6969696969697,230.0,155.1212197058491,110.0,580.0,33
territorial_authority_50_median_rent,median_rent,territorial_authority,50,South Wairarapa District,5,268.2352941176471,229.0,155.49667419682814,110.0,578.0,34
territorial_authority_50_median_rent,median_rent,territorial_authority,50,South Wairarapa District,6,261.88235294117646,221.5,149.6532891448486,105.0,575.0,34
territorial_authority_50_median_rent,median_rent,territorial_authority,50,South Wairarapa District,7,281.34375,232.5,156.25983517433286,110.0,588.0,32
territorial_authority_50_median_rent,median_rent,territorial_authority,50,South Wairarapa District,8,255.3030303030303,230.0,139.02753433413938,110.0,550.0,33
territorial_authority_50_median_rent,median_rent,territorial_authority,50,South Wairarapa District,9,264.03125,224.0,143.44122869213606,110.0,575.0,32
territorial_authority_50_median_rent,median_rent,territorial_authority,50,South Wairarapa District,10,267.0,222.5,152.01909896987584,100.0,573.0,32
territorial_authority_50_median_rent,median_rent,territorial_authority,50,South Wairarapa District,11,267.7741935483871,230.0,149.45895973531094,110.0,563.0,31
territorial_authority_50_median_rent,median_rent,territorial_authority,50,South Wairarapa District,12,265.1515151515151,220.0,153.97181584873766,100.0,600.0,33
territorial_authority_51_median_rent,median_rent,territorial_authority,51,Tasman District,1,315.93939393939394,300.0,139.3000222976336,145.0,595.0,33
territorial_authority_51_median_rent,median_rent,territorial_authority,51,Tasman District,2,307.38235294117646,292.5,132.97231762627123,140.0,593.0,34
territorial_authority_51_median_rent,median_rent,territorial_authority,51,Tasman District,3,313.94117647058823,300.0,141.74794983851604,135.0,610.0,34
territorial_authority_51_median_rent,median_rent,territorial_authority,51,Tasman District,4,315.70588235294116,302.5,136.75625949039377,150.0,590.0,34
territorial_authority_51_median_rent,median_rent,territorial_authority,51,Tasman District,5,313.3235294117647,300.0,134.1181569946837,145.0,590.0,34
territorial_authority_51_median_rent,median_rent,territorial_authority,51,Tasman District,6,308.9117647058824,295.0,136.65026530860695,138.0,580.0,34
territorial_authority_51_median_rent,median_rent,territorial_authority,51,Tasman District,7,311.2647058823529,297.0,136.55486383790824,148.0,600.0,34
territorial_authority_51_median_rent,median_rent,territorial_authority,51,Tasman District,8,301.09090909090907,290.0,126.06901969664362,150.0,580.0,33
territorial_authority_51_median_rent,median_rent,territorial_authority,51,Tasman District,9,306.7878787878788,300.0,130.4932367921221,150.0,580.0,33
territorial_authority_51_median_rent,median_rent,territorial_authority,51,Tasman District,10,306.75757575757575,290.0,130.67517703810236,150.0,580.0,33
territorial_authority_51_median_rent,median_rent,territorial_authority,51,Tasman District,11,308.72727272727275,280.0,131.1952916283757,145.0,585.0,33
territorial_authority_51_median_rent,median_rent,territorial_authority,51,Tasman District,12,317.90909090909093,300.0,138.04649661354222,150.0,600.0,33
territorial_authority_52_median_rent,median_rent,territorial_authority,52,Nelson City,1,314.3939393939394,300.0,128.8577072282493,155.0,580.0,33
territorial_authority_52_median_rent,median_rent,territorial_authority,52,Nelson City,2,305.2647058823529,300.0,125.036069662228,150.0,550.0,34
territorial_authority_52_median_rent,median_rent,territorial_authority,52,Nelson City,3,307.02941176470586,297.5,123.26086780879334,150.0,550.0,34
territorial_authority_52_median_rent,median_rent,territorial_authority,52,Nelson City,4,314.5,297.5,130.1188850337423,150.0,580.0,34
territorial_authority_52_median_rent,median_rent,territorial_authority,52,Nelson City,5,308.0,305.0,123.55271234284066,155.0,560.0,34
territorial_authority_52_median_rent,median_rent,territorial_authority,52,Nelson City,6,307.7647058823529,297.5,123.7938312516883,150.0,565.0,34
territorial_authority_52_median_rent,median_rent,territorial_authority,52,Nelson City,7,306.4117647058824,295.0,124.33023417546022,147.0,550.0,34
territorial_authority_52_median_rent,median_rent,territorial_authority,52,Nelson City,8,297.06060606060606,300.0,115.26245577863249,150.0,550.0,33
territorial_authority_52_median_rent,median_rent,territorial_authority,52,Nelson City,9,299.6666666666667,300.0,117.75813843071174,150.0,530.0,33
territorial_authority_52_median_rent,median_rent,territorial_authority,52,Nelson City,10,300.0,295.0,117.00614300112626,150.0,540.0,33
territorial_authority_52_median_rent,median_rent,territorial_authority,52,Nelson City,11,300.45454545454544,295.0,118.40848019385344,145.0,550.0,33
territorial_authority_52_median_rent,median_rent,territorial_authority,52,Nelson City,12,308.6060606060606,300.0,121.14401021974308,150.0,570.0,33
territorial_authority_53_median_rent,median_rent,territorial_authority,53,Marlborough District,1,291.4848484848485,280.0,136.53001529245344,133.0,580.0,33
territorial_authority_53_median_rent,median_rent,territorial_authority,53,Marlborough District,2,284.8235294117647,280.0,130.55022732202514,130.0,578.0,34
territorial_authority_53_median_rent,median_rent,territorial_authority,53,Marlborough District,3,287.5,277.5,133.47596537704206,135.0,580.0,34
territorial_authority_53_median_rent,median_rent,territorial_authority,53,Marlborough District,4,285.97058823529414,279.0,128.40123790919307,130.0,560.0,34
territorial_authority_53_median_rent,median_rent,territorial_authority,53,Marlborough District,5,290.8529411764706,277.5,136.84787669059284,130.0,590.0,34
territorial_authority_53_median_rent,median_rent,territorial_authority,53,Marlborough District,6,289.5882352941176,277.5,131.46404454797766,130.0,550.0,34
territorial_authority_53_median_rent,median_rent,territorial_authority,53,Marlborough District,7,290.3235294117647,280.0,133.44269467799035,130.0,585.0,34
territorial_authority_53_median_rent,median_rent,territorial_authority,53,Marlborough District,8,280.6363636363636,265.0,131.1606405762172,130.0,570.0,33
territorial_authority_53_median_rent,median_rent,territorial_authority,53,Marlborough District,9,278.42424242424244,270.0,120.82684674334338,130.0,560.0,33
territorial_authority_53_median_rent,median_rent,territorial_authority,53,Marlborough District,10,283.5151515151515,270.0,127.14291201540719,130.0,560.0,33
territorial_authority_53_median_rent,median_rent,territorial_authority,53,Marlborough District,11,285.75757575757575,270.0,130.25384598521225,130.0,570.0,33
territorial_authority_53_median_rent,median_rent,territorial_authority,53,Marlborough District,12,287.4848484848485,270.0,129.91971588545584,140.0,560.0,33
territorial_authority_54_median_rent,median_rent,territorial_authority,54,Kaikoura District,1,233.3181818181818,227.5,119.0239617186534,48.0,535.0,22
territorial_authority_54_median_rent,median_rent,territorial_authority,54,Kaikoura District,2,264.48,245.0,111.96618537159631,130.0,550.0,25
territorial_authority_54_median_rent,median_rent,territorial_authority,54,Kaikoura District,3,271.8,242.5,100.7767725953597,160.0,520.0,20
territorial_authority_54_median_rent,median_rent,territorial_authority,54,Kaikoura District,4,253.6,250.0,103.75773063568165,120.0,525.0,25
territorial_authority_54_median_rent,median_rent,territorial_authority,54,Kaikoura District,5,300.61538461538464,265.0,138.89825828226267,140.0,650.0,26
territorial_authority_54_median_rent,median_rent,territorial_authority,54,Kaikoura District,6,252.80769230769232,250.0,92.1594354282921,75.0,525.0,26
territorial_authority_54_median_rent,median_rent,territorial_authority,54,Kaikoura District,7,269.2083333333333,250.0,108.4391150215948,120.0,525.0,24
territorial_authority_54_median_rent,median_rent,territorial_authority,54,Kaikoura District,8,246.25,245.0,58.0162182406555,160.0,400.0,20
territorial_authority_54_median_rent,median_rent,territorial_authority,54,Kaikoura District,9,252.4,240.0,99.91663191547909,118.0,540.0,25
territorial_authority_54_median_rent,median_rent,territorial_authority,54,Kaikoura District,10,234.75,232.5,93.18063336757595,100.0,540.0,24
territorial_authority_54_median_rent,median_rent,territorial_authority,54,Kaikoura District,11,255.30434782608697,235.0,109.6313802051753,135.0,550.0,23
territorial_authority_54_median_rent,median_rent,territorial_authority,54,Kaikoura District,12,294.4117647058824,260.0,104.58074561285733,140.0,505.0,17
territorial_authority_55_median_rent,median_rent,territorial_authority,55,Buller District,1,207.72727272727272,208.0,104.62261727492077,54.0,450.0,33
territorial_authority_55_median_rent,median_rent,territorial_authority,55,Buller District,2,212.66666666666666,200.0,104.12422468698948,90.0,500.0,33
territorial_authority_55_median_rent,median_rent,territorial_authority,55,Buller District,3,209.11764705882354,200.0,104.34841541852231,90.0,450.0,34
territorial_authority_55_median_rent,median_rent,territorial_authority,55,Buller District,4,212.88235294117646,187.5,109.46308765027716,80.0,480.0,34
territorial_authority_55_median_rent,median_rent,territorial_authority,55,Buller District,5,213.02941176470588,205.0,105.12575018119323,65.0,450.0,34
territorial_authority_55_median_rent,median_rent,territorial_authority,55,Buller District,6,212.97058823529412,200.0,105.07904248393429,95.0,475.0,34
territorial_authority_55_median_rent,median_rent,territorial_authority,55,Buller District,7,213.3235294117647,200.0,105.97504583004871,85.0,450.0,34
territorial_authority_55_median_rent,median_rent,territorial_authority,55,Buller District,8,208.84848484848484,183.0,102.26378917171795,75.0,450.0,33
territorial_authority_55_median_rent,median_rent,territorial_authority,55,Buller District,9,208.54545454545453,200.0,104.3557889233663,55.0,450.0,33
territorial_authority_55_median_rent,median_rent,territorial_authority,55,Buller District,10,206.6060606060606,200.0,96.18404863656558,85.0,425.0,33
territorial_authority_55_median_rent,median_rent,territorial_authority,55,Buller District,11,206.57575757575756,180.0,98.86291971178777,88.0,420.0,33
territorial_authority_55_median_rent,median_rent,territorial_authority,55,Buller District,12,213.40625,196.0,104.60736400865243,83.0,460.0,32
territorial_authority_56_median_rent,median_rent,territorial_authority,56,Grey District,1,238.5151515151515,250.0,97.17899760626045,120.0,450.0,33
territorial_authority_56_median_rent,median_rent,territorial_authority,56,Grey District,2,227.76470588235293,229.0,106.08631672070351,115.0,500.0,34
territorial_authority_56_median_rent,median_rent,territorial_authority,56,Grey District,3,236.35294117647058,241.5,102.73026828248027,120.0,480.0,34
territorial_authority_56_median_rent,median_rent,territorial_authority,56,Grey District,4,229.42424242424244,230.0,93.89689501756379,120.0,475.0,33
territorial_authority_56_median_rent,median_rent,territorial_authority,56,Grey District,5,233.7941176470588,245.0,102.514678745479,120.0,490.0,34
territorial_authority_56_median_rent,median_rent,territorial_authority,56,Grey District,6,233.2058823529412,235.0,104.56512525165753,110.0,500.0,34
territorial_authority_56_median_rent,median_rent,territorial_authority,56,Grey District,7,235.35294117647058,235.0,101.89295700909379,120.0,488.0,34
territorial_authority_56_median_rent,median_rent,territorial_authority,56,Grey District,8,226.3939393939394,230.0,97.87170792481966,100.0,463.0,33
territorial_authority_56_median_rent,median_rent,territorial_authority,56,Grey District,9,230.93939393939394,240.0,95.79337770493959,115.0,430.0,33
territorial_authority_56_median_rent,median_rent,territorial_authority,56,Grey District,10,228.24242424242425,235.0,96.9107289929211,115.0,490.0,33
territorial_authority_56_median_rent,median_rent,territorial_authority,56,Grey District,11,231.15151515151516,245.0,99.77478426815856,120.0,500.0,33
territorial_authority_56_median_rent,median_rent,territorial_authority,56,Grey District,12,234.12121212121212,230.0,101.6961643744977,125.0,510.0,33
territorial_authority_57_median_rent,median_rent,territorial_authority,57,Westland District,1,217.90625,200.0,104.0283334155931,68.0,448.0,32
territorial_authority_57_median_rent,median_rent,territorial_authority,57,Westland District,2,226.96774193548387,200.0,114.0603594216582,100.0,500.0,31
territorial_authority_57_median_rent,median_rent,territorial_authority,57,Westland District,3,232.51612903225808,210.0,102.85065903783081,100.0,450.0,31
territorial_authority_57_median_rent,median_rent,territorial_authority,57,Westland District,4,236.41935483870967,220.0,106.86963216728077,94.0,550.0,31
territorial_authority_57_median_rent,median_rent,territorial_authority,57,Westland District,5,225.8125,220.0,97.30511954837002,100.0,470.0,32
territorial_authority_57_median_rent,median_rent,territorial_authority,57,Westland District,6,219.21875,215.0,87.81312062115664,100.0,485.0,32
territorial_authority_57_median_rent,median_rent,territorial_authority,57,Westland District,7,221.12121212121212,220.0,92.90073922464151,98.0,420.0,33
territorial_authority_57_median_rent,median_rent,territorial_authority,57,Westland District,8,219.06451612903226,215.0,98.08089704724055,100.0,450.0,31
territorial_authority_57_median_rent,median_rent,territorial_authority,57,Westland District,9,215.40625,207.5,84.19135630102684,110.0,390.0,32
territorial_authority_57_median_rent,median_rent,territorial_authority,57,Westland District,10,210.03333333333333,211.5,75.18780318061191,100.0,410.0,30
territorial_authority_57_median_rent,median_rent,territorial_authority,57,Westland District,11,220.75862068965517,225.0,80.38285850159038,100.0,400.0,29
territorial_authority_57_median_rent,median_rent,territorial_authority,57,Westland District,12,226.5,215.0,103.90770108527846,100.0,500.0,30
territorial_authority_58_median_rent,median_rent,territorial_authority,58,Hurunui District,1,228.57575757575756,220.0,116.71708055781465,37.0,513.0,33
territorial_authority_58_median_rent,median_rent,territorial_authority,58,Hurunui District,2,240.72727272727272,220.0,114.55819283427329,55.0,500.0,33
territorial_authority_58_median_rent,median_rent,territorial_authority,58,Hurunui District,3,265.65625,242.5,131.05763552973616,95.0,600.0,32
territorial_authority_58_median_rent,median_rent,territorial_authority,58,Hurunui District,4,253.0909090909091,215.0,131.12264383878446,90.0,560.0,33
territorial_authority_58_median_rent,median_rent,territorial_authority,58,Hurunui District,5,268.0,235.0,121.40545998547888,80.0,550.0,29
territorial_authority_58_median_rent,median_rent,territorial_authority,58,Hurunui District,6,255.27272727272728,240.0,118.57415209671352,105.0,550.0,33
territorial_authority_58_median_rent,median_rent,territorial_authority,58,Hurunui District,7,266.375,231.5,131.99725070450668,80.0,550.0,32
territorial_authority_58_median_rent,median_rent,territorial_authority,58,Hurunui District,8,258.2,229.0,112.32201245863887,100.0,488.0,30
territorial_authority_58_median_rent,median_rent,territorial_authority,58,Hurunui District,9,250.59375,244.0,110.53910689536896,100.0,500.0,32
territorial_authority_58_median_rent,median_rent,territorial_authority,58,Hurunui District,10,239.93939393939394,230.0,111.99244935316494,85.0,558.0,33
territorial_authority_58_median_rent,median_rent,territorial_authority,58,Hurunui District,11,249.9375,230.0,111.81982555475918,100.0,550.0,32
territorial_authority_58_median_rent,median_rent,territorial_authority,58,Hurunui District,12,270.38709677419354,250.0,122.47058896441352,100.0,580.0,31
territorial_authority_59_median_rent,median_rent,territorial_authority,59,Waimakariri District,1,325.1818181818182,300.0,142.57858678318743,145.0,600.0,33
territorial_authority_59_median_rent,median_rent,territorial_authority,59,Waimakariri District,2,317.29411764705884,291.5,143.7300772833039,145.0,600.0,34
territorial_authority_59_median_rent,median_rent,territorial_authority,59,Waimakariri District,3,320.8529411764706,284.0,142.4272557234237,140.0,600.0,34
territorial_authority_59_median_rent,median_rent,territorial_authority,59,Waimakariri District,4,322.55882352941177,299.0,139.8991392475677,145.0,620.0,34
territorial_authority_59_median_rent,median_rent,territorial_authority,59,Waimakariri District,5,322.52941176470586,300.0,142.52809086103684,140.0,600.0,34
territorial_authority_59_median_rent,median_rent,territorial_authority,59,Waimakariri District,6,323.11764705882354,289.0,145.5207503074853,133.0,630.0,34
territorial_authority_59_median_rent,median_rent,territorial_authority,59,Waimakariri District,7,324.2647058823529,290.0,146.92717404943613,150.0,615.0,34
territorial_authority_59_median_rent,median_rent,territorial_authority,59,Waimakariri District,8,312.6060606060606,288.0,136.91396463517228,140.0,600.0,33
territorial_authority_59_median_rent,median_rent,territorial_authority,59,Waimakariri District,9,312.09090909090907,280.0,137.53326044005763,140.0,593.0,33
territorial_authority_59_median_rent,median_rent,territorial_authority,59,Waimakariri District,10,314.5151515151515,290.0,134.52628024203142,140.0,590.0,33
territorial_authority_59_median_rent,median_rent,territorial_authority,59,Waimakariri District,11,315.27272727272725,290.0,133.55763566885474,150.0,585.0,33
territorial_authority_59_median_rent,median_rent,territorial_authority,59,Waimakariri District,12,318.6969696969697,290.0,139.6720455317752,140.0,595.0,33
territorial_authority_60_median_rent,median_rent,territorial_authority,60,Christchurch City,1,326.6060606060606,300.0,125.0567219789533,160.0,580.0,33
territorial_authority_60_median_rent,median_rent,territorial_authority,60,Christchurch City,2,320.6764705882353,300.0,123.97964656718193,160.0,550.0,34
territorial_authority_60_median_rent,median_rent,territorial_authority,60,Christchurch City,3,311.9117647058824,285.0,122.72792466982055,150.0,550.0,34
territorial_authority_60_median_rent,median_rent,territorial_authority,60,Christchurch City,4,313.2352941176471,290.0,123.1399939520745,150.0,550.0,34
territorial_authority_60_median_rent,median_rent,territorial_authority,60,Christchurch City,5,312.44117647058823,290.0,123.1852980150587,150.0,550.0,34
territorial_authority_60_median_rent,median_rent,territorial_authority,60,Christchurch City,6,310.88235294117646,280.0,122.4897682074222,150.0,550.0,34
territorial_authority_60_median_rent,median_rent,territorial_authority,60,Christchurch City,7,311.02941176470586,287.5,121.37956627346468,150.0,550.0,34
territorial_authority_60_median_rent,median_rent,territorial_authority,60,Christchurch City,8,304.7878787878788,285.0,118.0595076581503,150.0,540.0,33
territorial_authority_60_median_rent,median_rent,territorial_authority,60,Christchurch City,9,305.75757575757575,280.0,116.45574006436692,150.0,539.0,33
territorial_authority_60_median_rent,median_rent,territorial_authority,60,Christchurch City,10,306.6666666666667,280.0,117.54431788336967,150.0,545.0,33
territorial_authority_60_median_rent,median_rent,territorial_authority,60,Christchurch City,11,312.06060606060606,290.0,123.4761969454891,150.0,570.0,33
territorial_authority_60_median_rent,median_rent,territorial_authority,60,Christchurch City,12,318.06060606060606,290.0,128.12053392068427,150.0,580.0,33
territorial_authority_62_median_rent,median_rent,territorial_authority,62,Selwyn District,1,355.57575757575756,335.0,165.81956125240285,90.0,640.0,33
territorial_authority_62_median_rent,median_rent,territorial_authority,62,Selwyn District,2,362.7352941176471,350.0,153.78207895423523,148.0,640.0,34
territorial_authority_62_median_rent,median_rent,territorial_authority,62,Selwyn District,3,349.6470588235294,332.5,162.57863036602757,110.0,640.0,34
territorial_authority_62_median_rent,median_rent,territorial_authority,62,Selwyn District,4,372.84375,375.0,154.12125711647076,150.0,640.0,32
territorial_authority_62_median_rent,median_rent,territorial_authority,62,Selwyn District,5,356.0,352.5,161.96595227692052,70.0,630.0,34
territorial_authority_62_median_rent,median_rent,territorial_authority,62,Selwyn District,6,364.5151515151515,350.0,154.61183679058203,160.0,640.0,33
territorial_authority_62_median_rent,median_rent,territorial_authority,62,Selwyn District,7,371.75,345.0,151.5883645207129,160.0,630.0,32
territorial_authority_62_median_rent,median_rent,territorial_authority,62,Selwyn District,8,356.03125,352.5,150.38284141462245,130.0,630.0,32
territorial_authority_62_median_rent,median_rent,territorial_authority,62,Selwyn District,9,361.7096774193548,355.0,150.00870942457243,150.0,630.0,31
territorial_authority_62_median_rent,median_rent,territorial_authority,62,Selwyn District,10,357.75,350.0,151.9859925634066,120.0,620.0,32
territorial_authority_62_median_rent,median_rent,territorial_authority,62,Selwyn District,11,362.0625,370.0,157.42954133157778,105.0,629.0,32
territorial_authority_62_median_rent,median_rent,territorial_authority,62,Selwyn District,12,364.40625,360.0,157.25054169351284,125.0,640.0,32
territorial_authority_63_median_rent,median_rent,territorial_authority,63,Ashburton District,1,257.1515151515151,250.0,117.25243100148322,120.0,530.0,33
territorial_authority_63_median_rent,median_rent,territorial_authority,63,Ashburton District,2,254.23529411764707,250.0,116.81922289499133,115.0,500.0,34
territorial_authority_63_median_rent,median_rent,territorial_authority,63,Ashburton District,3,255.7058823529412,250.0,119.4336456863188,120.0,500.0,34
territorial_authority_63_median_rent,median_rent,territorial_authority,63,Ashburton District,4,258.5882352941176,250.0,122.56578138488904,110.0,525.0,34
territorial_authority_63_median_rent,median_rent,territorial_authority,63,Ashburton District,5,258.9117647058824,255.0,118.49162293547317,120.0,500.0,34
territorial_authority_63_median_rent,median_rent,territorial_authority,63,Ashburton District,6,258.5,247.5,117.1826468692047,120.0,500.0,34
territorial_authority_63_median_rent,median_rent,territorial_authority,63,Ashburton District,7,259.52941176470586,250.0,121.11032668582199,118.0,515.0,34
territorial_authority_63_median_rent,median_rent,territorial_authority,63,Ashburton District,8,249.36363636363637,250.0,110.12118840787925,120.0,480.0,33
territorial_authority_63_median_rent,median_rent,territorial_authority,63,Ashburton District,9,253.0909090909091,250.0,114.45806099734837,118.0,490.0,33
territorial_authority_63_median_rent,median_rent,territorial_authority,63,Ashburton District,10,253.6969696969697,248.0,114.61688489498526,110.0,470.0,33
territorial_authority_63_median_rent,median_rent,territorial_authority,63,Ashburton District,11,254.9090909090909,250.0,115.82189010404177,110.0,485.0,33
territorial_authority_63_median_rent,median_rent,territorial_authority,63,Ashburton District,12,253.75757575757575,245.0,114.44377175687366,113.0,490.0,33
territorial_authority_64_median_rent,median_rent,territorial_authority,64,Timaru District,1,239.78787878787878,215.0,114.85418951211507,110.0,500.0,33
territorial_authority_64_median_rent,median_rent,territorial_authority,64,Timaru District,2,233.85294117647058,215.0,115.10051795501003,100.0,490.0,34
territorial_authority_64_median_rent,median_rent,territorial_authority,64,Timaru District,3,238.55882352941177,210.0,115.66571246915922,115.0,500.0,34
territorial_authority_64_median_rent,median_rent,territorial_authority,64,Timaru District,4,238.88235294117646,210.0,116.39060794814299,110.0,488.0,34
territorial_authority_64_median_rent,median_rent,territorial_authority,64,Timaru District,5,238.91176470588235,205.0,115.30443699498659,110.0,480.0,34
territorial_authority_64_median_rent,median_rent,territorial_authority,64,Timaru District,6,241.02941176470588,215.0,118.94472495063786,113.0,493.0,34
territorial_authority_64_median_rent,median_rent,territorial_authority,64,Timaru District,7,240.64705882352942,220.0,115.73372844671621,100.0,500.0,34
territorial_authority_64_median_rent,median_rent,territorial_authority,64,Timaru District,8,235.33333333333334,215.0,111.64807059088243,110.0,480.0,33
territorial_authority_64_median_rent,median_rent,territorial_authority,64,Timaru District,9,235.27272727272728,225.0,109.72900503264641,110.0,470.0,33
territorial_authority_64_median_rent,median_rent,territorial_authority,64,Timaru District,10,235.03030303030303,200.0,114.39691998926504,110.0,480.0,33
territorial_authority_64_median_rent,median_rent,territorial_authority,64,Timaru District,11,236.21212121212122,210.0,113.8298504281054,100.0,490.0,33
territorial_authority_64_median_rent,median_rent,territorial_authority,64,Timaru District,12,238.54545454545453,205.0,112.47585599504535,115.0,478.0,33
territorial_authority_65_median_rent,median_rent,territorial_authority,65,Mackenzie District,1,206.82142857142858,190.0,113.03065908938112,40.0,430.0,28
territorial_authority_65_median_rent,median_rent,territorial_authority,65,Mackenzie District,2,237.23076923076923,222.5,109.90625375921343,70.0,430.0,26
territorial_authority_65_median_rent,median_rent,territorial_authority,65,Mackenzie District,3,235.75,235.0,116.06903867582618,60.0,430.0,24
territorial_authority_65_median_rent,median_rent,territorial_authority,65,Mackenzie District,4,235.9655172413793,200.0,117.78414966085231,90.0,450.0,29
territorial_authority_65_median_rent,median_rent,territorial_authority,65,Mackenzie District,5,228.6153846153846,209.0,116.23289617765772,38.0,425.0,26
territorial_authority_65_median_rent,median_rent,territorial_authority,65,Mackenzie District,6,208.90322580645162,180.0,113.79963527730357,75.0,485.0,31
territorial_authority_65_median_rent,median_rent,territorial_authority,65,Mackenzie District,7,232.42307692307693,217.5,107.3562939289255,80.0,450.0,26
territorial_authority_65_median_rent,median_rent,territorial_authority,65,Mackenzie District,8,233.53846153846155,225.0,114.64911016461689,75.0,460.0,26
territorial_authority_65_median_rent,median_rent,territorial_authority,65,Mackenzie District,9,227.08333333333334,195.0,109.40468023796339,85.0,430.0,24
territorial_authority_65_median_rent,median_rent,territorial_authority,65,Mackenzie District,10,197.03571428571428,190.0,88.51343574214204,75.0,350.0,28
territorial_authority_65_median_rent,median_rent,territorial_authority,65,Mackenzie District,11,194.1851851851852,180.0,96.57720587776751,80.0,450.0,27
territorial_authority_65_median_rent,median_rent,territorial_authority,65,Mackenzie District,12,229.58333333333334,180.0,117.9620118168729,80.0,463.0,24
territorial_authority_66_median_rent,median_rent,territorial_authority,66,Waimate District,1,203.42307692307693,185.0,91.26058210505698,100.0,400.0,26
territorial_authority_66_median_rent,median_rent,territorial_authority,66,Waimate District,2,211.40740740740742,220.0,97.69074409319177,95.0,420.0,27
territorial_authority_66_median_rent,median_rent,territorial_authority,66,Waimate District,3,227.36,220.0,101.55617493125008,100.0,460.0,25
territorial_authority_66_median_rent,median_rent,territorial_authority,66,Waimate District,4,197.3939393939394,170.0,101.08255889183461,93.0,415.0,33
territorial_authority_66_median_rent,median_rent,territorial_authority,66,Waimate District,5,219.17241379310346,190.0,103.75763963801042,85.0,450.0,29
territorial_authority_66_median_rent,median_rent,territorial_authority,66,Waimate District,6,221.22222222222223,200.0,100.84997743538642,100.0,425.0,27
territorial_authority_66_median_rent,median_rent,territorial_authority,66,Waimate District,7,204.8,179.0,100.50060902200099,90.0,480.0,30
territorial_authority_66_median_rent,median_rent,territorial_authority,66,Waimate District,8,221.14814814814815,190.0,105.27535459403727,100.0,450.0,27
territorial_authority_66_median_rent,median_rent,territorial_authority,66,Waimate District,9,209.0,200.0,92.74489411614736,85.0,380.0,27
territorial_authority_66_median_rent,median_rent,territorial_authority,66,Waimate District,10,210.2962962962963,200.0,92.99123813763516,90.0,420.0,27
territorial_authority_66_median_rent,median_rent,territorial_authority,66,Waimate District,11,208.30769230769232,200.0,97.12333158650159,70.0,440.0,26
territorial_authority_66_median_rent,median_rent,territorial_authority,66,Waimate District,12,216.74074074074073,200.0,98.84704290841427,95.0,395.0,27
territorial_authority_68_median_rent,median_rent,territorial_authority,68,Waitaki District,1,227.54545454545453,220.0,111.79755445365603,100.0,480.0,33
territorial_authority_68_median_rent,median_rent,territorial_authority,68,Waitaki District,2,223.64705882352942,225.0,114.43004541691681,90.0,480.0,34
territorial_authority_68_median_rent,median_rent,territorial_authority,68,Waitaki District,3,221.61764705882354,215.0,113.56563039237314,53.0,500.0,34
territorial_authority_68_median_rent,median_rent,territorial_authority,68,Waitaki District,4,226.02941176470588,212.5,114.9201264895352,93.0,490.0,34
territorial_authority_68_median_rent,median_rent,territorial_authority,68,Waitaki District,5,228.2941176470588,211.5,116.85098757683954,85.0,480.0,34
territorial_authority_68_median_rent,median_rent,territorial_authority,68,Waitaki District,6,224.7941176470588,212.5,108.90607001247221,100.0,470.0,34
territorial_authority_68_median_rent,median_rent,territorial_authority,68,Waitaki District,7,227.47058823529412,220.0,112.87220859171121,85.0,475.0,34
territorial_authority_68_median_rent,median_rent,territorial_authority,68,Waitaki District,8,218.33333333333334,215.0,104.52023328842444,85.0,480.0,33
territorial_authority_68_median_rent,median_rent,territorial_authority,68,Waitaki District,9,220.33333333333334,200.0,104.79285121928244,93.0,470.0,33
territorial_authority_68_median_rent,median_rent,territorial_authority,68,Waitaki District,10,219.66666666666666,208.0,108.49011091646405,85.0,455.0,33
territorial_authority_68_median_rent,median_rent,territorial_authority,68,Waitaki District,11,221.4848484848485,210.0,108.55215371312343,105.0,473.0,33
territorial_authority_68_median_rent,median_rent,territorial_authority,68,Waitaki District,12,223.0,210.0,108.55557332537103,95.0,460.0,33
territorial_authority_69_median_rent,median_rent,territorial_authority,69,Central Otago District,1,283.0,250.0,149.04592413078598,95.0,598.0,33
territorial_authority_69_median_rent,median_rent,territorial_authority,69,Central Otago District,2,282.61764705882354,254.0,157.5815353561609,108.0,673.0,34
territorial_authority_69_median_rent,median_rent,territorial_authority,69,Central Otago District,3,287.7352941176471,250.0,161.808399381852,100.0,675.0,34
territorial_authority_69_median_rent,median_rent,territorial_authority,69,Central Otago District,4,288.0,257.5,156.67956104254586,115.0,650.0,34
territorial_authority_69_median_rent,median_rent,territorial_authority,69,Central Otago District,5,290.55882352941177,250.0,163.46034477427696,110.0,680.0,34
territorial_authority_69_median_rent,median_rent,territorial_authority,69,Central Otago District,6,284.05882352941177,250.0,160.44576940445046,105.0,650.0,34
territorial_authority_69_median_rent,median_rent,territorial_authority,69,Central Otago District,7,290.1764705882353,250.0,161.22231415379562,110.0,670.0,34
territorial_authority_69_median_rent,median_rent,territorial_authority,69,Central Otago District,8,275.93939393939394,250.0,146.95384891904402,110.0,620.0,33
territorial_authority_69_median_rent,median_rent,territorial_authority,69,Central Otago District,9,274.42424242424244,250.0,146.09415420864514,110.0,600.0,33
territorial_authority_69_median_rent,median_rent,territorial_authority,69,Central Otago District,10,277.4848484848485,250.0,146.3773209064764,110.0,600.0,33
territorial_authority_69_median_rent,median_rent,territorial_authority,69,Central Otago District,11,280.2121212121212,250.0,150.62676504686956,110.0,610.0,33
territorial_authority_69_median_rent,median_rent,territorial_authority,69,Central Otago District,12,284.72727272727275,250.0,157.75183690041314,100.0,650.0,33
territorial_authority_70_median_rent,median_rent,territorial_authority,70,Queenstown-Lakes District,1,393.5151515151515,350.0,185.009310781262,170.0,750.0,33
territorial_authority_70_median_rent,median_rent,territorial_authority,70,Queenstown-Lakes District,2,389.88235294117646,345.0,195.5030441839845,150.0,800.0,34
territorial_authority_70_median_rent,median_rent,territorial_authority,70,Queenstown-Lakes District,3,394.0882352941176,345.0,196.1993988263515,150.0,755.0,34
territorial_authority_70_median_rent,median_rent,territorial_authority,70,Queenstown-Lakes District,4,395.52941176470586,351.5,198.54046763960383,150.0,825.0,34
territorial_authority_70_median_rent,median_rent,territorial_authority,70,Queenstown-Lakes District,5,401.02941176470586,350.0,199.22113270131507,150.0,820.0,34
territorial_authority_70_median_rent,median_rent,territorial_authority,70,Queenstown-Lakes District,6,408.1764705882353,355.0,200.79017701861258,160.0,825.0,34
territorial_authority_70_median_rent,median_rent,territorial_authority,70,Queenstown-Lakes District,7,408.61764705882354,352.5,199.06250194133597,170.0,800.0,34
territorial_authority_70_median_rent,median_rent,territorial_authority,70,Queenstown-Lakes District,8,381.6363636363636,350.0,176.3274330226685,160.0,750.0,33
territorial_authority_70_median_rent,median_rent,territorial_authority,70,Queenstown-Lakes District,9,388.90909090909093,350.0,186.09496292826609,170.0,770.0,33
territorial_authority_70_median_rent,median_rent,territorial_authority,70,Queenstown-Lakes District,10,385.1818181818182,350.0,182.91792123542984,160.0,770.0,33
territorial_authority_70_median_rent,median_rent,territorial_authority,70,Queenstown-Lakes District,11,389.030303030303,350.0,185.06189587008532,160.0,750.0,33
territorial_authority_70_median_rent,median_rent,territorial_authority,70,Queenstown-Lakes District,12,391.4848484848485,338.0,187.04563634513792,150.0,790.0,33
territorial_authority_71_median_rent,median_rent,territorial_authority,71,Dunedin City,1,345.0,270.0,169.2861852012739,180.0,770.0,33
territorial_authority_71_median_rent,median_rent,territorial_authority,71,Dunedin City,2,261.3529411764706,249.0,108.06364071986837,145.0,510.0,34
territorial_authority_71_median_rent,median_rent,territorial_authority,71,Dunedin City,3,261.1470588235294,241.5,113.606479849587,140.0,510.0,34
territorial_authority_71_median_rent,median_rent,territorial_authority,71,Dunedin City,4,264.8529411764706,240.0,120.7582439253562,140.0,540.0,34
territorial_authority_71_median_rent,median_rent,territorial_authority,71,Dunedin City,5,266.1764705882353,245.0,120.62375025905851,135.0,545.0,34
territorial_authority_71_median_rent,median_rent,territorial_authority,71,Dunedin City,6,262.52941176470586,245.0,118.99713143833588,135.0,525.0,34
territorial_authority_71_median_rent,median_rent,territorial_authority,71,Dunedin City,7,256.38235294117646,217.5,118.28368946856493,135.0,520.0,34
territorial_authority_71_median_rent,median_rent,territorial_authority,71,Dunedin City,8,259.030303030303,245.0,111.72412587722627,130.0,500.0,33
territorial_authority_71_median_rent,median_rent,territorial_authority,71,Dunedin City,9,262.45454545454544,240.0,113.52920629431965,130.0,530.0,33
territorial_authority_71_median_rent,median_rent,territorial_authority,71,Dunedin City,10,267.45454545454544,250.0,117.27827241999339,140.0,550.0,33
territorial_authority_71_median_rent,median_rent,territorial_authority,71,Dunedin City,11,264.1515151515151,250.0,112.92976833305543,135.0,500.0,33
territorial_authority_71_median_rent,median_rent,territorial_authority,71,Dunedin City,12,275.57575757575756,260.0,120.60214299065915,140.0,550.0,33
territorial_authority_72_median_rent,median_rent,territorial_authority,72,Clutha District,1,191.75757575757575,180.0,105.00298516680081,62.0,410.0,33
territorial_authority_72_median_rent,median_rent,territorial_authority,72,Clutha District,2,194.38235294117646,177.5,104.01690267827027,63.0,430.0,34
territorial_authority_72_median_rent,median_rent,territorial_authority,72,Clutha District,3,199.11764705882354,160.0,108.44961536623254,90.0,480.0,34
territorial_authority_72_median_rent,median_rent,territorial_authority,72,Clutha District,4,195.85294117647058,160.0,108.87332988746284,90.0,470.0,34
territorial_authority_72_median_rent,median_rent,territorial_authority,72,Clutha District,5,200.55882352941177,174.0,110.63951597663322,50.0,480.0,34
territorial_authority_72_median_rent,median_rent,territorial_authority,72,Clutha District,6,200.2941176470588,162.5,109.92381091817012,90.0,500.0,34
territorial_authority_72_median_rent,median_rent,territorial_authority,72,Clutha District,7,196.94117647058823,175.0,107.81576350042712,85.0,460.0,34
territorial_authority_72_median_rent,median_rent,territorial_authority,72,Clutha District,8,194.03030303030303,170.0,101.52785481349589,85.0,480.0,33
territorial_authority_72_median_rent,median_rent,territorial_authority,72,Clutha District,9,197.03030303030303,180.0,107.60183689431285,75.0,490.0,33
territorial_authority_72_median_rent,median_rent,territorial_authority,72,Clutha District,10,198.03030303030303,165.0,106.66785037221995,100.0,460.0,33
territorial_authority_72_median_rent,median_rent,territorial_authority,72,Clutha District,11,196.6060606060606,160.0,107.96322851842294,85.0,455.0,33
territorial_authority_72_median_rent,median_rent,territorial_authority,72,Clutha District,12,202.53125,180.0,106.78558087241024,90.0,450.0,32
territorial_authority_73_median_rent,median_rent,territorial_authority,73,Southland District,1,194.57575757575756,170.0,119.748703099196,51.0,500.0,33
territorial_authority_73_median_rent,median_rent,territorial_authority,73,Southland District,2,194.11764705882354,165.0,117.45837811001518,60.0,470.0,34
territorial_authority_73_median_rent,median_rent,territorial_authority,73,Southland District,3,205.61764705882354,180.0,115.58782957479153,65.0,500.0,34
territorial_authority_73_median_rent,median_rent,territorial_authority,73,Southland District,4,203.14705882352942,178.0,113.88168564093472,78.0,513.0,34
territorial_authority_73_median_rent,median_rent,territorial_authority,73,Southland District,5,205.47058823529412,172.5,108.70929688829068,78.0,450.0,34
territorial_authority_73_median_rent,median_rent,territorial_authority,73,Southland District,6,205.35294117647058,180.0,110.48292953375227,65.0,468.0,34
territorial_authority_73_median_rent,median_rent,territorial_authority,73,Southland District,7,204.8235294117647,175.0,113.36571834667076,65.0,490.0,34
territorial_authority_73_median_rent,median_rent,territorial_authority,73,Southland District,8,201.87878787878788,180.0,107.09947408127104,83.0,480.0,33
territorial_authority_73_median_rent,median_rent,territorial_authority,73,Southland District,9,202.72727272727272,180.0,101.21211412402444,90.0,460.0,33
territorial_authority_73_median_rent,median_rent,territorial_authority,73,Southland District,10,201.1818181818182,173.0,101.26094216967817,95.0,460.0,33
territorial_authority_73_median_rent,median_rent,territorial_authority,73,Southland District,11,213.59375,190.0,107.86367123633725,90.0,475.0,32
territorial_authority_73_median_rent,median_rent,territorial_authority,73,Southland District,12,207.0909090909091,185.0,110.66880873702728,80.0,465.0,33
territorial_authority_74_median_rent,median_rent,territorial_authority,74,Gore District,1,198.96969696969697,160.0,112.96473034992073,100.0,505.0,33
territorial_authority_74_median_rent,median_rent,territorial_authority,74,Gore District,2,193.52941176470588,150.0,112.78519011259591,90.0,480.0,34
territorial_authority_74_median_rent,median_rent,territorial_authority,74,Gore District,3,189.52941176470588,155.0,104.66895441259224,85.0,490.0,34
territorial_authority_74_median_rent,median_rent,territorial_authority,74,Gore District,4,198.88235294117646,162.5,110.14639423963396,80.0,460.0,34
territorial_authority_74_median_rent,median_rent,territorial_authority,74,Gore District,5,195.08823529411765,160.0,111.19853052415233,90.0,500.0,34
territorial_authority_74_median_rent,median_rent,territorial_authority,74,Gore District,6,197.73529411764707,165.0,111.66435334289379,95.0,470.0,34
territorial_authority_74_median_rent,median_rent,territorial_authority,74,Gore District,7,197.08823529411765,150.0,116.4011787004412,95.0,500.0,34
territorial_authority_74_median_rent,median_rent,territorial_authority,74,Gore District,8,190.0,163.0,103.10643772335459,90.0,450.0,33
territorial_authority_74_median_rent,median_rent,territorial_authority,74,Gore District,9,190.36363636363637,160.0,103.29896483684449,98.0,455.0,33
territorial_authority_74_median_rent,median_rent,territorial_authority,74,Gore District,10,194.21212121212122,150.0,108.06703867731757,100.0,480.0,33
territorial_authority_74_median_rent,median_rent,territorial_authority,74,Gore District,11,191.6060606060606,160.0,107.78361986926033,85.0,495.0,33
territorial_authority_74_median_rent,median_rent,territorial_authority,74,Gore District,12,193.84848484848484,160.0,104.76047716461382,90.0,460.0,33
territorial_authority_75_median_rent,median_rent,territorial_authority,75,Invercargill City,1,224.63636363636363,200.0,115.82848801725608,100.0,490.0,33
territorial_authority_75_median_rent,median_rent,territorial_authority,75,Invercargill City,2,215.08823529411765,192.5,109.56895370027617,100.0,475.0,34
territorial_authority_75_median_rent,median_rent,territorial_authority,75,Invercargill City,3,223.94117647058823,200.0,112.11788741035862,105.0,485.0,34
territorial_authority_75_median_rent,median_rent,territorial_authority,75,Invercargill City,4,231.3235294117647,210.0,120.35370110214289,100.0,520.0,34
territorial_authority_75_median_rent,median_rent,territorial_authority,75,Invercargill City,5,227.58823529411765,200.0,114.47988248492022,110.0,500.0,34
territorial_authority_75_median_rent,median_rent,territorial_authority,75,Invercargill City,6,226.64705882352942,205.0,112.82270412840192,100.0,500.0,34
territorial_authority_75_median_rent,median_rent,territorial_authority,75,Invercargill City,7,226.58823529411765,200.0,116.11335048317143,110.0,510.0,34
territorial_authority_75_median_rent,median_rent,territorial_authority,75,Invercargill City,8,219.54545454545453,190.0,107.98092739839838,100.0,480.0,33
territorial_authority_75_median_rent,median_rent,territorial_authority,75,Invercargill City,9,220.03030303030303,200.0,110.39318503888865,110.0,480.0,33
territorial_authority_75_median_rent,median_rent,territorial_authority,75,Invercargill City,10,221.45454545454547,200.0,111.28990601945077,110.0,500.0,33
territorial_authority_75_median_rent,median_rent,territorial_authority,75,Invercargill City,11,221.0,200.0,110.69468144405133,100.0,500.0,33
territorial_authority_75_median_rent,median_rent,territorial_authority,75,Invercargill City,12,223.6969696969697,205.0,109.03339077103998,110.0,480.0,33
territorial_authority_76_median_rent,median_rent,territorial_authority,76,Auckland,1,402.5151515151515,360.0,142.68411816231537,190.0,650.0,33
territorial_authority_76_median_rent,median_rent,territorial_authority,76,Auckland,2,391.8529411764706,350.0,143.81514489155256,180.0,650.0,34
territorial_authority_76_median_rent,median_rent,territorial_authority,76,Auckland,3,394.8529411764706,355.0,144.89016369837495,180.0,650.0,34
territorial_authority_76_median_rent,median_rent,territorial_authority,76,Auckland,4,399.4117647058824,360.0,146.48282920307383,180.0,650.0,34
territorial_authority_76_median_rent,median_rent,territorial_authority,76,Auckland,5,398.52941176470586,365.0,145.3549960142759,180.0,660.0,34
territorial_authority_76_median_rent,median_rent,territorial_authority,76,Auckland,6,398.97058823529414,362.5,145.90251733016765,180.0,655.0,34
territorial_authority_76_median_rent,median_rent,territorial_authority,76,Auckland,7,397.79411764705884,357.5,144.6531440569527,190.0,650.0,34
territorial_authority_76_median_rent,median_rent,territorial_authority,76,Auckland,8,392.06060606060606,350.0,142.1315278610668,185.0,650.0,33
territorial_authority_76_median_rent,median_rent,territorial_authority,76,Auckland,9,392.8787878787879,355.0,142.927157491097,180.0,650.0,33
territorial_authority_76_median_rent,median_rent,territorial_authority,76,Auckland,10,394.45454545454544,350.0,142.61948738450224,190.0,650.0,33
territorial_authority_76_median_rent,median_rent,territorial_authority,76,Auckland,11,395.72727272727275,355.0,141.9945581543692,190.0,650.0,33
territorial_authority_76_median_rent,median_rent,territorial_authority,76,Auckland,12,397.8181818181818,350.0,142.32301609047957,190.0,650.0,33
