series_id,metric,geography_level,location_id,location_name,model,forecast_origin,forecast_period,horizon_step,predicted,backtest_mae,backtest_rmse,backtest_smape,forecast_policy
region_12_bonds_lodged,bonds_lodged,region,12,West Coast Region,ets_additive_damped,2026-07-01,2026-08-01,1,44.31457277790481,10.531992039237704,12.740350731430375,23.96428064134337,fixed_ets_v1
region_12_bonds_lodged,bonds_lodged,region,12,West Coast Region,ets_additive_damped,2026-07-01,2026-09-01,2,40.60011674889833,10.531992039237704,12.740350731430375,23.96428064134337,fixed_ets_v1
region_12_bonds_lodged,bonds_lodged,region,12,West Coast Region,ets_additive_damped,2026-07-01,2026-10-01,3,39.42858738340954,10.531992039237704,12.740350731430375,23.96428064134337,fixed_ets_v1
region_12_bonds_lodged,bonds_lodged,region,12,West Coast Region,ets_additive_damped,2026-07-01,2026-11-01,4,38.80029475711125,10.531992039237704,12.740350731430375,23.96428064134337,fixed_ets_v1
region_12_bonds_lodged,bonds_lodged,region,12,West Coast Region,ets_additive_damped,2026-07-01,2026-12-01,5,34.89911286649688,10.531992039237704,12.740350731430375,23.96428064134337,fixed_ets_v1
region_12_bonds_lodged,bonds_lodged,region,12,West Coast Region,ets_additive_damped,2026-07-01,2027-01-01,6,50.362707987544475,10.531992039237704,12.740350731430375,23.96428064134337,fixed_ets_v1
region_12_median_rent,median_rent,region,12,West Coast Region,ets_additive_damped,2026-07-01,2026-08-01,1,460.1090635214191,19.41571074226831,25.081405093827595,4.299641044363289,fixed_ets_v1
region_12_median_rent,median_rent,region,12,West Coast Region,ets_additive_damped,2026-07-01,2026-09-01,2,465.8298364623268,19.41571074226831,25.081405093827595,4.299641044363289,fixed_ets_v1
region_12_median_rent,median_rent,region,12,West Coast Region,ets_additive_damped,2026-07-01,2026-10-01,3,461.5872531658237,19.41571074226831,25.081405093827595,4.299641044363289,fixed_ets_v1
region_12_median_rent,median_rent,region,12,West Coast Region,ets_additive_damped,2026-07-01,2026-11-01,4,466.23350692843513,19.41571074226831,25.081405093827595,4.299641044363289,fixed_ets_v1
region_12_median_rent,median_rent,region,12,West Coast Region,ets_additive_damped,2026-07-01,2026-12-01,5,469.0735745830452,19.41571074226831,25.081405093827595,4.299641044363289,fixed_ets_v1
region_12_median_rent,median_rent,region,12,West Coast Region,ets_additive_damped,2026-07-01,2027-01-01,6,471.5799433752706,19.41571074226831,25.081405093827595,4.299641044363289,fixed_ets_v1
region_13_bonds_lodged,bonds_lodged,region,13,Canterbury Region,ets_additive_damped,2026-07-01,2026-08-01,1,1554.61136213297,139.13315453497114,186.91688706236133,7.694607872525506,fixed_ets_v1
region_13_bonds_lodged,bonds_lodged,region,13,Canterbury Region,ets_additive_damped,2026-07-01,2026-09-01,2,1512.1764173381678,139.13315453497114,186.91688706236133,7.694607872525506,fixed_ets_v1
region_13_bonds_lodged,bonds_lodged,region,13,Canterbury Region,ets_additive_damped,2026-07-01,2026-10-01,3,1558.1266450452306,139.13315453497114,186.91688706236133,7.694607872525506,fixed_ets_v1
region_13_bonds_lodged,bonds_lodged,region,13,Canterbury Region,ets_additive_damped,2026-07-01,2026-11-01,4,1773.2375432166225,139.13315453497114,186.91688706236133,7.694607872525506,fixed_ets_v1
region_13_bonds_lodged,bonds_lodged,region,13,Canterbury Region,ets_additive_damped,2026-07-01,2026-12-01,5,1793.7710866529085,139.13315453497114,186.91688706236133,7.694607872525506,fixed_ets_v1
region_13_bonds_lodged,bonds_lodged,region,13,Canterbury Region,ets_additive_damped,2026-07-01,2027-01-01,6,1935.0593145779544,139.13315453497114,186.91688706236133,7.694607872525506,fixed_ets_v1
region_13_median_rent,median_rent,region,13,Canterbury Region,ets_additive_damped,2026-07-01,2026-08-01,1,551.3761847780626,9.119089781046814,10.826195046644475,1.6415005243078766,fixed_ets_v1
region_13_median_rent,median_rent,region,13,Canterbury Region,ets_additive_damped,2026-07-01,2026-09-01,2,550.1366677822147,9.119089781046814,10.826195046644475,1.6415005243078766,fixed_ets_v1
region_13_median_rent,median_rent,region,13,Canterbury Region,ets_additive_damped,2026-07-01,2026-10-01,3,551.970565279446,9.119089781046814,10.826195046644475,1.6415005243078766,fixed_ets_v1
region_13_median_rent,median_rent,region,13,Canterbury Region,ets_additive_damped,2026-07-01,2026-11-01,4,570.0007253490468,9.119089781046814,10.826195046644475,1.6415005243078766,fixed_ets_v1
region_13_median_rent,median_rent,region,13,Canterbury Region,ets_additive_damped,2026-07-01,2026-12-01,5,577.5156023501801,9.119089781046814,10.826195046644475,1.6415005243078766,fixed_ets_v1
region_13_median_rent,median_rent,region,13,Canterbury Region,ets_additive_damped,2026-07-01,2027-01-01,6,575.5696169069518,9.119089781046814,10.826195046644475,1.6415005243078766,fixed_ets_v1
region_14_bonds_lodged,bonds_lodged,region,14,Otago Region,ets_additive_damped,2026-07-01,2026-08-01,1,502.8000434425875,60.00097951006324,73.47566318990128,9.743417035308417,fixed_ets_v1
region_14_bonds_lodged,bonds_lodged,region,14,Otago Region,ets_additive_damped,2026-07-01,2026-09-01,2,504.9628418559857,60.00097951006324,73.47566318990128,9.743417035308417,fixed_ets_v1
region_14_bonds_lodged,bonds_lodged,region,14,Otago Region,ets_additive_damped,2026-07-01,2026-10-01,3,580.717199088117,60.00097951006324,73.47566318990128,9.743417035308417,fixed_ets_v1
region_14_bonds_lodged,bonds_lodged,region,14,Otago Region,ets_additive_damped,2026-07-01,2026-11-01,4,570.4904315303738,60.00097951006324,73.47566318990128,9.743417035308417,fixed_ets_v1
region_14_bonds_lodged,bonds_lodged,region,14,Otago Region,ets_additive_damped,2026-07-01,2026-12-01,5,714.3774009785435,60.00097951006324,73.47566318990128,9.743417035308417,fixed_ets_v1
region_14_bonds_lodged,bonds_lodged,region,14,Otago Region,ets_additive_damped,2026-07-01,2027-01-01,6,2467.7902886115603,60.00097951006324,73.47566318990128,9.743417035308417,fixed_ets_v1
region_14_median_rent,median_rent,region,14,Otago Region,ets_additive_damped,2026-07-01,2026-08-01,1,573.0525977642912,18.78587596072885,23.22229655787613,3.1217727271667446,fixed_ets_v1
region_14_median_rent,median_rent,region,14,Otago Region,ets_additive_damped,2026-07-01,2026-09-01,2,584.2828842041434,18.78587596072885,23.22229655787613,3.1217727271667446,fixed_ets_v1
region_14_median_rent,median_rent,region,14,Otago Region,ets_additive_damped,2026-07-01,2026-10-01,3,607.0383602153246,18.78587596072885,23.22229655787613,3.1217727271667446,fixed_ets_v1
region_14_median_rent,median_rent,region,14,Otago Region,ets_additive_damped,2026-07-01,2026-11-01,4,590.5695529805595,18.78587596072885,23.22229655787613,3.1217727271667446,fixed_ets_v1
region_14_median_rent,median_rent,region,14,Otago Region,ets_additive_damped,2026-07-01,2026-12-01,5,606.09351283484,18.78587596072885,23.22229655787613,3.1217727271667446,fixed_ets_v1
region_14_median_rent,median_rent,region,14,Otago Region,ets_additive_damped,2026-07-01,2027-01-01,6,759.2724312366521,18.78587596072885,23.22229655787613,3.1217727271667446,fixed_ets_v1
region_15_bonds_lodged,bonds_lodged,region,15,Southland Region,ets_additive_damped,2026-07-01,2026-08-01,1,184.66801441635548,18.44188892850053,26.082895010133168,9.925499305327929,fixed_ets_v1
region_15_bonds_lodged,bonds_lodged,region,15,Southland Region,ets_additive_damped,2026-07-01,2026-09-01,2,180.6183002196296,18.44188892850053,26.082895010133168,9.925499305327929,fixed_ets_v1
region_15_bonds_lodged,bonds_lodged,region,15,Southland Region,ets_additive_damped,2026-07-01,2026-10-01,3,178.212308719757,18.44188892850053,26.082895010133168,9.925499305327929,fixed_ets_v1
region_15_bonds_lodged,bonds_lodged,region,15,Southland Region,ets_additive_damped,2026-07-01,2026-11-01,4,178.6330701474443,18.44188892850053,26.082895010133168,9.925499305327929,fixed_ets_v1
region_15_bonds_lodged,bonds_lodged,region,15,Southland Region,ets_additive_damped,2026-07-01,2026-12-01,5,164.9686141290651,18.44188892850053,26.082895010133168,9.925499305327929,fixed_ets_v1
region_15_bonds_lodged,bonds_lodged,region,15,Southland Region,ets_additive_damped,2026-07-01,2027-01-01,6,203.2086688520485,18.44188892850053,26.082895010133168,9.925499305327929,fixed_ets_v1
region_15_median_rent,median_rent,region,15,Southland Region,ets_additive_damped,2026-07-01,2026-08-01,1,497.8616274002305,13.217518603651424,16.564464399253712,2.743261580936406,fixed_ets_v1
region_15_median_rent,median_rent,region,15,Southland Region,ets_additive_damped,2026-07-01,2026-09-01,2,497.801138057017,13.217518603651424,16.564464399253712,2.743261580936406,fixed_ets_v1
region_15_median_rent,median_rent,region,15,Southland Region,ets_additive_damped,2026-07-01,2026-10-01,3,499.2776362561641,13.217518603651424,16.564464399253712,2.743261580936406,fixed_ets_v1
region_15_median_rent,median_rent,region,15,Southland Region,ets_additive_damped,2026-07-01,2026-11-01,4,501.4420652460227,13.217518603651424,16.564464399253712,2.743261580936406,fixed_ets_v1
region_15_median_rent,median_rent,region,15,Southland Region,ets_additive_damped,2026-07-01,2026-12-01,5,503.55628436699743,13.217518603651424,16.564464399253712,2.743261580936406,fixed_ets_v1
region_15_median_rent,median_rent,region,15,Southland Region,ets_additive_damped,2026-07-01,2027-01-01,6,503.6964954040505,13.217518603651424,16.564464399253712,2.743261580936406,fixed_ets_v1
region_16_bonds_lodged,bonds_lodged,region,16,Tasman Region,ets_additive_damped,2026-07-01,2026-08-01,1,81.23398376707058,15.353959295729313,18.930151456879937,18.52241608987368,fixed_ets_v1
region_16_bonds_lodged,bonds_lodged,region,16,Tasman Region,ets_additive_damped,2026-07-01,2026-09-01,2,78.29708098466104,15.353959295729313,18.930151456879937,18.52241608987368,fixed_ets_v1
region_16_bonds_lodged,bonds_lodged,region,16,Tasman Region,ets_additive_damped,2026-07-01,2026-10-01,3,77.89419722109831,15.353959295729313,18.930151456879937,18.52241608987368,fixed_ets_v1
region_16_bonds_lodged,bonds_lodged,region,16,Tasman Region,ets_additive_damped,2026-07-01,2026-11-01,4,74.04219758465051,15.353959295729313,18.930151456879937,18.52241608987368,fixed_ets_v1
region_16_bonds_lodged,bonds_lodged,region,16,Tasman Region,ets_additive_damped,2026-07-01,2026-12-01,5,71.83321253946026,15.353959295729313,18.930151456879937,18.52241608987368,fixed_ets_v1
region_16_bonds_lodged,bonds_lodged,region,16,Tasman Region,ets_additive_damped,2026-07-01,2027-01-01,6,70.37610343302418,15.353959295729313,18.930151456879937,18.52241608987368,fixed_ets_v1
region_16_median_rent,median_rent,region,16,Tasman Region,ets_additive_damped,2026-07-01,2026-08-01,1,584.1996584534356,8.37881198163733,11.881599435183867,1.434288152289172,fixed_ets_v1
region_16_median_rent,median_rent,region,16,Tasman Region,ets_additive_damped,2026-07-01,2026-09-01,2,589.4414021952604,8.37881198163733,11.881599435183867,1.434288152289172,fixed_ets_v1
region_16_median_rent,median_rent,region,16,Tasman Region,ets_additive_damped,2026-07-01,2026-10-01,3,588.9468848348719,8.37881198163733,11.881599435183867,1.434288152289172,fixed_ets_v1
region_16_median_rent,median_rent,region,16,Tasman Region,ets_additive_damped,2026-07-01,2026-11-01,4,590.4422402765415,8.37881198163733,11.881599435183867,1.434288152289172,fixed_ets_v1
region_16_median_rent,median_rent,region,16,Tasman Region,ets_additive_damped,2026-07-01,2026-12-01,5,599.1429463051697,8.37881198163733,11.881599435183867,1.434288152289172,fixed_ets_v1
region_16_median_rent,median_rent,region,16,Tasman Region,ets_additive_damped,2026-07-01,2027-01-01,6,596.6835666493378,8.37881198163733,11.881599435183867,1.434288152289172,fixed_ets_v1
region_17_bonds_lodged,bonds_lodged,region,17,Nelson Region,ets_additive_damped,2026-07-01,2026-08-01,1,128.29208949182245,17.043716020089647,19.54962124105187,12.37884407916707,fixed_ets_v1
region_17_bonds_lodged,bonds_lodged,region,17,Nelson Region,ets_additive_damped,2026-07-01,2026-09-01,2,122.92486611264555,17.043716020089647,19.54962124105187,12.37884407916707,fixed_ets_v1
region_17_bonds_lodged,bonds_lodged,region,17,Nelson Region,ets_additive_damped,2026-07-01,2026-10-01,3,125.20096665606212,17.043716020089647,19.54962124105187,12.37884407916707,fixed_ets_v1
region_17_bonds_lodged,bonds_lodged,region,17,Nelson Region,ets_additive_damped,2026-07-01,2026-11-01,4,119.74825758537618,17.043716020089647,19.54962124105187,12.37884407916707,fixed_ets_v1
region_17_bonds_lodged,bonds_lodged,region,17,Nelson Region,ets_additive_damped,2026-07-01,2026-12-01,5,120.85220548617494,17.043716020089647,19.54962124105187,12.37884407916707,fixed_ets_v1
region_17_bonds_lodged,bonds_lodged,region,17,Nelson Region,ets_additive_damped,2026-07-01,2027-01-01,6,119.68057334275116,17.043716020089647,19.54962124105187,12.37884407916707,fixed_ets_v1
region_17_median_rent,median_rent,region,17,Nelson Region,ets_additive_damped,2026-07-01,2026-08-01,1,553.2505378512952,25.83571766434017,31.163589217068655,4.750351859187606,fixed_ets_v1
region_17_median_rent,median_rent,region,17,Nelson Region,ets_additive_damped,2026-07-01,2026-09-01,2,555.9673455408468,25.83571766434017,31.163589217068655,4.750351859187606,fixed_ets_v1
region_17_median_rent,median_rent,region,17,Nelson Region,ets_additive_damped,2026-07-01,2026-10-01,3,556.4047240690406,25.83571766434017,31.163589217068655,4.750351859187606,fixed_ets_v1
region_17_median_rent,median_rent,region,17,Nelson Region,ets_additive_damped,2026-07-01,2026-11-01,4,556.9570297725826,25.83571766434017,31.163589217068655,4.750351859187606,fixed_ets_v1
region_17_median_rent,median_rent,region,17,Nelson Region,ets_additive_damped,2026-07-01,2026-12-01,5,565.1968204401085,25.83571766434017,31.163589217068655,4.750351859187606,fixed_ets_v1
region_17_median_rent,median_rent,region,17,Nelson Region,ets_additive_damped,2026-07-01,2027-01-01,6,571.0658110333233,25.83571766434017,31.163589217068655,4.750351859187606,fixed_ets_v1
region_18_bonds_lodged,bonds_lodged,region,18,Marlborough Region,ets_additive_damped,2026-07-01,2026-08-01,1,89.37668598180561,13.330001180028155,15.90630036607018,14.38208536327977,fixed_ets_v1
region_18_bonds_lodged,bonds_lodged,region,18,Marlborough Region,ets_additive_damped,2026-07-01,2026-09-01,2,86.49145403841658,13.330001180028155,15.90630036607018,14.38208536327977,fixed_ets_v1
region_18_bonds_lodged,bonds_lodged,region,18,Marlborough Region,ets_additive_damped,2026-07-01,2026-10-01,3,82.86364402434063,13.330001180028155,15.90630036607018,14.38208536327977,fixed_ets_v1
region_18_bonds_lodged,bonds_lodged,region,18,Marlborough Region,ets_additive_damped,2026-07-01,2026-11-01,4,84.68178830035708,13.330001180028155,15.90630036607018,14.38208536327977,fixed_ets_v1
region_18_bonds_lodged,bonds_lodged,region,18,Marlborough Region,ets_additive_damped,2026-07-01,2026-12-01,5,78.61652271818821,13.330001180028155,15.90630036607018,14.38208536327977,fixed_ets_v1
region_18_bonds_lodged,bonds_lodged,region,18,Marlborough Region,ets_additive_damped,2026-07-01,2027-01-01,6,79.10253148574537,13.330001180028155,15.90630036607018,14.38208536327977,fixed_ets_v1
region_18_median_rent,median_rent,region,18,Marlborough Region,ets_additive_damped,2026-07-01,2026-08-01,1,564.0865547505632,16.90425859806993,19.713276091978496,2.9953482830193714,fixed_ets_v1
region_18_median_rent,median_rent,region,18,Marlborough Region,ets_additive_damped,2026-07-01,2026-09-01,2,561.3251282474986,16.90425859806993,19.713276091978496,2.9953482830193714,fixed_ets_v1
region_18_median_rent,median_rent,region,18,Marlborough Region,ets_additive_damped,2026-07-01,2026-10-01,3,565.7951840276271,16.90425859806993,19.713276091978496,2.9953482830193714,fixed_ets_v1
region_18_median_rent,median_rent,region,18,Marlborough Region,ets_additive_damped,2026-07-01,2026-11-01,4,567.4452776378647,16.90425859806993,19.713276091978496,2.9953482830193714,fixed_ets_v1
region_18_median_rent,median_rent,region,18,Marlborough Region,ets_additive_damped,2026-07-01,2026-12-01,5,568.5559539092666,16.90425859806993,19.713276091978496,2.9953482830193714,fixed_ets_v1
region_18_median_rent,median_rent,region,18,Marlborough Region,ets_additive_damped,2026-07-01,2027-01-01,6,571.9294814836434,16.90425859806993,19.713276091978496,2.9953482830193714,fixed_ets_v1
region_1_bonds_lodged,bonds_lodged,region,1,Northland Region,ets_additive_damped,2026-07-01,2026-08-01,1,338.05890958548775,28.10808460895744,33.94429794909855,8.19185365705006,fixed_ets_v1
region_1_bonds_lodged,bonds_lodged,region,1,Northland Region,ets_additive_damped,2026-07-01,2026-09-01,2,324.5095153044515,28.10808460895744,33.94429794909855,8.19185365705006,fixed_ets_v1
region_1_bonds_lodged,bonds_lodged,region,1,Northland Region,ets_additive_damped,2026-07-01,2026-10-01,3,318.2055854985938,28.10808460895744,33.94429794909855,8.19185365705006,fixed_ets_v1
region_1_bonds_lodged,bonds_lodged,region,1,Northland Region,ets_additive_damped,2026-07-01,2026-11-01,4,310.28975774063724,28.10808460895744,33.94429794909855,8.19185365705006,fixed_ets_v1
region_1_bonds_lodged,bonds_lodged,region,1,Northland Region,ets_additive_damped,2026-07-01,2026-12-01,5,321.0535071495313,28.10808460895744,33.94429794909855,8.19185365705006,fixed_ets_v1
region_1_bonds_lodged,bonds_lodged,region,1,Northland Region,ets_additive_damped,2026-07-01,2027-01-01,6,290.355887015672,28.10808460895744,33.94429794909855,8.19185365705006,fixed_ets_v1
region_1_median_rent,median_rent,region,1,Northland Region,ets_additive_damped,2026-07-01,2026-08-01,1,569.1717779930377,10.05701074708058,11.455234863883549,1.7664243572869671,fixed_ets_v1
region_1_median_rent,median_rent,region,1,Northland Region,ets_additive_damped,2026-07-01,2026-09-01,2,569.9847476581522,10.05701074708058,11.455234863883549,1.7664243572869671,fixed_ets_v1
region_1_median_rent,median_rent,region,1,Northland Region,ets_additive_damped,2026-07-01,2026-10-01,3,572.9326298107711,10.05701074708058,11.455234863883549,1.7664243572869671,fixed_ets_v1
region_1_median_rent,median_rent,region,1,Northland Region,ets_additive_damped,2026-07-01,2026-11-01,4,569.0161545561749,10.05701074708058,11.455234863883549,1.7664243572869671,fixed_ets_v1
region_1_median_rent,median_rent,region,1,Northland Region,ets_additive_damped,2026-07-01,2026-12-01,5,576.8386729986211,10.05701074708058,11.455234863883549,1.7664243572869671,fixed_ets_v1
region_1_median_rent,median_rent,region,1,Northland Region,ets_additive_damped,2026-07-01,2027-01-01,6,576.7915900919677,10.05701074708058,11.455234863883549,1.7664243572869671,fixed_ets_v1
region_2_bonds_lodged,bonds_lodged,region,2,Auckland Region,ets_additive_damped,2026-07-01,2026-08-01,1,5121.3996811873585,300.15315890129443,350.15762423650443,5.67211760587004,fixed_ets_v1
region_2_bonds_lodged,bonds_lodged,region,2,Auckland Region,ets_additive_damped,2026-07-01,2026-09-01,2,4754.985806774556,300.15315890129443,350.15762423650443,5.67211760587004,fixed_ets_v1
region_2_bonds_lodged,bonds_lodged,region,2,Auckland Region,ets_additive_damped,2026-07-01,2026-10-01,3,4923.9022885482245,300.15315890129443,350.15762423650443,5.67211760587004,fixed_ets_v1
region_2_bonds_lodged,bonds_lodged,region,2,Auckland Region,ets_additive_damped,2026-07-01,2026-11-01,4,4972.329342959277,300.15315890129443,350.15762423650443,5.67211760587004,fixed_ets_v1
region_2_bonds_lodged,bonds_lodged,region,2,Auckland Region,ets_additive_damped,2026-07-01,2026-12-01,5,4902.695137701411,300.15315890129443,350.15762423650443,5.67211760587004,fixed_ets_v1
region_2_bonds_lodged,bonds_lodged,region,2,Auckland Region,ets_additive_damped,2026-07-01,2027-01-01,6,5233.3645226186945,300.15315890129443,350.15762423650443,5.67211760587004,fixed_ets_v1
region_2_median_rent,median_rent,region,2,Auckland Region,ets_additive_damped,2026-07-01,2026-08-01,1,643.3986842946609,7.186930392145434,11.227744403779148,1.1135718452451155,fixed_ets_v1
region_2_median_rent,median_rent,region,2,Auckland Region,ets_additive_damped,2026-07-01,2026-09-01,2,643.3006793668528,7.186930392145434,11.227744403779148,1.1135718452451155,fixed_ets_v1
region_2_median_rent,median_rent,region,2,Auckland Region,ets_additive_damped,2026-07-01,2026-10-01,3,643.9651377607232,7.186930392145434,11.227744403779148,1.1135718452451155,fixed_ets_v1
region_2_median_rent,median_rent,region,2,Auckland Region,ets_additive_damped,2026-07-01,2026-11-01,4,644.326504879627,7.186930392145434,11.227744403779148,1.1135718452451155,fixed_ets_v1
region_2_median_rent,median_rent,region,2,Auckland Region,ets_additive_damped,2026-07-01,2026-12-01,5,645.509979523284,7.186930392145434,11.227744403779148,1.1135718452451155,fixed_ets_v1
region_2_median_rent,median_rent,region,2,Auckland Region,ets_additive_damped,2026-07-01,2027-01-01,6,649.2985683447649,7.186930392145434,11.227744403779148,1.1135718452451155,fixed_ets_v1
region_3_bonds_lodged,bonds_lodged,region,3,Waikato Region,ets_additive_damped,2026-07-01,2026-08-01,1,1147.9111467140156,120.13847722543748,146.14495843433477,9.590319633288926,fixed_ets_v1
region_3_bonds_lodged,bonds_lodged,region,3,Waikato Region,ets_additive_damped,2026-07-01,2026-09-01,2,1064.1128393120957,120.13847722543748,146.14495843433477,9.590319633288926,fixed_ets_v1
region_3_bonds_lodged,bonds_lodged,region,3,Waikato Region,ets_additive_damped,2026-07-01,2026-10-01,3,1101.0548536262995,120.13847722543748,146.14495843433477,9.590319633288926,fixed_ets_v1
region_3_bonds_lodged,bonds_lodged,region,3,Waikato Region,ets_additive_damped,2026-07-01,2026-11-01,4,1102.3576566140973,120.13847722543748,146.14495843433477,9.590319633288926,fixed_ets_v1
region_3_bonds_lodged,bonds_lodged,region,3,Waikato Region,ets_additive_damped,2026-07-01,2026-12-01,5,1125.9403465226899,120.13847722543748,146.14495843433477,9.590319633288926,fixed_ets_v1
region_3_bonds_lodged,bonds_lodged,region,3,Waikato Region,ets_additive_damped,2026-07-01,2027-01-01,6,1187.921284377611,120.13847722543748,146.14495843433477,9.590319633288926,fixed_ets_v1
region_3_median_rent,median_rent,region,3,Waikato Region,ets_additive_damped,2026-07-01,2026-08-01,1,577.5512257726741,5.153533021791962,6.231751877396289,0.90186350753985,fixed_ets_v1
region_3_median_rent,median_rent,region,3,Waikato Region,ets_additive_damped,2026-07-01,2026-09-01,2,576.4875470710525,5.153533021791962,6.231751877396289,0.90186350753985,fixed_ets_v1
region_3_median_rent,median_rent,region,3,Waikato Region,ets_additive_damped,2026-07-01,2026-10-01,3,575.2078389387418,5.153533021791962,6.231751877396289,0.90186350753985,fixed_ets_v1
region_3_median_rent,median_rent,region,3,Waikato Region,ets_additive_damped,2026-07-01,2026-11-01,4,577.4715700168414,5.153533021791962,6.231751877396289,0.90186350753985,fixed_ets_v1
region_3_median_rent,median_rent,region,3,Waikato Region,ets_additive_damped,2026-07-01,2026-12-01,5,584.064208145489,5.153533021791962,6.231751877396289,0.90186350753985,fixed_ets_v1
region_3_median_rent,median_rent,region,3,Waikato Region,ets_additive_damped,2026-07-01,2027-01-01,6,587.7849296824253,5.153533021791962,6.231751877396289,0.90186350753985,fixed_ets_v1
region_4_bonds_lodged,bonds_lodged,region,4,Bay of Plenty Region,ets_additive_damped,2026-07-01,2026-08-01,1,678.8835503410616,53.44299590191047,67.03995098164103,7.644897779076378,fixed_ets_v1
region_4_bonds_lodged,bonds_lodged,region,4,Bay of Plenty Region,ets_additive_damped,2026-07-01,2026-09-01,2,647.1030758703487,53.44299590191047,67.03995098164103,7.644897779076378,fixed_ets_v1
region_4_bonds_lodged,bonds_lodged,region,4,Bay of Plenty Region,ets_additive_damped,2026-07-01,2026-10-01,3,634.4661608611966,53.44299590191047,67.03995098164103,7.644897779076378,fixed_ets_v1
region_4_bonds_lodged,bonds_lodged,region,4,Bay of Plenty Region,ets_additive_damped,2026-07-01,2026-11-01,4,606.5312179989708,53.44299590191047,67.03995098164103,7.644897779076378,fixed_ets_v1
region_4_bonds_lodged,bonds_lodged,region,4,Bay of Plenty Region,ets_additive_damped,2026-07-01,2026-12-01,5,595.6864677284698,53.44299590191047,67.03995098164103,7.644897779076378,fixed_ets_v1
region_4_bonds_lodged,bonds_lodged,region,4,Bay of Plenty Region,ets_additive_damped,2026-07-01,2027-01-01,6,593.3023063475649,53.44299590191047,67.03995098164103,7.644897779076378,fixed_ets_v1
region_4_median_rent,median_rent,region,4,Bay of Plenty Region,ets_additive_damped,2026-07-01,2026-08-01,1,644.7526079055491,12.348734129406926,14.29415308028499,1.921000283214921,fixed_ets_v1
region_4_median_rent,median_rent,region,4,Bay of Plenty Region,ets_additive_damped,2026-07-01,2026-09-01,2,640.5263348983052,12.348734129406926,14.29415308028499,1.921000283214921,fixed_ets_v1
region_4_median_rent,median_rent,region,4,Bay of Plenty Region,ets_additive_damped,2026-07-01,2026-10-01,3,643.7435694196735,12.348734129406926,14.29415308028499,1.921000283214921,fixed_ets_v1
region_4_median_rent,median_rent,region,4,Bay of Plenty Region,ets_additive_damped,2026-07-01,2026-11-01,4,639.3690970932126,12.348734129406926,14.29415308028499,1.921000283214921,fixed_ets_v1
region_4_median_rent,median_rent,region,4,Bay of Plenty Region,ets_additive_damped,2026-07-01,2026-12-01,5,647.705747846389,12.348734129406926,14.29415308028499,1.921000283214921,fixed_ets_v1
region_4_median_rent,median_rent,region,4,Bay of Plenty Region,ets_additive_damped,2026-07-01,2027-01-01,6,658.7905886512244,12.348734129406926,14.29415308028499,1.921000283214921,fixed_ets_v1
region_5_bonds_lodged,bonds_lodged,region,5,Gisborne Region,ets_additive_damped,2026-07-01,2026-08-01,1,87.04359228666922,10.618677809271007,12.909829235850662,11.87338656029978,fixed_ets_v1
region_5_bonds_lodged,bonds_lodged,region,5,Gisborne Region,ets_additive_damped,2026-07-01,2026-09-01,2,88.64048117268048,10.618677809271007,12.909829235850662,11.87338656029978,fixed_ets_v1
region_5_bonds_lodged,bonds_lodged,region,5,Gisborne Region,ets_additive_damped,2026-07-01,2026-10-01,3,79.23872192629469,10.618677809271007,12.909829235850662,11.87338656029978,fixed_ets_v1
region_5_bonds_lodged,bonds_lodged,region,5,Gisborne Region,ets_additive_damped,2026-07-01,2026-11-01,4,82.56706024584635,10.618677809271007,12.909829235850662,11.87338656029978,fixed_ets_v1
region_5_bonds_lodged,bonds_lodged,region,5,Gisborne Region,ets_additive_damped,2026-07-01,2026-12-01,5,74.98866003854576,10.618677809271007,12.909829235850662,11.87338656029978,fixed_ets_v1
region_5_bonds_lodged,bonds_lodged,region,5,Gisborne Region,ets_additive_damped,2026-07-01,2027-01-01,6,83.50406339523943,10.618677809271007,12.909829235850662,11.87338656029978,fixed_ets_v1
region_5_median_rent,median_rent,region,5,Gisborne Region,ets_additive_damped,2026-07-01,2026-08-01,1,608.8067856376347,30.38025152717501,34.797925010483226,4.912298713307398,fixed_ets_v1
region_5_median_rent,median_rent,region,5,Gisborne Region,ets_additive_damped,2026-07-01,2026-09-01,2,608.2164382747379,30.38025152717501,34.797925010483226,4.912298713307398,fixed_ets_v1
region_5_median_rent,median_rent,region,5,Gisborne Region,ets_additive_damped,2026-07-01,2026-10-01,3,608.6168672388583,30.38025152717501,34.797925010483226,4.912298713307398,fixed_ets_v1
region_5_median_rent,median_rent,region,5,Gisborne Region,ets_additive_damped,2026-07-01,2026-11-01,4,607.704714297057,30.38025152717501,34.797925010483226,4.912298713307398,fixed_ets_v1
region_5_median_rent,median_rent,region,5,Gisborne Region,ets_additive_damped,2026-07-01,2026-12-01,5,603.6317476344188,30.38025152717501,34.797925010483226,4.912298713307398,fixed_ets_v1
region_5_median_rent,median_rent,region,5,Gisborne Region,ets_additive_damped,2026-07-01,2027-01-01,6,606.63937597163,30.38025152717501,34.797925010483226,4.912298713307398,fixed_ets_v1
region_6_bonds_lodged,bonds_lodged,region,6,Hawke's Bay Region,ets_additive_damped,2026-07-01,2026-08-01,1,305.62843897596764,26.464334305483405,31.239589349040887,8.79764563145601,fixed_ets_v1
region_6_bonds_lodged,bonds_lodged,region,6,Hawke's Bay Region,ets_additive_damped,2026-07-01,2026-09-01,2,293.62777731902565,26.464334305483405,31.239589349040887,8.79764563145601,fixed_ets_v1
region_6_bonds_lodged,bonds_lodged,region,6,Hawke's Bay Region,ets_additive_damped,2026-07-01,2026-10-01,3,292.68843506984916,26.464334305483405,31.239589349040887,8.79764563145601,fixed_ets_v1
region_6_bonds_lodged,bonds_lodged,region,6,Hawke's Bay Region,ets_additive_damped,2026-07-01,2026-11-01,4,291.0378904207263,26.464334305483405,31.239589349040887,8.79764563145601,fixed_ets_v1
region_6_bonds_lodged,bonds_lodged,region,6,Hawke's Bay Region,ets_additive_damped,2026-07-01,2026-12-01,5,277.29831572412337,26.464334305483405,31.239589349040887,8.79764563145601,fixed_ets_v1
region_6_bonds_lodged,bonds_lodged,region,6,Hawke's Bay Region,ets_additive_damped,2026-07-01,2027-01-01,6,283.3322491588053,26.464334305483405,31.239589349040887,8.79764563145601,fixed_ets_v1
region_6_median_rent,median_rent,region,6,Hawke's Bay Region,ets_additive_damped,2026-07-01,2026-08-01,1,591.0162384783536,12.352006256345003,15.203085623465142,2.037452490185937,fixed_ets_v1
region_6_median_rent,median_rent,region,6,Hawke's Bay Region,ets_additive_damped,2026-07-01,2026-09-01,2,587.5837571025415,12.352006256345003,15.203085623465142,2.037452490185937,fixed_ets_v1
region_6_median_rent,median_rent,region,6,Hawke's Bay Region,ets_additive_damped,2026-07-01,2026-10-01,3,590.4449332420859,12.352006256345003,15.203085623465142,2.037452490185937,fixed_ets_v1
region_6_median_rent,median_rent,region,6,Hawke's Bay Region,ets_additive_damped,2026-07-01,2026-11-01,4,586.9842971182155,12.352006256345003,15.203085623465142,2.037452490185937,fixed_ets_v1
region_6_median_rent,median_rent,region,6,Hawke's Bay Region,ets_additive_damped,2026-07-01,2026-12-01,5,592.0564217622275,12.352006256345003,15.203085623465142,2.037452490185937,fixed_ets_v1
region_6_median_rent,median_rent,region,6,Hawke's Bay Region,ets_additive_damped,2026-07-01,2027-01-01,6,590.8983867851949,12.352006256345003,15.203085623465142,2.037452490185937,fixed_ets_v1
region_7_bonds_lodged,bonds_lodged,region,7,Taranaki Region,ets_additive_damped,2026-07-01,2026-08-01,1,256.830544157537,18.762121505435648,24.302626740408176,7.683127911466109,fixed_ets_v1
region_7_bonds_lodged,bonds_lodged,region,7,Taranaki Region,ets_additive_damped,2026-07-01,2026-09-01,2,242.36557502066185,18.762121505435648,24.302626740408176,7.683127911466109,fixed_ets_v1
region_7_bonds_lodged,bonds_lodged,region,7,Taranaki Region,ets_additive_damped,2026-07-01,2026-10-01,3,243.88325293586053,18.762121505435648,24.302626740408176,7.683127911466109,fixed_ets_v1
region_7_bonds_lodged,bonds_lodged,region,7,Taranaki Region,ets_additive_damped,2026-07-01,2026-11-01,4,235.74629918317012,18.762121505435648,24.302626740408176,7.683127911466109,fixed_ets_v1
region_7_bonds_lodged,bonds_lodged,region,7,Taranaki Region,ets_additive_damped,2026-07-01,2026-12-01,5,227.30107861960917,18.762121505435648,24.302626740408176,7.683127911466109,fixed_ets_v1
region_7_bonds_lodged,bonds_lodged,region,7,Taranaki Region,ets_additive_damped,2026-07-01,2027-01-01,6,249.5913183916436,18.762121505435648,24.302626740408176,7.683127911466109,fixed_ets_v1
region_7_median_rent,median_rent,region,7,Taranaki Region,ets_additive_damped,2026-07-01,2026-08-01,1,556.9762963288069,7.799353477059567,9.352497706234336,1.3786334116469348,fixed_ets_v1
region_7_median_rent,median_rent,region,7,Taranaki Region,ets_additive_damped,2026-07-01,2026-09-01,2,555.0205855481499,7.799353477059567,9.352497706234336,1.3786334116469348,fixed_ets_v1
region_7_median_rent,median_rent,region,7,Taranaki Region,ets_additive_damped,2026-07-01,2026-10-01,3,555.2009816131357,7.799353477059567,9.352497706234336,1.3786334116469348,fixed_ets_v1
region_7_median_rent,median_rent,region,7,Taranaki Region,ets_additive_damped,2026-07-01,2026-11-01,4,550.2122193733553,7.799353477059567,9.352497706234336,1.3786334116469348,fixed_ets_v1
region_7_median_rent,median_rent,region,7,Taranaki Region,ets_additive_damped,2026-07-01,2026-12-01,5,555.3653577102986,7.799353477059567,9.352497706234336,1.3786334116469348,fixed_ets_v1
region_7_median_rent,median_rent,region,7,Taranaki Region,ets_additive_damped,2026-07-01,2027-01-01,6,555.5841712919591,7.799353477059567,9.352497706234336,1.3786334116469348,fixed_ets_v1
region_8_bonds_lodged,bonds_lodged,region,8,Manawatu-Wanganui Region,ets_additive_damped,2026-07-01,2026-08-01,1,585.1270263491704,74.85769045492358,83.99724764153125,12.384887612814529,fixed_ets_v1
region_8_bonds_lodged,bonds_lodged,region,8,Manawatu-Wanganui Region,ets_additive_damped,2026-07-01,2026-09-01,2,532.3593192169573,74.85769045492358,83.99724764153125,12.384887612814529,fixed_ets_v1
region_8_bonds_lodged,bonds_lodged,region,8,Manawatu-Wanganui Region,ets_additive_damped,2026-07-01,2026-10-01,3,551.6034260959295,74.85769045492358,83.99724764153125,12.384887612814529,fixed_ets_v1
region_8_bonds_lodged,bonds_lodged,region,8,Manawatu-Wanganui Region,ets_additive_damped,2026-07-01,2026-11-01,4,623.6569940473535,74.85769045492358,83.99724764153125,12.384887612814529,fixed_ets_v1
region_8_bonds_lodged,bonds_lodged,region,8,Manawatu-Wanganui Region,ets_additive_damped,2026-07-01,2026-12-01,5,584.1773638521022,74.85769045492358,83.99724764153125,12.384887612814529,fixed_ets_v1
region_8_bonds_lodged,bonds_lodged,region,8,Manawatu-Wanganui Region,ets_additive_damped,2026-07-01,2027-01-01,6,568.5540194219104,74.85769045492358,83.99724764153125,12.384887612814529,fixed_ets_v1
region_8_median_rent,median_rent,region,8,Manawatu-Wanganui Region,ets_additive_damped,2026-07-01,2026-08-01,1,518.1600864748128,9.27588675775726,11.426150791289922,1.8051564069248565,fixed_ets_v1
region_8_median_rent,median_rent,region,8,Manawatu-Wanganui Region,ets_additive_damped,2026-07-01,2026-09-01,2,515.4179298402033,9.27588675775726,11.426150791289922,1.8051564069248565,fixed_ets_v1
region_8_median_rent,median_rent,region,8,Manawatu-Wanganui Region,ets_additive_damped,2026-07-01,2026-10-01,3,519.648963016089,9.27588675775726,11.426150791289922,1.8051564069248565,fixed_ets_v1
region_8_median_rent,median_rent,region,8,Manawatu-Wanganui Region,ets_additive_damped,2026-07-01,2026-11-01,4,536.3386711753005,9.27588675775726,11.426150791289922,1.8051564069248565,fixed_ets_v1
region_8_median_rent,median_rent,region,8,Manawatu-Wanganui Region,ets_additive_damped,2026-07-01,2026-12-01,5,532.2967826068104,9.27588675775726,11.426150791289922,1.8051564069248565,fixed_ets_v1
region_8_median_rent,median_rent,region,8,Manawatu-Wanganui Region,ets_additive_damped,2026-07-01,2027-01-01,6,524.4565310513865,9.27588675775726,11.426150791289922,1.8051564069248565,fixed_ets_v1
region_9_bonds_lodged,bonds_lodged,region,9,Wellington Region,ets_additive_damped,2026-07-01,2026-08-01,1,1456.272565527223,136.72407845715995,162.1287461144956,9.13132369115323,fixed_ets_v1
region_9_bonds_lodged,bonds_lodged,region,9,Wellington Region,ets_additive_damped,2026-07-01,2026-09-01,2,1329.5799190525838,136.72407845715995,162.1287461144956,9.13132369115323,fixed_ets_v1
region_9_bonds_lodged,bonds_lodged,region,9,Wellington Region,ets_additive_damped,2026-07-01,2026-10-01,3,1404.0157015464247,136.72407845715995,162.1287461144956,9.13132369115323,fixed_ets_v1
region_9_bonds_lodged,bonds_lodged,region,9,Wellington Region,ets_additive_damped,2026-07-01,2026-11-01,4,1544.7675471274952,136.72407845715995,162.1287461144956,9.13132369115323,fixed_ets_v1
region_9_bonds_lodged,bonds_lodged,region,9,Wellington Region,ets_additive_damped,2026-07-01,2026-12-01,5,1367.5716996143317,136.72407845715995,162.1287461144956,9.13132369115323,fixed_ets_v1
region_9_bonds_lodged,bonds_lodged,region,9,Wellington Region,ets_additive_damped,2026-07-01,2027-01-01,6,2040.1741883188843,136.72407845715995,162.1287461144956,9.13132369115323,fixed_ets_v1
region_9_median_rent,median_rent,region,9,Wellington Region,ets_additive_damped,2026-07-01,2026-08-01,1,568.7945242462966,18.529096479772768,21.455838775790927,3.1209790069140584,fixed_ets_v1
region_9_median_rent,median_rent,region,9,Wellington Region,ets_additive_damped,2026-07-01,2026-09-01,2,572.6595031651631,18.529096479772768,21.455838775790927,3.1209790069140584,fixed_ets_v1
region_9_median_rent,median_rent,region,9,Wellington Region,ets_additive_damped,2026-07-01,2026-10-01,3,570.448754030751,18.529096479772768,21.455838775790927,3.1209790069140584,fixed_ets_v1
region_9_median_rent,median_rent,region,9,Wellington Region,ets_additive_damped,2026-07-01,2026-11-01,4,597.8864735231678,18.529096479772768,21.455838775790927,3.1209790069140584,fixed_ets_v1
region_9_median_rent,median_rent,region,9,Wellington Region,ets_additive_damped,2026-07-01,2026-12-01,5,587.7461834555367,18.529096479772768,21.455838775790927,3.1209790069140584,fixed_ets_v1
region_9_median_rent,median_rent,region,9,Wellington Region,ets_additive_damped,2026-07-01,2027-01-01,6,608.4080833144003,18.529096479772768,21.455838775790927,3.1209790069140584,fixed_ets_v1
territorial_authority_11_bonds_lodged,bonds_lodged,territorial_authority,11,Thames-Coromandel District,ets_additive_damped,2026-07-01,2026-08-01,1,42.50364084758941,5.320719581845116,6.036049733187381,13.81124230299657,fixed_ets_v1
territorial_authority_11_bonds_lodged,bonds_lodged,territorial_authority,11,Thames-Coromandel District,ets_additive_damped,2026-07-01,2026-09-01,2,39.693549926509974,5.320719581845116,6.036049733187381,13.81124230299657,fixed_ets_v1
territorial_authority_11_bonds_lodged,bonds_lodged,territorial_authority,11,Thames-Coromandel District,ets_additive_damped,2026-07-01,2026-10-01,3,40.33297884834004,5.320719581845116,6.036049733187381,13.81124230299657,fixed_ets_v1
territorial_authority_11_bonds_lodged,bonds_lodged,territorial_authority,11,Thames-Coromandel District,ets_additive_damped,2026-07-01,2026-11-01,4,34.05772927262328,5.320719581845116,6.036049733187381,13.81124230299657,fixed_ets_v1
territorial_authority_11_bonds_lodged,bonds_lodged,territorial_authority,11,Thames-Coromandel District,ets_additive_damped,2026-07-01,2026-12-01,5,27.811366768900662,5.320719581845116,6.036049733187381,13.81124230299657,fixed_ets_v1
territorial_authority_11_bonds_lodged,bonds_lodged,territorial_authority,11,Thames-Coromandel District,ets_additive_damped,2026-07-01,2027-01-01,6,30.52468390135983,5.320719581845116,6.036049733187381,13.81124230299657,fixed_ets_v1
territorial_authority_11_median_rent,median_rent,territorial_authority,11,Thames-Coromandel District,ets_additive_damped,2026-07-01,2026-08-01,1,573.4959531202652,34.07774821513887,43.93474122564718,6.19792090708124,fixed_ets_v1
territorial_authority_11_median_rent,median_rent,territorial_authority,11,Thames-Coromandel District,ets_additive_damped,2026-07-01,2026-09-01,2,571.0003211683032,34.07774821513887,43.93474122564718,6.19792090708124,fixed_ets_v1
territorial_authority_11_median_rent,median_rent,territorial_authority,11,Thames-Coromandel District,ets_additive_damped,2026-07-01,2026-10-01,3,571.8740540962743,34.07774821513887,43.93474122564718,6.19792090708124,fixed_ets_v1
territorial_authority_11_median_rent,median_rent,territorial_authority,11,Thames-Coromandel District,ets_additive_damped,2026-07-01,2026-11-01,4,577.4327001076941,34.07774821513887,43.93474122564718,6.19792090708124,fixed_ets_v1
territorial_authority_11_median_rent,median_rent,territorial_authority,11,Thames-Coromandel District,ets_additive_damped,2026-07-01,2026-12-01,5,579.4046998266526,34.07774821513887,43.93474122564718,6.19792090708124,fixed_ets_v1
territorial_authority_11_median_rent,median_rent,territorial_authority,11,Thames-Coromandel District,ets_additive_damped,2026-07-01,2027-01-01,6,580.019724069599,34.07774821513887,43.93474122564718,6.19792090708124,fixed_ets_v1
territorial_authority_12_bonds_lodged,bonds_lodged,territorial_authority,12,Hauraki District,ets_additive_damped,2026-07-01,2026-08-01,1,32.66782677919481,5.176550921641705,6.008203619743033,17.793064611183272,fixed_ets_v1
territorial_authority_12_bonds_lodged,bonds_lodged,territorial_authority,12,Hauraki District,ets_additive_damped,2026-07-01,2026-09-01,2,31.607355053314762,5.176550921641705,6.008203619743033,17.793064611183272,fixed_ets_v1
territorial_authority_12_bonds_lodged,bonds_lodged,territorial_authority,12,Hauraki District,ets_additive_damped,2026-07-01,2026-10-01,3,30.2675267942509,5.176550921641705,6.008203619743033,17.793064611183272,fixed_ets_v1
territorial_authority_12_bonds_lodged,bonds_lodged,territorial_authority,12,Hauraki District,ets_additive_damped,2026-07-01,2026-11-01,4,30.465422805529514,5.176550921641705,6.008203619743033,17.793064611183272,fixed_ets_v1
territorial_authority_12_bonds_lodged,bonds_lodged,territorial_authority,12,Hauraki District,ets_additive_damped,2026-07-01,2026-12-01,5,29.20126236161805,5.176550921641705,6.008203619743033,17.793064611183272,fixed_ets_v1
territorial_authority_12_bonds_lodged,bonds_lodged,territorial_authority,12,Hauraki District,ets_additive_damped,2026-07-01,2027-01-01,6,29.839320553593275,5.176550921641705,6.008203619743033,17.793064611183272,fixed_ets_v1
territorial_authority_12_median_rent,median_rent,territorial_authority,12,Hauraki District,ets_additive_damped,2026-07-01,2026-08-01,1,557.0632304059747,20.79989579770185,24.436922604555903,3.711354514675645,fixed_ets_v1
territorial_authority_12_median_rent,median_rent,territorial_authority,12,Hauraki District,ets_additive_damped,2026-07-01,2026-09-01,2,559.2048187192751,20.79989579770185,24.436922604555903,3.711354514675645,fixed_ets_v1
territorial_authority_12_median_rent,median_rent,territorial_authority,12,Hauraki District,ets_additive_damped,2026-07-01,2026-10-01,3,554.9242890102367,20.79989579770185,24.436922604555903,3.711354514675645,fixed_ets_v1
territorial_authority_12_median_rent,median_rent,territorial_authority,12,Hauraki District,ets_additive_damped,2026-07-01,2026-11-01,4,556.7299762620341,20.79989579770185,24.436922604555903,3.711354514675645,fixed_ets_v1
territorial_authority_12_median_rent,median_rent,territorial_authority,12,Hauraki District,ets_additive_damped,2026-07-01,2026-12-01,5,562.1513207449793,20.79989579770185,24.436922604555903,3.711354514675645,fixed_ets_v1
territorial_authority_12_median_rent,median_rent,territorial_authority,12,Hauraki District,ets_additive_damped,2026-07-01,2027-01-01,6,558.674152997016,20.79989579770185,24.436922604555903,3.711354514675645,fixed_ets_v1
territorial_authority_13_bonds_lodged,bonds_lodged,territorial_authority,13,Waikato District,ets_additive_damped,2026-07-01,2026-08-01,1,118.61187512175633,11.9889296916072,16.703407880911875,9.5112379438912,fixed_ets_v1
territorial_authority_13_bonds_lodged,bonds_lodged,territorial_authority,13,Waikato District,ets_additive_damped,2026-07-01,2026-09-01,2,112.53694633513123,11.9889296916072,16.703407880911875,9.5112379438912,fixed_ets_v1
territorial_authority_13_bonds_lodged,bonds_lodged,territorial_authority,13,Waikato District,ets_additive_damped,2026-07-01,2026-10-01,3,112.01182233048911,11.9889296916072,16.703407880911875,9.5112379438912,fixed_ets_v1
territorial_authority_13_bonds_lodged,bonds_lodged,territorial_authority,13,Waikato District,ets_additive_damped,2026-07-01,2026-11-01,4,106.60671231974314,11.9889296916072,16.703407880911875,9.5112379438912,fixed_ets_v1
territorial_authority_13_bonds_lodged,bonds_lodged,territorial_authority,13,Waikato District,ets_additive_damped,2026-07-01,2026-12-01,5,107.111600083679,11.9889296916072,16.703407880911875,9.5112379438912,fixed_ets_v1
territorial_authority_13_bonds_lodged,bonds_lodged,territorial_authority,13,Waikato District,ets_additive_damped,2026-07-01,2027-01-01,6,104.42897039209583,11.9889296916072,16.703407880911875,9.5112379438912,fixed_ets_v1
territorial_authority_13_median_rent,median_rent,territorial_authority,13,Waikato District,ets_additive_damped,2026-07-01,2026-08-01,1,607.7271758646507,15.675115906810788,20.94670836249631,2.615767105480656,fixed_ets_v1
territorial_authority_13_median_rent,median_rent,territorial_authority,13,Waikato District,ets_additive_damped,2026-07-01,2026-09-01,2,611.2861654270635,15.675115906810788,20.94670836249631,2.615767105480656,fixed_ets_v1
territorial_authority_13_median_rent,median_rent,territorial_authority,13,Waikato District,ets_additive_damped,2026-07-01,2026-10-01,3,611.8510415633884,15.675115906810788,20.94670836249631,2.615767105480656,fixed_ets_v1
territorial_authority_13_median_rent,median_rent,territorial_authority,13,Waikato District,ets_additive_damped,2026-07-01,2026-11-01,4,607.3102696426727,15.675115906810788,20.94670836249631,2.615767105480656,fixed_ets_v1
territorial_authority_13_median_rent,median_rent,territorial_authority,13,Waikato District,ets_additive_damped,2026-07-01,2026-12-01,5,614.0179362389644,15.675115906810788,20.94670836249631,2.615767105480656,fixed_ets_v1
territorial_authority_13_median_rent,median_rent,territorial_authority,13,Waikato District,ets_additive_damped,2026-07-01,2027-01-01,6,610.6542102849104,15.675115906810788,20.94670836249631,2.615767105480656,fixed_ets_v1
territorial_authority_15_bonds_lodged,bonds_lodged,territorial_authority,15,Matamata-Piako District,ets_additive_damped,2026-07-01,2026-08-01,1,58.672984029826566,7.846372693538503,10.705331850210124,14.506096635878333,fixed_ets_v1
territorial_authority_15_bonds_lodged,bonds_lodged,territorial_authority,15,Matamata-Piako District,ets_additive_damped,2026-07-01,2026-09-01,2,55.97669083051069,7.846372693538503,10.705331850210124,14.506096635878333,fixed_ets_v1
territorial_authority_15_bonds_lodged,bonds_lodged,territorial_authority,15,Matamata-Piako District,ets_additive_damped,2026-07-01,2026-10-01,3,56.91880123562375,7.846372693538503,10.705331850210124,14.506096635878333,fixed_ets_v1
territorial_authority_15_bonds_lodged,bonds_lodged,territorial_authority,15,Matamata-Piako District,ets_additive_damped,2026-07-01,2026-11-01,4,53.4973763038458,7.846372693538503,10.705331850210124,14.506096635878333,fixed_ets_v1
territorial_authority_15_bonds_lodged,bonds_lodged,territorial_authority,15,Matamata-Piako District,ets_additive_damped,2026-07-01,2026-12-01,5,53.622568539283115,7.846372693538503,10.705331850210124,14.506096635878333,fixed_ets_v1
territorial_authority_15_bonds_lodged,bonds_lodged,territorial_authority,15,Matamata-Piako District,ets_additive_damped,2026-07-01,2027-01-01,6,49.7489864688532,7.846372693538503,10.705331850210124,14.506096635878333,fixed_ets_v1
territorial_authority_15_median_rent,median_rent,territorial_authority,15,Matamata-Piako District,ets_additive_damped,2026-07-01,2026-08-01,1,598.7700324591133,19.87506035380071,24.096726256581466,3.330016465764293,fixed_ets_v1
territorial_authority_15_median_rent,median_rent,territorial_authority,15,Matamata-Piako District,ets_additive_damped,2026-07-01,2026-09-01,2,603.7461687806084,19.87506035380071,24.096726256581466,3.330016465764293,fixed_ets_v1
territorial_authority_15_median_rent,median_rent,territorial_authority,15,Matamata-Piako District,ets_additive_damped,2026-07-01,2026-10-01,3,602.519458533111,19.87506035380071,24.096726256581466,3.330016465764293,fixed_ets_v1
territorial_authority_15_median_rent,median_rent,territorial_authority,15,Matamata-Piako District,ets_additive_damped,2026-07-01,2026-11-01,4,604.0427737506154,19.87506035380071,24.096726256581466,3.330016465764293,fixed_ets_v1
territorial_authority_15_median_rent,median_rent,territorial_authority,15,Matamata-Piako District,ets_additive_damped,2026-07-01,2026-12-01,5,607.4920765877506,19.87506035380071,24.096726256581466,3.330016465764293,fixed_ets_v1
territorial_authority_15_median_rent,median_rent,territorial_authority,15,Matamata-Piako District,ets_additive_damped,2026-07-01,2027-01-01,6,611.4439030056178,19.87506035380071,24.096726256581466,3.330016465764293,fixed_ets_v1
territorial_authority_16_bonds_lodged,bonds_lodged,territorial_authority,16,Hamilton City,ets_additive_damped,2026-07-01,2026-08-01,1,612.4764098098711,73.1102838415599,89.73178897511416,10.317366431448612,fixed_ets_v1
territorial_authority_16_bonds_lodged,bonds_lodged,territorial_authority,16,Hamilton City,ets_additive_damped,2026-07-01,2026-09-01,2,572.6042150995283,73.1102838415599,89.73178897511416,10.317366431448612,fixed_ets_v1
territorial_authority_16_bonds_lodged,bonds_lodged,territorial_authority,16,Hamilton City,ets_additive_damped,2026-07-01,2026-10-01,3,605.341170587615,73.1102838415599,89.73178897511416,10.317366431448612,fixed_ets_v1
territorial_authority_16_bonds_lodged,bonds_lodged,territorial_authority,16,Hamilton City,ets_additive_damped,2026-07-01,2026-11-01,4,641.8005602874833,73.1102838415599,89.73178897511416,10.317366431448612,fixed_ets_v1
territorial_authority_16_bonds_lodged,bonds_lodged,territorial_authority,16,Hamilton City,ets_additive_damped,2026-07-01,2026-12-01,5,649.4052034170574,73.1102838415599,89.73178897511416,10.317366431448612,fixed_ets_v1
territorial_authority_16_bonds_lodged,bonds_lodged,territorial_authority,16,Hamilton City,ets_additive_damped,2026-07-01,2027-01-01,6,722.6376480931613,73.1102838415599,89.73178897511416,10.317366431448612,fixed_ets_v1
territorial_authority_16_median_rent,median_rent,territorial_authority,16,Hamilton City,ets_additive_damped,2026-07-01,2026-08-01,1,567.3570616131049,7.422325726473717,8.704915330900763,1.3106604549727798,fixed_ets_v1
territorial_authority_16_median_rent,median_rent,territorial_authority,16,Hamilton City,ets_additive_damped,2026-07-01,2026-09-01,2,568.8022597795367,7.422325726473717,8.704915330900763,1.3106604549727798,fixed_ets_v1
territorial_authority_16_median_rent,median_rent,territorial_authority,16,Hamilton City,ets_additive_damped,2026-07-01,2026-10-01,3,569.4312802836815,7.422325726473717,8.704915330900763,1.3106604549727798,fixed_ets_v1
territorial_authority_16_median_rent,median_rent,territorial_authority,16,Hamilton City,ets_additive_damped,2026-07-01,2026-11-01,4,571.2106816552875,7.422325726473717,8.704915330900763,1.3106604549727798,fixed_ets_v1
territorial_authority_16_median_rent,median_rent,territorial_authority,16,Hamilton City,ets_additive_damped,2026-07-01,2026-12-01,5,575.5319054646025,7.422325726473717,8.704915330900763,1.3106604549727798,fixed_ets_v1
territorial_authority_16_median_rent,median_rent,territorial_authority,16,Hamilton City,ets_additive_damped,2026-07-01,2027-01-01,6,577.8491730331073,7.422325726473717,8.704915330900763,1.3106604549727798,fixed_ets_v1
territorial_authority_17_bonds_lodged,bonds_lodged,territorial_authority,17,Waipa District,ets_additive_damped,2026-07-01,2026-08-01,1,104.45502109477688,13.613902724255167,16.650759469030483,12.902487011863744,fixed_ets_v1
territorial_authority_17_bonds_lodged,bonds_lodged,territorial_authority,17,Waipa District,ets_additive_damped,2026-07-01,2026-09-01,2,94.36307575063294,13.613902724255167,16.650759469030483,12.902487011863744,fixed_ets_v1
territorial_authority_17_bonds_lodged,bonds_lodged,territorial_authority,17,Waipa District,ets_additive_damped,2026-07-01,2026-10-01,3,98.17156812107064,13.613902724255167,16.650759469030483,12.902487011863744,fixed_ets_v1
territorial_authority_17_bonds_lodged,bonds_lodged,territorial_authority,17,Waipa District,ets_additive_damped,2026-07-01,2026-11-01,4,91.97029352518199,13.613902724255167,16.650759469030483,12.902487011863744,fixed_ets_v1
territorial_authority_17_bonds_lodged,bonds_lodged,territorial_authority,17,Waipa District,ets_additive_damped,2026-07-01,2026-12-01,5,92.77294568885257,13.613902724255167,16.650759469030483,12.902487011863744,fixed_ets_v1
territorial_authority_17_bonds_lodged,bonds_lodged,territorial_authority,17,Waipa District,ets_additive_damped,2026-07-01,2027-01-01,6,98.68746029791564,13.613902724255167,16.650759469030483,12.902487011863744,fixed_ets_v1
territorial_authority_17_median_rent,median_rent,territorial_authority,17,Waipa District,ets_additive_damped,2026-07-01,2026-08-01,1,629.1509636966695,12.692276258651562,15.874715303828827,2.043402305348587,fixed_ets_v1
territorial_authority_17_median_rent,median_rent,territorial_authority,17,Waipa District,ets_additive_damped,2026-07-01,2026-09-01,2,629.2148661567851,12.692276258651562,15.874715303828827,2.043402305348587,fixed_ets_v1
territorial_authority_17_median_rent,median_rent,territorial_authority,17,Waipa District,ets_additive_damped,2026-07-01,2026-10-01,3,627.8499550459017,12.692276258651562,15.874715303828827,2.043402305348587,fixed_ets_v1
territorial_authority_17_median_rent,median_rent,territorial_authority,17,Waipa District,ets_additive_damped,2026-07-01,2026-11-01,4,632.9593839755229,12.692276258651562,15.874715303828827,2.043402305348587,fixed_ets_v1
territorial_authority_17_median_rent,median_rent,territorial_authority,17,Waipa District,ets_additive_damped,2026-07-01,2026-12-01,5,640.2737266321027,12.692276258651562,15.874715303828827,2.043402305348587,fixed_ets_v1
territorial_authority_17_median_rent,median_rent,territorial_authority,17,Waipa District,ets_additive_damped,2026-07-01,2027-01-01,6,634.3445106166266,12.692276258651562,15.874715303828827,2.043402305348587,fixed_ets_v1
territorial_authority_19_bonds_lodged,bonds_lodged,territorial_authority,19,South Waikato District,ets_additive_damped,2026-07-01,2026-08-01,1,62.63004710480465,13.650198402112578,15.816337654390953,22.05284886627661,fixed_ets_v1
territorial_authority_19_bonds_lodged,bonds_lodged,territorial_authority,19,South Waikato District,ets_additive_damped,2026-07-01,2026-09-01,2,59.75506695025029,13.650198402112578,15.816337654390953,22.05284886627661,fixed_ets_v1
territorial_authority_19_bonds_lodged,bonds_lodged,territorial_authority,19,South Waikato District,ets_additive_damped,2026-07-01,2026-10-01,3,58.247311980555516,13.650198402112578,15.816337654390953,22.05284886627661,fixed_ets_v1
territorial_authority_19_bonds_lodged,bonds_lodged,territorial_authority,19,South Waikato District,ets_additive_damped,2026-07-01,2026-11-01,4,54.1988896313018,13.650198402112578,15.816337654390953,22.05284886627661,fixed_ets_v1
territorial_authority_19_bonds_lodged,bonds_lodged,territorial_authority,19,South Waikato District,ets_additive_damped,2026-07-01,2026-12-01,5,52.33911988025949,13.650198402112578,15.816337654390953,22.05284886627661,fixed_ets_v1
territorial_authority_19_bonds_lodged,bonds_lodged,territorial_authority,19,South Waikato District,ets_additive_damped,2026-07-01,2027-01-01,6,55.11257856388057,13.650198402112578,15.816337654390953,22.05284886627661,fixed_ets_v1
territorial_authority_19_median_rent,median_rent,territorial_authority,19,South Waikato District,ets_additive_damped,2026-07-01,2026-08-01,1,520.8797398664202,15.895526203930023,17.841868699602013,3.134166740237988,fixed_ets_v1
territorial_authority_19_median_rent,median_rent,territorial_authority,19,South Waikato District,ets_additive_damped,2026-07-01,2026-09-01,2,522.53298276447,15.895526203930023,17.841868699602013,3.134166740237988,fixed_ets_v1
territorial_authority_19_median_rent,median_rent,territorial_authority,19,South Waikato District,ets_additive_damped,2026-07-01,2026-10-01,3,520.7831644737594,15.895526203930023,17.841868699602013,3.134166740237988,fixed_ets_v1
territorial_authority_19_median_rent,median_rent,territorial_authority,19,South Waikato District,ets_additive_damped,2026-07-01,2026-11-01,4,521.9351744168649,15.895526203930023,17.841868699602013,3.134166740237988,fixed_ets_v1
territorial_authority_19_median_rent,median_rent,territorial_authority,19,South Waikato District,ets_additive_damped,2026-07-01,2026-12-01,5,525.9871944647283,15.895526203930023,17.841868699602013,3.134166740237988,fixed_ets_v1
territorial_authority_19_median_rent,median_rent,territorial_authority,19,South Waikato District,ets_additive_damped,2026-07-01,2027-01-01,6,521.2425710586477,15.895526203930023,17.841868699602013,3.134166740237988,fixed_ets_v1
territorial_authority_1_bonds_lodged,bonds_lodged,territorial_authority,1,Far North District,ets_additive_damped,2026-07-01,2026-08-01,1,96.96678654507878,12.038707491451532,14.163527347887698,12.857476237335831,fixed_ets_v1
territorial_authority_1_bonds_lodged,bonds_lodged,territorial_authority,1,Far North District,ets_additive_damped,2026-07-01,2026-09-01,2,94.31974071583213,12.038707491451532,14.163527347887698,12.857476237335831,fixed_ets_v1
territorial_authority_1_bonds_lodged,bonds_lodged,territorial_authority,1,Far North District,ets_additive_damped,2026-07-01,2026-10-01,3,99.12673789753217,12.038707491451532,14.163527347887698,12.857476237335831,fixed_ets_v1
territorial_authority_1_bonds_lodged,bonds_lodged,territorial_authority,1,Far North District,ets_additive_damped,2026-07-01,2026-11-01,4,88.65809242294873,12.038707491451532,14.163527347887698,12.857476237335831,fixed_ets_v1
territorial_authority_1_bonds_lodged,bonds_lodged,territorial_authority,1,Far North District,ets_additive_damped,2026-07-01,2026-12-01,5,85.28227748108304,12.038707491451532,14.163527347887698,12.857476237335831,fixed_ets_v1
territorial_authority_1_bonds_lodged,bonds_lodged,territorial_authority,1,Far North District,ets_additive_damped,2026-07-01,2027-01-01,6,85.80479129649041,12.038707491451532,14.163527347887698,12.857476237335831,fixed_ets_v1
territorial_authority_1_median_rent,median_rent,territorial_authority,1,Far North District,ets_additive_damped,2026-07-01,2026-08-01,1,556.4413716253131,13.400421547700669,15.991243963354094,2.4763196979030235,fixed_ets_v1
territorial_authority_1_median_rent,median_rent,territorial_authority,1,Far North District,ets_additive_damped,2026-07-01,2026-09-01,2,561.1428413955672,13.400421547700669,15.991243963354094,2.4763196979030235,fixed_ets_v1
territorial_authority_1_median_rent,median_rent,territorial_authority,1,Far North District,ets_additive_damped,2026-07-01,2026-10-01,3,563.3467372007893,13.400421547700669,15.991243963354094,2.4763196979030235,fixed_ets_v1
territorial_authority_1_median_rent,median_rent,territorial_authority,1,Far North District,ets_additive_damped,2026-07-01,2026-11-01,4,561.8049931033134,13.400421547700669,15.991243963354094,2.4763196979030235,fixed_ets_v1
territorial_authority_1_median_rent,median_rent,territorial_authority,1,Far North District,ets_additive_damped,2026-07-01,2026-12-01,5,568.5622462718516,13.400421547700669,15.991243963354094,2.4763196979030235,fixed_ets_v1
territorial_authority_1_median_rent,median_rent,territorial_authority,1,Far North District,ets_additive_damped,2026-07-01,2027-01-01,6,565.8186949775187,13.400421547700669,15.991243963354094,2.4763196979030235,fixed_ets_v1
territorial_authority_21_bonds_lodged,bonds_lodged,territorial_authority,21,Taupo District,ets_additive_damped,2026-07-01,2026-08-01,1,96.86535152449004,11.765392048921347,14.499855553558978,13.447595584291731,fixed_ets_v1
territorial_authority_21_bonds_lodged,bonds_lodged,territorial_authority,21,Taupo District,ets_additive_damped,2026-07-01,2026-09-01,2,91.6856447428124,11.765392048921347,14.499855553558978,13.447595584291731,fixed_ets_v1
territorial_authority_21_bonds_lodged,bonds_lodged,territorial_authority,21,Taupo District,ets_additive_damped,2026-07-01,2026-10-01,3,91.23319020774822,11.765392048921347,14.499855553558978,13.447595584291731,fixed_ets_v1
territorial_authority_21_bonds_lodged,bonds_lodged,territorial_authority,21,Taupo District,ets_additive_damped,2026-07-01,2026-11-01,4,88.87515780713532,11.765392048921347,14.499855553558978,13.447595584291731,fixed_ets_v1
territorial_authority_21_bonds_lodged,bonds_lodged,territorial_authority,21,Taupo District,ets_additive_damped,2026-07-01,2026-12-01,5,80.05492925524898,11.765392048921347,14.499855553558978,13.447595584291731,fixed_ets_v1
territorial_authority_21_bonds_lodged,bonds_lodged,territorial_authority,21,Taupo District,ets_additive_damped,2026-07-01,2027-01-01,6,78.78112138362509,11.765392048921347,14.499855553558978,13.447595584291731,fixed_ets_v1
territorial_authority_21_median_rent,median_rent,territorial_authority,21,Taupo District,ets_additive_damped,2026-07-01,2026-08-01,1,630.2373034393761,17.873845952150027,21.103146115010745,2.9330725518103047,fixed_ets_v1
territorial_authority_21_median_rent,median_rent,territorial_authority,21,Taupo District,ets_additive_damped,2026-07-01,2026-09-01,2,632.4563781407336,17.873845952150027,21.103146115010745,2.9330725518103047,fixed_ets_v1
territorial_authority_21_median_rent,median_rent,territorial_authority,21,Taupo District,ets_additive_damped,2026-07-01,2026-10-01,3,635.7791926900187,17.873845952150027,21.103146115010745,2.9330725518103047,fixed_ets_v1
territorial_authority_21_median_rent,median_rent,territorial_authority,21,Taupo District,ets_additive_damped,2026-07-01,2026-11-01,4,638.0599729191116,17.873845952150027,21.103146115010745,2.9330725518103047,fixed_ets_v1
territorial_authority_21_median_rent,median_rent,territorial_authority,21,Taupo District,ets_additive_damped,2026-07-01,2026-12-01,5,642.9330672338881,17.873845952150027,21.103146115010745,2.9330725518103047,fixed_ets_v1
territorial_authority_21_median_rent,median_rent,territorial_authority,21,Taupo District,ets_additive_damped,2026-07-01,2027-01-01,6,645.3892816500057,17.873845952150027,21.103146115010745,2.9330725518103047,fixed_ets_v1
territorial_authority_22_bonds_lodged,bonds_lodged,territorial_authority,22,Western Bay of Plenty District,ets_additive_damped,2026-07-01,2026-08-01,1,78.79911772987212,12.553572820119244,14.584418624456386,15.613868401562392,fixed_ets_v1
territorial_authority_22_bonds_lodged,bonds_lodged,territorial_authority,22,Western Bay of Plenty District,ets_additive_damped,2026-07-01,2026-09-01,2,76.4067733615942,12.553572820119244,14.584418624456386,15.613868401562392,fixed_ets_v1
territorial_authority_22_bonds_lodged,bonds_lodged,territorial_authority,22,Western Bay of Plenty District,ets_additive_damped,2026-07-01,2026-10-01,3,72.9151167144067,12.553572820119244,14.584418624456386,15.613868401562392,fixed_ets_v1
territorial_authority_22_bonds_lodged,bonds_lodged,territorial_authority,22,Western Bay of Plenty District,ets_additive_damped,2026-07-01,2026-11-01,4,71.89133660520473,12.553572820119244,14.584418624456386,15.613868401562392,fixed_ets_v1
territorial_authority_22_bonds_lodged,bonds_lodged,territorial_authority,22,Western Bay of Plenty District,ets_additive_damped,2026-07-01,2026-12-01,5,67.77277437086695,12.553572820119244,14.584418624456386,15.613868401562392,fixed_ets_v1
territorial_authority_22_bonds_lodged,bonds_lodged,territorial_authority,22,Western Bay of Plenty District,ets_additive_damped,2026-07-01,2027-01-01,6,68.30264931231419,12.553572820119244,14.584418624456386,15.613868401562392,fixed_ets_v1
territorial_authority_22_median_rent,median_rent,territorial_authority,22,Western Bay of Plenty District,ets_additive_damped,2026-07-01,2026-08-01,1,643.5445924512998,19.147970286521744,24.08885078424026,3.0062397133325494,fixed_ets_v1
territorial_authority_22_median_rent,median_rent,territorial_authority,22,Western Bay of Plenty District,ets_additive_damped,2026-07-01,2026-09-01,2,646.9898359222902,19.147970286521744,24.08885078424026,3.0062397133325494,fixed_ets_v1
territorial_authority_22_median_rent,median_rent,territorial_authority,22,Western Bay of Plenty District,ets_additive_damped,2026-07-01,2026-10-01,3,644.036842917204,19.147970286521744,24.08885078424026,3.0062397133325494,fixed_ets_v1
territorial_authority_22_median_rent,median_rent,territorial_authority,22,Western Bay of Plenty District,ets_additive_damped,2026-07-01,2026-11-01,4,644.2823558094228,19.147970286521744,24.08885078424026,3.0062397133325494,fixed_ets_v1
territorial_authority_22_median_rent,median_rent,territorial_authority,22,Western Bay of Plenty District,ets_additive_damped,2026-07-01,2026-12-01,5,658.1857414711309,19.147970286521744,24.08885078424026,3.0062397133325494,fixed_ets_v1
territorial_authority_22_median_rent,median_rent,territorial_authority,22,Western Bay of Plenty District,ets_additive_damped,2026-07-01,2027-01-01,6,653.776941202357,19.147970286521744,24.08885078424026,3.0062397133325494,fixed_ets_v1
territorial_authority_23_bonds_lodged,bonds_lodged,territorial_authority,23,Tauranga City,ets_additive_damped,2026-07-01,2026-08-01,1,340.037114232229,35.342678547310825,45.0728238091243,9.77807369663548,fixed_ets_v1
territorial_authority_23_bonds_lodged,bonds_lodged,territorial_authority,23,Tauranga City,ets_additive_damped,2026-07-01,2026-09-01,2,322.43398194263375,35.342678547310825,45.0728238091243,9.77807369663548,fixed_ets_v1
territorial_authority_23_bonds_lodged,bonds_lodged,territorial_authority,23,Tauranga City,ets_additive_damped,2026-07-01,2026-10-01,3,322.6112276683401,35.342678547310825,45.0728238091243,9.77807369663548,fixed_ets_v1
territorial_authority_23_bonds_lodged,bonds_lodged,territorial_authority,23,Tauranga City,ets_additive_damped,2026-07-01,2026-11-01,4,296.35929726762186,35.342678547310825,45.0728238091243,9.77807369663548,fixed_ets_v1
territorial_authority_23_bonds_lodged,bonds_lodged,territorial_authority,23,Tauranga City,ets_additive_damped,2026-07-01,2026-12-01,5,298.02176395146074,35.342678547310825,45.0728238091243,9.77807369663548,fixed_ets_v1
territorial_authority_23_bonds_lodged,bonds_lodged,territorial_authority,23,Tauranga City,ets_additive_damped,2026-07-01,2027-01-01,6,297.8122858443847,35.342678547310825,45.0728238091243,9.77807369663548,fixed_ets_v1
territorial_authority_23_median_rent,median_rent,territorial_authority,23,Tauranga City,ets_additive_damped,2026-07-01,2026-08-01,1,698.6190913442639,17.507082919625883,20.860681827752643,2.513007340704642,fixed_ets_v1
territorial_authority_23_median_rent,median_rent,territorial_authority,23,Tauranga City,ets_additive_damped,2026-07-01,2026-09-01,2,699.5644803229395,17.507082919625883,20.860681827752643,2.513007340704642,fixed_ets_v1
territorial_authority_23_median_rent,median_rent,territorial_authority,23,Tauranga City,ets_additive_damped,2026-07-01,2026-10-01,3,699.7519010052123,17.507082919625883,20.860681827752643,2.513007340704642,fixed_ets_v1
territorial_authority_23_median_rent,median_rent,territorial_authority,23,Tauranga City,ets_additive_damped,2026-07-01,2026-11-01,4,700.9057655589876,17.507082919625883,20.860681827752643,2.513007340704642,fixed_ets_v1
territorial_authority_23_median_rent,median_rent,territorial_authority,23,Tauranga City,ets_additive_damped,2026-07-01,2026-12-01,5,705.0261227652348,17.507082919625883,20.860681827752643,2.513007340704642,fixed_ets_v1
territorial_authority_23_median_rent,median_rent,territorial_authority,23,Tauranga City,ets_additive_damped,2026-07-01,2027-01-01,6,708.6931012625745,17.507082919625883,20.860681827752643,2.513007340704642,fixed_ets_v1
territorial_authority_24_bonds_lodged,bonds_lodged,territorial_authority,24,Rotorua District,ets_additive_damped,2026-07-01,2026-08-01,1,181.03137581113188,11.141004985650094,15.027936159099756,6.390302484984756,fixed_ets_v1
territorial_authority_24_bonds_lodged,bonds_lodged,territorial_authority,24,Rotorua District,ets_additive_damped,2026-07-01,2026-09-01,2,173.3883709074957,11.141004985650094,15.027936159099756,6.390302484984756,fixed_ets_v1
territorial_authority_24_bonds_lodged,bonds_lodged,territorial_authority,24,Rotorua District,ets_additive_damped,2026-07-01,2026-10-01,3,166.94376716647372,11.141004985650094,15.027936159099756,6.390302484984756,fixed_ets_v1
territorial_authority_24_bonds_lodged,bonds_lodged,territorial_authority,24,Rotorua District,ets_additive_damped,2026-07-01,2026-11-01,4,169.48174956279405,11.141004985650094,15.027936159099756,6.390302484984756,fixed_ets_v1
territorial_authority_24_bonds_lodged,bonds_lodged,territorial_authority,24,Rotorua District,ets_additive_damped,2026-07-01,2026-12-01,5,162.95094341870777,11.141004985650094,15.027936159099756,6.390302484984756,fixed_ets_v1
territorial_authority_24_bonds_lodged,bonds_lodged,territorial_authority,24,Rotorua District,ets_additive_damped,2026-07-01,2027-01-01,6,160.63990681370416,11.141004985650094,15.027936159099756,6.390302484984756,fixed_ets_v1
territorial_authority_24_median_rent,median_rent,territorial_authority,24,Rotorua District,ets_additive_damped,2026-07-01,2026-08-01,1,582.7439891129859,15.666293246578354,18.24276343527008,2.721550572456249,fixed_ets_v1
territorial_authority_24_median_rent,median_rent,territorial_authority,24,Rotorua District,ets_additive_damped,2026-07-01,2026-09-01,2,583.6750878613849,15.666293246578354,18.24276343527008,2.721550572456249,fixed_ets_v1
territorial_authority_24_median_rent,median_rent,territorial_authority,24,Rotorua District,ets_additive_damped,2026-07-01,2026-10-01,3,583.0509368340373,15.666293246578354,18.24276343527008,2.721550572456249,fixed_ets_v1
territorial_authority_24_median_rent,median_rent,territorial_authority,24,Rotorua District,ets_additive_damped,2026-07-01,2026-11-01,4,585.6659637403089,15.666293246578354,18.24276343527008,2.721550572456249,fixed_ets_v1
territorial_authority_24_median_rent,median_rent,territorial_authority,24,Rotorua District,ets_additive_damped,2026-07-01,2026-12-01,5,587.5814049921827,15.666293246578354,18.24276343527008,2.721550572456249,fixed_ets_v1
territorial_authority_24_median_rent,median_rent,territorial_authority,24,Rotorua District,ets_additive_damped,2026-07-01,2027-01-01,6,589.0748958323296,15.666293246578354,18.24276343527008,2.721550572456249,fixed_ets_v1
territorial_authority_25_bonds_lodged,bonds_lodged,territorial_authority,25,Whakatane District,ets_additive_damped,2026-07-01,2026-08-01,1,57.55796159389318,9.513513239062924,12.190828420532512,17.780326643549348,fixed_ets_v1
territorial_authority_25_bonds_lodged,bonds_lodged,territorial_authority,25,Whakatane District,ets_additive_damped,2026-07-01,2026-09-01,2,53.339556804474775,9.513513239062924,12.190828420532512,17.780326643549348,fixed_ets_v1
territorial_authority_25_bonds_lodged,bonds_lodged,territorial_authority,25,Whakatane District,ets_additive_damped,2026-07-01,2026-10-01,3,51.47685414024919,9.513513239062924,12.190828420532512,17.780326643549348,fixed_ets_v1
territorial_authority_25_bonds_lodged,bonds_lodged,territorial_authority,25,Whakatane District,ets_additive_damped,2026-07-01,2026-11-01,4,48.69899413089402,9.513513239062924,12.190828420532512,17.780326643549348,fixed_ets_v1
territorial_authority_25_bonds_lodged,bonds_lodged,territorial_authority,25,Whakatane District,ets_additive_damped,2026-07-01,2026-12-01,5,47.55752994101877,9.513513239062924,12.190828420532512,17.780326643549348,fixed_ets_v1
territorial_authority_25_bonds_lodged,bonds_lodged,territorial_authority,25,Whakatane District,ets_additive_damped,2026-07-01,2027-01-01,6,49.68257821520069,9.513513239062924,12.190828420532512,17.780326643549348,fixed_ets_v1
territorial_authority_25_median_rent,median_rent,territorial_authority,25,Whakatane District,ets_additive_damped,2026-07-01,2026-08-01,1,583.7757140819824,23.724428252797686,27.42656924780852,4.093267471997466,fixed_ets_v1
territorial_authority_25_median_rent,median_rent,territorial_authority,25,Whakatane District,ets_additive_damped,2026-07-01,2026-09-01,2,584.5502356834651,23.724428252797686,27.42656924780852,4.093267471997466,fixed_ets_v1
territorial_authority_25_median_rent,median_rent,territorial_authority,25,Whakatane District,ets_additive_damped,2026-07-01,2026-10-01,3,584.2863661086569,23.724428252797686,27.42656924780852,4.093267471997466,fixed_ets_v1
territorial_authority_25_median_rent,median_rent,territorial_authority,25,Whakatane District,ets_additive_damped,2026-07-01,2026-11-01,4,580.1709057357015,23.724428252797686,27.42656924780852,4.093267471997466,fixed_ets_v1
territorial_authority_25_median_rent,median_rent,territorial_authority,25,Whakatane District,ets_additive_damped,2026-07-01,2026-12-01,5,584.3944012998967,23.724428252797686,27.42656924780852,4.093267471997466,fixed_ets_v1
territorial_authority_25_median_rent,median_rent,territorial_authority,25,Whakatane District,ets_additive_damped,2026-07-01,2027-01-01,6,587.8345736695503,23.724428252797686,27.42656924780852,4.093267471997466,fixed_ets_v1
territorial_authority_28_bonds_lodged,bonds_lodged,territorial_authority,28,Gisborne District,ets_additive_damped,2026-07-01,2026-08-01,1,87.04359228666922,10.618677809271007,12.909829235850662,11.87338656029978,fixed_ets_v1
territorial_authority_28_bonds_lodged,bonds_lodged,territorial_authority,28,Gisborne District,ets_additive_damped,2026-07-01,2026-09-01,2,88.64048117268048,10.618677809271007,12.909829235850662,11.87338656029978,fixed_ets_v1
territorial_authority_28_bonds_lodged,bonds_lodged,territorial_authority,28,Gisborne District,ets_additive_damped,2026-07-01,2026-10-01,3,79.23872192629469,10.618677809271007,12.909829235850662,11.87338656029978,fixed_ets_v1
territorial_authority_28_bonds_lodged,bonds_lodged,territorial_authority,28,Gisborne District,ets_additive_damped,2026-07-01,2026-11-01,4,82.56706024584635,10.618677809271007,12.909829235850662,11.87338656029978,fixed_ets_v1
territorial_authority_28_bonds_lodged,bonds_lodged,territorial_authority,28,Gisborne District,ets_additive_damped,2026-07-01,2026-12-01,5,74.98866003854576,10.618677809271007,12.909829235850662,11.87338656029978,fixed_ets_v1
territorial_authority_28_bonds_lodged,bonds_lodged,territorial_authority,28,Gisborne District,ets_additive_damped,2026-07-01,2027-01-01,6,83.50406339523943,10.618677809271007,12.909829235850662,11.87338656029978,fixed_ets_v1
territorial_authority_28_median_rent,median_rent,territorial_authority,28,Gisborne District,ets_additive_damped,2026-07-01,2026-08-01,1,608.8067856376347,30.38025152717501,34.797925010483226,4.912298713307398,fixed_ets_v1
territorial_authority_28_median_rent,median_rent,territorial_authority,28,Gisborne District,ets_additive_damped,2026-07-01,2026-09-01,2,608.2164382747379,30.38025152717501,34.797925010483226,4.912298713307398,fixed_ets_v1
territorial_authority_28_median_rent,median_rent,territorial_authority,28,Gisborne District,ets_additive_damped,2026-07-01,2026-10-01,3,608.6168672388583,30.38025152717501,34.797925010483226,4.912298713307398,fixed_ets_v1
territorial_authority_28_median_rent,median_rent,territorial_authority,28,Gisborne District,ets_additive_damped,2026-07-01,2026-11-01,4,607.704714297057,30.38025152717501,34.797925010483226,4.912298713307398,fixed_ets_v1
territorial_authority_28_median_rent,median_rent,territorial_authority,28,Gisborne District,ets_additive_damped,2026-07-01,2026-12-01,5,603.6317476344188,30.38025152717501,34.797925010483226,4.912298713307398,fixed_ets_v1
territorial_authority_28_median_rent,median_rent,territorial_authority,28,Gisborne District,ets_additive_damped,2026-07-01,2027-01-01,6,606.63937597163,30.38025152717501,34.797925010483226,4.912298713307398,fixed_ets_v1
territorial_authority_2_bonds_lodged,bonds_lodged,territorial_authority,2,Whangarei District,ets_additive_damped,2026-07-01,2026-08-01,1,197.60775825794923,16.735347478492017,21.365202028021614,8.365168243558655,fixed_ets_v1
territorial_authority_2_bonds_lodged,bonds_lodged,territorial_authority,2,Whangarei District,ets_additive_damped,2026-07-01,2026-09-01,2,189.86061236808504,16.735347478492017,21.365202028021614,8.365168243558655,fixed_ets_v1
territorial_authority_2_bonds_lodged,bonds_lodged,territorial_authority,2,Whangarei District,ets_additive_damped,2026-07-01,2026-10-01,3,182.02211777863008,16.735347478492017,21.365202028021614,8.365168243558655,fixed_ets_v1
territorial_authority_2_bonds_lodged,bonds_lodged,territorial_authority,2,Whangarei District,ets_additive_damped,2026-07-01,2026-11-01,4,181.36992505950846,16.735347478492017,21.365202028021614,8.365168243558655,fixed_ets_v1
territorial_authority_2_bonds_lodged,bonds_lodged,territorial_authority,2,Whangarei District,ets_additive_damped,2026-07-01,2026-12-01,5,184.00639568359495,16.735347478492017,21.365202028021614,8.365168243558655,fixed_ets_v1
territorial_authority_2_bonds_lodged,bonds_lodged,territorial_authority,2,Whangarei District,ets_additive_damped,2026-07-01,2027-01-01,6,175.11247473324977,16.735347478492017,21.365202028021614,8.365168243558655,fixed_ets_v1
territorial_authority_2_median_rent,median_rent,territorial_authority,2,Whangarei District,ets_additive_damped,2026-07-01,2026-08-01,1,585.6240727877429,12.06540726169056,14.118725148705622,2.064214207845584,fixed_ets_v1
territorial_authority_2_median_rent,median_rent,territorial_authority,2,Whangarei District,ets_additive_damped,2026-07-01,2026-09-01,2,587.0985621095614,12.06540726169056,14.118725148705622,2.064214207845584,fixed_ets_v1
territorial_authority_2_median_rent,median_rent,territorial_authority,2,Whangarei District,ets_additive_damped,2026-07-01,2026-10-01,3,587.8176276458638,12.06540726169056,14.118725148705622,2.064214207845584,fixed_ets_v1
territorial_authority_2_median_rent,median_rent,territorial_authority,2,Whangarei District,ets_additive_damped,2026-07-01,2026-11-01,4,585.4135039501572,12.06540726169056,14.118725148705622,2.064214207845584,fixed_ets_v1
territorial_authority_2_median_rent,median_rent,territorial_authority,2,Whangarei District,ets_additive_damped,2026-07-01,2026-12-01,5,587.7973442218841,12.06540726169056,14.118725148705622,2.064214207845584,fixed_ets_v1
territorial_authority_2_median_rent,median_rent,territorial_authority,2,Whangarei District,ets_additive_damped,2026-07-01,2027-01-01,6,589.4263743697028,12.06540726169056,14.118725148705622,2.064214207845584,fixed_ets_v1
territorial_authority_30_bonds_lodged,bonds_lodged,territorial_authority,30,Hastings District,ets_additive_damped,2026-07-01,2026-08-01,1,146.19581796860086,12.223408417697076,16.087635014603606,8.617293670474847,fixed_ets_v1
territorial_authority_30_bonds_lodged,bonds_lodged,territorial_authority,30,Hastings District,ets_additive_damped,2026-07-01,2026-09-01,2,140.99427625773757,12.223408417697076,16.087635014603606,8.617293670474847,fixed_ets_v1
territorial_authority_30_bonds_lodged,bonds_lodged,territorial_authority,30,Hastings District,ets_additive_damped,2026-07-01,2026-10-01,3,144.52164105847442,12.223408417697076,16.087635014603606,8.617293670474847,fixed_ets_v1
territorial_authority_30_bonds_lodged,bonds_lodged,territorial_authority,30,Hastings District,ets_additive_damped,2026-07-01,2026-11-01,4,141.96266796633785,12.223408417697076,16.087635014603606,8.617293670474847,fixed_ets_v1
territorial_authority_30_bonds_lodged,bonds_lodged,territorial_authority,30,Hastings District,ets_additive_damped,2026-07-01,2026-12-01,5,135.96391757972924,12.223408417697076,16.087635014603606,8.617293670474847,fixed_ets_v1
territorial_authority_30_bonds_lodged,bonds_lodged,territorial_authority,30,Hastings District,ets_additive_damped,2026-07-01,2027-01-01,6,135.13960324331794,12.223408417697076,16.087635014603606,8.617293670474847,fixed_ets_v1
territorial_authority_30_median_rent,median_rent,territorial_authority,30,Hastings District,ets_additive_damped,2026-07-01,2026-08-01,1,597.0036149442002,12.959738645801728,14.92617490783114,2.1464783201773625,fixed_ets_v1
territorial_authority_30_median_rent,median_rent,territorial_authority,30,Hastings District,ets_additive_damped,2026-07-01,2026-09-01,2,595.6519566394245,12.959738645801728,14.92617490783114,2.1464783201773625,fixed_ets_v1
territorial_authority_30_median_rent,median_rent,territorial_authority,30,Hastings District,ets_additive_damped,2026-07-01,2026-10-01,3,598.2391865299483,12.959738645801728,14.92617490783114,2.1464783201773625,fixed_ets_v1
territorial_authority_30_median_rent,median_rent,territorial_authority,30,Hastings District,ets_additive_damped,2026-07-01,2026-11-01,4,597.0366764615849,12.959738645801728,14.92617490783114,2.1464783201773625,fixed_ets_v1
territorial_authority_30_median_rent,median_rent,territorial_authority,30,Hastings District,ets_additive_damped,2026-07-01,2026-12-01,5,601.9442082758807,12.959738645801728,14.92617490783114,2.1464783201773625,fixed_ets_v1
territorial_authority_30_median_rent,median_rent,territorial_authority,30,Hastings District,ets_additive_damped,2026-07-01,2027-01-01,6,601.34366020924,12.959738645801728,14.92617490783114,2.1464783201773625,fixed_ets_v1
territorial_authority_31_bonds_lodged,bonds_lodged,territorial_authority,31,Napier City,ets_additive_damped,2026-07-01,2026-08-01,1,129.71865770657865,17.220877521049154,19.37517377475243,13.81625308925406,fixed_ets_v1
territorial_authority_31_bonds_lodged,bonds_lodged,territorial_authority,31,Napier City,ets_additive_damped,2026-07-01,2026-09-01,2,122.78483819105156,17.220877521049154,19.37517377475243,13.81625308925406,fixed_ets_v1
territorial_authority_31_bonds_lodged,bonds_lodged,territorial_authority,31,Napier City,ets_additive_damped,2026-07-01,2026-10-01,3,119.77456720621589,17.220877521049154,19.37517377475243,13.81625308925406,fixed_ets_v1
territorial_authority_31_bonds_lodged,bonds_lodged,territorial_authority,31,Napier City,ets_additive_damped,2026-07-01,2026-11-01,4,119.57157918035938,17.220877521049154,19.37517377475243,13.81625308925406,fixed_ets_v1
territorial_authority_31_bonds_lodged,bonds_lodged,territorial_authority,31,Napier City,ets_additive_damped,2026-07-01,2026-12-01,5,116.47323350276709,17.220877521049154,19.37517377475243,13.81625308925406,fixed_ets_v1
territorial_authority_31_bonds_lodged,bonds_lodged,territorial_authority,31,Napier City,ets_additive_damped,2026-07-01,2027-01-01,6,118.90056570550902,17.220877521049154,19.37517377475243,13.81625308925406,fixed_ets_v1
territorial_authority_31_median_rent,median_rent,territorial_authority,31,Napier City,ets_additive_damped,2026-07-01,2026-08-01,1,628.6163740583914,20.149153854091384,25.12983165534597,3.148350301166679,fixed_ets_v1
territorial_authority_31_median_rent,median_rent,territorial_authority,31,Napier City,ets_additive_damped,2026-07-01,2026-09-01,2,626.1481746670129,20.149153854091384,25.12983165534597,3.148350301166679,fixed_ets_v1
territorial_authority_31_median_rent,median_rent,territorial_authority,31,Napier City,ets_additive_damped,2026-07-01,2026-10-01,3,627.7881877824201,20.149153854091384,25.12983165534597,3.148350301166679,fixed_ets_v1
territorial_authority_31_median_rent,median_rent,territorial_authority,31,Napier City,ets_additive_damped,2026-07-01,2026-11-01,4,625.8841046983235,20.149153854091384,25.12983165534597,3.148350301166679,fixed_ets_v1
territorial_authority_31_median_rent,median_rent,territorial_authority,31,Napier City,ets_additive_damped,2026-07-01,2026-12-01,5,627.8381555055239,20.149153854091384,25.12983165534597,3.148350301166679,fixed_ets_v1
territorial_authority_31_median_rent,median_rent,territorial_authority,31,Napier City,ets_additive_damped,2026-07-01,2027-01-01,6,630.1895195211398,20.149153854091384,25.12983165534597,3.148350301166679,fixed_ets_v1
territorial_authority_33_bonds_lodged,bonds_lodged,territorial_authority,33,New Plymouth District,ets_additive_damped,2026-07-01,2026-08-01,1,189.44762018198386,16.94657224262705,20.684273634568974,9.473632676833027,fixed_ets_v1
territorial_authority_33_bonds_lodged,bonds_lodged,territorial_authority,33,New Plymouth District,ets_additive_damped,2026-07-01,2026-09-01,2,180.82013970936143,16.94657224262705,20.684273634568974,9.473632676833027,fixed_ets_v1
territorial_authority_33_bonds_lodged,bonds_lodged,territorial_authority,33,New Plymouth District,ets_additive_damped,2026-07-01,2026-10-01,3,181.2446661749311,16.94657224262705,20.684273634568974,9.473632676833027,fixed_ets_v1
territorial_authority_33_bonds_lodged,bonds_lodged,territorial_authority,33,New Plymouth District,ets_additive_damped,2026-07-01,2026-11-01,4,173.21175140563855,16.94657224262705,20.684273634568974,9.473632676833027,fixed_ets_v1
territorial_authority_33_bonds_lodged,bonds_lodged,territorial_authority,33,New Plymouth District,ets_additive_damped,2026-07-01,2026-12-01,5,172.22171943374812,16.94657224262705,20.684273634568974,9.473632676833027,fixed_ets_v1
territorial_authority_33_bonds_lodged,bonds_lodged,territorial_authority,33,New Plymouth District,ets_additive_damped,2026-07-01,2027-01-01,6,186.48086978095873,16.94657224262705,20.684273634568974,9.473632676833027,fixed_ets_v1
territorial_authority_33_median_rent,median_rent,territorial_authority,33,New Plymouth District,ets_additive_damped,2026-07-01,2026-08-01,1,577.0691208820988,13.052914683259594,15.751430096218463,2.223853620420589,fixed_ets_v1
territorial_authority_33_median_rent,median_rent,territorial_authority,33,New Plymouth District,ets_additive_damped,2026-07-01,2026-09-01,2,574.6849476422732,13.052914683259594,15.751430096218463,2.223853620420589,fixed_ets_v1
territorial_authority_33_median_rent,median_rent,territorial_authority,33,New Plymouth District,ets_additive_damped,2026-07-01,2026-10-01,3,574.117579480406,13.052914683259594,15.751430096218463,2.223853620420589,fixed_ets_v1
territorial_authority_33_median_rent,median_rent,territorial_authority,33,New Plymouth District,ets_additive_damped,2026-07-01,2026-11-01,4,568.8781641419291,13.052914683259594,15.751430096218463,2.223853620420589,fixed_ets_v1
territorial_authority_33_median_rent,median_rent,territorial_authority,33,New Plymouth District,ets_additive_damped,2026-07-01,2026-12-01,5,573.1211847943403,13.052914683259594,15.751430096218463,2.223853620420589,fixed_ets_v1
territorial_authority_33_median_rent,median_rent,territorial_authority,33,New Plymouth District,ets_additive_damped,2026-07-01,2027-01-01,6,574.6322601815125,13.052914683259594,15.751430096218463,2.223853620420589,fixed_ets_v1
territorial_authority_35_bonds_lodged,bonds_lodged,territorial_authority,35,South Taranaki District,ets_additive_damped,2026-07-01,2026-08-01,1,48.6101297505271,5.624227362806573,7.305732910489476,12.157553024123963,fixed_ets_v1
territorial_authority_35_bonds_lodged,bonds_lodged,territorial_authority,35,South Taranaki District,ets_additive_damped,2026-07-01,2026-09-01,2,44.876792376834636,5.624227362806573,7.305732910489476,12.157553024123963,fixed_ets_v1
territorial_authority_35_bonds_lodged,bonds_lodged,territorial_authority,35,South Taranaki District,ets_additive_damped,2026-07-01,2026-10-01,3,45.95522034611569,5.624227362806573,7.305732910489476,12.157553024123963,fixed_ets_v1
territorial_authority_35_bonds_lodged,bonds_lodged,territorial_authority,35,South Taranaki District,ets_additive_damped,2026-07-01,2026-11-01,4,45.58463991279632,5.624227362806573,7.305732910489476,12.157553024123963,fixed_ets_v1
territorial_authority_35_bonds_lodged,bonds_lodged,territorial_authority,35,South Taranaki District,ets_additive_damped,2026-07-01,2026-12-01,5,40.846547754097536,5.624227362806573,7.305732910489476,12.157553024123963,fixed_ets_v1
territorial_authority_35_bonds_lodged,bonds_lodged,territorial_authority,35,South Taranaki District,ets_additive_damped,2026-07-01,2027-01-01,6,45.37616454201092,5.624227362806573,7.305732910489476,12.157553024123963,fixed_ets_v1
territorial_authority_35_median_rent,median_rent,territorial_authority,35,South Taranaki District,ets_additive_damped,2026-07-01,2026-08-01,1,521.5156491110857,21.722862299500004,25.761527312128862,4.178447566756874,fixed_ets_v1
territorial_authority_35_median_rent,median_rent,territorial_authority,35,South Taranaki District,ets_additive_damped,2026-07-01,2026-09-01,2,524.3480368355334,21.722862299500004,25.761527312128862,4.178447566756874,fixed_ets_v1
territorial_authority_35_median_rent,median_rent,territorial_authority,35,South Taranaki District,ets_additive_damped,2026-07-01,2026-10-01,3,522.2848731846617,21.722862299500004,25.761527312128862,4.178447566756874,fixed_ets_v1
territorial_authority_35_median_rent,median_rent,territorial_authority,35,South Taranaki District,ets_additive_damped,2026-07-01,2026-11-01,4,519.706733132337,21.722862299500004,25.761527312128862,4.178447566756874,fixed_ets_v1
territorial_authority_35_median_rent,median_rent,territorial_authority,35,South Taranaki District,ets_additive_damped,2026-07-01,2026-12-01,5,526.2006775926518,21.722862299500004,25.761527312128862,4.178447566756874,fixed_ets_v1
territorial_authority_35_median_rent,median_rent,territorial_authority,35,South Taranaki District,ets_additive_damped,2026-07-01,2027-01-01,6,521.0015699716475,21.722862299500004,25.761527312128862,4.178447566756874,fixed_ets_v1
territorial_authority_37_bonds_lodged,bonds_lodged,territorial_authority,37,Whanganui District,ets_additive_damped,2026-07-01,2026-08-01,1,108.46300359398232,11.07059652166138,13.541656829659948,10.516807251713232,fixed_ets_v1
territorial_authority_37_bonds_lodged,bonds_lodged,territorial_authority,37,Whanganui District,ets_additive_damped,2026-07-01,2026-09-01,2,103.54438202901424,11.07059652166138,13.541656829659948,10.516807251713232,fixed_ets_v1
territorial_authority_37_bonds_lodged,bonds_lodged,territorial_authority,37,Whanganui District,ets_additive_damped,2026-07-01,2026-10-01,3,100.90237563352225,11.07059652166138,13.541656829659948,10.516807251713232,fixed_ets_v1
territorial_authority_37_bonds_lodged,bonds_lodged,territorial_authority,37,Whanganui District,ets_additive_damped,2026-07-01,2026-11-01,4,99.62808394488232,11.07059652166138,13.541656829659948,10.516807251713232,fixed_ets_v1
territorial_authority_37_bonds_lodged,bonds_lodged,territorial_authority,37,Whanganui District,ets_additive_damped,2026-07-01,2026-12-01,5,92.6235455227202,11.07059652166138,13.541656829659948,10.516807251713232,fixed_ets_v1
territorial_authority_37_bonds_lodged,bonds_lodged,territorial_authority,37,Whanganui District,ets_additive_damped,2026-07-01,2027-01-01,6,104.07864774867635,11.07059652166138,13.541656829659948,10.516807251713232,fixed_ets_v1
territorial_authority_37_median_rent,median_rent,territorial_authority,37,Whanganui District,ets_additive_damped,2026-07-01,2026-08-01,1,523.0033200065667,12.122523456373138,17.872233365091915,2.3855842940551577,fixed_ets_v1
territorial_authority_37_median_rent,median_rent,territorial_authority,37,Whanganui District,ets_additive_damped,2026-07-01,2026-09-01,2,521.6549534500638,12.122523456373138,17.872233365091915,2.3855842940551577,fixed_ets_v1
territorial_authority_37_median_rent,median_rent,territorial_authority,37,Whanganui District,ets_additive_damped,2026-07-01,2026-10-01,3,523.9042015093397,12.122523456373138,17.872233365091915,2.3855842940551577,fixed_ets_v1
territorial_authority_37_median_rent,median_rent,territorial_authority,37,Whanganui District,ets_additive_damped,2026-07-01,2026-11-01,4,523.9635588660713,12.122523456373138,17.872233365091915,2.3855842940551577,fixed_ets_v1
territorial_authority_37_median_rent,median_rent,territorial_authority,37,Whanganui District,ets_additive_damped,2026-07-01,2026-12-01,5,526.6187838068911,12.122523456373138,17.872233365091915,2.3855842940551577,fixed_ets_v1
territorial_authority_37_median_rent,median_rent,territorial_authority,37,Whanganui District,ets_additive_damped,2026-07-01,2027-01-01,6,528.4175717829057,12.122523456373138,17.872233365091915,2.3855842940551577,fixed_ets_v1
territorial_authority_38_bonds_lodged,bonds_lodged,territorial_authority,38,Rangitikei District,ets_additive_damped,2026-07-01,2026-08-01,1,24.8122043088116,5.873192868717759,7.201346625234799,24.41725282196471,fixed_ets_v1
territorial_authority_38_bonds_lodged,bonds_lodged,territorial_authority,38,Rangitikei District,ets_additive_damped,2026-07-01,2026-09-01,2,24.51697284428636,5.873192868717759,7.201346625234799,24.41725282196471,fixed_ets_v1
territorial_authority_38_bonds_lodged,bonds_lodged,territorial_authority,38,Rangitikei District,ets_additive_damped,2026-07-01,2026-10-01,3,24.30560606901327,5.873192868717759,7.201346625234799,24.41725282196471,fixed_ets_v1
territorial_authority_38_bonds_lodged,bonds_lodged,territorial_authority,38,Rangitikei District,ets_additive_damped,2026-07-01,2026-11-01,4,24.087382402465572,5.873192868717759,7.201346625234799,24.41725282196471,fixed_ets_v1
territorial_authority_38_bonds_lodged,bonds_lodged,territorial_authority,38,Rangitikei District,ets_additive_damped,2026-07-01,2026-12-01,5,23.137175315125152,5.873192868717759,7.201346625234799,24.41725282196471,fixed_ets_v1
territorial_authority_38_bonds_lodged,bonds_lodged,territorial_authority,38,Rangitikei District,ets_additive_damped,2026-07-01,2027-01-01,6,24.089599417275988,5.873192868717759,7.201346625234799,24.41725282196471,fixed_ets_v1
territorial_authority_38_median_rent,median_rent,territorial_authority,38,Rangitikei District,ets_additive_damped,2026-07-01,2026-08-01,1,471.6672070059044,28.08159954429053,32.11259765881909,5.871538871357748,fixed_ets_v1
territorial_authority_38_median_rent,median_rent,territorial_authority,38,Rangitikei District,ets_additive_damped,2026-07-01,2026-09-01,2,472.6164389642296,28.08159954429053,32.11259765881909,5.871538871357748,fixed_ets_v1
territorial_authority_38_median_rent,median_rent,territorial_authority,38,Rangitikei District,ets_additive_damped,2026-07-01,2026-10-01,3,471.42882228648284,28.08159954429053,32.11259765881909,5.871538871357748,fixed_ets_v1
territorial_authority_38_median_rent,median_rent,territorial_authority,38,Rangitikei District,ets_additive_damped,2026-07-01,2026-11-01,4,468.7510946011932,28.08159954429053,32.11259765881909,5.871538871357748,fixed_ets_v1
territorial_authority_38_median_rent,median_rent,territorial_authority,38,Rangitikei District,ets_additive_damped,2026-07-01,2026-12-01,5,471.13503725390353,28.08159954429053,32.11259765881909,5.871538871357748,fixed_ets_v1
territorial_authority_38_median_rent,median_rent,territorial_authority,38,Rangitikei District,ets_additive_damped,2026-07-01,2027-01-01,6,468.0263299975212,28.08159954429053,32.11259765881909,5.871538871357748,fixed_ets_v1
territorial_authority_39_bonds_lodged,bonds_lodged,territorial_authority,39,Manawatu District,ets_additive_damped,2026-07-01,2026-08-01,1,49.205310381438736,7.441769055610842,9.305434233692235,17.55976140232264,fixed_ets_v1
territorial_authority_39_bonds_lodged,bonds_lodged,territorial_authority,39,Manawatu District,ets_additive_damped,2026-07-01,2026-09-01,2,46.87604570412149,7.441769055610842,9.305434233692235,17.55976140232264,fixed_ets_v1
territorial_authority_39_bonds_lodged,bonds_lodged,territorial_authority,39,Manawatu District,ets_additive_damped,2026-07-01,2026-10-01,3,47.45059904047472,7.441769055610842,9.305434233692235,17.55976140232264,fixed_ets_v1
territorial_authority_39_bonds_lodged,bonds_lodged,territorial_authority,39,Manawatu District,ets_additive_damped,2026-07-01,2026-11-01,4,47.570661842655454,7.441769055610842,9.305434233692235,17.55976140232264,fixed_ets_v1
territorial_authority_39_bonds_lodged,bonds_lodged,territorial_authority,39,Manawatu District,ets_additive_damped,2026-07-01,2026-12-01,5,44.6763544325953,7.441769055610842,9.305434233692235,17.55976140232264,fixed_ets_v1
territorial_authority_39_bonds_lodged,bonds_lodged,territorial_authority,39,Manawatu District,ets_additive_damped,2026-07-01,2027-01-01,6,44.78176692051481,7.441769055610842,9.305434233692235,17.55976140232264,fixed_ets_v1
territorial_authority_39_median_rent,median_rent,territorial_authority,39,Manawatu District,ets_additive_damped,2026-07-01,2026-08-01,1,566.0399851498704,24.95675180472749,29.909429351400824,4.447505619969891,fixed_ets_v1
territorial_authority_39_median_rent,median_rent,territorial_authority,39,Manawatu District,ets_additive_damped,2026-07-01,2026-09-01,2,564.2234261860657,24.95675180472749,29.909429351400824,4.447505619969891,fixed_ets_v1
territorial_authority_39_median_rent,median_rent,territorial_authority,39,Manawatu District,ets_additive_damped,2026-07-01,2026-10-01,3,568.1654624604287,24.95675180472749,29.909429351400824,4.447505619969891,fixed_ets_v1
territorial_authority_39_median_rent,median_rent,territorial_authority,39,Manawatu District,ets_additive_damped,2026-07-01,2026-11-01,4,563.6590798082284,24.95675180472749,29.909429351400824,4.447505619969891,fixed_ets_v1
territorial_authority_39_median_rent,median_rent,territorial_authority,39,Manawatu District,ets_additive_damped,2026-07-01,2026-12-01,5,564.5101420801134,24.95675180472749,29.909429351400824,4.447505619969891,fixed_ets_v1
territorial_authority_39_median_rent,median_rent,territorial_authority,39,Manawatu District,ets_additive_damped,2026-07-01,2027-01-01,6,569.2504964002105,24.95675180472749,29.909429351400824,4.447505619969891,fixed_ets_v1
territorial_authority_3_bonds_lodged,bonds_lodged,territorial_authority,3,Kaipara District,ets_additive_damped,2026-07-01,2026-08-01,1,47.15874183422736,6.807683786456944,7.576479634480419,14.787954803286013,fixed_ets_v1
territorial_authority_3_bonds_lodged,bonds_lodged,territorial_authority,3,Kaipara District,ets_additive_damped,2026-07-01,2026-09-01,2,46.182055834078014,6.807683786456944,7.576479634480419,14.787954803286013,fixed_ets_v1
territorial_authority_3_bonds_lodged,bonds_lodged,territorial_authority,3,Kaipara District,ets_additive_damped,2026-07-01,2026-10-01,3,43.11534141790719,6.807683786456944,7.576479634480419,14.787954803286013,fixed_ets_v1
territorial_authority_3_bonds_lodged,bonds_lodged,territorial_authority,3,Kaipara District,ets_additive_damped,2026-07-01,2026-11-01,4,43.41361834400563,6.807683786456944,7.576479634480419,14.787954803286013,fixed_ets_v1
territorial_authority_3_bonds_lodged,bonds_lodged,territorial_authority,3,Kaipara District,ets_additive_damped,2026-07-01,2026-12-01,5,42.256775488539844,6.807683786456944,7.576479634480419,14.787954803286013,fixed_ets_v1
territorial_authority_3_bonds_lodged,bonds_lodged,territorial_authority,3,Kaipara District,ets_additive_damped,2026-07-01,2027-01-01,6,46.01309155069494,6.807683786456944,7.576479634480419,14.787954803286013,fixed_ets_v1
territorial_authority_3_median_rent,median_rent,territorial_authority,3,Kaipara District,ets_additive_damped,2026-07-01,2026-08-01,1,578.7441792082298,29.28102644335813,35.33371277952578,5.22337197681704,fixed_ets_v1
territorial_authority_3_median_rent,median_rent,territorial_authority,3,Kaipara District,ets_additive_damped,2026-07-01,2026-09-01,2,583.404520840321,29.28102644335813,35.33371277952578,5.22337197681704,fixed_ets_v1
territorial_authority_3_median_rent,median_rent,territorial_authority,3,Kaipara District,ets_additive_damped,2026-07-01,2026-10-01,3,585.3066824614234,29.28102644335813,35.33371277952578,5.22337197681704,fixed_ets_v1
territorial_authority_3_median_rent,median_rent,territorial_authority,3,Kaipara District,ets_additive_damped,2026-07-01,2026-11-01,4,579.7115253646718,29.28102644335813,35.33371277952578,5.22337197681704,fixed_ets_v1
territorial_authority_3_median_rent,median_rent,territorial_authority,3,Kaipara District,ets_additive_damped,2026-07-01,2026-12-01,5,587.098213777776,29.28102644335813,35.33371277952578,5.22337197681704,fixed_ets_v1
territorial_authority_3_median_rent,median_rent,territorial_authority,3,Kaipara District,ets_additive_damped,2026-07-01,2027-01-01,6,577.8206052867589,29.28102644335813,35.33371277952578,5.22337197681704,fixed_ets_v1
territorial_authority_40_bonds_lodged,bonds_lodged,territorial_authority,40,Palmerston North City,ets_additive_damped,2026-07-01,2026-08-01,1,282.25702304374886,35.58373948106989,38.17930076780305,13.18473205968351,fixed_ets_v1
territorial_authority_40_bonds_lodged,bonds_lodged,territorial_authority,40,Palmerston North City,ets_additive_damped,2026-07-01,2026-09-01,2,240.2996109886331,35.58373948106989,38.17930076780305,13.18473205968351,fixed_ets_v1
territorial_authority_40_bonds_lodged,bonds_lodged,territorial_authority,40,Palmerston North City,ets_additive_damped,2026-07-01,2026-10-01,3,262.95917709842723,35.58373948106989,38.17930076780305,13.18473205968351,fixed_ets_v1
territorial_authority_40_bonds_lodged,bonds_lodged,territorial_authority,40,Palmerston North City,ets_additive_damped,2026-07-01,2026-11-01,4,322.25505477182946,35.58373948106989,38.17930076780305,13.18473205968351,fixed_ets_v1
territorial_authority_40_bonds_lodged,bonds_lodged,territorial_authority,40,Palmerston North City,ets_additive_damped,2026-07-01,2026-12-01,5,264.05016100644536,35.58373948106989,38.17930076780305,13.18473205968351,fixed_ets_v1
territorial_authority_40_bonds_lodged,bonds_lodged,territorial_authority,40,Palmerston North City,ets_additive_damped,2026-07-01,2027-01-01,6,276.66825970683044,35.58373948106989,38.17930076780305,13.18473205968351,fixed_ets_v1
territorial_authority_40_median_rent,median_rent,territorial_authority,40,Palmerston North City,ets_additive_damped,2026-07-01,2026-08-01,1,540.1028410194575,15.689612592612654,19.41352545892788,2.9137214215957234,fixed_ets_v1
territorial_authority_40_median_rent,median_rent,territorial_authority,40,Palmerston North City,ets_additive_damped,2026-07-01,2026-09-01,2,536.5875512080669,15.689612592612654,19.41352545892788,2.9137214215957234,fixed_ets_v1
territorial_authority_40_median_rent,median_rent,territorial_authority,40,Palmerston North City,ets_additive_damped,2026-07-01,2026-10-01,3,544.50957057747,15.689612592612654,19.41352545892788,2.9137214215957234,fixed_ets_v1
territorial_authority_40_median_rent,median_rent,territorial_authority,40,Palmerston North City,ets_additive_damped,2026-07-01,2026-11-01,4,568.063106947252,15.689612592612654,19.41352545892788,2.9137214215957234,fixed_ets_v1
territorial_authority_40_median_rent,median_rent,territorial_authority,40,Palmerston North City,ets_additive_damped,2026-07-01,2026-12-01,5,561.7539798651427,15.689612592612654,19.41352545892788,2.9137214215957234,fixed_ets_v1
territorial_authority_40_median_rent,median_rent,territorial_authority,40,Palmerston North City,ets_additive_damped,2026-07-01,2027-01-01,6,539.2877402862239,15.689612592612654,19.41352545892788,2.9137214215957234,fixed_ets_v1
territorial_authority_41_bonds_lodged,bonds_lodged,territorial_authority,41,Tararua District,ets_additive_damped,2026-07-01,2026-08-01,1,31.849232216189428,4.223681632244979,5.120241626103115,15.13807288104068,fixed_ets_v1
territorial_authority_41_bonds_lodged,bonds_lodged,territorial_authority,41,Tararua District,ets_additive_damped,2026-07-01,2026-09-01,2,26.735200003153,4.223681632244979,5.120241626103115,15.13807288104068,fixed_ets_v1
territorial_authority_41_bonds_lodged,bonds_lodged,territorial_authority,41,Tararua District,ets_additive_damped,2026-07-01,2026-10-01,3,28.164182396810304,4.223681632244979,5.120241626103115,15.13807288104068,fixed_ets_v1
territorial_authority_41_bonds_lodged,bonds_lodged,territorial_authority,41,Tararua District,ets_additive_damped,2026-07-01,2026-11-01,4,27.04563666535002,4.223681632244979,5.120241626103115,15.13807288104068,fixed_ets_v1
territorial_authority_41_bonds_lodged,bonds_lodged,territorial_authority,41,Tararua District,ets_additive_damped,2026-07-01,2026-12-01,5,25.47050914152929,4.223681632244979,5.120241626103115,15.13807288104068,fixed_ets_v1
territorial_authority_41_bonds_lodged,bonds_lodged,territorial_authority,41,Tararua District,ets_additive_damped,2026-07-01,2027-01-01,6,27.62034062931109,4.223681632244979,5.120241626103115,15.13807288104068,fixed_ets_v1
territorial_authority_41_median_rent,median_rent,territorial_authority,41,Tararua District,ets_additive_damped,2026-07-01,2026-08-01,1,467.68476564567203,19.986202292916477,25.579977777482043,4.290245442993958,fixed_ets_v1
territorial_authority_41_median_rent,median_rent,territorial_authority,41,Tararua District,ets_additive_damped,2026-07-01,2026-09-01,2,468.6790735190911,19.986202292916477,25.579977777482043,4.290245442993958,fixed_ets_v1
territorial_authority_41_median_rent,median_rent,territorial_authority,41,Tararua District,ets_additive_damped,2026-07-01,2026-10-01,3,466.2459305842543,19.986202292916477,25.579977777482043,4.290245442993958,fixed_ets_v1
territorial_authority_41_median_rent,median_rent,territorial_authority,41,Tararua District,ets_additive_damped,2026-07-01,2026-11-01,4,463.7037217719928,19.986202292916477,25.579977777482043,4.290245442993958,fixed_ets_v1
territorial_authority_41_median_rent,median_rent,territorial_authority,41,Tararua District,ets_additive_damped,2026-07-01,2026-12-01,5,467.9540244498137,19.986202292916477,25.579977777482043,4.290245442993958,fixed_ets_v1
territorial_authority_41_median_rent,median_rent,territorial_authority,41,Tararua District,ets_additive_damped,2026-07-01,2027-01-01,6,465.76683743351697,19.986202292916477,25.579977777482043,4.290245442993958,fixed_ets_v1
territorial_authority_42_bonds_lodged,bonds_lodged,territorial_authority,42,Horowhenua District,ets_additive_damped,2026-07-01,2026-08-01,1,98.72936047902714,15.221231279706783,19.00625664215721,17.218350372866038,fixed_ets_v1
territorial_authority_42_bonds_lodged,bonds_lodged,territorial_authority,42,Horowhenua District,ets_additive_damped,2026-07-01,2026-09-01,2,96.19068654160024,15.221231279706783,19.00625664215721,17.218350372866038,fixed_ets_v1
territorial_authority_42_bonds_lodged,bonds_lodged,territorial_authority,42,Horowhenua District,ets_additive_damped,2026-07-01,2026-10-01,3,95.09809369337246,15.221231279706783,19.00625664215721,17.218350372866038,fixed_ets_v1
territorial_authority_42_bonds_lodged,bonds_lodged,territorial_authority,42,Horowhenua District,ets_additive_damped,2026-07-01,2026-11-01,4,92.54667829159493,15.221231279706783,19.00625664215721,17.218350372866038,fixed_ets_v1
territorial_authority_42_bonds_lodged,bonds_lodged,territorial_authority,42,Horowhenua District,ets_additive_damped,2026-07-01,2026-12-01,5,89.4415136589669,15.221231279706783,19.00625664215721,17.218350372866038,fixed_ets_v1
territorial_authority_42_bonds_lodged,bonds_lodged,territorial_authority,42,Horowhenua District,ets_additive_damped,2026-07-01,2027-01-01,6,92.06374333281012,15.221231279706783,19.00625664215721,17.218350372866038,fixed_ets_v1
territorial_authority_42_median_rent,median_rent,territorial_authority,42,Horowhenua District,ets_additive_damped,2026-07-01,2026-08-01,1,512.4764787957486,15.592000733959996,19.03337742916564,3.021612873022828,fixed_ets_v1
territorial_authority_42_median_rent,median_rent,territorial_authority,42,Horowhenua District,ets_additive_damped,2026-07-01,2026-09-01,2,511.87841572856746,15.592000733959996,19.03337742916564,3.021612873022828,fixed_ets_v1
territorial_authority_42_median_rent,median_rent,territorial_authority,42,Horowhenua District,ets_additive_damped,2026-07-01,2026-10-01,3,511.55586495260377,15.592000733959996,19.03337742916564,3.021612873022828,fixed_ets_v1
territorial_authority_42_median_rent,median_rent,territorial_authority,42,Horowhenua District,ets_additive_damped,2026-07-01,2026-11-01,4,511.02386095740013,15.592000733959996,19.03337742916564,3.021612873022828,fixed_ets_v1
territorial_authority_42_median_rent,median_rent,territorial_authority,42,Horowhenua District,ets_additive_damped,2026-07-01,2026-12-01,5,514.5218390131507,15.592000733959996,19.03337742916564,3.021612873022828,fixed_ets_v1
territorial_authority_42_median_rent,median_rent,territorial_authority,42,Horowhenua District,ets_additive_damped,2026-07-01,2027-01-01,6,511.81184810890636,15.592000733959996,19.03337742916564,3.021612873022828,fixed_ets_v1
territorial_authority_43_bonds_lodged,bonds_lodged,territorial_authority,43,Kapiti Coast District,ets_additive_damped,2026-07-01,2026-08-01,1,107.85655774228961,9.676633135070428,12.747902079700252,8.81187475832052,fixed_ets_v1
territorial_authority_43_bonds_lodged,bonds_lodged,territorial_authority,43,Kapiti Coast District,ets_additive_damped,2026-07-01,2026-09-01,2,103.99808063762072,9.676633135070428,12.747902079700252,8.81187475832052,fixed_ets_v1
territorial_authority_43_bonds_lodged,bonds_lodged,territorial_authority,43,Kapiti Coast District,ets_additive_damped,2026-07-01,2026-10-01,3,106.14301926118422,9.676633135070428,12.747902079700252,8.81187475832052,fixed_ets_v1
territorial_authority_43_bonds_lodged,bonds_lodged,territorial_authority,43,Kapiti Coast District,ets_additive_damped,2026-07-01,2026-11-01,4,98.28427541288178,9.676633135070428,12.747902079700252,8.81187475832052,fixed_ets_v1
territorial_authority_43_bonds_lodged,bonds_lodged,territorial_authority,43,Kapiti Coast District,ets_additive_damped,2026-07-01,2026-12-01,5,95.60342724264234,9.676633135070428,12.747902079700252,8.81187475832052,fixed_ets_v1
territorial_authority_43_bonds_lodged,bonds_lodged,territorial_authority,43,Kapiti Coast District,ets_additive_damped,2026-07-01,2027-01-01,6,98.95841725122648,9.676633135070428,12.747902079700252,8.81187475832052,fixed_ets_v1
territorial_authority_43_median_rent,median_rent,territorial_authority,43,Kapiti Coast District,ets_additive_damped,2026-07-01,2026-08-01,1,596.9254524364134,8.82569234850719,11.348559255959248,1.4694960643397128,fixed_ets_v1
territorial_authority_43_median_rent,median_rent,territorial_authority,43,Kapiti Coast District,ets_additive_damped,2026-07-01,2026-09-01,2,597.7058022959601,8.82569234850719,11.348559255959248,1.4694960643397128,fixed_ets_v1
territorial_authority_43_median_rent,median_rent,territorial_authority,43,Kapiti Coast District,ets_additive_damped,2026-07-01,2026-10-01,3,600.1317322553971,8.82569234850719,11.348559255959248,1.4694960643397128,fixed_ets_v1
territorial_authority_43_median_rent,median_rent,territorial_authority,43,Kapiti Coast District,ets_additive_damped,2026-07-01,2026-11-01,4,597.4103418513838,8.82569234850719,11.348559255959248,1.4694960643397128,fixed_ets_v1
territorial_authority_43_median_rent,median_rent,territorial_authority,43,Kapiti Coast District,ets_additive_damped,2026-07-01,2026-12-01,5,598.4976220958607,8.82569234850719,11.348559255959248,1.4694960643397128,fixed_ets_v1
territorial_authority_43_median_rent,median_rent,territorial_authority,43,Kapiti Coast District,ets_additive_damped,2026-07-01,2027-01-01,6,604.4288761626154,8.82569234850719,11.348559255959248,1.4694960643397128,fixed_ets_v1
territorial_authority_44_bonds_lodged,bonds_lodged,territorial_authority,44,Porirua City,ets_additive_damped,2026-07-01,2026-08-01,1,87.85293118177259,7.501768406222317,9.079362041819236,8.55799901137148,fixed_ets_v1
territorial_authority_44_bonds_lodged,bonds_lodged,territorial_authority,44,Porirua City,ets_additive_damped,2026-07-01,2026-09-01,2,83.45165676903824,7.501768406222317,9.079362041819236,8.55799901137148,fixed_ets_v1
territorial_authority_44_bonds_lodged,bonds_lodged,territorial_authority,44,Porirua City,ets_additive_damped,2026-07-01,2026-10-01,3,80.78058080815664,7.501768406222317,9.079362041819236,8.55799901137148,fixed_ets_v1
territorial_authority_44_bonds_lodged,bonds_lodged,territorial_authority,44,Porirua City,ets_additive_damped,2026-07-01,2026-11-01,4,83.74885458293825,7.501768406222317,9.079362041819236,8.55799901137148,fixed_ets_v1
territorial_authority_44_bonds_lodged,bonds_lodged,territorial_authority,44,Porirua City,ets_additive_damped,2026-07-01,2026-12-01,5,82.99652491430406,7.501768406222317,9.079362041819236,8.55799901137148,fixed_ets_v1
territorial_authority_44_bonds_lodged,bonds_lodged,territorial_authority,44,Porirua City,ets_additive_damped,2026-07-01,2027-01-01,6,83.33387918232059,7.501768406222317,9.079362041819236,8.55799901137148,fixed_ets_v1
territorial_authority_44_median_rent,median_rent,territorial_authority,44,Porirua City,ets_additive_damped,2026-07-01,2026-08-01,1,624.414255993294,21.64345784961317,25.726628796301267,3.3915634146335694,fixed_ets_v1
territorial_authority_44_median_rent,median_rent,territorial_authority,44,Porirua City,ets_additive_damped,2026-07-01,2026-09-01,2,620.5880528570766,21.64345784961317,25.726628796301267,3.3915634146335694,fixed_ets_v1
territorial_authority_44_median_rent,median_rent,territorial_authority,44,Porirua City,ets_additive_damped,2026-07-01,2026-10-01,3,620.1677762026508,21.64345784961317,25.726628796301267,3.3915634146335694,fixed_ets_v1
territorial_authority_44_median_rent,median_rent,territorial_authority,44,Porirua City,ets_additive_damped,2026-07-01,2026-11-01,4,613.7280646809484,21.64345784961317,25.726628796301267,3.3915634146335694,fixed_ets_v1
territorial_authority_44_median_rent,median_rent,territorial_authority,44,Porirua City,ets_additive_damped,2026-07-01,2026-12-01,5,617.523077991217,21.64345784961317,25.726628796301267,3.3915634146335694,fixed_ets_v1
territorial_authority_44_median_rent,median_rent,territorial_authority,44,Porirua City,ets_additive_damped,2026-07-01,2027-01-01,6,625.0777543944437,21.64345784961317,25.726628796301267,3.3915634146335694,fixed_ets_v1
territorial_authority_45_bonds_lodged,bonds_lodged,territorial_authority,45,Upper Hutt City,ets_additive_damped,2026-07-01,2026-08-01,1,83.15269572797392,9.883186009352409,12.51354916760692,11.394745147542752,fixed_ets_v1
territorial_authority_45_bonds_lodged,bonds_lodged,territorial_authority,45,Upper Hutt City,ets_additive_damped,2026-07-01,2026-09-01,2,79.2568991236177,9.883186009352409,12.51354916760692,11.394745147542752,fixed_ets_v1
territorial_authority_45_bonds_lodged,bonds_lodged,territorial_authority,45,Upper Hutt City,ets_additive_damped,2026-07-01,2026-10-01,3,78.99406803427054,9.883186009352409,12.51354916760692,11.394745147542752,fixed_ets_v1
territorial_authority_45_bonds_lodged,bonds_lodged,territorial_authority,45,Upper Hutt City,ets_additive_damped,2026-07-01,2026-11-01,4,78.0042733401425,9.883186009352409,12.51354916760692,11.394745147542752,fixed_ets_v1
territorial_authority_45_bonds_lodged,bonds_lodged,territorial_authority,45,Upper Hutt City,ets_additive_damped,2026-07-01,2026-12-01,5,77.27269211925173,9.883186009352409,12.51354916760692,11.394745147542752,fixed_ets_v1
territorial_authority_45_bonds_lodged,bonds_lodged,territorial_authority,45,Upper Hutt City,ets_additive_damped,2026-07-01,2027-01-01,6,87.03257970289626,9.883186009352409,12.51354916760692,11.394745147542752,fixed_ets_v1
territorial_authority_45_median_rent,median_rent,territorial_authority,45,Upper Hutt City,ets_additive_damped,2026-07-01,2026-08-01,1,607.9620703255327,38.25908518263934,42.06985304312161,6.169893255640132,fixed_ets_v1
territorial_authority_45_median_rent,median_rent,territorial_authority,45,Upper Hutt City,ets_additive_damped,2026-07-01,2026-09-01,2,604.8815363282257,38.25908518263934,42.06985304312161,6.169893255640132,fixed_ets_v1
territorial_authority_45_median_rent,median_rent,territorial_authority,45,Upper Hutt City,ets_additive_damped,2026-07-01,2026-10-01,3,600.5496535194479,38.25908518263934,42.06985304312161,6.169893255640132,fixed_ets_v1
territorial_authority_45_median_rent,median_rent,territorial_authority,45,Upper Hutt City,ets_additive_damped,2026-07-01,2026-11-01,4,608.6148115867792,38.25908518263934,42.06985304312161,6.169893255640132,fixed_ets_v1
territorial_authority_45_median_rent,median_rent,territorial_authority,45,Upper Hutt City,ets_additive_damped,2026-07-01,2026-12-01,5,612.4580031382483,38.25908518263934,42.06985304312161,6.169893255640132,fixed_ets_v1
territorial_authority_45_median_rent,median_rent,territorial_authority,45,Upper Hutt City,ets_additive_damped,2026-07-01,2027-01-01,6,608.6967047329255,38.25908518263934,42.06985304312161,6.169893255640132,fixed_ets_v1
territorial_authority_46_bonds_lodged,bonds_lodged,territorial_authority,46,Lower Hutt City,ets_additive_damped,2026-07-01,2026-08-01,1,252.786762355701,23.53993111619244,26.62374414457307,8.989486874213988,fixed_ets_v1
territorial_authority_46_bonds_lodged,bonds_lodged,territorial_authority,46,Lower Hutt City,ets_additive_damped,2026-07-01,2026-09-01,2,247.15658418568884,23.53993111619244,26.62374414457307,8.989486874213988,fixed_ets_v1
territorial_authority_46_bonds_lodged,bonds_lodged,territorial_authority,46,Lower Hutt City,ets_additive_damped,2026-07-01,2026-10-01,3,247.61912322350202,23.53993111619244,26.62374414457307,8.989486874213988,fixed_ets_v1
territorial_authority_46_bonds_lodged,bonds_lodged,territorial_authority,46,Lower Hutt City,ets_additive_damped,2026-07-01,2026-11-01,4,245.73101073626415,23.53993111619244,26.62374414457307,8.989486874213988,fixed_ets_v1
territorial_authority_46_bonds_lodged,bonds_lodged,territorial_authority,46,Lower Hutt City,ets_additive_damped,2026-07-01,2026-12-01,5,224.58095020854174,23.53993111619244,26.62374414457307,8.989486874213988,fixed_ets_v1
territorial_authority_46_bonds_lodged,bonds_lodged,territorial_authority,46,Lower Hutt City,ets_additive_damped,2026-07-01,2027-01-01,6,261.78526189069333,23.53993111619244,26.62374414457307,8.989486874213988,fixed_ets_v1
territorial_authority_46_median_rent,median_rent,territorial_authority,46,Lower Hutt City,ets_additive_damped,2026-07-01,2026-08-01,1,574.5541655877339,13.120913175028893,15.2462796118581,2.202333781711046,fixed_ets_v1
territorial_authority_46_median_rent,median_rent,territorial_authority,46,Lower Hutt City,ets_additive_damped,2026-07-01,2026-09-01,2,570.7034769226991,13.120913175028893,15.2462796118581,2.202333781711046,fixed_ets_v1
territorial_authority_46_median_rent,median_rent,territorial_authority,46,Lower Hutt City,ets_additive_damped,2026-07-01,2026-10-01,3,567.2018636123906,13.120913175028893,15.2462796118581,2.202333781711046,fixed_ets_v1
territorial_authority_46_median_rent,median_rent,territorial_authority,46,Lower Hutt City,ets_additive_damped,2026-07-01,2026-11-01,4,569.2380105656076,13.120913175028893,15.2462796118581,2.202333781711046,fixed_ets_v1
territorial_authority_46_median_rent,median_rent,territorial_authority,46,Lower Hutt City,ets_additive_damped,2026-07-01,2026-12-01,5,568.8000537830123,13.120913175028893,15.2462796118581,2.202333781711046,fixed_ets_v1
territorial_authority_46_median_rent,median_rent,territorial_authority,46,Lower Hutt City,ets_additive_damped,2026-07-01,2027-01-01,6,572.7227730380654,13.120913175028893,15.2462796118581,2.202333781711046,fixed_ets_v1
territorial_authority_47_bonds_lodged,bonds_lodged,territorial_authority,47,Wellington City,ets_additive_damped,2026-07-01,2026-08-01,1,849.3416165907175,86.1739798153679,98.1033652011355,9.88376485597003,fixed_ets_v1
territorial_authority_47_bonds_lodged,bonds_lodged,territorial_authority,47,Wellington City,ets_additive_damped,2026-07-01,2026-09-01,2,765.1272668917601,86.1739798153679,98.1033652011355,9.88376485597003,fixed_ets_v1
territorial_authority_47_bonds_lodged,bonds_lodged,territorial_authority,47,Wellington City,ets_additive_damped,2026-07-01,2026-10-01,3,826.0517280628651,86.1739798153679,98.1033652011355,9.88376485597003,fixed_ets_v1
territorial_authority_47_bonds_lodged,bonds_lodged,territorial_authority,47,Wellington City,ets_additive_damped,2026-07-01,2026-11-01,4,974.512866356765,86.1739798153679,98.1033652011355,9.88376485597003,fixed_ets_v1
territorial_authority_47_bonds_lodged,bonds_lodged,territorial_authority,47,Wellington City,ets_additive_damped,2026-07-01,2026-12-01,5,767.7487616739087,86.1739798153679,98.1033652011355,9.88376485597003,fixed_ets_v1
territorial_authority_47_bonds_lodged,bonds_lodged,territorial_authority,47,Wellington City,ets_additive_damped,2026-07-01,2027-01-01,6,1393.6434534307823,86.1739798153679,98.1033652011355,9.88376485597003,fixed_ets_v1
territorial_authority_47_median_rent,median_rent,territorial_authority,47,Wellington City,ets_additive_damped,2026-07-01,2026-08-01,1,565.4588536300317,30.005440770732665,35.42198255146312,5.082845642542607,fixed_ets_v1
territorial_authority_47_median_rent,median_rent,territorial_authority,47,Wellington City,ets_additive_damped,2026-07-01,2026-09-01,2,569.3119562269388,30.005440770732665,35.42198255146312,5.082845642542607,fixed_ets_v1
territorial_authority_47_median_rent,median_rent,territorial_authority,47,Wellington City,ets_additive_damped,2026-07-01,2026-10-01,3,570.9930896899174,30.005440770732665,35.42198255146312,5.082845642542607,fixed_ets_v1
territorial_authority_47_median_rent,median_rent,territorial_authority,47,Wellington City,ets_additive_damped,2026-07-01,2026-11-01,4,619.3092894701117,30.005440770732665,35.42198255146312,5.082845642542607,fixed_ets_v1
territorial_authority_47_median_rent,median_rent,territorial_authority,47,Wellington City,ets_additive_damped,2026-07-01,2026-12-01,5,601.9262389221248,30.005440770732665,35.42198255146312,5.082845642542607,fixed_ets_v1
territorial_authority_47_median_rent,median_rent,territorial_authority,47,Wellington City,ets_additive_damped,2026-07-01,2027-01-01,6,628.4946660921645,30.005440770732665,35.42198255146312,5.082845642542607,fixed_ets_v1
territorial_authority_48_bonds_lodged,bonds_lodged,territorial_authority,48,Masterton District,ets_additive_damped,2026-07-01,2026-08-01,1,62.3851762930174,15.813349129617434,17.826454252666505,25.793436184605035,fixed_ets_v1
territorial_authority_48_bonds_lodged,bonds_lodged,territorial_authority,48,Masterton District,ets_additive_damped,2026-07-01,2026-09-01,2,62.52302222804782,15.813349129617434,17.826454252666505,25.793436184605035,fixed_ets_v1
territorial_authority_48_bonds_lodged,bonds_lodged,territorial_authority,48,Masterton District,ets_additive_damped,2026-07-01,2026-10-01,3,59.38895511342342,15.813349129617434,17.826454252666505,25.793436184605035,fixed_ets_v1
territorial_authority_48_bonds_lodged,bonds_lodged,territorial_authority,48,Masterton District,ets_additive_damped,2026-07-01,2026-11-01,4,59.98352939881796,15.813349129617434,17.826454252666505,25.793436184605035,fixed_ets_v1
territorial_authority_48_bonds_lodged,bonds_lodged,territorial_authority,48,Masterton District,ets_additive_damped,2026-07-01,2026-12-01,5,58.849631426184466,15.813349129617434,17.826454252666505,25.793436184605035,fixed_ets_v1
territorial_authority_48_bonds_lodged,bonds_lodged,territorial_authority,48,Masterton District,ets_additive_damped,2026-07-01,2027-01-01,6,63.62928811751557,15.813349129617434,17.826454252666505,25.793436184605035,fixed_ets_v1
territorial_authority_48_median_rent,median_rent,territorial_authority,48,Masterton District,ets_additive_damped,2026-07-01,2026-08-01,1,523.5480127890464,18.0787103137633,21.81809809794573,3.4160069732612195,fixed_ets_v1
territorial_authority_48_median_rent,median_rent,territorial_authority,48,Masterton District,ets_additive_damped,2026-07-01,2026-09-01,2,521.6978299261339,18.0787103137633,21.81809809794573,3.4160069732612195,fixed_ets_v1
territorial_authority_48_median_rent,median_rent,territorial_authority,48,Masterton District,ets_additive_damped,2026-07-01,2026-10-01,3,519.3689118791519,18.0787103137633,21.81809809794573,3.4160069732612195,fixed_ets_v1
territorial_authority_48_median_rent,median_rent,territorial_authority,48,Masterton District,ets_additive_damped,2026-07-01,2026-11-01,4,520.2914684013655,18.0787103137633,21.81809809794573,3.4160069732612195,fixed_ets_v1
territorial_authority_48_median_rent,median_rent,territorial_authority,48,Masterton District,ets_additive_damped,2026-07-01,2026-12-01,5,519.3116140614665,18.0787103137633,21.81809809794573,3.4160069732612195,fixed_ets_v1
territorial_authority_48_median_rent,median_rent,territorial_authority,48,Masterton District,ets_additive_damped,2026-07-01,2027-01-01,6,522.0942185604829,18.0787103137633,21.81809809794573,3.4160069732612195,fixed_ets_v1
territorial_authority_51_bonds_lodged,bonds_lodged,territorial_authority,51,Tasman District,ets_additive_damped,2026-07-01,2026-08-01,1,81.23398376707058,15.353959295729313,18.930151456879937,18.52241608987368,fixed_ets_v1
territorial_authority_51_bonds_lodged,bonds_lodged,territorial_authority,51,Tasman District,ets_additive_damped,2026-07-01,2026-09-01,2,78.29708098466104,15.353959295729313,18.930151456879937,18.52241608987368,fixed_ets_v1
territorial_authority_51_bonds_lodged,bonds_lodged,territorial_authority,51,Tasman District,ets_additive_damped,2026-07-01,2026-10-01,3,77.89419722109831,15.353959295729313,18.930151456879937,18.52241608987368,fixed_ets_v1
territorial_authority_51_bonds_lodged,bonds_lodged,territorial_authority,51,Tasman District,ets_additive_damped,2026-07-01,2026-11-01,4,74.04219758465051,15.353959295729313,18.930151456879937,18.52241608987368,fixed_ets_v1
territorial_authority_51_bonds_lodged,bonds_lodged,territorial_authority,51,Tasman District,ets_additive_damped,2026-07-01,2026-12-01,5,71.83321253946026,15.353959295729313,18.930151456879937,18.52241608987368,fixed_ets_v1
territorial_authority_51_bonds_lodged,bonds_lodged,territorial_authority,51,Tasman District,ets_additive_damped,2026-07-01,2027-01-01,6,70.37610343302418,15.353959295729313,18.930151456879937,18.52241608987368,fixed_ets_v1
territorial_authority_51_median_rent,median_rent,territorial_authority,51,Tasman District,ets_additive_damped,2026-07-01,2026-08-01,1,584.1996584534356,8.37881198163733,11.881599435183867,1.434288152289172,fixed_ets_v1
territorial_authority_51_median_rent,median_rent,territorial_authority,51,Tasman District,ets_additive_damped,2026-07-01,2026-09-01,2,589.4414021952604,8.37881198163733,11.881599435183867,1.434288152289172,fixed_ets_v1
territorial_authority_51_median_rent,median_rent,territorial_authority,51,Tasman District,ets_additive_damped,2026-07-01,2026-10-01,3,588.9468848348719,8.37881198163733,11.881599435183867,1.434288152289172,fixed_ets_v1
territorial_authority_51_median_rent,median_rent,territorial_authority,51,Tasman District,ets_additive_damped,2026-07-01,2026-11-01,4,590.4422402765415,8.37881198163733,11.881599435183867,1.434288152289172,fixed_ets_v1
territorial_authority_51_median_rent,median_rent,territorial_authority,51,Tasman District,ets_additive_damped,2026-07-01,2026-12-01,5,599.1429463051697,8.37881198163733,11.881599435183867,1.434288152289172,fixed_ets_v1
territorial_authority_51_median_rent,median_rent,territorial_authority,51,Tasman District,ets_additive_damped,2026-07-01,2027-01-01,6,596.6835666493378,8.37881198163733,11.881599435183867,1.434288152289172,fixed_ets_v1
territorial_authority_52_bonds_lodged,bonds_lodged,territorial_authority,52,Nelson City,ets_additive_damped,2026-07-01,2026-08-01,1,128.29208949182245,17.043716020089647,19.54962124105187,12.37884407916707,fixed_ets_v1
territorial_authority_52_bonds_lodged,bonds_lodged,territorial_authority,52,Nelson City,ets_additive_damped,2026-07-01,2026-09-01,2,122.92486611264555,17.043716020089647,19.54962124105187,12.37884407916707,fixed_ets_v1
territorial_authority_52_bonds_lodged,bonds_lodged,territorial_authority,52,Nelson City,ets_additive_damped,2026-07-01,2026-10-01,3,125.20096665606212,17.043716020089647,19.54962124105187,12.37884407916707,fixed_ets_v1
territorial_authority_52_bonds_lodged,bonds_lodged,territorial_authority,52,Nelson City,ets_additive_damped,2026-07-01,2026-11-01,4,119.74825758537618,17.043716020089647,19.54962124105187,12.37884407916707,fixed_ets_v1
territorial_authority_52_bonds_lodged,bonds_lodged,territorial_authority,52,Nelson City,ets_additive_damped,2026-07-01,2026-12-01,5,120.85220548617494,17.043716020089647,19.54962124105187,12.37884407916707,fixed_ets_v1
territorial_authority_52_bonds_lodged,bonds_lodged,territorial_authority,52,Nelson City,ets_additive_damped,2026-07-01,2027-01-01,6,119.68057334275116,17.043716020089647,19.54962124105187,12.37884407916707,fixed_ets_v1
territorial_authority_52_median_rent,median_rent,territorial_authority,52,Nelson City,ets_additive_damped,2026-07-01,2026-08-01,1,553.2505378512952,25.83571766434017,31.163589217068655,4.750351859187606,fixed_ets_v1
territorial_authority_52_median_rent,median_rent,territorial_authority,52,Nelson City,ets_additive_damped,2026-07-01,2026-09-01,2,555.9673455408468,25.83571766434017,31.163589217068655,4.750351859187606,fixed_ets_v1
territorial_authority_52_median_rent,median_rent,territorial_authority,52,Nelson City,ets_additive_damped,2026-07-01,2026-10-01,3,556.4047240690406,25.83571766434017,31.163589217068655,4.750351859187606,fixed_ets_v1
territorial_authority_52_median_rent,median_rent,territorial_authority,52,Nelson City,ets_additive_damped,2026-07-01,2026-11-01,4,556.9570297725826,25.83571766434017,31.163589217068655,4.750351859187606,fixed_ets_v1
territorial_authority_52_median_rent,median_rent,territorial_authority,52,Nelson City,ets_additive_damped,2026-07-01,2026-12-01,5,565.1968204401085,25.83571766434017,31.163589217068655,4.750351859187606,fixed_ets_v1
territorial_authority_52_median_rent,median_rent,territorial_authority,52,Nelson City,ets_additive_damped,2026-07-01,2027-01-01,6,571.0658110333233,25.83571766434017,31.163589217068655,4.750351859187606,fixed_ets_v1
territorial_authority_53_bonds_lodged,bonds_lodged,territorial_authority,53,Marlborough District,ets_additive_damped,2026-07-01,2026-08-01,1,89.37668598180561,13.330001180028155,15.90630036607018,14.38208536327977,fixed_ets_v1
territorial_authority_53_bonds_lodged,bonds_lodged,territorial_authority,53,Marlborough District,ets_additive_damped,2026-07-01,2026-09-01,2,86.49145403841658,13.330001180028155,15.90630036607018,14.38208536327977,fixed_ets_v1
territorial_authority_53_bonds_lodged,bonds_lodged,territorial_authority,53,Marlborough District,ets_additive_damped,2026-07-01,2026-10-01,3,82.86364402434063,13.330001180028155,15.90630036607018,14.38208536327977,fixed_ets_v1
territorial_authority_53_bonds_lodged,bonds_lodged,territorial_authority,53,Marlborough District,ets_additive_damped,2026-07-01,2026-11-01,4,84.68178830035708,13.330001180028155,15.90630036607018,14.38208536327977,fixed_ets_v1
territorial_authority_53_bonds_lodged,bonds_lodged,territorial_authority,53,Marlborough District,ets_additive_damped,2026-07-01,2026-12-01,5,78.61652271818821,13.330001180028155,15.90630036607018,14.38208536327977,fixed_ets_v1
territorial_authority_53_bonds_lodged,bonds_lodged,territorial_authority,53,Marlborough District,ets_additive_damped,2026-07-01,2027-01-01,6,79.10253148574537,13.330001180028155,15.90630036607018,14.38208536327977,fixed_ets_v1
territorial_authority_53_median_rent,median_rent,territorial_authority,53,Marlborough District,ets_additive_damped,2026-07-01,2026-08-01,1,564.0865547505632,16.90425859806993,19.713276091978496,2.9953482830193714,fixed_ets_v1
territorial_authority_53_median_rent,median_rent,territorial_authority,53,Marlborough District,ets_additive_damped,2026-07-01,2026-09-01,2,561.3251282474986,16.90425859806993,19.713276091978496,2.9953482830193714,fixed_ets_v1
territorial_authority_53_median_rent,median_rent,territorial_authority,53,Marlborough District,ets_additive_damped,2026-07-01,2026-10-01,3,565.7951840276271,16.90425859806993,19.713276091978496,2.9953482830193714,fixed_ets_v1
territorial_authority_53_median_rent,median_rent,territorial_authority,53,Marlborough District,ets_additive_damped,2026-07-01,2026-11-01,4,567.4452776378647,16.90425859806993,19.713276091978496,2.9953482830193714,fixed_ets_v1
territorial_authority_53_median_rent,median_rent,territorial_authority,53,Marlborough District,ets_additive_damped,2026-07-01,2026-12-01,5,568.5559539092666,16.90425859806993,19.713276091978496,2.9953482830193714,fixed_ets_v1
territorial_authority_53_median_rent,median_rent,territorial_authority,53,Marlborough District,ets_additive_damped,2026-07-01,2027-01-01,6,571.9294814836434,16.90425859806993,19.713276091978496,2.9953482830193714,fixed_ets_v1
territorial_authority_55_bonds_lodged,bonds_lodged,territorial_authority,55,Buller District,ets_additive_damped,2026-07-01,2026-08-01,1,18.78458052807035,4.025672719218735,4.783073571693686,24.74055197855193,fixed_ets_v1
territorial_authority_55_bonds_lodged,bonds_lodged,territorial_authority,55,Buller District,ets_additive_damped,2026-07-01,2026-09-01,2,16.130424453537174,4.025672719218735,4.783073571693686,24.74055197855193,fixed_ets_v1
territorial_authority_55_bonds_lodged,bonds_lodged,territorial_authority,55,Buller District,ets_additive_damped,2026-07-01,2026-10-01,3,16.473928211418205,4.025672719218735,4.783073571693686,24.74055197855193,fixed_ets_v1
territorial_authority_55_bonds_lodged,bonds_lodged,territorial_authority,55,Buller District,ets_additive_damped,2026-07-01,2026-11-01,4,15.11441106381522,4.025672719218735,4.783073571693686,24.74055197855193,fixed_ets_v1
territorial_authority_55_bonds_lodged,bonds_lodged,territorial_authority,55,Buller District,ets_additive_damped,2026-07-01,2026-12-01,5,13.753345042058228,4.025672719218735,4.783073571693686,24.74055197855193,fixed_ets_v1
territorial_authority_55_bonds_lodged,bonds_lodged,territorial_authority,55,Buller District,ets_additive_damped,2026-07-01,2027-01-01,6,19.290008527362474,4.025672719218735,4.783073571693686,24.74055197855193,fixed_ets_v1
territorial_authority_55_median_rent,median_rent,territorial_authority,55,Buller District,ets_additive_damped,2026-07-01,2026-08-01,1,431.0411290758628,26.232887534013685,32.47150643662308,5.944023565673695,fixed_ets_v1
territorial_authority_55_median_rent,median_rent,territorial_authority,55,Buller District,ets_additive_damped,2026-07-01,2026-09-01,2,430.2046367198521,26.232887534013685,32.47150643662308,5.944023565673695,fixed_ets_v1
territorial_authority_55_median_rent,median_rent,territorial_authority,55,Buller District,ets_additive_damped,2026-07-01,2026-10-01,3,425.27881736065734,26.232887534013685,32.47150643662308,5.944023565673695,fixed_ets_v1
territorial_authority_55_median_rent,median_rent,territorial_authority,55,Buller District,ets_additive_damped,2026-07-01,2026-11-01,4,424.2490395235985,26.232887534013685,32.47150643662308,5.944023565673695,fixed_ets_v1
territorial_authority_55_median_rent,median_rent,territorial_authority,55,Buller District,ets_additive_damped,2026-07-01,2026-12-01,5,428.2943898304504,26.232887534013685,32.47150643662308,5.944023565673695,fixed_ets_v1
territorial_authority_55_median_rent,median_rent,territorial_authority,55,Buller District,ets_additive_damped,2026-07-01,2027-01-01,6,425.7715518974783,26.232887534013685,32.47150643662308,5.944023565673695,fixed_ets_v1
territorial_authority_59_bonds_lodged,bonds_lodged,territorial_authority,59,Waimakariri District,ets_additive_damped,2026-07-01,2026-08-01,1,79.46736094557491,15.674068936489263,18.00355843290097,19.93723738467541,fixed_ets_v1
territorial_authority_59_bonds_lodged,bonds_lodged,territorial_authority,59,Waimakariri District,ets_additive_damped,2026-07-01,2026-09-01,2,74.3145104844004,15.674068936489263,18.00355843290097,19.93723738467541,fixed_ets_v1
territorial_authority_59_bonds_lodged,bonds_lodged,territorial_authority,59,Waimakariri District,ets_additive_damped,2026-07-01,2026-10-01,3,73.25841073094963,15.674068936489263,18.00355843290097,19.93723738467541,fixed_ets_v1
territorial_authority_59_bonds_lodged,bonds_lodged,territorial_authority,59,Waimakariri District,ets_additive_damped,2026-07-01,2026-11-01,4,70.84808473216906,15.674068936489263,18.00355843290097,19.93723738467541,fixed_ets_v1
territorial_authority_59_bonds_lodged,bonds_lodged,territorial_authority,59,Waimakariri District,ets_additive_damped,2026-07-01,2026-12-01,5,69.89564482586056,15.674068936489263,18.00355843290097,19.93723738467541,fixed_ets_v1
territorial_authority_59_bonds_lodged,bonds_lodged,territorial_authority,59,Waimakariri District,ets_additive_damped,2026-07-01,2027-01-01,6,73.68036467671475,15.674068936489263,18.00355843290097,19.93723738467541,fixed_ets_v1
territorial_authority_59_median_rent,median_rent,territorial_authority,59,Waimakariri District,ets_additive_damped,2026-07-01,2026-08-01,1,607.2953303265034,11.97365639984578,16.63148297999232,2.0154435496993948,fixed_ets_v1
territorial_authority_59_median_rent,median_rent,territorial_authority,59,Waimakariri District,ets_additive_damped,2026-07-01,2026-09-01,2,607.1802775498621,11.97365639984578,16.63148297999232,2.0154435496993948,fixed_ets_v1
territorial_authority_59_median_rent,median_rent,territorial_authority,59,Waimakariri District,ets_additive_damped,2026-07-01,2026-10-01,3,609.9749485197588,11.97365639984578,16.63148297999232,2.0154435496993948,fixed_ets_v1
territorial_authority_59_median_rent,median_rent,territorial_authority,59,Waimakariri District,ets_additive_damped,2026-07-01,2026-11-01,4,611.053800636609,11.97365639984578,16.63148297999232,2.0154435496993948,fixed_ets_v1
territorial_authority_59_median_rent,median_rent,territorial_authority,59,Waimakariri District,ets_additive_damped,2026-07-01,2026-12-01,5,614.7701404738326,11.97365639984578,16.63148297999232,2.0154435496993948,fixed_ets_v1
territorial_authority_59_median_rent,median_rent,territorial_authority,59,Waimakariri District,ets_additive_damped,2026-07-01,2027-01-01,6,621.5130296980541,11.97365639984578,16.63148297999232,2.0154435496993948,fixed_ets_v1
territorial_authority_60_bonds_lodged,bonds_lodged,territorial_authority,60,Christchurch City,ets_additive_damped,2026-07-01,2026-08-01,1,1193.5247390808913,94.77634778699304,127.00316949342532,6.789244573359911,fixed_ets_v1
territorial_authority_60_bonds_lodged,bonds_lodged,territorial_authority,60,Christchurch City,ets_additive_damped,2026-07-01,2026-09-01,2,1123.553830527876,94.77634778699304,127.00316949342532,6.789244573359911,fixed_ets_v1
territorial_authority_60_bonds_lodged,bonds_lodged,territorial_authority,60,Christchurch City,ets_additive_damped,2026-07-01,2026-10-01,3,1186.8050663201684,94.77634778699304,127.00316949342532,6.789244573359911,fixed_ets_v1
territorial_authority_60_bonds_lodged,bonds_lodged,territorial_authority,60,Christchurch City,ets_additive_damped,2026-07-01,2026-11-01,4,1427.1034353034092,94.77634778699304,127.00316949342532,6.789244573359911,fixed_ets_v1
territorial_authority_60_bonds_lodged,bonds_lodged,territorial_authority,60,Christchurch City,ets_additive_damped,2026-07-01,2026-12-01,5,1453.3475305370926,94.77634778699304,127.00316949342532,6.789244573359911,fixed_ets_v1
territorial_authority_60_bonds_lodged,bonds_lodged,territorial_authority,60,Christchurch City,ets_additive_damped,2026-07-01,2027-01-01,6,1568.9139906581938,94.77634778699304,127.00316949342532,6.789244573359911,fixed_ets_v1
territorial_authority_60_median_rent,median_rent,territorial_authority,60,Christchurch City,ets_additive_damped,2026-07-01,2026-08-01,1,551.4436911673121,10.909908598994992,13.466303845376506,1.9641917513600764,fixed_ets_v1
territorial_authority_60_median_rent,median_rent,territorial_authority,60,Christchurch City,ets_additive_damped,2026-07-01,2026-09-01,2,550.8060956682536,10.909908598994992,13.466303845376506,1.9641917513600764,fixed_ets_v1
territorial_authority_60_median_rent,median_rent,territorial_authority,60,Christchurch City,ets_additive_damped,2026-07-01,2026-10-01,3,555.1308943594643,10.909908598994992,13.466303845376506,1.9641917513600764,fixed_ets_v1
territorial_authority_60_median_rent,median_rent,territorial_authority,60,Christchurch City,ets_additive_damped,2026-07-01,2026-11-01,4,571.46171361581,10.909908598994992,13.466303845376506,1.9641917513600764,fixed_ets_v1
territorial_authority_60_median_rent,median_rent,territorial_authority,60,Christchurch City,ets_additive_damped,2026-07-01,2026-12-01,5,582.3599871746184,10.909908598994992,13.466303845376506,1.9641917513600764,fixed_ets_v1
territorial_authority_60_median_rent,median_rent,territorial_authority,60,Christchurch City,ets_additive_damped,2026-07-01,2027-01-01,6,576.0932157398821,10.909908598994992,13.466303845376506,1.9641917513600764,fixed_ets_v1
territorial_authority_62_bonds_lodged,bonds_lodged,territorial_authority,62,Selwyn District,ets_additive_damped,2026-07-01,2026-08-01,1,139.13315053833182,15.410675310063828,18.61390137203058,9.961725376114112,fixed_ets_v1
territorial_authority_62_bonds_lodged,bonds_lodged,territorial_authority,62,Selwyn District,ets_additive_damped,2026-07-01,2026-09-01,2,136.64533359760858,15.410675310063828,18.61390137203058,9.961725376114112,fixed_ets_v1
territorial_authority_62_bonds_lodged,bonds_lodged,territorial_authority,62,Selwyn District,ets_additive_damped,2026-07-01,2026-10-01,3,139.09662153062342,15.410675310063828,18.61390137203058,9.961725376114112,fixed_ets_v1
territorial_authority_62_bonds_lodged,bonds_lodged,territorial_authority,62,Selwyn District,ets_additive_damped,2026-07-01,2026-11-01,4,147.12955005622473,15.410675310063828,18.61390137203058,9.961725376114112,fixed_ets_v1
territorial_authority_62_bonds_lodged,bonds_lodged,territorial_authority,62,Selwyn District,ets_additive_damped,2026-07-01,2026-12-01,5,143.74971084942587,15.410675310063828,18.61390137203058,9.961725376114112,fixed_ets_v1
territorial_authority_62_bonds_lodged,bonds_lodged,territorial_authority,62,Selwyn District,ets_additive_damped,2026-07-01,2027-01-01,6,148.39331597255878,15.410675310063828,18.61390137203058,9.961725376114112,fixed_ets_v1
territorial_authority_62_median_rent,median_rent,territorial_authority,62,Selwyn District,ets_additive_damped,2026-07-01,2026-08-01,1,631.9942566030925,6.787793219193826,8.08195665391798,1.0809057852003774,fixed_ets_v1
territorial_authority_62_median_rent,median_rent,territorial_authority,62,Selwyn District,ets_additive_damped,2026-07-01,2026-09-01,2,628.947028170887,6.787793219193826,8.08195665391798,1.0809057852003774,fixed_ets_v1
territorial_authority_62_median_rent,median_rent,territorial_authority,62,Selwyn District,ets_additive_damped,2026-07-01,2026-10-01,3,631.6037393084821,6.787793219193826,8.08195665391798,1.0809057852003774,fixed_ets_v1
territorial_authority_62_median_rent,median_rent,territorial_authority,62,Selwyn District,ets_additive_damped,2026-07-01,2026-11-01,4,634.9770095704623,6.787793219193826,8.08195665391798,1.0809057852003774,fixed_ets_v1
territorial_authority_62_median_rent,median_rent,territorial_authority,62,Selwyn District,ets_additive_damped,2026-07-01,2026-12-01,5,636.5030192851953,6.787793219193826,8.08195665391798,1.0809057852003774,fixed_ets_v1
territorial_authority_62_median_rent,median_rent,territorial_authority,62,Selwyn District,ets_additive_damped,2026-07-01,2027-01-01,6,635.2051494998143,6.787793219193826,8.08195665391798,1.0809057852003774,fixed_ets_v1
territorial_authority_63_bonds_lodged,bonds_lodged,territorial_authority,63,Ashburton District,ets_additive_damped,2026-07-01,2026-08-01,1,55.13104709860171,9.84959196241995,11.359197119243134,17.465810908349795,fixed_ets_v1
territorial_authority_63_bonds_lodged,bonds_lodged,territorial_authority,63,Ashburton District,ets_additive_damped,2026-07-01,2026-09-01,2,56.300855961434856,9.84959196241995,11.359197119243134,17.465810908349795,fixed_ets_v1
territorial_authority_63_bonds_lodged,bonds_lodged,territorial_authority,63,Ashburton District,ets_additive_damped,2026-07-01,2026-10-01,3,59.26592463119402,9.84959196241995,11.359197119243134,17.465810908349795,fixed_ets_v1
territorial_authority_63_bonds_lodged,bonds_lodged,territorial_authority,63,Ashburton District,ets_additive_damped,2026-07-01,2026-11-01,4,55.1961697679682,9.84959196241995,11.359197119243134,17.465810908349795,fixed_ets_v1
territorial_authority_63_bonds_lodged,bonds_lodged,territorial_authority,63,Ashburton District,ets_additive_damped,2026-07-01,2026-12-01,5,53.970269532064776,9.84959196241995,11.359197119243134,17.465810908349795,fixed_ets_v1
territorial_authority_63_bonds_lodged,bonds_lodged,territorial_authority,63,Ashburton District,ets_additive_damped,2026-07-01,2027-01-01,6,56.490389690288005,9.84959196241995,11.359197119243134,17.465810908349795,fixed_ets_v1
territorial_authority_63_median_rent,median_rent,territorial_authority,63,Ashburton District,ets_additive_damped,2026-07-01,2026-08-01,1,490.9110390875147,18.40100217750832,23.19197336491549,3.748091765615961,fixed_ets_v1
territorial_authority_63_median_rent,median_rent,territorial_authority,63,Ashburton District,ets_additive_damped,2026-07-01,2026-09-01,2,494.0784184627301,18.40100217750832,23.19197336491549,3.748091765615961,fixed_ets_v1
territorial_authority_63_median_rent,median_rent,territorial_authority,63,Ashburton District,ets_additive_damped,2026-07-01,2026-10-01,3,494.1121369663116,18.40100217750832,23.19197336491549,3.748091765615961,fixed_ets_v1
territorial_authority_63_median_rent,median_rent,territorial_authority,63,Ashburton District,ets_additive_damped,2026-07-01,2026-11-01,4,494.7454205006757,18.40100217750832,23.19197336491549,3.748091765615961,fixed_ets_v1
territorial_authority_63_median_rent,median_rent,territorial_authority,63,Ashburton District,ets_additive_damped,2026-07-01,2026-12-01,5,493.0029815701527,18.40100217750832,23.19197336491549,3.748091765615961,fixed_ets_v1
territorial_authority_63_median_rent,median_rent,territorial_authority,63,Ashburton District,ets_additive_damped,2026-07-01,2027-01-01,6,495.79260942244076,18.40100217750832,23.19197336491549,3.748091765615961,fixed_ets_v1
territorial_authority_64_bonds_lodged,bonds_lodged,territorial_authority,64,Timaru District,ets_additive_damped,2026-07-01,2026-08-01,1,69.7687408602177,9.63627961285574,10.818712121220408,13.637421937550087,fixed_ets_v1
territorial_authority_64_bonds_lodged,bonds_lodged,territorial_authority,64,Timaru District,ets_additive_damped,2026-07-01,2026-09-01,2,66.44244112990931,9.63627961285574,10.818712121220408,13.637421937550087,fixed_ets_v1
territorial_authority_64_bonds_lodged,bonds_lodged,territorial_authority,64,Timaru District,ets_additive_damped,2026-07-01,2026-10-01,3,63.11635789613396,9.63627961285574,10.818712121220408,13.637421937550087,fixed_ets_v1
territorial_authority_64_bonds_lodged,bonds_lodged,territorial_authority,64,Timaru District,ets_additive_damped,2026-07-01,2026-11-01,4,63.077446606247406,9.63627961285574,10.818712121220408,13.637421937550087,fixed_ets_v1
territorial_authority_64_bonds_lodged,bonds_lodged,territorial_authority,64,Timaru District,ets_additive_damped,2026-07-01,2026-12-01,5,62.05302867327539,9.63627961285574,10.818712121220408,13.637421937550087,fixed_ets_v1
territorial_authority_64_bonds_lodged,bonds_lodged,territorial_authority,64,Timaru District,ets_additive_damped,2026-07-01,2027-01-01,6,70.29658748946558,9.63627961285574,10.818712121220408,13.637421937550087,fixed_ets_v1
territorial_authority_64_median_rent,median_rent,territorial_authority,64,Timaru District,ets_additive_damped,2026-07-01,2026-08-01,1,490.441539524824,18.379340715608937,23.127097789276025,3.819344260320837,fixed_ets_v1
territorial_authority_64_median_rent,median_rent,territorial_authority,64,Timaru District,ets_additive_damped,2026-07-01,2026-09-01,2,490.5675014266974,18.379340715608937,23.127097789276025,3.819344260320837,fixed_ets_v1
territorial_authority_64_median_rent,median_rent,territorial_authority,64,Timaru District,ets_additive_damped,2026-07-01,2026-10-01,3,490.51852623675256,18.379340715608937,23.127097789276025,3.819344260320837,fixed_ets_v1
territorial_authority_64_median_rent,median_rent,territorial_authority,64,Timaru District,ets_additive_damped,2026-07-01,2026-11-01,4,491.87557517159473,18.379340715608937,23.127097789276025,3.819344260320837,fixed_ets_v1
territorial_authority_64_median_rent,median_rent,territorial_authority,64,Timaru District,ets_additive_damped,2026-07-01,2026-12-01,5,494.3684646921166,18.379340715608937,23.127097789276025,3.819344260320837,fixed_ets_v1
territorial_authority_64_median_rent,median_rent,territorial_authority,64,Timaru District,ets_additive_damped,2026-07-01,2027-01-01,6,495.7690159585421,18.379340715608937,23.127097789276025,3.819344260320837,fixed_ets_v1
territorial_authority_68_bonds_lodged,bonds_lodged,territorial_authority,68,Waitaki District,ets_additive_damped,2026-07-01,2026-08-01,1,27.723443678096256,5.830649371051823,7.51307239531823,20.582999603214077,fixed_ets_v1
territorial_authority_68_bonds_lodged,bonds_lodged,territorial_authority,68,Waitaki District,ets_additive_damped,2026-07-01,2026-09-01,2,27.114176950220585,5.830649371051823,7.51307239531823,20.582999603214077,fixed_ets_v1
territorial_authority_68_bonds_lodged,bonds_lodged,territorial_authority,68,Waitaki District,ets_additive_damped,2026-07-01,2026-10-01,3,28.779759161276658,5.830649371051823,7.51307239531823,20.582999603214077,fixed_ets_v1
territorial_authority_68_bonds_lodged,bonds_lodged,territorial_authority,68,Waitaki District,ets_additive_damped,2026-07-01,2026-11-01,4,25.62923045618773,5.830649371051823,7.51307239531823,20.582999603214077,fixed_ets_v1
territorial_authority_68_bonds_lodged,bonds_lodged,territorial_authority,68,Waitaki District,ets_additive_damped,2026-07-01,2026-12-01,5,24.29861956352434,5.830649371051823,7.51307239531823,20.582999603214077,fixed_ets_v1
territorial_authority_68_bonds_lodged,bonds_lodged,territorial_authority,68,Waitaki District,ets_additive_damped,2026-07-01,2027-01-01,6,30.96957650684422,5.830649371051823,7.51307239531823,20.582999603214077,fixed_ets_v1
territorial_authority_68_median_rent,median_rent,territorial_authority,68,Waitaki District,ets_additive_damped,2026-07-01,2026-08-01,1,481.2497746475008,12.946046316946315,16.232496160062805,2.748673469512096,fixed_ets_v1
territorial_authority_68_median_rent,median_rent,territorial_authority,68,Waitaki District,ets_additive_damped,2026-07-01,2026-09-01,2,483.88024561730356,12.946046316946315,16.232496160062805,2.748673469512096,fixed_ets_v1
territorial_authority_68_median_rent,median_rent,territorial_authority,68,Waitaki District,ets_additive_damped,2026-07-01,2026-10-01,3,483.8305004123299,12.946046316946315,16.232496160062805,2.748673469512096,fixed_ets_v1
territorial_authority_68_median_rent,median_rent,territorial_authority,68,Waitaki District,ets_additive_damped,2026-07-01,2026-11-01,4,486.2735922863995,12.946046316946315,16.232496160062805,2.748673469512096,fixed_ets_v1
territorial_authority_68_median_rent,median_rent,territorial_authority,68,Waitaki District,ets_additive_damped,2026-07-01,2026-12-01,5,488.3661987378246,12.946046316946315,16.232496160062805,2.748673469512096,fixed_ets_v1
territorial_authority_68_median_rent,median_rent,territorial_authority,68,Waitaki District,ets_additive_damped,2026-07-01,2027-01-01,6,493.5295053603349,12.946046316946315,16.232496160062805,2.748673469512096,fixed_ets_v1
territorial_authority_69_bonds_lodged,bonds_lodged,territorial_authority,69,Central Otago District,ets_additive_damped,2026-07-01,2026-08-01,1,44.881948794317466,7.980273904710545,10.390444435088114,16.388611257127693,fixed_ets_v1
territorial_authority_69_bonds_lodged,bonds_lodged,territorial_authority,69,Central Otago District,ets_additive_damped,2026-07-01,2026-09-01,2,45.07925824418971,7.980273904710545,10.390444435088114,16.388611257127693,fixed_ets_v1
territorial_authority_69_bonds_lodged,bonds_lodged,territorial_authority,69,Central Otago District,ets_additive_damped,2026-07-01,2026-10-01,3,46.372079458716264,7.980273904710545,10.390444435088114,16.388611257127693,fixed_ets_v1
territorial_authority_69_bonds_lodged,bonds_lodged,territorial_authority,69,Central Otago District,ets_additive_damped,2026-07-01,2026-11-01,4,45.57824019173331,7.980273904710545,10.390444435088114,16.388611257127693,fixed_ets_v1
territorial_authority_69_bonds_lodged,bonds_lodged,territorial_authority,69,Central Otago District,ets_additive_damped,2026-07-01,2026-12-01,5,41.515479212543475,7.980273904710545,10.390444435088114,16.388611257127693,fixed_ets_v1
territorial_authority_69_bonds_lodged,bonds_lodged,territorial_authority,69,Central Otago District,ets_additive_damped,2026-07-01,2027-01-01,6,44.6354531208882,7.980273904710545,10.390444435088114,16.388611257127693,fixed_ets_v1
territorial_authority_69_median_rent,median_rent,territorial_authority,69,Central Otago District,ets_additive_damped,2026-07-01,2026-08-01,1,653.1450449196977,28.54981578271325,31.5870911950528,4.558363807941448,fixed_ets_v1
territorial_authority_69_median_rent,median_rent,territorial_authority,69,Central Otago District,ets_additive_damped,2026-07-01,2026-09-01,2,653.2211502076264,28.54981578271325,31.5870911950528,4.558363807941448,fixed_ets_v1
territorial_authority_69_median_rent,median_rent,territorial_authority,69,Central Otago District,ets_additive_damped,2026-07-01,2026-10-01,3,657.8359453189348,28.54981578271325,31.5870911950528,4.558363807941448,fixed_ets_v1
territorial_authority_69_median_rent,median_rent,territorial_authority,69,Central Otago District,ets_additive_damped,2026-07-01,2026-11-01,4,662.0949557137707,28.54981578271325,31.5870911950528,4.558363807941448,fixed_ets_v1
territorial_authority_69_median_rent,median_rent,territorial_authority,69,Central Otago District,ets_additive_damped,2026-07-01,2026-12-01,5,668.1262910844805,28.54981578271325,31.5870911950528,4.558363807941448,fixed_ets_v1
territorial_authority_69_median_rent,median_rent,territorial_authority,69,Central Otago District,ets_additive_damped,2026-07-01,2027-01-01,6,667.8789741906511,28.54981578271325,31.5870911950528,4.558363807941448,fixed_ets_v1
territorial_authority_70_bonds_lodged,bonds_lodged,territorial_authority,70,Queenstown-Lakes District,ets_additive_damped,2026-07-01,2026-08-01,1,173.06458134785424,30.669349043028635,35.95762675079651,13.255351949443815,fixed_ets_v1
territorial_authority_70_bonds_lodged,bonds_lodged,territorial_authority,70,Queenstown-Lakes District,ets_additive_damped,2026-07-01,2026-09-01,2,183.78966468828028,30.669349043028635,35.95762675079651,13.255351949443815,fixed_ets_v1
territorial_authority_70_bonds_lodged,bonds_lodged,territorial_authority,70,Queenstown-Lakes District,ets_additive_damped,2026-07-01,2026-10-01,3,228.42205173368,30.669349043028635,35.95762675079651,13.255351949443815,fixed_ets_v1
territorial_authority_70_bonds_lodged,bonds_lodged,territorial_authority,70,Queenstown-Lakes District,ets_additive_damped,2026-07-01,2026-11-01,4,214.94821062895036,30.669349043028635,35.95762675079651,13.255351949443815,fixed_ets_v1
territorial_authority_70_bonds_lodged,bonds_lodged,territorial_authority,70,Queenstown-Lakes District,ets_additive_damped,2026-07-01,2026-12-01,5,216.64367443877146,30.669349043028635,35.95762675079651,13.255351949443815,fixed_ets_v1
territorial_authority_70_bonds_lodged,bonds_lodged,territorial_authority,70,Queenstown-Lakes District,ets_additive_damped,2026-07-01,2027-01-01,6,199.22226662429227,30.669349043028635,35.95762675079651,13.255351949443815,fixed_ets_v1
territorial_authority_70_median_rent,median_rent,territorial_authority,70,Queenstown-Lakes District,ets_additive_damped,2026-07-01,2026-08-01,1,786.8206892707526,24.96270055500121,29.02195068847357,3.20489412780475,fixed_ets_v1
territorial_authority_70_median_rent,median_rent,territorial_authority,70,Queenstown-Lakes District,ets_additive_damped,2026-07-01,2026-09-01,2,793.3637257169196,24.96270055500121,29.02195068847357,3.20489412780475,fixed_ets_v1
territorial_authority_70_median_rent,median_rent,territorial_authority,70,Queenstown-Lakes District,ets_additive_damped,2026-07-01,2026-10-01,3,788.9405589143691,24.96270055500121,29.02195068847357,3.20489412780475,fixed_ets_v1
territorial_authority_70_median_rent,median_rent,territorial_authority,70,Queenstown-Lakes District,ets_additive_damped,2026-07-01,2026-11-01,4,791.9948235308067,24.96270055500121,29.02195068847357,3.20489412780475,fixed_ets_v1
territorial_authority_70_median_rent,median_rent,territorial_authority,70,Queenstown-Lakes District,ets_additive_damped,2026-07-01,2026-12-01,5,793.6477413387481,24.96270055500121,29.02195068847357,3.20489412780475,fixed_ets_v1
territorial_authority_70_median_rent,median_rent,territorial_authority,70,Queenstown-Lakes District,ets_additive_damped,2026-07-01,2027-01-01,6,794.8400710220409,24.96270055500121,29.02195068847357,3.20489412780475,fixed_ets_v1
territorial_authority_71_bonds_lodged,bonds_lodged,territorial_authority,71,Dunedin City,ets_additive_damped,2026-07-01,2026-08-01,1,258.4385518144352,18.639740858700648,23.454966265508368,6.076867347068695,fixed_ets_v1
territorial_authority_71_bonds_lodged,bonds_lodged,territorial_authority,71,Dunedin City,ets_additive_damped,2026-07-01,2026-09-01,2,253.12572538033294,18.639740858700648,23.454966265508368,6.076867347068695,fixed_ets_v1
territorial_authority_71_bonds_lodged,bonds_lodged,territorial_authority,71,Dunedin City,ets_additive_damped,2026-07-01,2026-10-01,3,247.18158401716698,18.639740858700648,23.454966265508368,6.076867347068695,fixed_ets_v1
territorial_authority_71_bonds_lodged,bonds_lodged,territorial_authority,71,Dunedin City,ets_additive_damped,2026-07-01,2026-11-01,4,277.3124519208757,18.639740858700648,23.454966265508368,6.076867347068695,fixed_ets_v1
territorial_authority_71_bonds_lodged,bonds_lodged,territorial_authority,71,Dunedin City,ets_additive_damped,2026-07-01,2026-12-01,5,416.5172580382789,18.639740858700648,23.454966265508368,6.076867347068695,fixed_ets_v1
territorial_authority_71_bonds_lodged,bonds_lodged,territorial_authority,71,Dunedin City,ets_additive_damped,2026-07-01,2027-01-01,6,2175.0677894777773,18.639740858700648,23.454966265508368,6.076867347068695,fixed_ets_v1
territorial_authority_71_median_rent,median_rent,territorial_authority,71,Dunedin City,ets_additive_damped,2026-07-01,2026-08-01,1,523.1973811316404,21.07478551640981,27.407480204106385,3.832797088539092,fixed_ets_v1
territorial_authority_71_median_rent,median_rent,territorial_authority,71,Dunedin City,ets_additive_damped,2026-07-01,2026-09-01,2,532.1270137081036,21.07478551640981,27.407480204106385,3.832797088539092,fixed_ets_v1
territorial_authority_71_median_rent,median_rent,territorial_authority,71,Dunedin City,ets_additive_damped,2026-07-01,2026-10-01,3,566.3647480386579,21.07478551640981,27.407480204106385,3.832797088539092,fixed_ets_v1
territorial_authority_71_median_rent,median_rent,territorial_authority,71,Dunedin City,ets_additive_damped,2026-07-01,2026-11-01,4,526.2278288991199,21.07478551640981,27.407480204106385,3.832797088539092,fixed_ets_v1
territorial_authority_71_median_rent,median_rent,territorial_authority,71,Dunedin City,ets_additive_damped,2026-07-01,2026-12-01,5,567.1366971130807,21.07478551640981,27.407480204106385,3.832797088539092,fixed_ets_v1
territorial_authority_71_median_rent,median_rent,territorial_authority,71,Dunedin City,ets_additive_damped,2026-07-01,2027-01-01,6,770.5307177983461,21.07478551640981,27.407480204106385,3.832797088539092,fixed_ets_v1
territorial_authority_72_bonds_lodged,bonds_lodged,territorial_authority,72,Clutha District,ets_additive_damped,2026-07-01,2026-08-01,1,18.050239779360016,5.117558830862862,6.143980627267597,26.13063908957428,fixed_ets_v1
territorial_authority_72_bonds_lodged,bonds_lodged,territorial_authority,72,Clutha District,ets_additive_damped,2026-07-01,2026-09-01,2,18.11153028450475,5.117558830862862,6.143980627267597,26.13063908957428,fixed_ets_v1
territorial_authority_72_bonds_lodged,bonds_lodged,territorial_authority,72,Clutha District,ets_additive_damped,2026-07-01,2026-10-01,3,17.307579368180473,5.117558830862862,6.143980627267597,26.13063908957428,fixed_ets_v1
territorial_authority_72_bonds_lodged,bonds_lodged,territorial_authority,72,Clutha District,ets_additive_damped,2026-07-01,2026-11-01,4,17.86001324695045,5.117558830862862,6.143980627267597,26.13063908957428,fixed_ets_v1
territorial_authority_72_bonds_lodged,bonds_lodged,territorial_authority,72,Clutha District,ets_additive_damped,2026-07-01,2026-12-01,5,16.38365600171354,5.117558830862862,6.143980627267597,26.13063908957428,fixed_ets_v1
territorial_authority_72_bonds_lodged,bonds_lodged,territorial_authority,72,Clutha District,ets_additive_damped,2026-07-01,2027-01-01,6,21.90938513244158,5.117558830862862,6.143980627267597,26.13063908957428,fixed_ets_v1
territorial_authority_72_median_rent,median_rent,territorial_authority,72,Clutha District,ets_additive_damped,2026-07-01,2026-08-01,1,469.7905241878777,27.456315810406743,34.997574293267654,6.206323684501437,fixed_ets_v1
territorial_authority_72_median_rent,median_rent,territorial_authority,72,Clutha District,ets_additive_damped,2026-07-01,2026-09-01,2,474.8915511649379,27.456315810406743,34.997574293267654,6.206323684501437,fixed_ets_v1
territorial_authority_72_median_rent,median_rent,territorial_authority,72,Clutha District,ets_additive_damped,2026-07-01,2026-10-01,3,475.03185028565764,27.456315810406743,34.997574293267654,6.206323684501437,fixed_ets_v1
territorial_authority_72_median_rent,median_rent,territorial_authority,72,Clutha District,ets_additive_damped,2026-07-01,2026-11-01,4,475.1572103711489,27.456315810406743,34.997574293267654,6.206323684501437,fixed_ets_v1
territorial_authority_72_median_rent,median_rent,territorial_authority,72,Clutha District,ets_additive_damped,2026-07-01,2026-12-01,5,478.6395759573168,27.456315810406743,34.997574293267654,6.206323684501437,fixed_ets_v1
territorial_authority_72_median_rent,median_rent,territorial_authority,72,Clutha District,ets_additive_damped,2026-07-01,2027-01-01,6,472.66964627194596,27.456315810406743,34.997574293267654,6.206323684501437,fixed_ets_v1
territorial_authority_73_bonds_lodged,bonds_lodged,territorial_authority,73,Southland District,ets_additive_damped,2026-07-01,2026-08-01,1,27.053240966728563,4.496243132134564,6.105987396854828,16.562321392701914,fixed_ets_v1
territorial_authority_73_bonds_lodged,bonds_lodged,territorial_authority,73,Southland District,ets_additive_damped,2026-07-01,2026-09-01,2,28.040080866224955,4.496243132134564,6.105987396854828,16.562321392701914,fixed_ets_v1
territorial_authority_73_bonds_lodged,bonds_lodged,territorial_authority,73,Southland District,ets_additive_damped,2026-07-01,2026-10-01,3,29.877191077124536,4.496243132134564,6.105987396854828,16.562321392701914,fixed_ets_v1
territorial_authority_73_bonds_lodged,bonds_lodged,territorial_authority,73,Southland District,ets_additive_damped,2026-07-01,2026-11-01,4,26.089537937291436,4.496243132134564,6.105987396854828,16.562321392701914,fixed_ets_v1
territorial_authority_73_bonds_lodged,bonds_lodged,territorial_authority,73,Southland District,ets_additive_damped,2026-07-01,2026-12-01,5,22.95037157048356,4.496243132134564,6.105987396854828,16.562321392701914,fixed_ets_v1
territorial_authority_73_bonds_lodged,bonds_lodged,territorial_authority,73,Southland District,ets_additive_damped,2026-07-01,2027-01-01,6,27.905944327465424,4.496243132134564,6.105987396854828,16.562321392701914,fixed_ets_v1
territorial_authority_73_median_rent,median_rent,territorial_authority,73,Southland District,ets_additive_damped,2026-07-01,2026-08-01,1,483.8568052814092,28.296949079924016,34.67021874602301,6.069588043268862,fixed_ets_v1
territorial_authority_73_median_rent,median_rent,territorial_authority,73,Southland District,ets_additive_damped,2026-07-01,2026-09-01,2,484.87609151028477,28.296949079924016,34.67021874602301,6.069588043268862,fixed_ets_v1
territorial_authority_73_median_rent,median_rent,territorial_authority,73,Southland District,ets_additive_damped,2026-07-01,2026-10-01,3,484.09757638521995,28.296949079924016,34.67021874602301,6.069588043268862,fixed_ets_v1
territorial_authority_73_median_rent,median_rent,territorial_authority,73,Southland District,ets_additive_damped,2026-07-01,2026-11-01,4,493.84731027831157,28.296949079924016,34.67021874602301,6.069588043268862,fixed_ets_v1
territorial_authority_73_median_rent,median_rent,territorial_authority,73,Southland District,ets_additive_damped,2026-07-01,2026-12-01,5,491.77178034722976,28.296949079924016,34.67021874602301,6.069588043268862,fixed_ets_v1
territorial_authority_73_median_rent,median_rent,territorial_authority,73,Southland District,ets_additive_damped,2026-07-01,2027-01-01,6,479.89224656311455,28.296949079924016,34.67021874602301,6.069588043268862,fixed_ets_v1
territorial_authority_74_bonds_lodged,bonds_lodged,territorial_authority,74,Gore District,ets_additive_damped,2026-07-01,2026-08-01,1,24.5000542909543,4.97845480392649,6.038766410389014,20.60643249479379,fixed_ets_v1
territorial_authority_74_bonds_lodged,bonds_lodged,territorial_authority,74,Gore District,ets_additive_damped,2026-07-01,2026-09-01,2,25.811772116914753,4.97845480392649,6.038766410389014,20.60643249479379,fixed_ets_v1
territorial_authority_74_bonds_lodged,bonds_lodged,territorial_authority,74,Gore District,ets_additive_damped,2026-07-01,2026-10-01,3,24.47350753853504,4.97845480392649,6.038766410389014,20.60643249479379,fixed_ets_v1
territorial_authority_74_bonds_lodged,bonds_lodged,territorial_authority,74,Gore District,ets_additive_damped,2026-07-01,2026-11-01,4,24.94211946620411,4.97845480392649,6.038766410389014,20.60643249479379,fixed_ets_v1
territorial_authority_74_bonds_lodged,bonds_lodged,territorial_authority,74,Gore District,ets_additive_damped,2026-07-01,2026-12-01,5,21.94746652429543,4.97845480392649,6.038766410389014,20.60643249479379,fixed_ets_v1
territorial_authority_74_bonds_lodged,bonds_lodged,territorial_authority,74,Gore District,ets_additive_damped,2026-07-01,2027-01-01,6,28.218297493039966,4.97845480392649,6.038766410389014,20.60643249479379,fixed_ets_v1
territorial_authority_74_median_rent,median_rent,territorial_authority,74,Gore District,ets_additive_damped,2026-07-01,2026-08-01,1,489.06497841819845,26.760715463291216,31.4437533843836,5.680756529327101,fixed_ets_v1
territorial_authority_74_median_rent,median_rent,territorial_authority,74,Gore District,ets_additive_damped,2026-07-01,2026-09-01,2,490.64823954416556,26.760715463291216,31.4437533843836,5.680756529327101,fixed_ets_v1
territorial_authority_74_median_rent,median_rent,territorial_authority,74,Gore District,ets_additive_damped,2026-07-01,2026-10-01,3,495.7157771948417,26.760715463291216,31.4437533843836,5.680756529327101,fixed_ets_v1
territorial_authority_74_median_rent,median_rent,territorial_authority,74,Gore District,ets_additive_damped,2026-07-01,2026-11-01,4,494.30564399261857,26.760715463291216,31.4437533843836,5.680756529327101,fixed_ets_v1
territorial_authority_74_median_rent,median_rent,territorial_authority,74,Gore District,ets_additive_damped,2026-07-01,2026-12-01,5,497.70890003296955,26.760715463291216,31.4437533843836,5.680756529327101,fixed_ets_v1
territorial_authority_74_median_rent,median_rent,territorial_authority,74,Gore District,ets_additive_damped,2026-07-01,2027-01-01,6,504.0142878979294,26.760715463291216,31.4437533843836,5.680756529327101,fixed_ets_v1
territorial_authority_75_bonds_lodged,bonds_lodged,territorial_authority,75,Invercargill City,ets_additive_damped,2026-07-01,2026-08-01,1,130.97853887697485,12.7462578354551,16.772407158142272,9.584137036625556,fixed_ets_v1
territorial_authority_75_bonds_lodged,bonds_lodged,territorial_authority,75,Invercargill City,ets_additive_damped,2026-07-01,2026-09-01,2,123.75362148621463,12.7462578354551,16.772407158142272,9.584137036625556,fixed_ets_v1
territorial_authority_75_bonds_lodged,bonds_lodged,territorial_authority,75,Invercargill City,ets_additive_damped,2026-07-01,2026-10-01,3,121.80226727835104,12.7462578354551,16.772407158142272,9.584137036625556,fixed_ets_v1
territorial_authority_75_bonds_lodged,bonds_lodged,territorial_authority,75,Invercargill City,ets_additive_damped,2026-07-01,2026-11-01,4,124.95526750097841,12.7462578354551,16.772407158142272,9.584137036625556,fixed_ets_v1
territorial_authority_75_bonds_lodged,bonds_lodged,territorial_authority,75,Invercargill City,ets_additive_damped,2026-07-01,2026-12-01,5,117.47335026300532,12.7462578354551,16.772407158142272,9.584137036625556,fixed_ets_v1
territorial_authority_75_bonds_lodged,bonds_lodged,territorial_authority,75,Invercargill City,ets_additive_damped,2026-07-01,2027-01-01,6,144.9040352492158,12.7462578354551,16.772407158142272,9.584137036625556,fixed_ets_v1
territorial_authority_75_median_rent,median_rent,territorial_authority,75,Invercargill City,ets_additive_damped,2026-07-01,2026-08-01,1,502.9340283735029,10.937826138412474,13.136660743615272,2.236589515573523,fixed_ets_v1
territorial_authority_75_median_rent,median_rent,territorial_authority,75,Invercargill City,ets_additive_damped,2026-07-01,2026-09-01,2,505.7540208888273,10.937826138412474,13.136660743615272,2.236589515573523,fixed_ets_v1
territorial_authority_75_median_rent,median_rent,territorial_authority,75,Invercargill City,ets_additive_damped,2026-07-01,2026-10-01,3,507.65143907059553,10.937826138412474,13.136660743615272,2.236589515573523,fixed_ets_v1
territorial_authority_75_median_rent,median_rent,territorial_authority,75,Invercargill City,ets_additive_damped,2026-07-01,2026-11-01,4,506.8707305287184,10.937826138412474,13.136660743615272,2.236589515573523,fixed_ets_v1
territorial_authority_75_median_rent,median_rent,territorial_authority,75,Invercargill City,ets_additive_damped,2026-07-01,2026-12-01,5,508.3298045857938,10.937826138412474,13.136660743615272,2.236589515573523,fixed_ets_v1
territorial_authority_75_median_rent,median_rent,territorial_authority,75,Invercargill City,ets_additive_damped,2026-07-01,2027-01-01,6,515.0803128506062,10.937826138412474,13.136660743615272,2.236589515573523,fixed_ets_v1
