model,series_id,metric,geography_level,location_id,location_name,origin,n_forecasts,mae,rmse,smape
ets_additive_damped,region_12_bonds_lodged,bonds_lodged,region,12,West Coast Region,2025-02-01,6,11.502996130493386,12.970856516409167,26.314035292215003
seasonal_naive,region_12_bonds_lodged,bonds_lodged,region,12,West Coast Region,2025-02-01,6,13.0,13.527749258468683,31.502011060834594
xgboost_pooled_recursive,region_12_bonds_lodged,bonds_lodged,region,12,West Coast Region,2025-02-01,6,5.044518788655599,7.1342225705392845,10.225753205046917
ets_additive_damped,region_12_bonds_lodged,bonds_lodged,region,12,West Coast Region,2025-03-01,6,11.865565153455202,13.050624140604954,26.826400346556834
seasonal_naive,region_12_bonds_lodged,bonds_lodged,region,12,West Coast Region,2025-03-01,6,15.5,15.827191791344413,38.271241830065364
xgboost_pooled_recursive,region_12_bonds_lodged,bonds_lodged,region,12,West Coast Region,2025-03-01,6,5.23577880859375,6.296333281856396,10.435735124128163
ets_additive_damped,region_12_bonds_lodged,bonds_lodged,region,12,West Coast Region,2025-04-01,6,13.125527939945252,14.999762304599908,28.239612652618074
seasonal_naive,region_12_bonds_lodged,bonds_lodged,region,12,West Coast Region,2025-04-01,6,18.0,19.05255888325765,42.71568627450981
xgboost_pooled_recursive,region_12_bonds_lodged,bonds_lodged,region,12,West Coast Region,2025-04-01,6,5.232285181681314,5.616101163455579,10.282019277317705
ets_additive_damped,region_12_bonds_lodged,bonds_lodged,region,12,West Coast Region,2025-05-01,6,8.976771290878316,12.045836945914587,18.762507555157622
seasonal_naive,region_12_bonds_lodged,bonds_lodged,region,12,West Coast Region,2025-05-01,6,16.5,18.452642087245934,39.88235294117647
xgboost_pooled_recursive,region_12_bonds_lodged,bonds_lodged,region,12,West Coast Region,2025-05-01,6,9.013388951619465,11.566609787868433,17.803161971373004
ets_additive_damped,region_12_bonds_lodged,bonds_lodged,region,12,West Coast Region,2025-06-01,6,8.521736946806259,11.46293849066443,18.27495031170398
seasonal_naive,region_12_bonds_lodged,bonds_lodged,region,12,West Coast Region,2025-06-01,6,16.5,18.452642087245934,39.88235294117647
xgboost_pooled_recursive,region_12_bonds_lodged,bonds_lodged,region,12,West Coast Region,2025-06-01,6,13.141572952270508,18.02350435915942,26.615190016505363
ets_additive_damped,region_12_bonds_lodged,bonds_lodged,region,12,West Coast Region,2025-07-01,6,11.486473186589208,13.759025789572084,25.28697601345143
seasonal_naive,region_12_bonds_lodged,bonds_lodged,region,12,West Coast Region,2025-07-01,6,16.5,18.452642087245934,39.45500251382604
xgboost_pooled_recursive,region_12_bonds_lodged,bonds_lodged,region,12,West Coast Region,2025-07-01,6,16.06407356262207,19.212639748168403,33.40977528311802
ets_additive_damped,region_12_bonds_lodged,bonds_lodged,region,12,West Coast Region,2025-08-01,6,10.113172378329372,12.382972901414385,23.172493420108456
seasonal_naive,region_12_bonds_lodged,bonds_lodged,region,12,West Coast Region,2025-08-01,6,13.5,16.926310879810757,33.572649572649574
xgboost_pooled_recursive,region_12_bonds_lodged,bonds_lodged,region,12,West Coast Region,2025-08-01,6,18.35259183247884,21.06499284351264,38.21748724644926
ets_additive_damped,region_12_bonds_lodged,bonds_lodged,region,12,West Coast Region,2025-09-01,6,10.776875860442965,12.837624951234998,24.64548228357452
seasonal_naive,region_12_bonds_lodged,bonds_lodged,region,12,West Coast Region,2025-09-01,6,10.0,14.594519519326424,24.239316239316235
xgboost_pooled_recursive,region_12_bonds_lodged,bonds_lodged,region,12,West Coast Region,2025-09-01,6,19.373451868693035,20.41187310454652,40.804478642622904
ets_additive_damped,region_12_bonds_lodged,bonds_lodged,region,12,West Coast Region,2025-10-01,6,13.314864871563444,14.930152657662608,31.737548959239398
seasonal_naive,region_12_bonds_lodged,bonds_lodged,region,12,West Coast Region,2025-10-01,6,7.5,10.024968827881711,19.794871794871796
xgboost_pooled_recursive,region_12_bonds_lodged,bonds_lodged,region,12,West Coast Region,2025-10-01,6,25.256364186604817,25.870655412356562,52.967951192912096
ets_additive_damped,region_12_bonds_lodged,bonds_lodged,region,12,West Coast Region,2025-11-01,6,12.928153193477144,14.350074207988532,30.81327463577548
seasonal_naive,region_12_bonds_lodged,bonds_lodged,region,12,West Coast Region,2025-11-01,6,9.0,11.090536506409418,22.628205128205128
xgboost_pooled_recursive,region_12_bonds_lodged,bonds_lodged,region,12,West Coast Region,2025-11-01,6,22.611244837443035,22.954523463547673,48.457914152868085
ets_additive_damped,region_12_bonds_lodged,bonds_lodged,region,12,West Coast Region,2025-12-01,6,9.358248177179911,11.803627903271803,22.22286608024584
seasonal_naive,region_12_bonds_lodged,bonds_lodged,region,12,West Coast Region,2025-12-01,6,6.5,9.246621004453464,15.961538461538463
xgboost_pooled_recursive,region_12_bonds_lodged,bonds_lodged,region,12,West Coast Region,2025-12-01,6,20.405344009399414,21.011326783290556,42.60745542179838
ets_additive_damped,region_12_bonds_lodged,bonds_lodged,region,12,West Coast Region,2026-01-01,6,4.413519341691994,5.668277811491403,11.275220145473812
seasonal_naive,region_12_bonds_lodged,bonds_lodged,region,12,West Coast Region,2026-01-01,6,5.0,7.937253933193772,12.067901234567902
xgboost_pooled_recursive,region_12_bonds_lodged,bonds_lodged,region,12,West Coast Region,2026-01-01,6,5.583531061808269,7.159217708890238,13.891170166446074
ets_additive_damped,region_13_bonds_lodged,bonds_lodged,region,13,Canterbury Region,2025-02-01,6,190.48338870384376,202.67224202824505,11.333502856467899
seasonal_naive,region_13_bonds_lodged,bonds_lodged,region,13,Canterbury Region,2025-02-01,6,426.5,431.6578506178244,27.190282925080524
xgboost_pooled_recursive,region_13_bonds_lodged,bonds_lodged,region,13,Canterbury Region,2025-02-01,6,137.9173583984375,142.12953128248284,7.816338169855931
ets_additive_damped,region_13_bonds_lodged,bonds_lodged,region,13,Canterbury Region,2025-03-01,6,167.65436752295693,177.7761573047971,9.968905836585218
seasonal_naive,region_13_bonds_lodged,bonds_lodged,region,13,Canterbury Region,2025-03-01,6,419.5,424.64396851951165,27.119989426903064
xgboost_pooled_recursive,region_13_bonds_lodged,bonds_lodged,region,13,Canterbury Region,2025-03-01,6,76.12306722005205,86.93916798801669,4.295651261221731
ets_additive_damped,region_13_bonds_lodged,bonds_lodged,region,13,Canterbury Region,2025-04-01,6,126.5905326715445,140.77113956662416,7.390895501538856
seasonal_naive,region_13_bonds_lodged,bonds_lodged,region,13,Canterbury Region,2025-04-01,6,439.5,444.6599824585073,28.497943009211006
xgboost_pooled_recursive,region_13_bonds_lodged,bonds_lodged,region,13,Canterbury Region,2025-04-01,6,56.131103515625,81.08427050395807,3.1749855843324597
ets_additive_damped,region_13_bonds_lodged,bonds_lodged,region,13,Canterbury Region,2025-05-01,6,85.83080130058288,106.38638365238629,4.87638474697723
seasonal_naive,region_13_bonds_lodged,bonds_lodged,region,13,Canterbury Region,2025-05-01,6,376.5,391.7862937878251,24.372389791479012
xgboost_pooled_recursive,region_13_bonds_lodged,bonds_lodged,region,13,Canterbury Region,2025-05-01,6,167.4466145833333,172.60529337059904,9.065485505755733
ets_additive_damped,region_13_bonds_lodged,bonds_lodged,region,13,Canterbury Region,2025-06-01,6,46.70885667636575,61.17861936699978,2.654344195586844
seasonal_naive,region_13_bonds_lodged,bonds_lodged,region,13,Canterbury Region,2025-06-01,6,313.5,344.5584130448711,20.010711654037607
xgboost_pooled_recursive,region_13_bonds_lodged,bonds_lodged,region,13,Canterbury Region,2025-06-01,6,117.3149007161458,138.3498651843177,6.248767616484485
ets_additive_damped,region_13_bonds_lodged,bonds_lodged,region,13,Canterbury Region,2025-07-01,6,45.5584241302422,62.810362711474646,2.585535136962849
seasonal_naive,region_13_bonds_lodged,bonds_lodged,region,13,Canterbury Region,2025-07-01,6,271.0,317.4003780716085,17.059400223757475
xgboost_pooled_recursive,region_13_bonds_lodged,bonds_lodged,region,13,Canterbury Region,2025-07-01,6,161.7514851888021,222.35115485557026,7.934514599648611
ets_additive_damped,region_13_bonds_lodged,bonds_lodged,region,13,Canterbury Region,2025-08-01,6,103.18123034350124,184.307930179738,5.139925318492269
seasonal_naive,region_13_bonds_lodged,bonds_lodged,region,13,Canterbury Region,2025-08-01,6,247.0,292.3679188967216,15.06193395560009
xgboost_pooled_recursive,region_13_bonds_lodged,bonds_lodged,region,13,Canterbury Region,2025-08-01,6,227.7752888997396,303.41014396884253,10.835900630978857
ets_additive_damped,region_13_bonds_lodged,bonds_lodged,region,13,Canterbury Region,2025-09-01,6,139.3713200849791,211.04154715479777,7.238351125508428
seasonal_naive,region_13_bonds_lodged,bonds_lodged,region,13,Canterbury Region,2025-09-01,6,211.0,252.74295242399936,12.259739465939512
xgboost_pooled_recursive,region_13_bonds_lodged,bonds_lodged,region,13,Canterbury Region,2025-09-01,6,326.72802734375,397.25937980233476,15.811065196832775
ets_additive_damped,region_13_bonds_lodged,bonds_lodged,region,13,Canterbury Region,2025-10-01,6,153.63791193412047,221.029838449789,8.03386767601959
seasonal_naive,region_13_bonds_lodged,bonds_lodged,region,13,Canterbury Region,2025-10-01,6,144.5,156.77212762477902,7.7645924438574845
xgboost_pooled_recursive,region_13_bonds_lodged,bonds_lodged,region,13,Canterbury Region,2025-10-01,6,361.54136149088544,420.11213828105184,17.748059306403906
ets_additive_damped,region_13_bonds_lodged,bonds_lodged,region,13,Canterbury Region,2025-11-01,6,193.79728659850377,250.00390038826558,10.192764273815287
seasonal_naive,region_13_bonds_lodged,bonds_lodged,region,13,Canterbury Region,2025-11-01,6,153.5,167.27073862454245,8.334010335610403
xgboost_pooled_recursive,region_13_bonds_lodged,bonds_lodged,region,13,Canterbury Region,2025-11-01,6,407.49643961588544,429.7914364585306,20.460037210661188
ets_additive_damped,region_13_bonds_lodged,bonds_lodged,region,13,Canterbury Region,2025-12-01,6,200.22356027335613,241.44128492309721,10.91938551192727
seasonal_naive,region_13_bonds_lodged,bonds_lodged,region,13,Canterbury Region,2025-12-01,6,176.0,186.90104333577167,9.84408903391528
xgboost_pooled_recursive,region_13_bonds_lodged,bonds_lodged,region,13,Canterbury Region,2025-12-01,6,467.17043050130206,475.27824810900734,23.835492086959857
ets_additive_damped,region_13_bonds_lodged,bonds_lodged,region,13,Canterbury Region,2026-01-01,6,216.56017417965677,244.11912917392908,12.001432290424347
seasonal_naive,region_13_bonds_lodged,bonds_lodged,region,13,Canterbury Region,2026-01-01,6,186.0,192.90412126235148,10.628066348614261
xgboost_pooled_recursive,region_13_bonds_lodged,bonds_lodged,region,13,Canterbury Region,2026-01-01,6,199.8578287760416,203.99483192866398,11.50877975623626
ets_additive_damped,region_14_bonds_lodged,bonds_lodged,region,14,Otago Region,2025-02-01,6,84.4486719299072,92.20318944903553,13.871597982308126
seasonal_naive,region_14_bonds_lodged,bonds_lodged,region,14,Otago Region,2025-02-01,6,112.0,117.93218390244455,18.846620287143132
xgboost_pooled_recursive,region_14_bonds_lodged,bonds_lodged,region,14,Otago Region,2025-02-01,6,81.10017903645833,87.45450347988732,12.108305651862716
ets_additive_damped,region_14_bonds_lodged,bonds_lodged,region,14,Otago Region,2025-03-01,6,85.23606520775081,91.49595277827174,14.364201989045148
seasonal_naive,region_14_bonds_lodged,bonds_lodged,region,14,Otago Region,2025-03-01,6,113.5,119.09030187215077,19.746665783948462
xgboost_pooled_recursive,region_14_bonds_lodged,bonds_lodged,region,14,Otago Region,2025-03-01,6,78.8817647298177,92.90395226227437,12.207663756120594
ets_additive_damped,region_14_bonds_lodged,bonds_lodged,region,14,Otago Region,2025-04-01,6,84.30703271756715,90.38350032252474,14.191693281226659
seasonal_naive,region_14_bonds_lodged,bonds_lodged,region,14,Otago Region,2025-04-01,6,116.5,121.55862783036011,20.333594717958615
xgboost_pooled_recursive,region_14_bonds_lodged,bonds_lodged,region,14,Otago Region,2025-04-01,6,51.361165364583336,59.25380819698671,8.209298353325089
ets_additive_damped,region_14_bonds_lodged,bonds_lodged,region,14,Otago Region,2025-05-01,6,66.43548202293357,79.14997785036077,11.289352769970575
seasonal_naive,region_14_bonds_lodged,bonds_lodged,region,14,Otago Region,2025-05-01,6,101.5,113.12161597148443,18.061620352960993
xgboost_pooled_recursive,region_14_bonds_lodged,bonds_lodged,region,14,Otago Region,2025-05-01,6,75.64520263671875,82.64624189407895,11.964950404945085
ets_additive_damped,region_14_bonds_lodged,bonds_lodged,region,14,Otago Region,2025-06-01,6,36.97642642183717,42.751528965001434,6.431254816378192
seasonal_naive,region_14_bonds_lodged,bonds_lodged,region,14,Otago Region,2025-06-01,6,70.0,81.57205403813245,13.050421599430953
xgboost_pooled_recursive,region_14_bonds_lodged,bonds_lodged,region,14,Otago Region,2025-06-01,6,88.33970133463542,94.43232295939038,13.521197121393804
ets_additive_damped,region_14_bonds_lodged,bonds_lodged,region,14,Otago Region,2025-07-01,6,27.990157808541245,34.6790312416005,4.8046963233193125
seasonal_naive,region_14_bonds_lodged,bonds_lodged,region,14,Otago Region,2025-07-01,6,55.0,69.67065379340143,10.104999466957949
xgboost_pooled_recursive,region_14_bonds_lodged,bonds_lodged,region,14,Otago Region,2025-07-01,6,58.676249186197914,70.47263367319346,8.134678778795289
ets_additive_damped,region_14_bonds_lodged,bonds_lodged,region,14,Otago Region,2025-08-01,6,27.098510740268495,32.859119570790405,4.268202365924257
seasonal_naive,region_14_bonds_lodged,bonds_lodged,region,14,Otago Region,2025-08-01,6,45.0,60.94259594077036,7.679805741934722
xgboost_pooled_recursive,region_14_bonds_lodged,bonds_lodged,region,14,Otago Region,2025-08-01,6,88.07448323567708,105.15890837409425,9.840253239702756
ets_additive_damped,region_14_bonds_lodged,bonds_lodged,region,14,Otago Region,2025-09-01,6,44.85957045679661,61.0748541561008,6.86463305487285
seasonal_naive,region_14_bonds_lodged,bonds_lodged,region,14,Otago Region,2025-09-01,6,47.0,64.20280367709809,7.398070251312487
xgboost_pooled_recursive,region_14_bonds_lodged,bonds_lodged,region,14,Otago Region,2025-09-01,6,103.33116658528645,131.02539195115722,13.05251197573368
ets_additive_damped,region_14_bonds_lodged,bonds_lodged,region,14,Otago Region,2025-10-01,6,59.82498537582669,77.68482362559338,9.214695474552508
seasonal_naive,region_14_bonds_lodged,bonds_lodged,region,14,Otago Region,2025-10-01,6,47.0,64.20280367709809,7.365853756467127
xgboost_pooled_recursive,region_14_bonds_lodged,bonds_lodged,region,14,Otago Region,2025-10-01,6,151.04259236653647,169.74884332411082,20.25012310608805
ets_additive_damped,region_14_bonds_lodged,bonds_lodged,region,14,Otago Region,2025-11-01,6,64.99565291323614,80.29587197721405,9.964679945749253
seasonal_naive,region_14_bonds_lodged,bonds_lodged,region,14,Otago Region,2025-11-01,6,54.5,69.09775683768613,8.414576898213525
xgboost_pooled_recursive,region_14_bonds_lodged,bonds_lodged,region,14,Otago Region,2025-11-01,6,153.6441853841146,172.4279649812346,20.394099211262358
ets_additive_damped,region_14_bonds_lodged,bonds_lodged,region,14,Otago Region,2025-12-01,6,67.6026244872176,81.0281180149959,10.516431134985192
seasonal_naive,region_14_bonds_lodged,bonds_lodged,region,14,Otago Region,2025-12-01,6,68.5,77.68204425734432,10.470952696920612
xgboost_pooled_recursive,region_14_bonds_lodged,bonds_lodged,region,14,Otago Region,2025-12-01,6,173.16304524739584,179.2516978612592,22.917400262091135
ets_additive_damped,region_14_bonds_lodged,bonds_lodged,region,14,Otago Region,2026-01-01,6,70.23657403887621,81.17352128296716,11.139565285368912
seasonal_naive,region_14_bonds_lodged,bonds_lodged,region,14,Otago Region,2026-01-01,6,72.0,78.82258559575422,11.355469437255666
xgboost_pooled_recursive,region_14_bonds_lodged,bonds_lodged,region,14,Otago Region,2026-01-01,6,91.42728678385417,94.26652358553444,13.859199216575469
ets_additive_damped,region_15_bonds_lodged,bonds_lodged,region,15,Southland Region,2025-02-01,6,37.036973182834565,40.75324509158547,20.12400821567413
seasonal_naive,region_15_bonds_lodged,bonds_lodged,region,15,Southland Region,2025-02-01,6,35.5,38.98076448711595,19.52261909948708
xgboost_pooled_recursive,region_15_bonds_lodged,bonds_lodged,region,15,Southland Region,2025-02-01,6,16.215853373209644,18.106342880119968,7.861766101844074
ets_additive_damped,region_15_bonds_lodged,bonds_lodged,region,15,Southland Region,2025-03-01,6,29.62600940900609,34.58740774874859,15.894317665135011
seasonal_naive,region_15_bonds_lodged,bonds_lodged,region,15,Southland Region,2025-03-01,6,33.0,35.45419580247167,18.24313534336781
xgboost_pooled_recursive,region_15_bonds_lodged,bonds_lodged,region,15,Southland Region,2025-03-01,6,22.0523427327474,23.607321130926007,10.72324913755492
ets_additive_damped,region_15_bonds_lodged,bonds_lodged,region,15,Southland Region,2025-04-01,6,20.35056459071906,26.02844141027958,10.509086588542106
seasonal_naive,region_15_bonds_lodged,bonds_lodged,region,15,Southland Region,2025-04-01,6,34.0,36.53765181289022,19.115847135619834
xgboost_pooled_recursive,region_15_bonds_lodged,bonds_lodged,region,15,Southland Region,2025-04-01,6,23.077883402506487,24.429870202108706,11.325923552657324
ets_additive_damped,region_15_bonds_lodged,bonds_lodged,region,15,Southland Region,2025-05-01,6,8.934406237695574,10.904959523602718,4.7644394677833315
seasonal_naive,region_15_bonds_lodged,bonds_lodged,region,15,Southland Region,2025-05-01,6,29.0,31.22498999199199,16.999892840232615
xgboost_pooled_recursive,region_15_bonds_lodged,bonds_lodged,region,15,Southland Region,2025-05-01,6,43.63221740722656,46.3332650917183,21.061158255973055
ets_additive_damped,region_15_bonds_lodged,bonds_lodged,region,15,Southland Region,2025-06-01,6,8.868077100340324,11.280439685447977,4.802013865536271
seasonal_naive,region_15_bonds_lodged,bonds_lodged,region,15,Southland Region,2025-06-01,6,27.0,29.647934160747187,16.19851325005205
xgboost_pooled_recursive,region_15_bonds_lodged,bonds_lodged,region,15,Southland Region,2025-06-01,6,41.2552235921224,45.09591247515211,20.49488092385674
ets_additive_damped,region_15_bonds_lodged,bonds_lodged,region,15,Southland Region,2025-07-01,6,12.90126563177354,22.462792848850263,7.104248976740952
seasonal_naive,region_15_bonds_lodged,bonds_lodged,region,15,Southland Region,2025-07-01,6,30.0,32.817678162843876,17.85446493522641
xgboost_pooled_recursive,region_15_bonds_lodged,bonds_lodged,region,15,Southland Region,2025-07-01,6,45.84010314941406,51.40939484154604,23.155863059883774
ets_additive_damped,region_15_bonds_lodged,bonds_lodged,region,15,Southland Region,2025-08-01,6,18.9515150387423,27.97386834246408,10.238067435288993
seasonal_naive,region_15_bonds_lodged,bonds_lodged,region,15,Southland Region,2025-08-01,6,30.5,33.022719451916736,18.17367434534491
xgboost_pooled_recursive,region_15_bonds_lodged,bonds_lodged,region,15,Southland Region,2025-08-01,6,35.055048624674484,40.35117368904605,18.395046122663107
ets_additive_damped,region_15_bonds_lodged,bonds_lodged,region,15,Southland Region,2025-09-01,6,18.624800832865546,27.6273586698291,10.063759133029421
seasonal_naive,region_15_bonds_lodged,bonds_lodged,region,15,Southland Region,2025-09-01,6,24.5,27.685736399814257,14.275970947532842
xgboost_pooled_recursive,region_15_bonds_lodged,bonds_lodged,region,15,Southland Region,2025-09-01,6,38.78404998779297,42.78338285520441,20.061944769645955
ets_additive_damped,region_15_bonds_lodged,bonds_lodged,region,15,Southland Region,2025-10-01,6,18.63023975262601,27.67285898553255,10.065403005013142
seasonal_naive,region_15_bonds_lodged,bonds_lodged,region,15,Southland Region,2025-10-01,6,20.5,22.94558781116753,11.594327555506938
xgboost_pooled_recursive,region_15_bonds_lodged,bonds_lodged,region,15,Southland Region,2025-10-01,6,48.84265136718751,50.04156578724506,24.942194946591076
ets_additive_damped,region_15_bonds_lodged,bonds_lodged,region,15,Southland Region,2025-11-01,6,15.73455103162029,25.18263957745886,8.5109791380319
seasonal_naive,region_15_bonds_lodged,bonds_lodged,region,15,Southland Region,2025-11-01,6,23.5,26.580067720004024,12.663846272084477
xgboost_pooled_recursive,region_15_bonds_lodged,bonds_lodged,region,15,Southland Region,2025-11-01,6,36.02140553792318,38.06404796043087,18.515964679055607
ets_additive_damped,region_15_bonds_lodged,bonds_lodged,region,15,Southland Region,2025-12-01,6,15.99054971947082,25.352423684908892,8.629942687321586
seasonal_naive,region_15_bonds_lodged,bonds_lodged,region,15,Southland Region,2025-12-01,6,23.5,26.580067720004024,12.33955381925429
xgboost_pooled_recursive,region_15_bonds_lodged,bonds_lodged,region,15,Southland Region,2025-12-01,6,41.708559672037765,42.09127778239829,21.062629020620278
ets_additive_damped,region_15_bonds_lodged,bonds_lodged,region,15,Southland Region,2026-01-01,6,15.653714614312241,17.02832329332449,8.399725485838298
seasonal_naive,region_15_bonds_lodged,bonds_lodged,region,15,Southland Region,2026-01-01,6,21.0,23.108440016582687,10.640390657111643
xgboost_pooled_recursive,region_15_bonds_lodged,bonds_lodged,region,15,Southland Region,2026-01-01,6,7.658505757649739,11.322356105889286,3.996795572802763
ets_additive_damped,region_16_bonds_lodged,bonds_lodged,region,16,Tasman Region,2025-02-01,6,22.17228299037114,26.078702167778886,25.81986950190339
seasonal_naive,region_16_bonds_lodged,bonds_lodged,region,16,Tasman Region,2025-02-01,6,27.0,29.698484809834994,32.711301044634375
xgboost_pooled_recursive,region_16_bonds_lodged,bonds_lodged,region,16,Tasman Region,2025-02-01,6,10.773980458577471,13.671042511430258,11.400679276070425
ets_additive_damped,region_16_bonds_lodged,bonds_lodged,region,16,Tasman Region,2025-03-01,6,21.312403329860583,25.27478733969359,24.280403573855494
seasonal_naive,region_16_bonds_lodged,bonds_lodged,region,16,Tasman Region,2025-03-01,6,31.0,33.49626844888845,38.198480531813864
xgboost_pooled_recursive,region_16_bonds_lodged,bonds_lodged,region,16,Tasman Region,2025-03-01,6,7.7493565877278625,9.58573968823814,7.947411942487445
ets_additive_damped,region_16_bonds_lodged,bonds_lodged,region,16,Tasman Region,2025-04-01,6,21.930609230368486,25.140352871553,24.768312580292935
seasonal_naive,region_16_bonds_lodged,bonds_lodged,region,16,Tasman Region,2025-04-01,6,37.0,38.49675310984031,47.12601676369792
xgboost_pooled_recursive,region_16_bonds_lodged,bonds_lodged,region,16,Tasman Region,2025-04-01,6,10.08616256713867,11.472672989445503,10.153166719915736
ets_additive_damped,region_16_bonds_lodged,bonds_lodged,region,16,Tasman Region,2025-05-01,6,19.031928857892794,22.956312898637318,21.696600921251452
seasonal_naive,region_16_bonds_lodged,bonds_lodged,region,16,Tasman Region,2025-05-01,6,35.0,37.22902093797257,45.11984392419175
xgboost_pooled_recursive,region_16_bonds_lodged,bonds_lodged,region,16,Tasman Region,2025-05-01,6,15.334447224934898,22.030505344394815,16.554423249801157
ets_additive_damped,region_16_bonds_lodged,bonds_lodged,region,16,Tasman Region,2025-06-01,6,14.873827792520855,19.50655258135337,16.89327451876547
seasonal_naive,region_16_bonds_lodged,bonds_lodged,region,16,Tasman Region,2025-06-01,6,29.5,34.22718218024966,38.13675609004009
xgboost_pooled_recursive,region_16_bonds_lodged,bonds_lodged,region,16,Tasman Region,2025-06-01,6,19.88360087076823,25.724807081757103,22.03126869297638
ets_additive_damped,region_16_bonds_lodged,bonds_lodged,region,16,Tasman Region,2025-07-01,6,14.965313974345973,19.6475009281425,17.063412757042247
seasonal_naive,region_16_bonds_lodged,bonds_lodged,region,16,Tasman Region,2025-07-01,6,26.5,33.42902930089356,34.13675609004008
xgboost_pooled_recursive,region_16_bonds_lodged,bonds_lodged,region,16,Tasman Region,2025-07-01,6,23.958031972249348,28.78272378163448,26.883132049369213
ets_additive_damped,region_16_bonds_lodged,bonds_lodged,region,16,Tasman Region,2025-08-01,6,12.749556405808555,13.587782669108654,16.635929258030234
seasonal_naive,region_16_bonds_lodged,bonds_lodged,region,16,Tasman Region,2025-08-01,6,22.0,28.407745422683583,30.565327518611518
xgboost_pooled_recursive,region_16_bonds_lodged,bonds_lodged,region,16,Tasman Region,2025-08-01,6,27.81671142578125,33.992415518346675,32.07046650226748
ets_additive_damped,region_16_bonds_lodged,bonds_lodged,region,16,Tasman Region,2025-09-01,6,13.943944997171199,15.082315682094615,18.27461585905252
seasonal_naive,region_16_bonds_lodged,bonds_lodged,region,16,Tasman Region,2025-09-01,6,16.5,22.94558781116753,23.05017600346
xgboost_pooled_recursive,region_16_bonds_lodged,bonds_lodged,region,16,Tasman Region,2025-09-01,6,30.196144104003903,33.36874942917219,35.01167064100887
ets_additive_damped,region_16_bonds_lodged,bonds_lodged,region,16,Tasman Region,2025-10-01,6,15.504054938596626,16.423249114233425,20.158258012917017
seasonal_naive,region_16_bonds_lodged,bonds_lodged,region,16,Tasman Region,2025-10-01,6,8.5,11.937336386313323,11.455973104909274
xgboost_pooled_recursive,region_16_bonds_lodged,bonds_lodged,region,16,Tasman Region,2025-10-01,6,36.847485860188804,37.25574853595213,41.68682561494834
ets_additive_damped,region_16_bonds_lodged,bonds_lodged,region,16,Tasman Region,2025-11-01,6,9.270622128482577,10.469122011335852,12.10440073708297
seasonal_naive,region_16_bonds_lodged,bonds_lodged,region,16,Tasman Region,2025-11-01,6,7.0,10.099504938362077,8.92865070053769
xgboost_pooled_recursive,region_16_bonds_lodged,bonds_lodged,region,16,Tasman Region,2025-11-01,6,23.031330108642578,23.614053399066233,27.047518275374888
ets_additive_damped,region_16_bonds_lodged,bonds_lodged,region,16,Tasman Region,2025-12-01,6,9.823411706245524,11.921142776600737,13.102146556034144
seasonal_naive,region_16_bonds_lodged,bonds_lodged,region,16,Tasman Region,2025-12-01,6,12.0,16.792855623746664,15.137669836092352
xgboost_pooled_recursive,region_16_bonds_lodged,bonds_lodged,region,16,Tasman Region,2025-12-01,6,24.49962615966797,25.85129063483606,29.088084276124786
ets_additive_damped,region_16_bonds_lodged,bonds_lodged,region,16,Tasman Region,2026-01-01,6,8.669555197087398,11.054010184178008,11.471768802256294
seasonal_naive,region_16_bonds_lodged,bonds_lodged,region,16,Tasman Region,2026-01-01,6,13.5,17.190113437671084,16.83258509032964
xgboost_pooled_recursive,region_16_bonds_lodged,bonds_lodged,region,16,Tasman Region,2026-01-01,6,9.903282165527344,11.7891564822357,12.953716027416515
ets_additive_damped,region_17_bonds_lodged,bonds_lodged,region,17,Nelson Region,2025-02-01,6,26.544163645180316,27.417552578606212,19.009563631251076
seasonal_naive,region_17_bonds_lodged,bonds_lodged,region,17,Nelson Region,2025-02-01,6,28.5,31.20096152364539,20.781821363938946
xgboost_pooled_recursive,region_17_bonds_lodged,bonds_lodged,region,17,Nelson Region,2025-02-01,6,12.176368713378906,14.136212849908533,8.328147618464397
ets_additive_damped,region_17_bonds_lodged,bonds_lodged,region,17,Nelson Region,2025-03-01,6,22.80315689418936,24.27172370104709,16.29025055888695
seasonal_naive,region_17_bonds_lodged,bonds_lodged,region,17,Nelson Region,2025-03-01,6,31.5,34.22718218024966,24.485525067642648
xgboost_pooled_recursive,region_17_bonds_lodged,bonds_lodged,region,17,Nelson Region,2025-03-01,6,12.868812561035156,16.160591245217226,8.572773474699575
ets_additive_damped,region_17_bonds_lodged,bonds_lodged,region,17,Nelson Region,2025-04-01,6,21.134367231442567,22.62230902337385,14.95027213524531
seasonal_naive,region_17_bonds_lodged,bonds_lodged,region,17,Nelson Region,2025-04-01,6,33.5,36.26982216664427,26.16511163095014
xgboost_pooled_recursive,region_17_bonds_lodged,bonds_lodged,region,17,Nelson Region,2025-04-01,6,12.513763427734375,14.052421203034857,8.394990478377055
ets_additive_damped,region_17_bonds_lodged,bonds_lodged,region,17,Nelson Region,2025-05-01,6,14.247586036011716,17.160849817559477,10.047322108780737
seasonal_naive,region_17_bonds_lodged,bonds_lodged,region,17,Nelson Region,2025-05-01,6,29.5,34.57600323924094,23.556749528917152
xgboost_pooled_recursive,region_17_bonds_lodged,bonds_lodged,region,17,Nelson Region,2025-05-01,6,19.781768798828125,23.93394049500905,13.51742031796633
ets_additive_damped,region_17_bonds_lodged,bonds_lodged,region,17,Nelson Region,2025-06-01,6,13.583186611084983,15.282844175147297,9.641166044026123
seasonal_naive,region_17_bonds_lodged,bonds_lodged,region,17,Nelson Region,2025-06-01,6,28.0,33.71943060017473,22.399105674644083
xgboost_pooled_recursive,region_17_bonds_lodged,bonds_lodged,region,17,Nelson Region,2025-06-01,6,18.410863240559895,22.84339561916239,12.679333157091758
ets_additive_damped,region_17_bonds_lodged,bonds_lodged,region,17,Nelson Region,2025-07-01,6,10.537459654557452,10.813638776869249,7.747945169940376
seasonal_naive,region_17_bonds_lodged,bonds_lodged,region,17,Nelson Region,2025-07-01,6,21.0,25.98076211353316,17.392518059360814
xgboost_pooled_recursive,region_17_bonds_lodged,bonds_lodged,region,17,Nelson Region,2025-07-01,6,21.5352045694987,25.046656225138936,14.781936086666828
ets_additive_damped,region_17_bonds_lodged,bonds_lodged,region,17,Nelson Region,2025-08-01,6,10.822798378763414,11.765925758542856,8.127403701070703
seasonal_naive,region_17_bonds_lodged,bonds_lodged,region,17,Nelson Region,2025-08-01,6,19.5,25.544079548889602,16.4434964754186
xgboost_pooled_recursive,region_17_bonds_lodged,bonds_lodged,region,17,Nelson Region,2025-08-01,6,20.388865152994793,23.09069281940181,14.49313612289879
ets_additive_damped,region_17_bonds_lodged,bonds_lodged,region,17,Nelson Region,2025-09-01,6,14.918064109216203,17.235114007467587,11.185209255575462
seasonal_naive,region_17_bonds_lodged,bonds_lodged,region,17,Nelson Region,2025-09-01,6,17.5,22.54994456755936,13.56470859663072
xgboost_pooled_recursive,region_17_bonds_lodged,bonds_lodged,region,17,Nelson Region,2025-09-01,6,20.301854451497395,24.93562043783729,14.648114558810995
ets_additive_damped,region_17_bonds_lodged,bonds_lodged,region,17,Nelson Region,2025-10-01,6,16.567819156576366,19.28011238136691,12.410989000022361
seasonal_naive,region_17_bonds_lodged,bonds_lodged,region,17,Nelson Region,2025-10-01,6,13.5,16.38596960817394,10.231375263297386
xgboost_pooled_recursive,region_17_bonds_lodged,bonds_lodged,region,17,Nelson Region,2025-10-01,6,24.99602762858073,27.950317612390347,17.99396388482368
ets_additive_damped,region_17_bonds_lodged,bonds_lodged,region,17,Nelson Region,2025-11-01,6,16.799062104557887,18.568591357424136,12.434816485321456
seasonal_naive,region_17_bonds_lodged,bonds_lodged,region,17,Nelson Region,2025-11-01,6,17.5,19.710403344427025,12.839737365330372
xgboost_pooled_recursive,region_17_bonds_lodged,bonds_lodged,region,17,Nelson Region,2025-11-01,6,25.755109151204426,29.707717693993775,18.054402092115478
ets_additive_damped,region_17_bonds_lodged,bonds_lodged,region,17,Nelson Region,2025-12-01,6,16.153910399755034,20.503464093025123,11.812727581074272
seasonal_naive,region_17_bonds_lodged,bonds_lodged,region,17,Nelson Region,2025-12-01,6,16.0,18.894443627691185,11.67629804745644
xgboost_pooled_recursive,region_17_bonds_lodged,bonds_lodged,region,17,Nelson Region,2025-12-01,6,26.89575958251953,28.319449119418184,18.914034903973786
ets_additive_damped,region_17_bonds_lodged,bonds_lodged,region,17,Nelson Region,2026-01-01,6,20.413018019740466,22.72127336786104,14.888463278810022
seasonal_naive,region_17_bonds_lodged,bonds_lodged,region,17,Nelson Region,2026-01-01,6,20.5,24.21776207662467,14.628500484194959
xgboost_pooled_recursive,region_17_bonds_lodged,bonds_lodged,region,17,Nelson Region,2026-01-01,6,12.872459411621094,14.496014310182215,9.718510176845959
ets_additive_damped,region_18_bonds_lodged,bonds_lodged,region,18,Marlborough Region,2025-02-01,6,17.235241367415835,23.63110934592831,16.906253085354372
seasonal_naive,region_18_bonds_lodged,bonds_lodged,region,18,Marlborough Region,2025-02-01,6,41.0,44.799553569204235,47.6813060192855
xgboost_pooled_recursive,region_18_bonds_lodged,bonds_lodged,region,18,Marlborough Region,2025-02-01,6,11.88221486409505,17.735452322690257,10.987499711355769
ets_additive_damped,region_18_bonds_lodged,bonds_lodged,region,18,Marlborough Region,2025-03-01,6,9.785805083716838,17.184060060294108,9.425582246605533
seasonal_naive,region_18_bonds_lodged,bonds_lodged,region,18,Marlborough Region,2025-03-01,6,33.0,37.82856063875548,39.03933071064352
xgboost_pooled_recursive,region_18_bonds_lodged,bonds_lodged,region,18,Marlborough Region,2025-03-01,6,17.021769205729168,18.47677409072042,16.060887688678722
ets_additive_damped,region_18_bonds_lodged,bonds_lodged,region,18,Marlborough Region,2025-04-01,6,12.123208657970517,13.350755881061835,11.889633625410866
seasonal_naive,region_18_bonds_lodged,bonds_lodged,region,18,Marlborough Region,2025-04-01,6,32.0,36.124783736376884,41.46988626619908
xgboost_pooled_recursive,region_18_bonds_lodged,bonds_lodged,region,18,Marlborough Region,2025-04-01,6,20.046253204345707,20.854415644681243,18.889896331330384
ets_additive_damped,region_18_bonds_lodged,bonds_lodged,region,18,Marlborough Region,2025-05-01,6,11.709507129387537,14.264026986688624,12.190038639967964
seasonal_naive,region_18_bonds_lodged,bonds_lodged,region,18,Marlborough Region,2025-05-01,6,29.0,35.11409973215888,38.144014823922134
xgboost_pooled_recursive,region_18_bonds_lodged,bonds_lodged,region,18,Marlborough Region,2025-05-01,6,21.332186381022137,25.067684756482276,20.75400447822748
ets_additive_damped,region_18_bonds_lodged,bonds_lodged,region,18,Marlborough Region,2025-06-01,6,13.908791047925241,15.967081093909862,15.02538774276542
seasonal_naive,region_18_bonds_lodged,bonds_lodged,region,18,Marlborough Region,2025-06-01,6,25.5,31.15284898689043,32.11764947552289
xgboost_pooled_recursive,region_18_bonds_lodged,bonds_lodged,region,18,Marlborough Region,2025-06-01,6,26.074033101399735,30.779134799997394,25.75133921073792
ets_additive_damped,region_18_bonds_lodged,bonds_lodged,region,18,Marlborough Region,2025-07-01,6,14.637390781629634,16.15289771466693,16.430771238136188
seasonal_naive,region_18_bonds_lodged,bonds_lodged,region,18,Marlborough Region,2025-07-01,6,24.5,30.273751006441206,30.762969672567227
xgboost_pooled_recursive,region_18_bonds_lodged,bonds_lodged,region,18,Marlborough Region,2025-07-01,6,29.89543914794922,35.18229341750885,29.953066861979604
ets_additive_damped,region_18_bonds_lodged,bonds_lodged,region,18,Marlborough Region,2025-08-01,6,15.173279889267677,15.87328654816381,17.175269157977592
seasonal_naive,region_18_bonds_lodged,bonds_lodged,region,18,Marlborough Region,2025-08-01,6,25.5,31.056400306539068,31.284787036489853
xgboost_pooled_recursive,region_18_bonds_lodged,bonds_lodged,region,18,Marlborough Region,2025-08-01,6,28.611372629801433,32.287602161300335,29.486224723169546
ets_additive_damped,region_18_bonds_lodged,bonds_lodged,region,18,Marlborough Region,2025-09-01,6,15.118941159913149,15.644669556126267,17.07818722426032
seasonal_naive,region_18_bonds_lodged,bonds_lodged,region,18,Marlborough Region,2025-09-01,6,29.5,34.007352146263905,34.69800417519719
xgboost_pooled_recursive,region_18_bonds_lodged,bonds_lodged,region,18,Marlborough Region,2025-09-01,6,29.89053471883138,32.88718970654388,30.786293785652536
ets_additive_damped,region_18_bonds_lodged,bonds_lodged,region,18,Marlborough Region,2025-10-01,6,18.38354908972265,18.71802150634372,20.582671486047524
seasonal_naive,region_18_bonds_lodged,bonds_lodged,region,18,Marlborough Region,2025-10-01,6,27.0,29.899832775452108,27.851368807435062
xgboost_pooled_recursive,region_18_bonds_lodged,bonds_lodged,region,18,Marlborough Region,2025-10-01,6,37.35744094848633,37.821736067059526,37.69821433168028
ets_additive_damped,region_18_bonds_lodged,bonds_lodged,region,18,Marlborough Region,2025-11-01,6,14.22435435714344,15.100893293759297,16.108517368965067
seasonal_naive,region_18_bonds_lodged,bonds_lodged,region,18,Marlborough Region,2025-11-01,6,29.5,30.76524012583032,30.555771323158332
xgboost_pooled_recursive,region_18_bonds_lodged,bonds_lodged,region,18,Marlborough Region,2025-11-01,6,30.177650451660156,30.304778620606804,31.555219386826945
ets_additive_damped,region_18_bonds_lodged,bonds_lodged,region,18,Marlborough Region,2025-12-01,6,9.801272961283596,10.949826761256853,11.065082146699112
seasonal_naive,region_18_bonds_lodged,bonds_lodged,region,18,Marlborough Region,2025-12-01,6,25.5,28.7489130229301,25.98384607326698
xgboost_pooled_recursive,region_18_bonds_lodged,bonds_lodged,region,18,Marlborough Region,2025-12-01,6,28.532713572184246,29.057230560403948,29.1135056039406
ets_additive_damped,region_18_bonds_lodged,bonds_lodged,region,18,Marlborough Region,2026-01-01,6,7.858672634961752,9.47721427406559,8.707630397167286
seasonal_naive,region_18_bonds_lodged,bonds_lodged,region,18,Marlborough Region,2026-01-01,6,22.5,27.13853349022382,22.42781159050836
xgboost_pooled_recursive,region_18_bonds_lodged,bonds_lodged,region,18,Marlborough Region,2026-01-01,6,6.901289621988934,7.760062572992185,7.7612038268481065
ets_additive_damped,region_1_bonds_lodged,bonds_lodged,region,1,Northland Region,2025-02-01,6,49.387190116463394,52.865647847391735,14.200290808303437
seasonal_naive,region_1_bonds_lodged,bonds_lodged,region,1,Northland Region,2025-02-01,6,97.5,102.2570290982483,30.67965869615798
xgboost_pooled_recursive,region_1_bonds_lodged,bonds_lodged,region,1,Northland Region,2025-02-01,6,37.511255900065116,44.798739643459356,10.613992748366636
ets_additive_damped,region_1_bonds_lodged,bonds_lodged,region,1,Northland Region,2025-03-01,6,30.291951337848662,35.356715286906606,8.556959356625777
seasonal_naive,region_1_bonds_lodged,bonds_lodged,region,1,Northland Region,2025-03-01,6,85.5,87.45570307304149,26.652378612930605
xgboost_pooled_recursive,region_1_bonds_lodged,bonds_lodged,region,1,Northland Region,2025-03-01,6,19.872960408528655,25.31460049812905,5.451369009445576
ets_additive_damped,region_1_bonds_lodged,bonds_lodged,region,1,Northland Region,2025-04-01,6,19.58710996960148,25.441665497729584,5.373181554714752
seasonal_naive,region_1_bonds_lodged,bonds_lodged,region,1,Northland Region,2025-04-01,6,78.5,79.40088160719628,24.090802258250797
xgboost_pooled_recursive,region_1_bonds_lodged,bonds_lodged,region,1,Northland Region,2025-04-01,6,15.214691162109375,20.906789941815436,4.120589147825571
ets_additive_damped,region_1_bonds_lodged,bonds_lodged,region,1,Northland Region,2025-05-01,6,11.494064993873442,14.230241149696976,3.2291476299095003
seasonal_naive,region_1_bonds_lodged,bonds_lodged,region,1,Northland Region,2025-05-01,6,71.5,72.48793002976427,22.493624925779354
xgboost_pooled_recursive,region_1_bonds_lodged,bonds_lodged,region,1,Northland Region,2025-05-01,6,7.381256103515625,8.823323945896545,2.0907950442697656
ets_additive_damped,region_1_bonds_lodged,bonds_lodged,region,1,Northland Region,2025-06-01,6,20.561119353140924,25.042846723971067,5.849560784437555
seasonal_naive,region_1_bonds_lodged,bonds_lodged,region,1,Northland Region,2025-06-01,6,57.5,62.533990757027496,18.256812355633453
xgboost_pooled_recursive,region_1_bonds_lodged,bonds_lodged,region,1,Northland Region,2025-06-01,6,17.079818725585938,21.172997936152452,4.965708438709767
ets_additive_damped,region_1_bonds_lodged,bonds_lodged,region,1,Northland Region,2025-07-01,6,18.450818825173098,25.869177814990568,5.597256515825824
seasonal_naive,region_1_bonds_lodged,bonds_lodged,region,1,Northland Region,2025-07-01,6,53.0,58.63446085707619,16.844992468203802
xgboost_pooled_recursive,region_1_bonds_lodged,bonds_lodged,region,1,Northland Region,2025-07-01,6,33.7367909749349,49.359354226442,9.809726030641713
ets_additive_damped,region_1_bonds_lodged,bonds_lodged,region,1,Northland Region,2025-08-01,6,21.24177868747941,26.937595578491845,6.4275305703599965
seasonal_naive,region_1_bonds_lodged,bonds_lodged,region,1,Northland Region,2025-08-01,6,43.0,52.706735812417755,13.828401216318435
xgboost_pooled_recursive,region_1_bonds_lodged,bonds_lodged,region,1,Northland Region,2025-08-01,6,39.79944356282552,53.16984777293505,11.48833039069848
ets_additive_damped,region_1_bonds_lodged,bonds_lodged,region,1,Northland Region,2025-09-01,6,32.342027757787044,38.40403838142918,9.568461428436613
seasonal_naive,region_1_bonds_lodged,bonds_lodged,region,1,Northland Region,2025-09-01,6,40.0,48.43552415324934,12.541721776971858
xgboost_pooled_recursive,region_1_bonds_lodged,bonds_lodged,region,1,Northland Region,2025-09-01,6,48.08843485514324,62.867904385089034,13.610684514783417
ets_additive_damped,region_1_bonds_lodged,bonds_lodged,region,1,Northland Region,2025-10-01,6,35.81657441873592,40.30620820672016,10.648499597726186
seasonal_naive,region_1_bonds_lodged,bonds_lodged,region,1,Northland Region,2025-10-01,6,33.5,40.30508652763321,10.2384332667868
xgboost_pooled_recursive,region_1_bonds_lodged,bonds_lodged,region,1,Northland Region,2025-10-01,6,65.01627095540366,75.1484435552333,18.30846813301714
ets_additive_damped,region_1_bonds_lodged,bonds_lodged,region,1,Northland Region,2025-11-01,6,40.02578412884527,41.764152232616716,11.723243672874702
seasonal_naive,region_1_bonds_lodged,bonds_lodged,region,1,Northland Region,2025-11-01,6,31.5,37.84838173555112,9.176734548838079
xgboost_pooled_recursive,region_1_bonds_lodged,bonds_lodged,region,1,Northland Region,2025-11-01,6,67.72641499837242,73.50907409259455,18.805656395888917
ets_additive_damped,region_1_bonds_lodged,bonds_lodged,region,1,Northland Region,2025-12-01,6,33.28037596500937,35.655856094211174,9.847992062303197
seasonal_naive,region_1_bonds_lodged,bonds_lodged,region,1,Northland Region,2025-12-01,6,39.5,43.73213921133976,11.454299470081162
xgboost_pooled_recursive,region_1_bonds_lodged,bonds_lodged,region,1,Northland Region,2025-12-01,6,74.6832987467448,77.86313870619932,20.637424588946377
ets_additive_damped,region_1_bonds_lodged,bonds_lodged,region,1,Northland Region,2026-01-01,6,24.81821975353128,28.193874449338708,7.280119903083181
seasonal_naive,region_1_bonds_lodged,bonds_lodged,region,1,Northland Region,2026-01-01,6,36.0,41.38840417314975,10.233335474726923
xgboost_pooled_recursive,region_1_bonds_lodged,bonds_lodged,region,1,Northland Region,2026-01-01,6,16.77746073404948,19.135351363592587,5.066560227859145
ets_additive_damped,region_2_bonds_lodged,bonds_lodged,region,2,Auckland Region,2025-02-01,6,391.8045677096881,432.48601804127276,7.231634029985212
seasonal_naive,region_2_bonds_lodged,bonds_lodged,region,2,Auckland Region,2025-02-01,6,1196.0,1207.9673008819402,24.073170792621333
xgboost_pooled_recursive,region_2_bonds_lodged,bonds_lodged,region,2,Auckland Region,2025-02-01,6,516.375,588.416531597118,9.631823127998292
ets_additive_damped,region_2_bonds_lodged,bonds_lodged,region,2,Auckland Region,2025-03-01,6,148.34732477073325,204.95512812947098,2.755314616902969
seasonal_naive,region_2_bonds_lodged,bonds_lodged,region,2,Auckland Region,2025-03-01,6,1121.5,1122.3188049747719,23.163396884357493
xgboost_pooled_recursive,region_2_bonds_lodged,bonds_lodged,region,2,Auckland Region,2025-03-01,6,341.4068196614583,381.05883335592284,6.200836606847726
ets_additive_damped,region_2_bonds_lodged,bonds_lodged,region,2,Auckland Region,2025-04-01,6,172.79229395498533,223.91396642428643,3.2045798807191237
seasonal_naive,region_2_bonds_lodged,bonds_lodged,region,2,Auckland Region,2025-04-01,6,1077.5,1082.0792484841395,22.259599589941274
xgboost_pooled_recursive,region_2_bonds_lodged,bonds_lodged,region,2,Auckland Region,2025-04-01,6,173.264404296875,206.8645504916987,3.2134400311230626
ets_additive_damped,region_2_bonds_lodged,bonds_lodged,region,2,Auckland Region,2025-05-01,6,242.3248883011262,284.28519674869494,4.543426951044092
seasonal_naive,region_2_bonds_lodged,bonds_lodged,region,2,Auckland Region,2025-05-01,6,958.5,990.0795422591056,19.756589943189628
xgboost_pooled_recursive,region_2_bonds_lodged,bonds_lodged,region,2,Auckland Region,2025-05-01,6,235.78580729166666,276.3198379267625,4.397270478598346
ets_additive_damped,region_2_bonds_lodged,bonds_lodged,region,2,Auckland Region,2025-06-01,6,319.67144775876886,366.2421626290895,6.109852424338997
seasonal_naive,region_2_bonds_lodged,bonds_lodged,region,2,Auckland Region,2025-06-01,6,828.5,894.9064196886734,16.899357784534445
xgboost_pooled_recursive,region_2_bonds_lodged,bonds_lodged,region,2,Auckland Region,2025-06-01,6,345.0157877604167,396.88251908456044,6.555450371695557
ets_additive_damped,region_2_bonds_lodged,bonds_lodged,region,2,Auckland Region,2025-07-01,6,336.2585658537432,366.50698248372026,6.418655070014044
seasonal_naive,region_2_bonds_lodged,bonds_lodged,region,2,Auckland Region,2025-07-01,6,683.5,787.8879996547732,14.048580925758541
xgboost_pooled_recursive,region_2_bonds_lodged,bonds_lodged,region,2,Auckland Region,2025-07-01,6,366.5028483072917,422.6439784541225,6.902227713151275
ets_additive_damped,region_2_bonds_lodged,bonds_lodged,region,2,Auckland Region,2025-08-01,6,342.25486113223434,419.3750984619846,6.508791024670978
seasonal_naive,region_2_bonds_lodged,bonds_lodged,region,2,Auckland Region,2025-08-01,6,513.5,627.1423283434152,10.699464644896416
xgboost_pooled_recursive,region_2_bonds_lodged,bonds_lodged,region,2,Auckland Region,2025-08-01,6,375.287109375,456.3797084846172,7.009148760264021
ets_additive_damped,region_2_bonds_lodged,bonds_lodged,region,2,Auckland Region,2025-09-01,6,418.89541731965045,452.189820158823,7.821432661339399
seasonal_naive,region_2_bonds_lodged,bonds_lodged,region,2,Auckland Region,2025-09-01,6,446.0,519.6008083134591,8.790284466982067
xgboost_pooled_recursive,region_2_bonds_lodged,bonds_lodged,region,2,Auckland Region,2025-09-01,6,523.6913248697916,585.2440496170656,9.571145389445475
ets_additive_damped,region_2_bonds_lodged,bonds_lodged,region,2,Auckland Region,2025-10-01,6,367.496938452678,395.58337356558206,7.013979069108135
seasonal_naive,region_2_bonds_lodged,bonds_lodged,region,2,Auckland Region,2025-10-01,6,404.5,455.64295232122265,7.731195875539221
xgboost_pooled_recursive,region_2_bonds_lodged,bonds_lodged,region,2,Auckland Region,2025-10-01,6,592.314453125,649.3400698362504,10.99905717945771
ets_additive_damped,region_2_bonds_lodged,bonds_lodged,region,2,Auckland Region,2025-11-01,6,303.3128251918518,328.4026638907062,5.799029183500629
seasonal_naive,region_2_bonds_lodged,bonds_lodged,region,2,Auckland Region,2025-11-01,6,413.0,464.31885595999654,7.798863714422207
xgboost_pooled_recursive,region_2_bonds_lodged,bonds_lodged,region,2,Auckland Region,2025-11-01,6,676.158447265625,724.8265834108793,12.577780809895863
ets_additive_damped,region_2_bonds_lodged,bonds_lodged,region,2,Auckland Region,2025-12-01,6,262.8226029509936,297.5400548366925,5.012444448905374
seasonal_naive,region_2_bonds_lodged,bonds_lodged,region,2,Auckland Region,2025-12-01,6,473.5,523.3101374901885,9.055108563981818
xgboost_pooled_recursive,region_2_bonds_lodged,bonds_lodged,region,2,Auckland Region,2025-12-01,6,635.3085123697916,688.1950405300909,12.003771754341773
ets_additive_damped,region_2_bonds_lodged,bonds_lodged,region,2,Auckland Region,2026-01-01,6,295.8561734190801,331.1218024342225,5.646271909911549
seasonal_naive,region_2_bonds_lodged,bonds_lodged,region,2,Auckland Region,2026-01-01,6,457.5,519.0736941899484,8.75716097347524
xgboost_pooled_recursive,region_2_bonds_lodged,bonds_lodged,region,2,Auckland Region,2026-01-01,6,508.3610026041667,560.9709749399216,9.666638136486137
ets_additive_damped,region_3_bonds_lodged,bonds_lodged,region,3,Waikato Region,2025-02-01,6,182.46355558642088,186.43692938940475,14.782819051458606
seasonal_naive,region_3_bonds_lodged,bonds_lodged,region,3,Waikato Region,2025-02-01,6,297.0,301.3320427700977,25.21207896591764
xgboost_pooled_recursive,region_3_bonds_lodged,bonds_lodged,region,3,Waikato Region,2025-02-01,6,94.28611246744792,121.57445921540773,6.784330272325505
ets_additive_damped,region_3_bonds_lodged,bonds_lodged,region,3,Waikato Region,2025-03-01,6,140.0402480006833,146.27696327730732,11.361885265403098
seasonal_naive,region_3_bonds_lodged,bonds_lodged,region,3,Waikato Region,2025-03-01,6,284.0,289.44947745677484,24.692445592861485
xgboost_pooled_recursive,region_3_bonds_lodged,bonds_lodged,region,3,Waikato Region,2025-03-01,6,81.9349365234375,95.84585364607969,6.264402525234463
ets_additive_damped,region_3_bonds_lodged,bonds_lodged,region,3,Waikato Region,2025-04-01,6,105.83008893730448,115.93353797436542,8.378389531062782
seasonal_naive,region_3_bonds_lodged,bonds_lodged,region,3,Waikato Region,2025-04-01,6,285.5,291.1468701531926,24.60778456539774
xgboost_pooled_recursive,region_3_bonds_lodged,bonds_lodged,region,3,Waikato Region,2025-04-01,6,71.78041585286458,79.65394208518043,5.5263878534233815
ets_additive_damped,region_3_bonds_lodged,bonds_lodged,region,3,Waikato Region,2025-05-01,6,53.404820814525806,66.25736948799666,4.214575709822736
seasonal_naive,region_3_bonds_lodged,bonds_lodged,region,3,Waikato Region,2025-05-01,6,255.0,270.45517188621113,22.250662060092594
xgboost_pooled_recursive,region_3_bonds_lodged,bonds_lodged,region,3,Waikato Region,2025-05-01,6,97.83054606119792,119.69277551973785,7.517231378449658
ets_additive_damped,region_3_bonds_lodged,bonds_lodged,region,3,Waikato Region,2025-06-01,6,44.549381383311434,53.00241136357272,3.617161993809474
seasonal_naive,region_3_bonds_lodged,bonds_lodged,region,3,Waikato Region,2025-06-01,6,201.5,223.32375601355088,17.631212266622935
xgboost_pooled_recursive,region_3_bonds_lodged,bonds_lodged,region,3,Waikato Region,2025-06-01,6,158.089599609375,203.0446607125774,11.83199721653379
ets_additive_damped,region_3_bonds_lodged,bonds_lodged,region,3,Waikato Region,2025-07-01,6,57.23168560493533,61.7222571410652,4.6030434391800785
seasonal_naive,region_3_bonds_lodged,bonds_lodged,region,3,Waikato Region,2025-07-01,6,155.5,192.0976314273552,13.791378460760164
xgboost_pooled_recursive,region_3_bonds_lodged,bonds_lodged,region,3,Waikato Region,2025-07-01,6,182.0672607421875,230.45695008632094,13.410552266360318
ets_additive_damped,region_3_bonds_lodged,bonds_lodged,region,3,Waikato Region,2025-08-01,6,90.79849191249582,106.10713104866494,6.9739883465642745
seasonal_naive,region_3_bonds_lodged,bonds_lodged,region,3,Waikato Region,2025-08-01,6,147.0,183.75255100270036,12.759298907553854
xgboost_pooled_recursive,region_3_bonds_lodged,bonds_lodged,region,3,Waikato Region,2025-08-01,6,245.25701904296875,297.7048419436239,17.31159654085809
ets_additive_damped,region_3_bonds_lodged,bonds_lodged,region,3,Waikato Region,2025-09-01,6,134.9329901734118,171.65327459592024,10.590679054585534
seasonal_naive,region_3_bonds_lodged,bonds_lodged,region,3,Waikato Region,2025-09-01,6,162.0,205.04877468543918,13.464116064925364
xgboost_pooled_recursive,region_3_bonds_lodged,bonds_lodged,region,3,Waikato Region,2025-09-01,6,341.7694091796875,387.692859976563,24.272361875759984
ets_additive_damped,region_3_bonds_lodged,bonds_lodged,region,3,Waikato Region,2025-10-01,6,164.42647876766446,194.55730235092193,13.017786655626054
seasonal_naive,region_3_bonds_lodged,bonds_lodged,region,3,Waikato Region,2025-10-01,6,135.0,168.63273703525067,11.028014305007181
xgboost_pooled_recursive,region_3_bonds_lodged,bonds_lodged,region,3,Waikato Region,2025-10-01,6,410.8741455078125,436.2729062646004,29.439145266785342
ets_additive_damped,region_3_bonds_lodged,bonds_lodged,region,3,Waikato Region,2025-11-01,6,162.17668043907483,187.93660372108795,12.89847121465393
seasonal_naive,region_3_bonds_lodged,bonds_lodged,region,3,Waikato Region,2025-11-01,6,150.5,181.51446223372946,12.080596213236316
xgboost_pooled_recursive,region_3_bonds_lodged,bonds_lodged,region,3,Waikato Region,2025-11-01,6,442.45424397786456,453.7850486512591,31.619772091120836
ets_additive_damped,region_3_bonds_lodged,bonds_lodged,region,3,Waikato Region,2025-12-01,6,160.6275251143002,182.2685495956391,12.910662407145553
seasonal_naive,region_3_bonds_lodged,bonds_lodged,region,3,Waikato Region,2025-12-01,6,178.5,202.09774862674746,14.317269967187372
xgboost_pooled_recursive,region_3_bonds_lodged,bonds_lodged,region,3,Waikato Region,2025-12-01,6,451.1725667317708,458.51847895888676,32.5179933420534
ets_additive_damped,region_3_bonds_lodged,bonds_lodged,region,3,Waikato Region,2026-01-01,6,145.17977997112123,169.04699341003595,11.734372930154986
seasonal_naive,region_3_bonds_lodged,bonds_lodged,region,3,Waikato Region,2026-01-01,6,190.5,204.40034246546654,15.238422742022792
xgboost_pooled_recursive,region_3_bonds_lodged,bonds_lodged,region,3,Waikato Region,2026-01-01,6,249.9244181315104,261.738662310306,19.547454878192926
ets_additive_damped,region_4_bonds_lodged,bonds_lodged,region,4,Bay of Plenty Region,2025-02-01,6,54.219530899328085,67.5030626800032,7.32143811621933
seasonal_naive,region_4_bonds_lodged,bonds_lodged,region,4,Bay of Plenty Region,2025-02-01,6,180.5,184.8228881929941,26.82249001690676
xgboost_pooled_recursive,region_4_bonds_lodged,bonds_lodged,region,4,Bay of Plenty Region,2025-02-01,6,60.63837687174479,70.4752563533723,8.279543384397108
ets_additive_damped,region_4_bonds_lodged,bonds_lodged,region,4,Bay of Plenty Region,2025-03-01,6,49.645795105858404,60.024103831854724,6.690846756103548
seasonal_naive,region_4_bonds_lodged,bonds_lodged,region,4,Bay of Plenty Region,2025-03-01,6,164.5,167.09129241226188,24.33085695706344
xgboost_pooled_recursive,region_4_bonds_lodged,bonds_lodged,region,4,Bay of Plenty Region,2025-03-01,6,24.06964111328125,30.533769828487415,3.174067626509706
ets_additive_damped,region_4_bonds_lodged,bonds_lodged,region,4,Bay of Plenty Region,2025-04-01,6,27.05243015957016,35.632844430744285,3.555140919368329
seasonal_naive,region_4_bonds_lodged,bonds_lodged,region,4,Bay of Plenty Region,2025-04-01,6,156.5,158.23874367549814,23.381870234491807
xgboost_pooled_recursive,region_4_bonds_lodged,bonds_lodged,region,4,Bay of Plenty Region,2025-04-01,6,23.681671142578125,32.46317264612521,3.1345820919213625
ets_additive_damped,region_4_bonds_lodged,bonds_lodged,region,4,Bay of Plenty Region,2025-05-01,6,22.69212764525713,31.288327260037327,3.009225099508172
seasonal_naive,region_4_bonds_lodged,bonds_lodged,region,4,Bay of Plenty Region,2025-05-01,6,133.5,142.6446634122707,20.14011621681607
xgboost_pooled_recursive,region_4_bonds_lodged,bonds_lodged,region,4,Bay of Plenty Region,2025-05-01,6,43.50237019856771,72.8646796708141,5.789326158178828
ets_additive_damped,region_4_bonds_lodged,bonds_lodged,region,4,Bay of Plenty Region,2025-06-01,6,32.544234150835756,39.624019736747876,4.550594157615846
seasonal_naive,region_4_bonds_lodged,bonds_lodged,region,4,Bay of Plenty Region,2025-06-01,6,129.5,138.11408327900526,19.216795673543032
xgboost_pooled_recursive,region_4_bonds_lodged,bonds_lodged,region,4,Bay of Plenty Region,2025-06-01,6,92.08109537760417,145.40410357660258,12.115620190379772
ets_additive_damped,region_4_bonds_lodged,bonds_lodged,region,4,Bay of Plenty Region,2025-07-01,6,31.580384633376088,40.78872640818047,4.564699720160526
seasonal_naive,region_4_bonds_lodged,bonds_lodged,region,4,Bay of Plenty Region,2025-07-01,6,120.5,132.52735566666982,18.05212641465536
xgboost_pooled_recursive,region_4_bonds_lodged,bonds_lodged,region,4,Bay of Plenty Region,2025-07-01,6,130.54877726236978,175.7724951155923,17.357136555811227
ets_additive_damped,region_4_bonds_lodged,bonds_lodged,region,4,Bay of Plenty Region,2025-08-01,6,49.904107700728865,63.43039085173239,7.50980296986443
seasonal_naive,region_4_bonds_lodged,bonds_lodged,region,4,Bay of Plenty Region,2025-08-01,6,106.5,116.68547467444266,16.30789216477777
xgboost_pooled_recursive,region_4_bonds_lodged,bonds_lodged,region,4,Bay of Plenty Region,2025-08-01,6,157.50542195638022,191.42212347756157,21.29160678410482
ets_additive_damped,region_4_bonds_lodged,bonds_lodged,region,4,Bay of Plenty Region,2025-09-01,6,68.80071417943383,86.10404960556662,10.107332256864597
seasonal_naive,region_4_bonds_lodged,bonds_lodged,region,4,Bay of Plenty Region,2025-09-01,6,101.0,110.36303729057116,15.153136754703208
xgboost_pooled_recursive,region_4_bonds_lodged,bonds_lodged,region,4,Bay of Plenty Region,2025-09-01,6,180.92181396484375,198.38848754690852,24.594966877974056
ets_additive_damped,region_4_bonds_lodged,bonds_lodged,region,4,Bay of Plenty Region,2025-10-01,6,84.0619916570368,94.46304011000912,12.334616780957585
seasonal_naive,region_4_bonds_lodged,bonds_lodged,region,4,Bay of Plenty Region,2025-10-01,6,98.0,106.29205050237765,14.31367401085927
xgboost_pooled_recursive,region_4_bonds_lodged,bonds_lodged,region,4,Bay of Plenty Region,2025-10-01,6,226.75299072265625,230.14411757252202,30.447164219101452
ets_additive_damped,region_4_bonds_lodged,bonds_lodged,region,4,Bay of Plenty Region,2025-11-01,6,86.71196767975046,93.16827495485455,12.636590909224566
seasonal_naive,region_4_bonds_lodged,bonds_lodged,region,4,Bay of Plenty Region,2025-11-01,6,106.5,110.87154729686061,15.378418640592331
xgboost_pooled_recursive,region_4_bonds_lodged,bonds_lodged,region,4,Bay of Plenty Region,2025-11-01,6,219.18304443359375,220.59601946154285,29.373377126406403
ets_additive_damped,region_4_bonds_lodged,bonds_lodged,region,4,Bay of Plenty Region,2025-12-01,6,69.07539515039419,77.51263522621186,10.07767338008831
seasonal_naive,region_4_bonds_lodged,bonds_lodged,region,4,Bay of Plenty Region,2025-12-01,6,90.5,95.52224871724911,13.017886909127844
xgboost_pooled_recursive,region_4_bonds_lodged,bonds_lodged,region,4,Bay of Plenty Region,2025-12-01,6,188.56157430013022,190.22802159502504,25.465183335840464
ets_additive_damped,region_4_bonds_lodged,bonds_lodged,region,4,Bay of Plenty Region,2026-01-01,6,65.02727186135586,72.3957028124881,9.380812282941289
seasonal_naive,region_4_bonds_lodged,bonds_lodged,region,4,Bay of Plenty Region,2026-01-01,6,89.0,94.69424480928078,12.634481607689754
xgboost_pooled_recursive,region_4_bonds_lodged,bonds_lodged,region,4,Bay of Plenty Region,2026-01-01,6,59.93212890625,66.61417750346372,8.71132034052513
ets_additive_damped,region_5_bonds_lodged,bonds_lodged,region,5,Gisborne Region,2025-02-01,6,18.24680027437682,20.902090315265077,19.58650613077242
seasonal_naive,region_5_bonds_lodged,bonds_lodged,region,5,Gisborne Region,2025-02-01,6,30.5,31.77262973063451,35.393496581609156
xgboost_pooled_recursive,region_5_bonds_lodged,bonds_lodged,region,5,Gisborne Region,2025-02-01,6,9.911983489990234,11.801235093114135,10.014224055607873
ets_additive_damped,region_5_bonds_lodged,bonds_lodged,region,5,Gisborne Region,2025-03-01,6,11.971334920553076,16.393090150770274,12.606199697067158
seasonal_naive,region_5_bonds_lodged,bonds_lodged,region,5,Gisborne Region,2025-03-01,6,27.0,28.827070610799147,31.52724788777426
xgboost_pooled_recursive,region_5_bonds_lodged,bonds_lodged,region,5,Gisborne Region,2025-03-01,6,14.285891215006506,16.524828323140838,13.947130541167576
ets_additive_damped,region_5_bonds_lodged,bonds_lodged,region,5,Gisborne Region,2025-04-01,6,6.007340278880814,7.349930688108146,6.29265503719202
seasonal_naive,region_5_bonds_lodged,bonds_lodged,region,5,Gisborne Region,2025-04-01,6,22.5,25.06990227344335,26.830020949460735
xgboost_pooled_recursive,region_5_bonds_lodged,bonds_lodged,region,5,Gisborne Region,2025-04-01,6,18.46867497762044,20.93567945365131,17.91774997930139
ets_additive_damped,region_5_bonds_lodged,bonds_lodged,region,5,Gisborne Region,2025-05-01,6,5.26788624480272,6.945301649313995,5.651210543821409
seasonal_naive,region_5_bonds_lodged,bonds_lodged,region,5,Gisborne Region,2025-05-01,6,16.0,18.33030277982336,19.36883925960391
xgboost_pooled_recursive,region_5_bonds_lodged,bonds_lodged,region,5,Gisborne Region,2025-05-01,6,23.086062113444015,24.377231867560557,22.450510405698587
ets_additive_damped,region_5_bonds_lodged,bonds_lodged,region,5,Gisborne Region,2025-06-01,6,8.001052555665018,9.662107889836681,9.05716713462229
seasonal_naive,region_5_bonds_lodged,bonds_lodged,region,5,Gisborne Region,2025-06-01,6,12.0,13.856406460551018,14.291916182680827
xgboost_pooled_recursive,region_5_bonds_lodged,bonds_lodged,region,5,Gisborne Region,2025-06-01,6,23.413312276204426,26.384364783324475,23.788673181406864
ets_additive_damped,region_5_bonds_lodged,bonds_lodged,region,5,Gisborne Region,2025-07-01,6,11.225304219822311,13.069389678934908,12.868807919495609
seasonal_naive,region_5_bonds_lodged,bonds_lodged,region,5,Gisborne Region,2025-07-01,6,9.5,10.464224768228174,11.734264191066574
xgboost_pooled_recursive,region_5_bonds_lodged,bonds_lodged,region,5,Gisborne Region,2025-07-01,6,28.816875457763672,30.810460928325163,29.613963797172225
ets_additive_damped,region_5_bonds_lodged,bonds_lodged,region,5,Gisborne Region,2025-08-01,6,11.380628096630554,13.434187292902076,13.115343489600614
seasonal_naive,region_5_bonds_lodged,bonds_lodged,region,5,Gisborne Region,2025-08-01,6,10.5,12.062338081814818,12.414746715038119
xgboost_pooled_recursive,region_5_bonds_lodged,bonds_lodged,region,5,Gisborne Region,2025-08-01,6,27.773548126220703,30.218890990782295,28.937556634210793
ets_additive_damped,region_5_bonds_lodged,bonds_lodged,region,5,Gisborne Region,2025-09-01,6,9.1731696145347,10.44915305513738,10.785186420816096
seasonal_naive,region_5_bonds_lodged,bonds_lodged,region,5,Gisborne Region,2025-09-01,6,11.0,12.727922061357855,12.50944368473509
xgboost_pooled_recursive,region_5_bonds_lodged,bonds_lodged,region,5,Gisborne Region,2025-09-01,6,27.998097737630207,29.136031159198748,29.343188279737557
ets_additive_damped,region_5_bonds_lodged,bonds_lodged,region,5,Gisborne Region,2025-10-01,6,12.62277717804949,13.753403916718822,14.404440592220592
seasonal_naive,region_5_bonds_lodged,bonds_lodged,region,5,Gisborne Region,2025-10-01,6,11.5,13.133925536563698,12.659819624584712
xgboost_pooled_recursive,region_5_bonds_lodged,bonds_lodged,region,5,Gisborne Region,2025-10-01,6,27.613697052001953,28.609205288518545,28.717826149520786
ets_additive_damped,region_5_bonds_lodged,bonds_lodged,region,5,Gisborne Region,2025-11-01,6,14.328302871209623,14.801010701836077,16.337143128307094
seasonal_naive,region_5_bonds_lodged,bonds_lodged,region,5,Gisborne Region,2025-11-01,6,15.5,17.10263137648707,16.836929064852047
xgboost_pooled_recursive,region_5_bonds_lodged,bonds_lodged,region,5,Gisborne Region,2025-11-01,6,25.082557678222653,25.6874639339343,26.658598797632177
ets_additive_damped,region_5_bonds_lodged,bonds_lodged,region,5,Gisborne Region,2025-12-01,6,10.435557173733846,11.43427561127817,11.910978804792082
seasonal_naive,region_5_bonds_lodged,bonds_lodged,region,5,Gisborne Region,2025-12-01,6,15.5,17.10263137648707,16.614706842629825
xgboost_pooled_recursive,region_5_bonds_lodged,bonds_lodged,region,5,Gisborne Region,2025-12-01,6,22.798844655354817,23.461525700217614,23.900436158839646
ets_additive_damped,region_5_bonds_lodged,bonds_lodged,region,5,Gisborne Region,2026-01-01,6,8.763980282993108,9.963867288109073,9.864999824889974
seasonal_naive,region_5_bonds_lodged,bonds_lodged,region,5,Gisborne Region,2026-01-01,6,16.5,17.790446874657196,17.373417035302282
xgboost_pooled_recursive,region_5_bonds_lodged,bonds_lodged,region,5,Gisborne Region,2026-01-01,6,4.700836181640625,6.421797916830578,5.309441678718791
ets_additive_damped,region_6_bonds_lodged,bonds_lodged,region,6,Hawke's Bay Region,2025-02-01,6,55.777888248444555,57.756403398976346,18.711567082962635
seasonal_naive,region_6_bonds_lodged,bonds_lodged,region,6,Hawke's Bay Region,2025-02-01,6,80.5,83.14745937188941,28.274596619716846
xgboost_pooled_recursive,region_6_bonds_lodged,bonds_lodged,region,6,Hawke's Bay Region,2025-02-01,6,27.235809326171875,31.797927076598533,8.679337792764198
ets_additive_damped,region_6_bonds_lodged,bonds_lodged,region,6,Hawke's Bay Region,2025-03-01,6,41.65014350047567,46.7842311091792,13.747647946336203
seasonal_naive,region_6_bonds_lodged,bonds_lodged,region,6,Hawke's Bay Region,2025-03-01,6,75.5,78.88916275382823,26.675803256217595
xgboost_pooled_recursive,region_6_bonds_lodged,bonds_lodged,region,6,Hawke's Bay Region,2025-03-01,6,27.491383870442707,32.057942867048254,8.79133006702119
ets_additive_damped,region_6_bonds_lodged,bonds_lodged,region,6,Hawke's Bay Region,2025-04-01,6,27.14513992189984,30.53953657378519,8.63717609499836
seasonal_naive,region_6_bonds_lodged,bonds_lodged,region,6,Hawke's Bay Region,2025-04-01,6,76.5,80.02187201009484,26.976424733309663
xgboost_pooled_recursive,region_6_bonds_lodged,bonds_lodged,region,6,Hawke's Bay Region,2025-04-01,6,25.981923421223957,32.67926754106157,8.290935169032108
ets_additive_damped,region_6_bonds_lodged,bonds_lodged,region,6,Hawke's Bay Region,2025-05-01,6,15.342167986668139,17.56606237902186,5.031385522807311
seasonal_naive,region_6_bonds_lodged,bonds_lodged,region,6,Hawke's Bay Region,2025-05-01,6,59.5,63.698508616764336,21.27260474377539
xgboost_pooled_recursive,region_6_bonds_lodged,bonds_lodged,region,6,Hawke's Bay Region,2025-05-01,6,18.594919840494793,24.562993691742104,6.049847705076469
ets_additive_damped,region_6_bonds_lodged,bonds_lodged,region,6,Hawke's Bay Region,2025-06-01,6,15.662613024149948,17.91712980260219,5.166181234142597
seasonal_naive,region_6_bonds_lodged,bonds_lodged,region,6,Hawke's Bay Region,2025-06-01,6,51.0,57.15767664977295,18.103205836671567
xgboost_pooled_recursive,region_6_bonds_lodged,bonds_lodged,region,6,Hawke's Bay Region,2025-06-01,6,19.930028279622395,22.281617857488687,6.54478185045401
ets_additive_damped,region_6_bonds_lodged,bonds_lodged,region,6,Hawke's Bay Region,2025-07-01,6,16.317786095750375,18.247345944812793,5.397050584088004
seasonal_naive,region_6_bonds_lodged,bonds_lodged,region,6,Hawke's Bay Region,2025-07-01,6,45.5,52.17758139277826,16.299329421396184
xgboost_pooled_recursive,region_6_bonds_lodged,bonds_lodged,region,6,Hawke's Bay Region,2025-07-01,6,23.27197774251302,26.180638631685387,7.607580245335457
ets_additive_damped,region_6_bonds_lodged,bonds_lodged,region,6,Hawke's Bay Region,2025-08-01,6,20.293116773926368,22.885650433695016,6.814370502612078
seasonal_naive,region_6_bonds_lodged,bonds_lodged,region,6,Hawke's Bay Region,2025-08-01,6,37.5,47.3550419702063,13.687455330761313
xgboost_pooled_recursive,region_6_bonds_lodged,bonds_lodged,region,6,Hawke's Bay Region,2025-08-01,6,27.224253336588543,29.47391393395202,9.008142852559391
ets_additive_damped,region_6_bonds_lodged,bonds_lodged,region,6,Hawke's Bay Region,2025-09-01,6,20.089380231744883,22.633899382200443,6.724944060752456
seasonal_naive,region_6_bonds_lodged,bonds_lodged,region,6,Hawke's Bay Region,2025-09-01,6,34.0,44.02272140611028,12.000589629707024
xgboost_pooled_recursive,region_6_bonds_lodged,bonds_lodged,region,6,Hawke's Bay Region,2025-09-01,6,33.05199686686195,36.971450496157956,10.82913457320686
ets_additive_damped,region_6_bonds_lodged,bonds_lodged,region,6,Hawke's Bay Region,2025-10-01,6,25.631448073740824,29.228344759422555,8.756689258772939
seasonal_naive,region_6_bonds_lodged,bonds_lodged,region,6,Hawke's Bay Region,2025-10-01,6,28.5,33.1134413795969,9.911169044228222
xgboost_pooled_recursive,region_6_bonds_lodged,bonds_lodged,region,6,Hawke's Bay Region,2025-10-01,6,42.91431681315103,49.50231689692102,14.10857167155363
ets_additive_damped,region_6_bonds_lodged,bonds_lodged,region,6,Hawke's Bay Region,2025-11-01,6,22.291258501235216,25.007094295888333,7.471170842731313
seasonal_naive,region_6_bonds_lodged,bonds_lodged,region,6,Hawke's Bay Region,2025-11-01,6,26.0,32.31098884280702,8.954111916958329
xgboost_pooled_recursive,region_6_bonds_lodged,bonds_lodged,region,6,Hawke's Bay Region,2025-11-01,6,28.845662434895843,36.457384730882836,9.501401507122427
ets_additive_damped,region_6_bonds_lodged,bonds_lodged,region,6,Hawke's Bay Region,2025-12-01,6,25.25406727156701,26.31293256629659,8.463532465471877
seasonal_naive,region_6_bonds_lodged,bonds_lodged,region,6,Hawke's Bay Region,2025-12-01,6,26.0,32.31098884280702,8.863499543746306
xgboost_pooled_recursive,region_6_bonds_lodged,bonds_lodged,region,6,Hawke's Bay Region,2025-12-01,6,43.50129699707031,49.800935804429535,14.052927951801328
ets_additive_damped,region_6_bonds_lodged,bonds_lodged,region,6,Hawke's Bay Region,2026-01-01,6,32.117002036198016,32.91033519284578,10.650031981796326
seasonal_naive,region_6_bonds_lodged,bonds_lodged,region,6,Hawke's Bay Region,2026-01-01,6,27.0,33.406586176980134,9.05707000088964
xgboost_pooled_recursive,region_6_bonds_lodged,bonds_lodged,region,6,Hawke's Bay Region,2026-01-01,6,19.085032145182282,21.45882120307229,6.468517238420089
ets_additive_damped,region_7_bonds_lodged,bonds_lodged,region,7,Taranaki Region,2025-02-01,6,35.62746996484107,39.75123296082065,14.61875357104171
seasonal_naive,region_7_bonds_lodged,bonds_lodged,region,7,Taranaki Region,2025-02-01,6,63.0,65.72670690061993,27.615715369706024
xgboost_pooled_recursive,region_7_bonds_lodged,bonds_lodged,region,7,Taranaki Region,2025-02-01,6,21.23362223307292,23.60548028325265,8.362164259143839
ets_additive_damped,region_7_bonds_lodged,bonds_lodged,region,7,Taranaki Region,2025-03-01,6,23.76409173299311,28.319854069221176,9.577168199617459
seasonal_naive,region_7_bonds_lodged,bonds_lodged,region,7,Taranaki Region,2025-03-01,6,58.0,60.249481325568276,25.92479367878433
xgboost_pooled_recursive,region_7_bonds_lodged,bonds_lodged,region,7,Taranaki Region,2025-03-01,6,19.85986073811849,22.51239083726617,7.843948210787195
ets_additive_damped,region_7_bonds_lodged,bonds_lodged,region,7,Taranaki Region,2025-04-01,6,17.726638345877692,21.52595732448012,6.985710882078032
seasonal_naive,region_7_bonds_lodged,bonds_lodged,region,7,Taranaki Region,2025-04-01,6,52.5,55.84353140695885,23.380312494718837
xgboost_pooled_recursive,region_7_bonds_lodged,bonds_lodged,region,7,Taranaki Region,2025-04-01,6,17.688128153483078,21.20841323956036,6.985619050255992
ets_additive_damped,region_7_bonds_lodged,bonds_lodged,region,7,Taranaki Region,2025-05-01,6,14.507634426783937,17.378569285694162,5.8070384258382814
seasonal_naive,region_7_bonds_lodged,bonds_lodged,region,7,Taranaki Region,2025-05-01,6,50.5,53.986109324529025,22.943289200552684
xgboost_pooled_recursive,region_7_bonds_lodged,bonds_lodged,region,7,Taranaki Region,2025-05-01,6,25.600794474283862,27.414477803376652,10.109166546951505
ets_additive_damped,region_7_bonds_lodged,bonds_lodged,region,7,Taranaki Region,2025-06-01,6,15.184973284008095,17.55955168051177,6.100023168172068
seasonal_naive,region_7_bonds_lodged,bonds_lodged,region,7,Taranaki Region,2025-06-01,6,40.0,46.79743582719036,18.060340213830106
xgboost_pooled_recursive,region_7_bonds_lodged,bonds_lodged,region,7,Taranaki Region,2025-06-01,6,33.53523254394531,36.316153394174286,13.081457354271702
ets_additive_damped,region_7_bonds_lodged,bonds_lodged,region,7,Taranaki Region,2025-07-01,6,14.853579645957979,17.113856710901818,6.039182205177047
seasonal_naive,region_7_bonds_lodged,bonds_lodged,region,7,Taranaki Region,2025-07-01,6,37.5,45.743852045930716,16.965356765905483
xgboost_pooled_recursive,region_7_bonds_lodged,bonds_lodged,region,7,Taranaki Region,2025-07-01,6,32.540356953938804,34.20219000953239,12.729858649612776
ets_additive_damped,region_7_bonds_lodged,bonds_lodged,region,7,Taranaki Region,2025-08-01,6,19.60194990266973,26.425617288685395,8.253159941101336
seasonal_naive,region_7_bonds_lodged,bonds_lodged,region,7,Taranaki Region,2025-08-01,6,28.0,33.090784215548595,13.20177867236908
xgboost_pooled_recursive,region_7_bonds_lodged,bonds_lodged,region,7,Taranaki Region,2025-08-01,6,34.09347534179687,39.18119564239269,13.81735213648279
ets_additive_damped,region_7_bonds_lodged,bonds_lodged,region,7,Taranaki Region,2025-09-01,6,15.801971526765977,22.06575243328981,6.670237474693681
seasonal_naive,region_7_bonds_lodged,bonds_lodged,region,7,Taranaki Region,2025-09-01,6,19.5,24.708298201211672,8.774717974121941
xgboost_pooled_recursive,region_7_bonds_lodged,bonds_lodged,region,7,Taranaki Region,2025-09-01,6,33.283035278320305,39.992783588303084,13.149583260633671
ets_additive_damped,region_7_bonds_lodged,bonds_lodged,region,7,Taranaki Region,2025-10-01,6,15.523405767825395,21.145261335958843,6.5550021979248
seasonal_naive,region_7_bonds_lodged,bonds_lodged,region,7,Taranaki Region,2025-10-01,6,15.5,21.598611066455177,6.8981170163315415
xgboost_pooled_recursive,region_7_bonds_lodged,bonds_lodged,region,7,Taranaki Region,2025-10-01,6,39.56566365559896,44.75031710634631,15.414318751555953
ets_additive_damped,region_7_bonds_lodged,bonds_lodged,region,7,Taranaki Region,2025-11-01,6,14.948631874842675,21.737771062185242,6.272754611482221
seasonal_naive,region_7_bonds_lodged,bonds_lodged,region,7,Taranaki Region,2025-11-01,6,9.0,11.61895003862225,3.86305683841422
xgboost_pooled_recursive,region_7_bonds_lodged,bonds_lodged,region,7,Taranaki Region,2025-11-01,6,27.84417470296224,34.070758253873905,11.029906038646315
ets_additive_damped,region_7_bonds_lodged,bonds_lodged,region,7,Taranaki Region,2025-12-01,6,18.660500937819236,24.642408399250648,7.651011710629228
seasonal_naive,region_7_bonds_lodged,bonds_lodged,region,7,Taranaki Region,2025-12-01,6,9.0,11.61895003862225,3.8554334345644015
xgboost_pooled_recursive,region_7_bonds_lodged,bonds_lodged,region,7,Taranaki Region,2025-12-01,6,30.601394653320312,36.09540214472734,12.052458495167029
ets_additive_damped,region_7_bonds_lodged,bonds_lodged,region,7,Taranaki Region,2026-01-01,6,18.9446106548429,25.030424417740544,7.667492549837447
seasonal_naive,region_7_bonds_lodged,bonds_lodged,region,7,Taranaki Region,2026-01-01,6,8.0,10.816653826391969,3.396136633804186
xgboost_pooled_recursive,region_7_bonds_lodged,bonds_lodged,region,7,Taranaki Region,2026-01-01,6,14.360211690266928,19.715475980681703,5.962448510483611
ets_additive_damped,region_8_bonds_lodged,bonds_lodged,region,8,Manawatu-Wanganui Region,2025-02-01,6,113.16652041112717,115.44233838385126,19.359417346922267
seasonal_naive,region_8_bonds_lodged,bonds_lodged,region,8,Manawatu-Wanganui Region,2025-02-01,6,143.0,145.85266538531272,25.21110478442375
xgboost_pooled_recursive,region_8_bonds_lodged,bonds_lodged,region,8,Manawatu-Wanganui Region,2025-02-01,6,52.420013427734375,58.56362962506377,8.458776141055422
ets_additive_damped,region_8_bonds_lodged,bonds_lodged,region,8,Manawatu-Wanganui Region,2025-03-01,6,102.66829637742528,104.78740494744594,17.62731879610307
seasonal_naive,region_8_bonds_lodged,bonds_lodged,region,8,Manawatu-Wanganui Region,2025-03-01,6,144.5,147.55507446374048,26.121315907400835
xgboost_pooled_recursive,region_8_bonds_lodged,bonds_lodged,region,8,Manawatu-Wanganui Region,2025-03-01,6,29.457977294921875,33.71456014880703,4.659002324254683
ets_additive_damped,region_8_bonds_lodged,bonds_lodged,region,8,Manawatu-Wanganui Region,2025-04-01,6,86.05022027559495,88.69573857033195,14.460137152242336
seasonal_naive,region_8_bonds_lodged,bonds_lodged,region,8,Manawatu-Wanganui Region,2025-04-01,6,147.5,150.21484613712454,26.613712949862183
xgboost_pooled_recursive,region_8_bonds_lodged,bonds_lodged,region,8,Manawatu-Wanganui Region,2025-04-01,6,40.58856201171875,45.324656661300416,6.531537746781516
ets_additive_damped,region_8_bonds_lodged,bonds_lodged,region,8,Manawatu-Wanganui Region,2025-05-01,6,50.82515960976252,53.31589956853079,8.380496881108568
seasonal_naive,region_8_bonds_lodged,bonds_lodged,region,8,Manawatu-Wanganui Region,2025-05-01,6,126.0,133.142780502737,22.910574761859323
xgboost_pooled_recursive,region_8_bonds_lodged,bonds_lodged,region,8,Manawatu-Wanganui Region,2025-05-01,6,29.633900960286457,40.06303180233842,4.539868083253194
ets_additive_damped,region_8_bonds_lodged,bonds_lodged,region,8,Manawatu-Wanganui Region,2025-06-01,6,57.382442169116,65.46098636621207,9.434543765518145
seasonal_naive,region_8_bonds_lodged,bonds_lodged,region,8,Manawatu-Wanganui Region,2025-06-01,6,113.5,121.50925890647181,20.4435317249544
xgboost_pooled_recursive,region_8_bonds_lodged,bonds_lodged,region,8,Manawatu-Wanganui Region,2025-06-01,6,70.17078653971355,103.97264313688177,10.794597965098802
ets_additive_damped,region_8_bonds_lodged,bonds_lodged,region,8,Manawatu-Wanganui Region,2025-07-01,6,57.551016248804956,71.52100890213899,9.535458738628677
seasonal_naive,region_8_bonds_lodged,bonds_lodged,region,8,Manawatu-Wanganui Region,2025-07-01,6,93.5,105.66219759213794,17.269756671695845
xgboost_pooled_recursive,region_8_bonds_lodged,bonds_lodged,region,8,Manawatu-Wanganui Region,2025-07-01,6,101.73582967122395,138.79832564650394,15.612318848359703
ets_additive_damped,region_8_bonds_lodged,bonds_lodged,region,8,Manawatu-Wanganui Region,2025-08-01,6,71.67142240364461,85.42715522302862,11.587462897107715
seasonal_naive,region_8_bonds_lodged,bonds_lodged,region,8,Manawatu-Wanganui Region,2025-08-01,6,85.5,100.54103639807977,15.842796716817107
xgboost_pooled_recursive,region_8_bonds_lodged,bonds_lodged,region,8,Manawatu-Wanganui Region,2025-08-01,6,124.74550374348958,152.7346181372279,19.077522460070384
ets_additive_damped,region_8_bonds_lodged,bonds_lodged,region,8,Manawatu-Wanganui Region,2025-09-01,6,88.80737541262515,97.24097865504311,14.248130543356382
seasonal_naive,region_8_bonds_lodged,bonds_lodged,region,8,Manawatu-Wanganui Region,2025-09-01,6,66.5,76.0032894024989,11.631506737205614
xgboost_pooled_recursive,region_8_bonds_lodged,bonds_lodged,region,8,Manawatu-Wanganui Region,2025-09-01,6,137.3223673502604,159.0287777704537,20.902028125472896
ets_additive_damped,region_8_bonds_lodged,bonds_lodged,region,8,Manawatu-Wanganui Region,2025-10-01,6,100.71734726828403,104.65844735378649,16.18990953259095
seasonal_naive,region_8_bonds_lodged,bonds_lodged,region,8,Manawatu-Wanganui Region,2025-10-01,6,49.0,51.75905717843013,8.314653154196773
xgboost_pooled_recursive,region_8_bonds_lodged,bonds_lodged,region,8,Manawatu-Wanganui Region,2025-10-01,6,172.99212646484375,180.4945319428793,26.23314742237871
ets_additive_damped,region_8_bonds_lodged,bonds_lodged,region,8,Manawatu-Wanganui Region,2025-11-01,6,88.53026444484534,92.46636617038972,14.447992716920233
seasonal_naive,region_8_bonds_lodged,bonds_lodged,region,8,Manawatu-Wanganui Region,2025-11-01,6,54.5,58.210823735796765,9.115612894502336
xgboost_pooled_recursive,region_8_bonds_lodged,bonds_lodged,region,8,Manawatu-Wanganui Region,2025-11-01,6,181.8647664388021,184.60631520597616,27.5351335871356
ets_additive_damped,region_8_bonds_lodged,bonds_lodged,region,8,Manawatu-Wanganui Region,2025-12-01,6,48.250232272141055,51.15946899156289,8.008376072533235
seasonal_naive,region_8_bonds_lodged,bonds_lodged,region,8,Manawatu-Wanganui Region,2025-12-01,6,50.5,53.25880208941992,8.360721055926824
xgboost_pooled_recursive,region_8_bonds_lodged,bonds_lodged,region,8,Manawatu-Wanganui Region,2025-12-01,6,155.69784545898438,156.4409579126504,23.90787079639718
ets_additive_damped,region_8_bonds_lodged,bonds_lodged,region,8,Manawatu-Wanganui Region,2026-01-01,6,32.67198856571209,37.07944780164552,5.339406910742736
seasonal_naive,region_8_bonds_lodged,bonds_lodged,region,8,Manawatu-Wanganui Region,2026-01-01,6,50.5,53.25880208941992,8.210196199519613
xgboost_pooled_recursive,region_8_bonds_lodged,bonds_lodged,region,8,Manawatu-Wanganui Region,2026-01-01,6,32.52399698893229,38.18305848395261,5.429388615917038
ets_additive_damped,region_9_bonds_lodged,bonds_lodged,region,9,Wellington Region,2025-02-01,6,221.53753797526358,234.49118578646755,15.156190420697044
seasonal_naive,region_9_bonds_lodged,bonds_lodged,region,9,Wellington Region,2025-02-01,6,305.5,308.0884613223936,21.373373673619874
xgboost_pooled_recursive,region_9_bonds_lodged,bonds_lodged,region,9,Wellington Region,2025-02-01,6,87.09165445963542,106.75651906754042,5.57856607890179
ets_additive_damped,region_9_bonds_lodged,bonds_lodged,region,9,Wellington Region,2025-03-01,6,212.7310772320468,223.71502754630058,14.802383008218358
seasonal_naive,region_9_bonds_lodged,bonds_lodged,region,9,Wellington Region,2025-03-01,6,309.0,311.5284898689043,22.346352983156244
xgboost_pooled_recursive,region_9_bonds_lodged,bonds_lodged,region,9,Wellington Region,2025-03-01,6,69.00583902994792,86.06384678313268,4.434826379884626
ets_additive_damped,region_9_bonds_lodged,bonds_lodged,region,9,Wellington Region,2025-04-01,6,197.38261086689727,208.22394149062546,13.584650950196298
seasonal_naive,region_9_bonds_lodged,bonds_lodged,region,9,Wellington Region,2025-04-01,6,318.5,320.4130147169431,22.97776313792288
xgboost_pooled_recursive,region_9_bonds_lodged,bonds_lodged,region,9,Wellington Region,2025-04-01,6,57.2034912109375,71.82391445046834,3.7172840229770436
ets_additive_damped,region_9_bonds_lodged,bonds_lodged,region,9,Wellington Region,2025-05-01,6,143.96438774091186,161.37328132114195,9.7940775380228
seasonal_naive,region_9_bonds_lodged,bonds_lodged,region,9,Wellington Region,2025-05-01,6,293.0,296.99494945200667,21.05105773766189
xgboost_pooled_recursive,region_9_bonds_lodged,bonds_lodged,region,9,Wellington Region,2025-05-01,6,133.61295572916666,143.47630872388098,8.324055526516448
ets_additive_damped,region_9_bonds_lodged,bonds_lodged,region,9,Wellington Region,2025-06-01,6,104.26105735248355,123.5980733963816,7.127568714207706
seasonal_naive,region_9_bonds_lodged,bonds_lodged,region,9,Wellington Region,2025-06-01,6,237.5,260.24315552959314,17.14929883590299
xgboost_pooled_recursive,region_9_bonds_lodged,bonds_lodged,region,9,Wellington Region,2025-06-01,6,145.29656982421875,198.39414662741822,9.264771104986295
ets_additive_damped,region_9_bonds_lodged,bonds_lodged,region,9,Wellington Region,2025-07-01,6,119.06754766784861,130.58039478991012,7.800556068526086
seasonal_naive,region_9_bonds_lodged,bonds_lodged,region,9,Wellington Region,2025-07-01,6,202.0,239.5746230300697,14.393247371561246
xgboost_pooled_recursive,region_9_bonds_lodged,bonds_lodged,region,9,Wellington Region,2025-07-01,6,138.6479695638021,207.97553980163676,7.646199323482383
ets_additive_damped,region_9_bonds_lodged,bonds_lodged,region,9,Wellington Region,2025-08-01,6,66.86796148027024,87.5228546151175,4.387763256784624
seasonal_naive,region_9_bonds_lodged,bonds_lodged,region,9,Wellington Region,2025-08-01,6,154.5,203.9080675206354,11.034085851815785
xgboost_pooled_recursive,region_9_bonds_lodged,bonds_lodged,region,9,Wellington Region,2025-08-01,6,200.72015380859375,249.69028044716802,10.333435710688766
ets_additive_damped,region_9_bonds_lodged,bonds_lodged,region,9,Wellington Region,2025-09-01,6,97.8630825922509,131.61124126216697,6.180032674949706
seasonal_naive,region_9_bonds_lodged,bonds_lodged,region,9,Wellington Region,2025-09-01,6,134.0,176.59275183313724,8.899357567955734
xgboost_pooled_recursive,region_9_bonds_lodged,bonds_lodged,region,9,Wellington Region,2025-09-01,6,315.26275634765625,399.52847982069915,16.02843718336891
ets_additive_damped,region_9_bonds_lodged,bonds_lodged,region,9,Wellington Region,2025-10-01,6,115.7968329548706,148.47039375940489,7.393487928343319
seasonal_naive,region_9_bonds_lodged,bonds_lodged,region,9,Wellington Region,2025-10-01,6,101.5,128.30627420356342,6.4805984360203945
xgboost_pooled_recursive,region_9_bonds_lodged,bonds_lodged,region,9,Wellington Region,2025-10-01,6,308.7341715494792,337.3836064412487,17.14954300014091
ets_additive_damped,region_9_bonds_lodged,bonds_lodged,region,9,Wellington Region,2025-11-01,6,127.79672010321065,152.4852869404812,8.184673375601545
seasonal_naive,region_9_bonds_lodged,bonds_lodged,region,9,Wellington Region,2025-11-01,6,86.0,107.17742299570372,5.430639282645622
xgboost_pooled_recursive,region_9_bonds_lodged,bonds_lodged,region,9,Wellington Region,2025-11-01,6,384.37709554036456,398.19193791181397,21.20275086592259
ets_additive_damped,region_9_bonds_lodged,bonds_lodged,region,9,Wellington Region,2025-12-01,6,110.30630353472547,133.04471409843245,7.045385567081308
seasonal_naive,region_9_bonds_lodged,bonds_lodged,region,9,Wellington Region,2025-12-01,6,120.0,140.167756634684,7.702040238257103
xgboost_pooled_recursive,region_9_bonds_lodged,bonds_lodged,region,9,Wellington Region,2025-12-01,6,392.0724487304687,400.083422883201,21.869275134137734
ets_additive_damped,region_9_bonds_lodged,bonds_lodged,region,9,Wellington Region,2026-01-01,6,123.11382198513986,143.84046593644211,8.119114791209954
seasonal_naive,region_9_bonds_lodged,bonds_lodged,region,9,Wellington Region,2026-01-01,6,127.0,143.13280546401654,8.326297449916147
xgboost_pooled_recursive,region_9_bonds_lodged,bonds_lodged,region,9,Wellington Region,2026-01-01,6,166.94307454427084,189.0524136613971,10.677447565941517
ets_additive_damped,territorial_authority_11_bonds_lodged,bonds_lodged,territorial_authority,11,Thames-Coromandel District,2025-02-01,6,7.168581493423253,7.9126477275985705,15.87298083104591
seasonal_naive,territorial_authority_11_bonds_lodged,bonds_lodged,territorial_authority,11,Thames-Coromandel District,2025-02-01,6,9.0,11.224972160321824,21.88919296965274
xgboost_pooled_recursive,territorial_authority_11_bonds_lodged,bonds_lodged,territorial_authority,11,Thames-Coromandel District,2025-02-01,6,6.135238647460935,7.112526613731634,13.404830638360796
ets_additive_damped,territorial_authority_11_bonds_lodged,bonds_lodged,territorial_authority,11,Thames-Coromandel District,2025-03-01,6,5.795304240810071,6.952092881858752,12.773682816983442
seasonal_naive,territorial_authority_11_bonds_lodged,bonds_lodged,territorial_authority,11,Thames-Coromandel District,2025-03-01,6,7.5,10.606601717798213,18.440917107583772
xgboost_pooled_recursive,territorial_authority_11_bonds_lodged,bonds_lodged,territorial_authority,11,Thames-Coromandel District,2025-03-01,6,7.152392705281574,8.723814438845627,15.636844991267603
ets_additive_damped,territorial_authority_11_bonds_lodged,bonds_lodged,territorial_authority,11,Thames-Coromandel District,2025-04-01,6,4.8720636444085885,5.555165210311035,11.36555550001997
seasonal_naive,territorial_authority_11_bonds_lodged,bonds_lodged,territorial_authority,11,Thames-Coromandel District,2025-04-01,6,4.5,6.363961030678928,11.386243386243388
xgboost_pooled_recursive,territorial_authority_11_bonds_lodged,bonds_lodged,territorial_authority,11,Thames-Coromandel District,2025-04-01,6,12.645084381103516,14.55908004767111,27.08712876959038
ets_additive_damped,territorial_authority_11_bonds_lodged,bonds_lodged,territorial_authority,11,Thames-Coromandel District,2025-05-01,6,3.9294193478032966,4.12977406698359,10.198734405920137
seasonal_naive,territorial_authority_11_bonds_lodged,bonds_lodged,territorial_authority,11,Thames-Coromandel District,2025-05-01,6,5.0,6.48074069840786,12.973544973544973
xgboost_pooled_recursive,territorial_authority_11_bonds_lodged,bonds_lodged,territorial_authority,11,Thames-Coromandel District,2025-05-01,6,18.922279993693035,20.773151651855557,40.18333883332454
ets_additive_damped,territorial_authority_11_bonds_lodged,bonds_lodged,territorial_authority,11,Thames-Coromandel District,2025-06-01,6,4.7588627802986165,5.427536272684615,13.432544308372432
seasonal_naive,territorial_authority_11_bonds_lodged,bonds_lodged,territorial_authority,11,Thames-Coromandel District,2025-06-01,6,5.0,6.48074069840786,13.089487002530479
xgboost_pooled_recursive,territorial_authority_11_bonds_lodged,bonds_lodged,territorial_authority,11,Thames-Coromandel District,2025-06-01,6,17.822231928507488,20.85559028207312,38.39905888870511
ets_additive_damped,territorial_authority_11_bonds_lodged,bonds_lodged,territorial_authority,11,Thames-Coromandel District,2025-07-01,6,4.822768966902863,5.389933712151234,14.160693452517437
seasonal_naive,territorial_authority_11_bonds_lodged,bonds_lodged,territorial_authority,11,Thames-Coromandel District,2025-07-01,6,3.5,4.415880433163924,9.914883827927305
xgboost_pooled_recursive,territorial_authority_11_bonds_lodged,bonds_lodged,territorial_authority,11,Thames-Coromandel District,2025-07-01,6,20.045833587646484,21.414034436614134,44.33334795693036
ets_additive_damped,territorial_authority_11_bonds_lodged,bonds_lodged,territorial_authority,11,Thames-Coromandel District,2025-08-01,6,5.761703794398708,6.349560535332073,16.758112692857118
seasonal_naive,territorial_authority_11_bonds_lodged,bonds_lodged,territorial_authority,11,Thames-Coromandel District,2025-08-01,6,3.5,4.415880433163924,10.211180124223603
xgboost_pooled_recursive,territorial_authority_11_bonds_lodged,bonds_lodged,territorial_authority,11,Thames-Coromandel District,2025-08-01,6,21.720015207926433,22.27699709760196,48.763826614004735
ets_additive_damped,territorial_authority_11_bonds_lodged,bonds_lodged,territorial_authority,11,Thames-Coromandel District,2025-09-01,6,5.935468926085157,6.424011772345596,17.03681382710924
seasonal_naive,territorial_authority_11_bonds_lodged,bonds_lodged,territorial_authority,11,Thames-Coromandel District,2025-09-01,6,4.5,5.049752469181039,12.433402346445826
xgboost_pooled_recursive,territorial_authority_11_bonds_lodged,bonds_lodged,territorial_authority,11,Thames-Coromandel District,2025-09-01,6,19.167769114176433,19.5636496996493,43.53270785238128
ets_additive_damped,territorial_authority_11_bonds_lodged,bonds_lodged,territorial_authority,11,Thames-Coromandel District,2025-10-01,6,5.174539634812185,5.895419516987105,15.015191679340237
seasonal_naive,territorial_authority_11_bonds_lodged,bonds_lodged,territorial_authority,11,Thames-Coromandel District,2025-10-01,6,5.5,6.123724356957945,14.07190721075714
xgboost_pooled_recursive,territorial_authority_11_bonds_lodged,bonds_lodged,territorial_authority,11,Thames-Coromandel District,2025-10-01,6,17.41487630208334,17.758588704768936,39.15118932206223
ets_additive_damped,territorial_authority_11_bonds_lodged,bonds_lodged,territorial_authority,11,Thames-Coromandel District,2025-11-01,6,5.997181961822974,6.619981959180219,16.254201447272962
seasonal_naive,territorial_authority_11_bonds_lodged,bonds_lodged,territorial_authority,11,Thames-Coromandel District,2025-11-01,6,5.0,6.0,12.484605623455554
xgboost_pooled_recursive,territorial_authority_11_bonds_lodged,bonds_lodged,territorial_authority,11,Thames-Coromandel District,2025-11-01,6,12.48420270284017,13.352395685995543,27.62716822007197
ets_additive_damped,territorial_authority_11_bonds_lodged,bonds_lodged,territorial_authority,11,Thames-Coromandel District,2025-12-01,6,4.530704047380255,5.236427560707339,11.062845637333368
seasonal_naive,territorial_authority_11_bonds_lodged,bonds_lodged,territorial_authority,11,Thames-Coromandel District,2025-12-01,6,5.5,6.363961030678928,13.416282642089092
xgboost_pooled_recursive,territorial_authority_11_bonds_lodged,bonds_lodged,territorial_authority,11,Thames-Coromandel District,2025-12-01,6,12.589641571044922,13.35785829013539,27.34213474052468
ets_additive_damped,territorial_authority_11_bonds_lodged,bonds_lodged,territorial_authority,11,Thames-Coromandel District,2026-01-01,6,5.1020361439954165,5.679400060344657,11.803551037186605
seasonal_naive,territorial_authority_11_bonds_lodged,bonds_lodged,territorial_authority,11,Thames-Coromandel District,2026-01-01,6,6.0,6.708203932499369,14.051203277009726
xgboost_pooled_recursive,territorial_authority_11_bonds_lodged,bonds_lodged,territorial_authority,11,Thames-Coromandel District,2026-01-01,6,7.004812240600586,8.212643100460825,16.851414166643796
ets_additive_damped,territorial_authority_12_bonds_lodged,bonds_lodged,territorial_authority,12,Hauraki District,2025-02-01,6,5.780689017000765,6.9537973889207025,19.887165277166506
seasonal_naive,territorial_authority_12_bonds_lodged,bonds_lodged,territorial_authority,12,Hauraki District,2025-02-01,6,5.5,6.59545297913646,19.229133439659755
xgboost_pooled_recursive,territorial_authority_12_bonds_lodged,bonds_lodged,territorial_authority,12,Hauraki District,2025-02-01,6,3.221064567565918,4.090565993784416,10.102771145126411
ets_additive_damped,territorial_authority_12_bonds_lodged,bonds_lodged,territorial_authority,12,Hauraki District,2025-03-01,6,5.164704542979062,6.540240649425543,17.75933853018701
seasonal_naive,territorial_authority_12_bonds_lodged,bonds_lodged,territorial_authority,12,Hauraki District,2025-03-01,6,5.0,6.48074069840786,17.474747474747474
xgboost_pooled_recursive,territorial_authority_12_bonds_lodged,bonds_lodged,territorial_authority,12,Hauraki District,2025-03-01,6,5.700606028238933,7.8564802273427805,17.72504447157006
ets_additive_damped,territorial_authority_12_bonds_lodged,bonds_lodged,territorial_authority,12,Hauraki District,2025-04-01,6,5.1625545514475855,6.378778326671051,17.220029399896717
seasonal_naive,territorial_authority_12_bonds_lodged,bonds_lodged,territorial_authority,12,Hauraki District,2025-04-01,6,5.0,6.48074069840786,17.17171717171717
xgboost_pooled_recursive,territorial_authority_12_bonds_lodged,bonds_lodged,territorial_authority,12,Hauraki District,2025-04-01,6,6.671597798665364,8.388261575780954,20.197409979418882
ets_additive_damped,territorial_authority_12_bonds_lodged,bonds_lodged,territorial_authority,12,Hauraki District,2025-05-01,6,3.3697360932810168,4.503160518947114,11.390063422203331
seasonal_naive,territorial_authority_12_bonds_lodged,bonds_lodged,territorial_authority,12,Hauraki District,2025-05-01,6,4.5,6.123724356957945,16.10219845513963
xgboost_pooled_recursive,territorial_authority_12_bonds_lodged,bonds_lodged,territorial_authority,12,Hauraki District,2025-05-01,6,9.190823872884115,10.52760923304712,27.512867928177325
ets_additive_damped,territorial_authority_12_bonds_lodged,bonds_lodged,territorial_authority,12,Hauraki District,2025-06-01,6,4.037184432531903,5.085142259423488,13.749356129180315
seasonal_naive,territorial_authority_12_bonds_lodged,bonds_lodged,territorial_authority,12,Hauraki District,2025-06-01,6,3.5,4.415880433163924,12.028124381065556
xgboost_pooled_recursive,territorial_authority_12_bonds_lodged,bonds_lodged,territorial_authority,12,Hauraki District,2025-06-01,6,11.077414194742838,11.985641593772938,31.940192969503485
ets_additive_damped,territorial_authority_12_bonds_lodged,bonds_lodged,territorial_authority,12,Hauraki District,2025-07-01,6,4.960441522401497,5.617730424090528,16.818955857030705
seasonal_naive,territorial_authority_12_bonds_lodged,bonds_lodged,territorial_authority,12,Hauraki District,2025-07-01,6,5.0,7.14142842854285,18.128342245989305
xgboost_pooled_recursive,territorial_authority_12_bonds_lodged,bonds_lodged,territorial_authority,12,Hauraki District,2025-07-01,6,9.793455123901367,10.277990872475563,28.761365188476397
ets_additive_damped,territorial_authority_12_bonds_lodged,bonds_lodged,territorial_authority,12,Hauraki District,2025-08-01,6,5.466289229630192,6.087063740851912,18.42612968404296
seasonal_naive,territorial_authority_12_bonds_lodged,bonds_lodged,territorial_authority,12,Hauraki District,2025-08-01,6,6.5,8.031189202104505,23.391500140726144
xgboost_pooled_recursive,territorial_authority_12_bonds_lodged,bonds_lodged,territorial_authority,12,Hauraki District,2025-08-01,6,9.158721288045248,9.867323817438361,26.298464548329687
ets_additive_damped,territorial_authority_12_bonds_lodged,bonds_lodged,territorial_authority,12,Hauraki District,2025-09-01,6,6.060196912585584,6.727005356995511,20.53263853353318
seasonal_naive,territorial_authority_12_bonds_lodged,bonds_lodged,territorial_authority,12,Hauraki District,2025-09-01,6,7.5,8.396427811873332,27.09520384442985
xgboost_pooled_recursive,territorial_authority_12_bonds_lodged,bonds_lodged,territorial_authority,12,Hauraki District,2025-09-01,6,6.953060150146484,8.928363335469438,20.614306922350853
ets_additive_damped,territorial_authority_12_bonds_lodged,bonds_lodged,territorial_authority,12,Hauraki District,2025-10-01,6,5.47574003681839,5.922604708897315,19.48164686414854
seasonal_naive,territorial_authority_12_bonds_lodged,bonds_lodged,territorial_authority,12,Hauraki District,2025-10-01,6,8.5,9.40744386111339,31.472308221534227
xgboost_pooled_recursive,territorial_authority_12_bonds_lodged,bonds_lodged,territorial_authority,12,Hauraki District,2025-10-01,6,11.324261347452799,13.791203885628066,33.637222105039214
ets_additive_damped,territorial_authority_12_bonds_lodged,bonds_lodged,territorial_authority,12,Hauraki District,2025-11-01,6,5.8749431596130295,6.055468017999581,20.869775124538414
seasonal_naive,territorial_authority_12_bonds_lodged,bonds_lodged,territorial_authority,12,Hauraki District,2025-11-01,6,9.5,10.024968827881711,34.2734286697135
xgboost_pooled_recursive,territorial_authority_12_bonds_lodged,bonds_lodged,territorial_authority,12,Hauraki District,2025-11-01,6,12.418935139973959,15.134156627143977,36.0459763101521
ets_additive_damped,territorial_authority_12_bonds_lodged,bonds_lodged,territorial_authority,12,Hauraki District,2025-12-01,6,5.322260100751254,5.752432428515641,18.731441669528337
seasonal_naive,territorial_authority_12_bonds_lodged,bonds_lodged,territorial_authority,12,Hauraki District,2025-12-01,6,9.0,9.797958971132712,32.389370698699004
xgboost_pooled_recursive,territorial_authority_12_bonds_lodged,bonds_lodged,territorial_authority,12,Hauraki District,2025-12-01,6,13.753098805745443,15.331715131149611,39.317433791262395
ets_additive_damped,territorial_authority_12_bonds_lodged,bonds_lodged,territorial_authority,12,Hauraki District,2026-01-01,6,5.443871460660181,6.043664789072459,18.650234842743288
seasonal_naive,territorial_authority_12_bonds_lodged,bonds_lodged,territorial_authority,12,Hauraki District,2026-01-01,6,8.0,8.48528137423857,26.933275217028076
xgboost_pooled_recursive,territorial_authority_12_bonds_lodged,bonds_lodged,territorial_authority,12,Hauraki District,2026-01-01,6,6.07460371653239,6.486368493979097,20.551185863206044
ets_additive_damped,territorial_authority_13_bonds_lodged,bonds_lodged,territorial_authority,13,Waikato District,2025-02-01,6,24.029166336635058,29.906778462201007,18.00779667353771
seasonal_naive,territorial_authority_13_bonds_lodged,bonds_lodged,territorial_authority,13,Waikato District,2025-02-01,6,51.0,54.55272678794342,44.67417775592764
xgboost_pooled_recursive,territorial_authority_13_bonds_lodged,bonds_lodged,territorial_authority,13,Waikato District,2025-02-01,6,24.298873901367188,31.996537729627395,18.234402381222285
ets_additive_damped,territorial_authority_13_bonds_lodged,bonds_lodged,territorial_authority,13,Waikato District,2025-03-01,6,15.717861938558352,21.967087533063633,11.567820261035
seasonal_naive,territorial_authority_13_bonds_lodged,bonds_lodged,territorial_authority,13,Waikato District,2025-03-01,6,46.0,49.35585071701227,40.99766103593266
xgboost_pooled_recursive,territorial_authority_13_bonds_lodged,bonds_lodged,territorial_authority,13,Waikato District,2025-03-01,6,15.126410166422524,20.27738620001121,11.006896694205842
ets_additive_damped,territorial_authority_13_bonds_lodged,bonds_lodged,territorial_authority,13,Waikato District,2025-04-01,6,13.256551305295437,19.427645300702267,9.625246843853796
seasonal_naive,territorial_authority_13_bonds_lodged,bonds_lodged,territorial_authority,13,Waikato District,2025-04-01,6,45.5,48.913188405582396,40.81501263410618
xgboost_pooled_recursive,territorial_authority_13_bonds_lodged,bonds_lodged,territorial_authority,13,Waikato District,2025-04-01,6,17.49958165486654,22.13826055400915,12.780968683868963
ets_additive_damped,territorial_authority_13_bonds_lodged,bonds_lodged,territorial_authority,13,Waikato District,2025-05-01,6,16.42033423806201,17.712710207544276,12.770300736346
seasonal_naive,territorial_authority_13_bonds_lodged,bonds_lodged,territorial_authority,13,Waikato District,2025-05-01,6,37.0,38.72983346207417,35.66299494477506
xgboost_pooled_recursive,territorial_authority_13_bonds_lodged,bonds_lodged,territorial_authority,13,Waikato District,2025-05-01,6,26.53955841064453,29.155051127418318,19.71777745188065
ets_additive_damped,territorial_authority_13_bonds_lodged,bonds_lodged,territorial_authority,13,Waikato District,2025-06-01,6,3.759089234220397,4.700112168622598,2.993535386652205
seasonal_naive,territorial_authority_13_bonds_lodged,bonds_lodged,territorial_authority,13,Waikato District,2025-06-01,6,31.0,35.832945734337834,29.21138204154925
xgboost_pooled_recursive,territorial_authority_13_bonds_lodged,bonds_lodged,territorial_authority,13,Waikato District,2025-06-01,6,19.050547281901043,21.121106804763564,14.397620103668164
ets_additive_damped,territorial_authority_13_bonds_lodged,bonds_lodged,territorial_authority,13,Waikato District,2025-07-01,6,4.234385079545909,5.364022728009993,3.4656057100206827
seasonal_naive,territorial_authority_13_bonds_lodged,bonds_lodged,territorial_authority,13,Waikato District,2025-07-01,6,22.0,27.27636339397171,20.980027399235706
xgboost_pooled_recursive,territorial_authority_13_bonds_lodged,bonds_lodged,territorial_authority,13,Waikato District,2025-07-01,6,19.509195963541668,21.948602676946006,14.983567589340977
ets_additive_damped,territorial_authority_13_bonds_lodged,bonds_lodged,territorial_authority,13,Waikato District,2025-08-01,6,4.200833028112865,5.167992064576772,3.5362328686826503
seasonal_naive,territorial_authority_13_bonds_lodged,bonds_lodged,territorial_authority,13,Waikato District,2025-08-01,6,20.5,26.353367906208877,19.535582954791263
xgboost_pooled_recursive,territorial_authority_13_bonds_lodged,bonds_lodged,territorial_authority,13,Waikato District,2025-08-01,6,22.998458862304688,25.015084818235504,17.66978503263079
ets_additive_damped,territorial_authority_13_bonds_lodged,bonds_lodged,territorial_authority,13,Waikato District,2025-09-01,6,6.466631409544076,9.30058702639259,5.392450251626569
seasonal_naive,territorial_authority_13_bonds_lodged,bonds_lodged,territorial_authority,13,Waikato District,2025-09-01,6,20.5,26.353367906208877,18.236232629953676
xgboost_pooled_recursive,territorial_authority_13_bonds_lodged,bonds_lodged,territorial_authority,13,Waikato District,2025-09-01,6,22.90302276611328,25.884626178856337,17.784705408829772
ets_additive_damped,territorial_authority_13_bonds_lodged,bonds_lodged,territorial_authority,13,Waikato District,2025-10-01,6,11.099981260251829,15.126963166502808,9.49600299109251
seasonal_naive,territorial_authority_13_bonds_lodged,bonds_lodged,territorial_authority,13,Waikato District,2025-10-01,6,19.0,24.124676163629637,16.331470725191775
xgboost_pooled_recursive,territorial_authority_13_bonds_lodged,bonds_lodged,territorial_authority,13,Waikato District,2025-10-01,6,32.18951416015625,34.8784210583862,25.070871402490113
ets_additive_damped,territorial_authority_13_bonds_lodged,bonds_lodged,territorial_authority,13,Waikato District,2025-11-01,6,12.625474322831026,15.958710649045821,10.511265762309026
seasonal_naive,territorial_authority_13_bonds_lodged,bonds_lodged,territorial_authority,13,Waikato District,2025-11-01,6,19.0,24.124676163629637,14.657597102650277
xgboost_pooled_recursive,territorial_authority_13_bonds_lodged,bonds_lodged,territorial_authority,13,Waikato District,2025-11-01,6,27.473589579264324,30.78958648326241,21.271255368364024
ets_additive_damped,territorial_authority_13_bonds_lodged,bonds_lodged,territorial_authority,13,Waikato District,2025-12-01,6,14.762437125281663,17.129447008985675,12.362478317385968
seasonal_naive,territorial_authority_13_bonds_lodged,bonds_lodged,territorial_authority,13,Waikato District,2025-12-01,6,19.5,24.155744658362327,15.114218107216487
xgboost_pooled_recursive,territorial_authority_13_bonds_lodged,bonds_lodged,territorial_authority,13,Waikato District,2025-12-01,6,30.902414957682293,32.56619976515763,24.17541356681476
ets_additive_damped,territorial_authority_13_bonds_lodged,bonds_lodged,territorial_authority,13,Waikato District,2026-01-01,6,17.29441102094775,18.409451655084514,14.406119524152281
seasonal_naive,territorial_authority_13_bonds_lodged,bonds_lodged,territorial_authority,13,Waikato District,2026-01-01,6,23.0,26.038433132583073,17.84437683737522
xgboost_pooled_recursive,territorial_authority_13_bonds_lodged,bonds_lodged,territorial_authority,13,Waikato District,2026-01-01,6,18.346761067708332,20.15506565731108,15.281656907885823
ets_additive_damped,territorial_authority_15_bonds_lodged,bonds_lodged,territorial_authority,15,Matamata-Piako District,2025-02-01,6,7.636272153130975,9.403042356180649,12.44070229726047
seasonal_naive,territorial_authority_15_bonds_lodged,bonds_lodged,territorial_authority,15,Matamata-Piako District,2025-02-01,6,11.5,13.80217374184226,20.20654550158877
xgboost_pooled_recursive,territorial_authority_15_bonds_lodged,bonds_lodged,territorial_authority,15,Matamata-Piako District,2025-02-01,6,7.708274841308593,8.865726026129549,12.140347118557248
ets_additive_damped,territorial_authority_15_bonds_lodged,bonds_lodged,territorial_authority,15,Matamata-Piako District,2025-03-01,6,3.7963263170910344,5.930611853845519,6.072170524739767
seasonal_naive,territorial_authority_15_bonds_lodged,bonds_lodged,territorial_authority,15,Matamata-Piako District,2025-03-01,6,11.0,13.30413469565007,20.585949295626715
xgboost_pooled_recursive,territorial_authority_15_bonds_lodged,bonds_lodged,territorial_authority,15,Matamata-Piako District,2025-03-01,6,10.9215939839681,12.636220852875416,17.145449590857517
ets_additive_damped,territorial_authority_15_bonds_lodged,bonds_lodged,territorial_authority,15,Matamata-Piako District,2025-04-01,6,6.653847454394589,10.048852321715499,10.331385680772113
seasonal_naive,territorial_authority_15_bonds_lodged,bonds_lodged,territorial_authority,15,Matamata-Piako District,2025-04-01,6,12.5,15.346009253222807,21.558811558811556
xgboost_pooled_recursive,territorial_authority_15_bonds_lodged,bonds_lodged,territorial_authority,15,Matamata-Piako District,2025-04-01,6,13.025464375813803,15.460125776624775,19.42631274776344
ets_additive_damped,territorial_authority_15_bonds_lodged,bonds_lodged,territorial_authority,15,Matamata-Piako District,2025-05-01,6,7.000924162591222,9.772358618942555,11.045978585668642
seasonal_naive,territorial_authority_15_bonds_lodged,bonds_lodged,territorial_authority,15,Matamata-Piako District,2025-05-01,6,12.0,15.0996688705415,20.84656084656085
xgboost_pooled_recursive,territorial_authority_15_bonds_lodged,bonds_lodged,territorial_authority,15,Matamata-Piako District,2025-05-01,6,13.646876017252604,16.230375816643377,20.587602851472404
ets_additive_damped,territorial_authority_15_bonds_lodged,bonds_lodged,territorial_authority,15,Matamata-Piako District,2025-06-01,6,5.411323277214283,7.698091671253422,8.831250406767543
seasonal_naive,territorial_authority_15_bonds_lodged,bonds_lodged,territorial_authority,15,Matamata-Piako District,2025-06-01,6,10.0,12.489995996796797,17.83068783068783
xgboost_pooled_recursive,territorial_authority_15_bonds_lodged,bonds_lodged,territorial_authority,15,Matamata-Piako District,2025-06-01,6,19.243906656901043,21.5829975788247,28.450164359515504
ets_additive_damped,territorial_authority_15_bonds_lodged,bonds_lodged,territorial_authority,15,Matamata-Piako District,2025-07-01,6,8.339241800762673,11.622500286387199,16.52370516837276
seasonal_naive,territorial_authority_15_bonds_lodged,bonds_lodged,territorial_authority,15,Matamata-Piako District,2025-07-01,6,13.0,14.491376746189438,25.522995522995522
xgboost_pooled_recursive,territorial_authority_15_bonds_lodged,bonds_lodged,territorial_authority,15,Matamata-Piako District,2025-07-01,6,20.621807098388672,24.829586778392052,34.39911717848023
ets_additive_damped,territorial_authority_15_bonds_lodged,bonds_lodged,territorial_authority,15,Matamata-Piako District,2025-08-01,6,8.47537151407724,11.622845423132524,16.849094975244764
seasonal_naive,territorial_authority_15_bonds_lodged,bonds_lodged,territorial_authority,15,Matamata-Piako District,2025-08-01,6,12.5,14.33527118683145,24.62352462352462
xgboost_pooled_recursive,territorial_authority_15_bonds_lodged,bonds_lodged,territorial_authority,15,Matamata-Piako District,2025-08-01,6,21.282237370808918,25.302422724073676,35.684138787545464
ets_additive_damped,territorial_authority_15_bonds_lodged,bonds_lodged,territorial_authority,15,Matamata-Piako District,2025-09-01,6,10.108509059053219,12.820685309341373,20.009752283612823
seasonal_naive,territorial_authority_15_bonds_lodged,bonds_lodged,territorial_authority,15,Matamata-Piako District,2025-09-01,6,14.5,16.658331248957683,27.1966240387293
xgboost_pooled_recursive,territorial_authority_15_bonds_lodged,bonds_lodged,territorial_authority,15,Matamata-Piako District,2025-09-01,6,22.64963150024414,25.619383955787292,38.564543392657065
ets_additive_damped,territorial_authority_15_bonds_lodged,bonds_lodged,territorial_authority,15,Matamata-Piako District,2025-10-01,6,9.133524785415366,12.787093472999931,18.88987746442453
seasonal_naive,territorial_authority_15_bonds_lodged,bonds_lodged,territorial_authority,15,Matamata-Piako District,2025-10-01,6,11.5,13.693063937629153,22.601803654435233
xgboost_pooled_recursive,territorial_authority_15_bonds_lodged,bonds_lodged,territorial_authority,15,Matamata-Piako District,2025-10-01,6,27.670321146647137,29.75431102247907,45.15045166017917
ets_additive_damped,territorial_authority_15_bonds_lodged,bonds_lodged,territorial_authority,15,Matamata-Piako District,2025-11-01,6,9.854429318152091,12.487540358578554,19.8506518955437
seasonal_naive,territorial_authority_15_bonds_lodged,bonds_lodged,territorial_authority,15,Matamata-Piako District,2025-11-01,6,12.0,13.96424004376894,22.972174024805604
xgboost_pooled_recursive,territorial_authority_15_bonds_lodged,bonds_lodged,territorial_authority,15,Matamata-Piako District,2025-11-01,6,22.531705220540363,25.23257049585894,38.08185420769914
ets_additive_damped,territorial_authority_15_bonds_lodged,bonds_lodged,territorial_authority,15,Matamata-Piako District,2025-12-01,6,10.77108597281518,13.18184131221332,21.190804305848555
seasonal_naive,territorial_authority_15_bonds_lodged,bonds_lodged,territorial_authority,15,Matamata-Piako District,2025-12-01,6,12.5,14.439529078193651,23.34254439517597
xgboost_pooled_recursive,territorial_authority_15_bonds_lodged,bonds_lodged,territorial_authority,15,Matamata-Piako District,2025-12-01,6,23.48335138956706,25.855578744114876,39.004308360398994
ets_additive_damped,territorial_authority_15_bonds_lodged,bonds_lodged,territorial_authority,15,Matamata-Piako District,2026-01-01,6,6.97561650776417,8.256438209754032,12.037786042284337
seasonal_naive,territorial_authority_15_bonds_lodged,bonds_lodged,territorial_authority,15,Matamata-Piako District,2026-01-01,6,10.5,12.668859459319927,17.237538290169866
xgboost_pooled_recursive,territorial_authority_15_bonds_lodged,bonds_lodged,territorial_authority,15,Matamata-Piako District,2026-01-01,6,9.433351516723633,10.809568562033547,16.412193902539748
ets_additive_damped,territorial_authority_16_bonds_lodged,bonds_lodged,territorial_authority,16,Hamilton City,2025-02-01,6,75.70161589156874,84.82682435722663,11.076362125221118
seasonal_naive,territorial_authority_16_bonds_lodged,bonds_lodged,territorial_authority,16,Hamilton City,2025-02-01,6,127.0,130.83577492413914,19.127844436156817
xgboost_pooled_recursive,territorial_authority_16_bonds_lodged,bonds_lodged,territorial_authority,16,Hamilton City,2025-02-01,6,47.59758504231771,55.16050177889657,6.368368583376142
ets_additive_damped,territorial_authority_16_bonds_lodged,bonds_lodged,territorial_authority,16,Hamilton City,2025-03-01,6,75.23695650112772,82.99995146261607,11.09155924153038
seasonal_naive,territorial_authority_16_bonds_lodged,bonds_lodged,territorial_authority,16,Hamilton City,2025-03-01,6,118.5,123.7234820072568,18.229514974933238
xgboost_pooled_recursive,territorial_authority_16_bonds_lodged,bonds_lodged,territorial_authority,16,Hamilton City,2025-03-01,6,54.92054239908854,68.53592324691971,7.636997491846274
ets_additive_damped,territorial_authority_16_bonds_lodged,bonds_lodged,territorial_authority,16,Hamilton City,2025-04-01,6,70.81597621073281,80.65298055875118,10.233947829090123
seasonal_naive,territorial_authority_16_bonds_lodged,bonds_lodged,territorial_authority,16,Hamilton City,2025-04-01,6,124.5,130.79564212923916,18.90207808530729
xgboost_pooled_recursive,territorial_authority_16_bonds_lodged,bonds_lodged,territorial_authority,16,Hamilton City,2025-04-01,6,35.71766153971354,44.79088072534761,5.043396159560223
ets_additive_damped,territorial_authority_16_bonds_lodged,bonds_lodged,territorial_authority,16,Hamilton City,2025-05-01,6,46.96276861587086,62.806909601108416,6.671238056039018
seasonal_naive,territorial_authority_16_bonds_lodged,bonds_lodged,territorial_authority,16,Hamilton City,2025-05-01,6,107.0,120.56118778446071,16.250717046849477
xgboost_pooled_recursive,territorial_authority_16_bonds_lodged,bonds_lodged,territorial_authority,16,Hamilton City,2025-05-01,6,52.27751668294271,60.78857659138778,7.233643409576899
ets_additive_damped,territorial_authority_16_bonds_lodged,bonds_lodged,territorial_authority,16,Hamilton City,2025-06-01,6,33.79902221490048,42.07023739237172,4.817589277547631
seasonal_naive,territorial_authority_16_bonds_lodged,bonds_lodged,territorial_authority,16,Hamilton City,2025-06-01,6,86.5,98.36920249752968,13.170595044457029
xgboost_pooled_recursive,territorial_authority_16_bonds_lodged,bonds_lodged,territorial_authority,16,Hamilton City,2025-06-01,6,80.4693603515625,101.44483699843825,10.836072511926686
ets_additive_damped,territorial_authority_16_bonds_lodged,bonds_lodged,territorial_authority,16,Hamilton City,2025-07-01,6,34.53817273692831,42.027452569030636,4.909715945456783
seasonal_naive,territorial_authority_16_bonds_lodged,bonds_lodged,territorial_authority,16,Hamilton City,2025-07-01,6,68.5,85.4429634317537,10.561889967940791
xgboost_pooled_recursive,territorial_authority_16_bonds_lodged,bonds_lodged,territorial_authority,16,Hamilton City,2025-07-01,6,113.57176717122395,131.01234473632073,14.557423580545
ets_additive_damped,territorial_authority_16_bonds_lodged,bonds_lodged,territorial_authority,16,Hamilton City,2025-08-01,6,53.90509420427954,69.16988317106757,7.019124103555578
seasonal_naive,territorial_authority_16_bonds_lodged,bonds_lodged,territorial_authority,16,Hamilton City,2025-08-01,6,78.0,95.96874491208062,11.16858585765555
xgboost_pooled_recursive,territorial_authority_16_bonds_lodged,bonds_lodged,territorial_authority,16,Hamilton City,2025-08-01,6,141.05905151367185,164.89991730092484,16.94552889574126
ets_additive_damped,territorial_authority_16_bonds_lodged,bonds_lodged,territorial_authority,16,Hamilton City,2025-09-01,6,79.54511462766193,101.54503362923242,10.713889031982356
seasonal_naive,territorial_authority_16_bonds_lodged,bonds_lodged,territorial_authority,16,Hamilton City,2025-09-01,6,90.0,109.62663909835054,12.631268903676144
xgboost_pooled_recursive,territorial_authority_16_bonds_lodged,bonds_lodged,territorial_authority,16,Hamilton City,2025-09-01,6,160.9986572265625,182.83513046771358,19.972431476653018
ets_additive_damped,territorial_authority_16_bonds_lodged,bonds_lodged,territorial_authority,16,Hamilton City,2025-10-01,6,92.82478843176933,112.88746350227377,12.649437883713624
seasonal_naive,territorial_authority_16_bonds_lodged,bonds_lodged,territorial_authority,16,Hamilton City,2025-10-01,6,76.5,92.6039955941427,10.628426732968265
xgboost_pooled_recursive,territorial_authority_16_bonds_lodged,bonds_lodged,territorial_authority,16,Hamilton City,2025-10-01,6,206.85718790690103,219.91286153611063,25.861164226881357
ets_additive_damped,territorial_authority_16_bonds_lodged,bonds_lodged,territorial_authority,16,Hamilton City,2025-11-01,6,104.4206115587619,118.67282229690406,14.56600516049308
seasonal_naive,territorial_authority_16_bonds_lodged,bonds_lodged,territorial_authority,16,Hamilton City,2025-11-01,6,95.0,106.7988763985839,13.44488499534683
xgboost_pooled_recursive,territorial_authority_16_bonds_lodged,bonds_lodged,territorial_authority,16,Hamilton City,2025-11-01,6,226.38868204752603,231.51225017852425,28.958969911698855
ets_additive_damped,territorial_authority_16_bonds_lodged,bonds_lodged,territorial_authority,16,Hamilton City,2025-12-01,6,101.68575083691367,115.00207108268481,14.580548780532062
seasonal_naive,territorial_authority_16_bonds_lodged,bonds_lodged,territorial_authority,16,Hamilton City,2025-12-01,6,115.0,126.83059567785685,16.4416557569128
xgboost_pooled_recursive,territorial_authority_16_bonds_lodged,bonds_lodged,territorial_authority,16,Hamilton City,2025-12-01,6,225.60649617513022,228.77796481683274,29.610228970340884
ets_additive_damped,territorial_authority_16_bonds_lodged,bonds_lodged,territorial_authority,16,Hamilton City,2026-01-01,6,107.88753426820337,115.77115977030776,15.478979742221602
seasonal_naive,territorial_authority_16_bonds_lodged,bonds_lodged,territorial_authority,16,Hamilton City,2026-01-01,6,125.5,130.38213067748202,17.92163223688928
xgboost_pooled_recursive,territorial_authority_16_bonds_lodged,bonds_lodged,territorial_authority,16,Hamilton City,2026-01-01,6,107.1677958170573,112.47090402863543,15.604273419321979
ets_additive_damped,territorial_authority_17_bonds_lodged,bonds_lodged,territorial_authority,17,Waipa District,2025-02-01,6,26.77501674860153,28.07476639384528,25.47596902164581
seasonal_naive,territorial_authority_17_bonds_lodged,bonds_lodged,territorial_authority,17,Waipa District,2025-02-01,6,41.0,41.677331968349414,42.02994088799048
xgboost_pooled_recursive,territorial_authority_17_bonds_lodged,bonds_lodged,territorial_authority,17,Waipa District,2025-02-01,6,14.877680460611977,15.942230727175959,13.330197678132375
ets_additive_damped,territorial_authority_17_bonds_lodged,bonds_lodged,territorial_authority,17,Waipa District,2025-03-01,6,23.815174723667194,25.33710491970749,22.553497147389393
seasonal_naive,territorial_authority_17_bonds_lodged,bonds_lodged,territorial_authority,17,Waipa District,2025-03-01,6,41.0,41.677331968349414,42.60597775434994
xgboost_pooled_recursive,territorial_authority_17_bonds_lodged,bonds_lodged,territorial_authority,17,Waipa District,2025-03-01,6,9.696741739908857,10.901986970329572,8.50963090562072
ets_additive_damped,territorial_authority_17_bonds_lodged,bonds_lodged,territorial_authority,17,Waipa District,2025-04-01,6,17.748887937822893,19.563762083535376,16.327177285530745
seasonal_naive,territorial_authority_17_bonds_lodged,bonds_lodged,territorial_authority,17,Waipa District,2025-04-01,6,39.0,39.61060464067672,40.25382721671553
xgboost_pooled_recursive,territorial_authority_17_bonds_lodged,bonds_lodged,territorial_authority,17,Waipa District,2025-04-01,6,8.119202931722008,9.790765643179009,7.025160602556628
ets_additive_damped,territorial_authority_17_bonds_lodged,bonds_lodged,territorial_authority,17,Waipa District,2025-05-01,6,14.884798302158316,17.00378722669893,13.735508734793736
seasonal_naive,territorial_authority_17_bonds_lodged,bonds_lodged,territorial_authority,17,Waipa District,2025-05-01,6,39.0,39.61060464067672,41.21393893880682
xgboost_pooled_recursive,territorial_authority_17_bonds_lodged,bonds_lodged,territorial_authority,17,Waipa District,2025-05-01,6,10.98868942260742,12.851690472933019,9.610731846192046
ets_additive_damped,territorial_authority_17_bonds_lodged,bonds_lodged,territorial_authority,17,Waipa District,2025-06-01,6,10.254535096236898,13.048985848334217,9.404379452272368
seasonal_naive,territorial_authority_17_bonds_lodged,bonds_lodged,territorial_authority,17,Waipa District,2025-06-01,6,32.5,35.72814016989969,34.626323655539366
xgboost_pooled_recursive,territorial_authority_17_bonds_lodged,bonds_lodged,territorial_authority,17,Waipa District,2025-06-01,6,13.049866994222006,14.90791677763178,11.401735930705303
ets_additive_damped,territorial_authority_17_bonds_lodged,bonds_lodged,territorial_authority,17,Waipa District,2025-07-01,6,9.974580222289942,12.725849539229324,9.15942827620033
seasonal_naive,territorial_authority_17_bonds_lodged,bonds_lodged,territorial_authority,17,Waipa District,2025-07-01,6,27.5,31.72538415843061,29.249979569517855
xgboost_pooled_recursive,territorial_authority_17_bonds_lodged,bonds_lodged,territorial_authority,17,Waipa District,2025-07-01,6,21.73548634847005,23.32903316954591,18.665743845492795
ets_additive_damped,territorial_authority_17_bonds_lodged,bonds_lodged,territorial_authority,17,Waipa District,2025-08-01,6,5.045410501264063,5.510159582245239,4.849046984481258
seasonal_naive,territorial_authority_17_bonds_lodged,bonds_lodged,territorial_authority,17,Waipa District,2025-08-01,6,22.5,25.42636427018224,24.465105944204332
xgboost_pooled_recursive,territorial_authority_17_bonds_lodged,bonds_lodged,territorial_authority,17,Waipa District,2025-08-01,6,16.46274693806966,18.498259779626242,14.842362669744528
ets_additive_damped,territorial_authority_17_bonds_lodged,bonds_lodged,territorial_authority,17,Waipa District,2025-09-01,6,7.897228260039893,9.768324893990533,7.7115719631767705
seasonal_naive,territorial_authority_17_bonds_lodged,bonds_lodged,territorial_authority,17,Waipa District,2025-09-01,6,20.5,23.46273641330013,21.54302802212641
xgboost_pooled_recursive,territorial_authority_17_bonds_lodged,bonds_lodged,territorial_authority,17,Waipa District,2025-09-01,6,19.853233337402344,23.887398610189084,17.851842838837104
ets_additive_damped,territorial_authority_17_bonds_lodged,bonds_lodged,territorial_authority,17,Waipa District,2025-10-01,6,8.417816078961247,10.764829918688148,8.283583193781974
seasonal_naive,territorial_authority_17_bonds_lodged,bonds_lodged,territorial_authority,17,Waipa District,2025-10-01,6,18.0,20.199009876724155,18.579412998652234
xgboost_pooled_recursive,territorial_authority_17_bonds_lodged,bonds_lodged,territorial_authority,17,Waipa District,2025-10-01,6,24.44302241007487,27.396669871477847,21.90361891439753
ets_additive_damped,territorial_authority_17_bonds_lodged,bonds_lodged,territorial_authority,17,Waipa District,2025-11-01,6,12.288516239202934,14.54386123287638,11.966981134940468
seasonal_naive,territorial_authority_17_bonds_lodged,bonds_lodged,territorial_authority,17,Waipa District,2025-11-01,6,16.5,17.95828499606797,15.956188270164345
xgboost_pooled_recursive,territorial_authority_17_bonds_lodged,bonds_lodged,territorial_authority,17,Waipa District,2025-11-01,6,25.25490442911784,27.21784276088403,22.974146773425478
ets_additive_damped,territorial_authority_17_bonds_lodged,bonds_lodged,territorial_authority,17,Waipa District,2025-12-01,6,14.184827127068834,15.692658640811757,13.696714147734939
seasonal_naive,territorial_authority_17_bonds_lodged,bonds_lodged,territorial_authority,17,Waipa District,2025-12-01,6,19.0,19.364916731037084,18.175799185427437
xgboost_pooled_recursive,territorial_authority_17_bonds_lodged,bonds_lodged,territorial_authority,17,Waipa District,2025-12-01,6,28.082136789957683,28.86278485118918,25.36393344810886
ets_additive_damped,territorial_authority_17_bonds_lodged,bonds_lodged,territorial_authority,17,Waipa District,2026-01-01,6,12.080041453748274,13.90223809589084,11.665986800417134
seasonal_naive,territorial_authority_17_bonds_lodged,bonds_lodged,territorial_authority,17,Waipa District,2026-01-01,6,17.5,18.774983355518586,16.469705995463276
xgboost_pooled_recursive,territorial_authority_17_bonds_lodged,bonds_lodged,territorial_authority,17,Waipa District,2026-01-01,6,8.687136332194015,9.86111252019919,8.635355450306076
ets_additive_damped,territorial_authority_19_bonds_lodged,bonds_lodged,territorial_authority,19,South Waikato District,2025-02-01,6,24.094879795351844,25.741487226787612,35.84129250379275
seasonal_naive,territorial_authority_19_bonds_lodged,bonds_lodged,territorial_authority,19,South Waikato District,2025-02-01,6,29.0,32.63433774416144,47.03180947978989
xgboost_pooled_recursive,territorial_authority_19_bonds_lodged,bonds_lodged,territorial_authority,19,South Waikato District,2025-02-01,6,19.55346870422363,20.93168970727478,28.187426031441333
ets_additive_damped,territorial_authority_19_bonds_lodged,bonds_lodged,territorial_authority,19,South Waikato District,2025-03-01,6,22.01216356239532,24.052970073781385,32.61263179637327
seasonal_naive,territorial_authority_19_bonds_lodged,bonds_lodged,territorial_authority,19,South Waikato District,2025-03-01,6,29.0,32.63433774416144,48.20828006802518
xgboost_pooled_recursive,territorial_authority_19_bonds_lodged,bonds_lodged,territorial_authority,19,South Waikato District,2025-03-01,6,12.163663228352865,14.566634134751165,16.55292453898208
ets_additive_damped,territorial_authority_19_bonds_lodged,bonds_lodged,territorial_authority,19,South Waikato District,2025-04-01,6,14.150401519149506,15.369545232616526,20.732102800670752
seasonal_naive,territorial_authority_19_bonds_lodged,bonds_lodged,territorial_authority,19,South Waikato District,2025-04-01,6,25.0,27.440845468024488,42.72229318668948
xgboost_pooled_recursive,territorial_authority_19_bonds_lodged,bonds_lodged,territorial_authority,19,South Waikato District,2025-04-01,6,7.12954584757487,10.381835694227432,9.448033887347997
ets_additive_damped,territorial_authority_19_bonds_lodged,bonds_lodged,territorial_authority,19,South Waikato District,2025-05-01,6,12.993691419002412,14.265833330782456,20.005978719080993
seasonal_naive,territorial_authority_19_bonds_lodged,bonds_lodged,territorial_authority,19,South Waikato District,2025-05-01,6,25.5,27.685736399814257,44.742495206891505
xgboost_pooled_recursive,territorial_authority_19_bonds_lodged,bonds_lodged,territorial_authority,19,South Waikato District,2025-05-01,6,13.027205149332682,19.605425342286733,19.119479719373047
ets_additive_damped,territorial_authority_19_bonds_lodged,bonds_lodged,territorial_authority,19,South Waikato District,2025-06-01,6,10.760535105894036,13.078352251832388,16.64582867071852
seasonal_naive,territorial_authority_19_bonds_lodged,bonds_lodged,territorial_authority,19,South Waikato District,2025-06-01,6,22.0,25.099800796022265,38.534667946432656
xgboost_pooled_recursive,territorial_authority_19_bonds_lodged,bonds_lodged,territorial_authority,19,South Waikato District,2025-06-01,6,19.628438313802082,26.40377451624709,27.867535039292125
ets_additive_damped,territorial_authority_19_bonds_lodged,bonds_lodged,territorial_authority,19,South Waikato District,2025-07-01,6,9.881244639410552,11.810512124432673,16.488447352557262
seasonal_naive,territorial_authority_19_bonds_lodged,bonds_lodged,territorial_authority,19,South Waikato District,2025-07-01,6,15.0,17.146428199482248,26.789423943124135
xgboost_pooled_recursive,territorial_authority_19_bonds_lodged,bonds_lodged,territorial_authority,19,South Waikato District,2025-07-01,6,26.02954355875651,30.633387970965668,37.41156937342656
ets_additive_damped,territorial_authority_19_bonds_lodged,bonds_lodged,territorial_authority,19,South Waikato District,2025-08-01,6,11.567886219550582,13.25681440136682,20.78164021653185
seasonal_naive,territorial_authority_19_bonds_lodged,bonds_lodged,territorial_authority,19,South Waikato District,2025-08-01,6,15.0,17.146428199482248,28.146890006472546
xgboost_pooled_recursive,territorial_authority_19_bonds_lodged,bonds_lodged,territorial_authority,19,South Waikato District,2025-08-01,6,32.942850748697914,36.023575124789325,47.74595132146941
ets_additive_damped,territorial_authority_19_bonds_lodged,bonds_lodged,territorial_authority,19,South Waikato District,2025-09-01,6,13.650829515208885,14.756686720526586,24.10481696873891
seasonal_naive,territorial_authority_19_bonds_lodged,bonds_lodged,territorial_authority,19,South Waikato District,2025-09-01,6,14.0,15.874507866387544,25.065657513475355
xgboost_pooled_recursive,territorial_authority_19_bonds_lodged,bonds_lodged,territorial_authority,19,South Waikato District,2025-09-01,6,29.71689732869466,32.257419796993396,45.08495650695449
ets_additive_damped,territorial_authority_19_bonds_lodged,bonds_lodged,territorial_authority,19,South Waikato District,2025-10-01,6,14.798072156477046,15.85023653426446,26.091669835774816
seasonal_naive,territorial_authority_19_bonds_lodged,bonds_lodged,territorial_authority,19,South Waikato District,2025-10-01,6,15.0,17.663521732655695,24.85634301844657
xgboost_pooled_recursive,territorial_authority_19_bonds_lodged,bonds_lodged,territorial_authority,19,South Waikato District,2025-10-01,6,34.89688618977865,35.15241718090278,52.02140302279491
ets_additive_damped,territorial_authority_19_bonds_lodged,bonds_lodged,territorial_authority,19,South Waikato District,2025-11-01,6,10.006938508554521,11.350527217366718,17.443593848549824
seasonal_naive,territorial_authority_19_bonds_lodged,bonds_lodged,territorial_authority,19,South Waikato District,2025-11-01,6,14.5,17.277152543170995,22.83614099824455
xgboost_pooled_recursive,territorial_authority_19_bonds_lodged,bonds_lodged,territorial_authority,19,South Waikato District,2025-11-01,6,26.607379913330078,27.05382503029698,40.27352533878256
ets_additive_damped,territorial_authority_19_bonds_lodged,bonds_lodged,territorial_authority,19,South Waikato District,2025-12-01,6,10.841995009390251,11.680618356301744,18.724304755343788
seasonal_naive,territorial_authority_19_bonds_lodged,bonds_lodged,territorial_authority,19,South Waikato District,2025-12-01,6,15.5,17.95828499606797,24.14800742639005
xgboost_pooled_recursive,territorial_authority_19_bonds_lodged,bonds_lodged,territorial_authority,19,South Waikato District,2025-12-01,6,27.433326721191406,27.515937690558655,41.11730991499296
ets_additive_damped,territorial_authority_19_bonds_lodged,bonds_lodged,territorial_authority,19,South Waikato District,2026-01-01,6,9.043743374965981,10.021788736644691,15.161878927186589
seasonal_naive,territorial_authority_19_bonds_lodged,bonds_lodged,territorial_authority,19,South Waikato District,2026-01-01,6,16.0,18.083141320025124,24.354789891237026
xgboost_pooled_recursive,territorial_authority_19_bonds_lodged,bonds_lodged,territorial_authority,19,South Waikato District,2026-01-01,6,9.429131189982096,9.913349440379651,15.826681702527301
ets_additive_damped,territorial_authority_1_bonds_lodged,bonds_lodged,territorial_authority,1,Far North District,2025-02-01,6,21.03888766923301,22.070027924818646,21.525742859515297
seasonal_naive,territorial_authority_1_bonds_lodged,bonds_lodged,territorial_authority,1,Far North District,2025-02-01,6,26.0,31.272991542223778,28.492938320094414
xgboost_pooled_recursive,territorial_authority_1_bonds_lodged,bonds_lodged,territorial_authority,1,Far North District,2025-02-01,6,11.901613871256506,13.596608849636757,11.531225776745641
ets_additive_damped,territorial_authority_1_bonds_lodged,bonds_lodged,territorial_authority,1,Far North District,2025-03-01,6,13.132211767093876,14.962195282286773,13.345119957185828
seasonal_naive,territorial_authority_1_bonds_lodged,bonds_lodged,territorial_authority,1,Far North District,2025-03-01,6,21.0,24.859605789312106,23.296888085217603
xgboost_pooled_recursive,territorial_authority_1_bonds_lodged,bonds_lodged,territorial_authority,1,Far North District,2025-03-01,6,8.939244588216146,11.543470781158407,8.371595309628686
ets_additive_damped,territorial_authority_1_bonds_lodged,bonds_lodged,territorial_authority,1,Far North District,2025-04-01,6,7.1190794905484935,10.109466331069223,6.995722590116348
seasonal_naive,territorial_authority_1_bonds_lodged,bonds_lodged,territorial_authority,1,Far North District,2025-04-01,6,16.0,17.832554500127006,16.851481639811162
xgboost_pooled_recursive,territorial_authority_1_bonds_lodged,bonds_lodged,territorial_authority,1,Far North District,2025-04-01,6,13.987656911214193,15.894526510283482,12.715019326847063
ets_additive_damped,territorial_authority_1_bonds_lodged,bonds_lodged,territorial_authority,1,Far North District,2025-05-01,6,7.286008749118056,10.243150463647373,7.4561709158184675
seasonal_naive,territorial_authority_1_bonds_lodged,bonds_lodged,territorial_authority,1,Far North District,2025-05-01,6,15.5,17.449928366615147,16.95404574237526
xgboost_pooled_recursive,territorial_authority_1_bonds_lodged,bonds_lodged,territorial_authority,1,Far North District,2025-05-01,6,15.501113891601564,19.23219925763764,14.877863519609882
ets_additive_damped,territorial_authority_1_bonds_lodged,bonds_lodged,territorial_authority,1,Far North District,2025-06-01,6,8.163971212463272,9.415976679304373,8.639754861316007
seasonal_naive,territorial_authority_1_bonds_lodged,bonds_lodged,territorial_authority,1,Far North District,2025-06-01,6,15.5,17.449928366615147,17.088454344525804
xgboost_pooled_recursive,territorial_authority_1_bonds_lodged,bonds_lodged,territorial_authority,1,Far North District,2025-06-01,6,21.642676035563145,25.50262265035374,20.965477481239404
ets_additive_damped,territorial_authority_1_bonds_lodged,bonds_lodged,territorial_authority,1,Far North District,2025-07-01,6,12.37379510218945,14.40463664508266,13.7449219197605
seasonal_naive,territorial_authority_1_bonds_lodged,bonds_lodged,territorial_authority,1,Far North District,2025-07-01,6,12.5,15.247950681976906,14.387083941292042
xgboost_pooled_recursive,territorial_authority_1_bonds_lodged,bonds_lodged,territorial_authority,1,Far North District,2025-07-01,6,28.819388071695954,33.156458362875206,28.43239925695521
ets_additive_damped,territorial_authority_1_bonds_lodged,bonds_lodged,territorial_authority,1,Far North District,2025-08-01,6,13.317004436737468,14.897151486781967,14.843146677159583
seasonal_naive,territorial_authority_1_bonds_lodged,bonds_lodged,territorial_authority,1,Far North District,2025-08-01,6,14.0,15.684387141358123,16.20526575947386
xgboost_pooled_recursive,territorial_authority_1_bonds_lodged,bonds_lodged,territorial_authority,1,Far North District,2025-08-01,6,27.219200134277344,29.702289654889345,27.683771579519068
ets_additive_damped,territorial_authority_1_bonds_lodged,bonds_lodged,territorial_authority,1,Far North District,2025-09-01,6,15.536830271494024,16.93012090070039,17.088902645196367
seasonal_naive,territorial_authority_1_bonds_lodged,bonds_lodged,territorial_authority,1,Far North District,2025-09-01,6,15.5,17.95828499606797,17.0136592923256
xgboost_pooled_recursive,territorial_authority_1_bonds_lodged,bonds_lodged,territorial_authority,1,Far North District,2025-09-01,6,25.82142384847005,27.97182981547157,26.733992198159868
ets_additive_damped,territorial_authority_1_bonds_lodged,bonds_lodged,territorial_authority,1,Far North District,2025-10-01,6,15.860390673738609,16.643806128541783,17.47302355106881
seasonal_naive,territorial_authority_1_bonds_lodged,bonds_lodged,territorial_authority,1,Far North District,2025-10-01,6,15.0,17.578395831246947,16.388358667024974
xgboost_pooled_recursive,territorial_authority_1_bonds_lodged,bonds_lodged,territorial_authority,1,Far North District,2025-10-01,6,30.09229914347331,30.62789222304933,30.638813118812326
ets_additive_damped,territorial_authority_1_bonds_lodged,bonds_lodged,territorial_authority,1,Far North District,2025-11-01,6,12.647312045563572,13.663917293427062,13.856888943939117
seasonal_naive,territorial_authority_1_bonds_lodged,bonds_lodged,territorial_authority,1,Far North District,2025-11-01,6,14.0,17.05872210923198,14.702084157221048
xgboost_pooled_recursive,territorial_authority_1_bonds_lodged,bonds_lodged,territorial_authority,1,Far North District,2025-11-01,6,24.036294301350917,24.694386612204475,24.619376122942093
ets_additive_damped,territorial_authority_1_bonds_lodged,bonds_lodged,territorial_authority,1,Far North District,2025-12-01,6,10.28927411339606,11.733352526264342,11.252319215969397
seasonal_naive,territorial_authority_1_bonds_lodged,bonds_lodged,territorial_authority,1,Far North District,2025-12-01,6,11.0,14.177446878757825,11.3533898407848
xgboost_pooled_recursive,territorial_authority_1_bonds_lodged,bonds_lodged,territorial_authority,1,Far North District,2025-12-01,6,20.721897125244144,21.6281217426336,21.140890423185134
ets_additive_damped,territorial_authority_1_bonds_lodged,bonds_lodged,territorial_authority,1,Far North District,2026-01-01,6,7.699724365842506,9.11539644988811,8.06800071098429
seasonal_naive,territorial_authority_1_bonds_lodged,bonds_lodged,territorial_authority,1,Far North District,2026-01-01,6,14.5,17.190113437671084,14.594686359392242
xgboost_pooled_recursive,territorial_authority_1_bonds_lodged,bonds_lodged,territorial_authority,1,Far North District,2026-01-01,6,4.254250844319661,5.152864441264512,4.525852761848716
ets_additive_damped,territorial_authority_21_bonds_lodged,bonds_lodged,territorial_authority,21,Taupo District,2025-02-01,6,10.71514134064599,13.03311673762117,11.779157467810506
seasonal_naive,territorial_authority_21_bonds_lodged,bonds_lodged,territorial_authority,21,Taupo District,2025-02-01,6,14.0,17.4928556845359,16.11102261608825
xgboost_pooled_recursive,territorial_authority_21_bonds_lodged,bonds_lodged,territorial_authority,21,Taupo District,2025-02-01,6,6.2398122151692705,7.26702391681842,6.713381100871585
ets_additive_damped,territorial_authority_21_bonds_lodged,bonds_lodged,territorial_authority,21,Taupo District,2025-03-01,6,13.047204048304287,15.529968623056723,14.321407446050685
seasonal_naive,territorial_authority_21_bonds_lodged,bonds_lodged,territorial_authority,21,Taupo District,2025-03-01,6,18.0,21.77154105707724,21.00530961563841
xgboost_pooled_recursive,territorial_authority_21_bonds_lodged,bonds_lodged,territorial_authority,21,Taupo District,2025-03-01,6,9.097152709960938,11.555223795632175,9.42636147278888
ets_additive_damped,territorial_authority_21_bonds_lodged,bonds_lodged,territorial_authority,21,Taupo District,2025-04-01,6,15.164492477257335,16.745797695813323,16.70186805850163
seasonal_naive,territorial_authority_21_bonds_lodged,bonds_lodged,territorial_authority,21,Taupo District,2025-04-01,6,21.0,24.124676163629637,24.57306261735367
xgboost_pooled_recursive,territorial_authority_21_bonds_lodged,bonds_lodged,territorial_authority,21,Taupo District,2025-04-01,6,8.551672617594397,10.899926445920023,8.607580812414673
ets_additive_damped,territorial_authority_21_bonds_lodged,bonds_lodged,territorial_authority,21,Taupo District,2025-05-01,6,13.007694426242855,14.83869632746466,14.413985330475207
seasonal_naive,territorial_authority_21_bonds_lodged,bonds_lodged,territorial_authority,21,Taupo District,2025-05-01,6,22.5,24.76893215300167,26.96432215147035
xgboost_pooled_recursive,territorial_authority_21_bonds_lodged,bonds_lodged,territorial_authority,21,Taupo District,2025-05-01,6,12.552951812744146,16.386995384057055,12.830853774892095
ets_additive_damped,territorial_authority_21_bonds_lodged,bonds_lodged,territorial_authority,21,Taupo District,2025-06-01,6,12.28362482390076,13.88409800842188,13.895081686154873
seasonal_naive,territorial_authority_21_bonds_lodged,bonds_lodged,territorial_authority,21,Taupo District,2025-06-01,6,18.0,21.563858652847824,21.397543251358115
xgboost_pooled_recursive,territorial_authority_21_bonds_lodged,bonds_lodged,territorial_authority,21,Taupo District,2025-06-01,6,14.834877014160154,18.857391181776173,15.285339181145554
ets_additive_damped,territorial_authority_21_bonds_lodged,bonds_lodged,territorial_authority,21,Taupo District,2025-07-01,6,15.306775569287032,16.484632759046704,17.920234142917202
seasonal_naive,territorial_authority_21_bonds_lodged,bonds_lodged,territorial_authority,21,Taupo District,2025-07-01,6,18.0,21.563858652847824,21.39754325135812
xgboost_pooled_recursive,territorial_authority_21_bonds_lodged,bonds_lodged,territorial_authority,21,Taupo District,2025-07-01,6,14.640366872151695,17.766600154246433,15.123756311236166
ets_additive_damped,territorial_authority_21_bonds_lodged,bonds_lodged,territorial_authority,21,Taupo District,2025-08-01,6,11.612467068544547,12.891978481790568,13.615886835221943
seasonal_naive,territorial_authority_21_bonds_lodged,bonds_lodged,territorial_authority,21,Taupo District,2025-08-01,6,16.5,19.937402037376884,20.05093903590144
xgboost_pooled_recursive,territorial_authority_21_bonds_lodged,bonds_lodged,territorial_authority,21,Taupo District,2025-08-01,6,14.830647786458334,17.109721558688452,15.346268754893972
ets_additive_damped,territorial_authority_21_bonds_lodged,bonds_lodged,territorial_authority,21,Taupo District,2025-09-01,6,11.826734718140209,14.329531005318191,14.099598096398887
seasonal_naive,territorial_authority_21_bonds_lodged,bonds_lodged,territorial_authority,21,Taupo District,2025-09-01,6,15.0,17.663521732655695,18.55646210282802
xgboost_pooled_recursive,territorial_authority_21_bonds_lodged,bonds_lodged,territorial_authority,21,Taupo District,2025-09-01,6,18.031349182128906,21.88752057560898,19.44367235315577
ets_additive_damped,territorial_authority_21_bonds_lodged,bonds_lodged,territorial_authority,21,Taupo District,2025-10-01,6,10.976974825615542,14.184778172338834,12.959328978277451
seasonal_naive,territorial_authority_21_bonds_lodged,bonds_lodged,territorial_authority,21,Taupo District,2025-10-01,6,13.0,15.0996688705415,15.834157085441033
xgboost_pooled_recursive,territorial_authority_21_bonds_lodged,bonds_lodged,territorial_authority,21,Taupo District,2025-10-01,6,21.65761947631836,24.05719338323171,22.848279143803403
ets_additive_damped,territorial_authority_21_bonds_lodged,bonds_lodged,territorial_authority,21,Taupo District,2025-11-01,6,11.002550555487735,14.077518802263665,12.932428983521275
seasonal_naive,territorial_authority_21_bonds_lodged,bonds_lodged,territorial_authority,21,Taupo District,2025-11-01,6,11.0,13.856406460551018,12.915888328662959
xgboost_pooled_recursive,territorial_authority_21_bonds_lodged,bonds_lodged,territorial_authority,21,Taupo District,2025-11-01,6,14.006624857584635,17.31663620013275,15.162532248197758
ets_additive_damped,territorial_authority_21_bonds_lodged,bonds_lodged,territorial_authority,21,Taupo District,2025-12-01,6,9.105262337667655,13.79474887675959,10.59288027909398
seasonal_naive,territorial_authority_21_bonds_lodged,bonds_lodged,territorial_authority,21,Taupo District,2025-12-01,6,10.5,13.80217374184226,12.309827722602353
xgboost_pooled_recursive,territorial_authority_21_bonds_lodged,bonds_lodged,territorial_authority,21,Taupo District,2025-12-01,6,13.574473063151048,17.706854470248043,14.408821113613588
ets_additive_damped,territorial_authority_21_bonds_lodged,bonds_lodged,territorial_authority,21,Taupo District,2026-01-01,6,7.135782395962224,13.622393316765628,8.139289707077152
seasonal_naive,territorial_authority_21_bonds_lodged,bonds_lodged,territorial_authority,21,Taupo District,2026-01-01,6,13.0,15.588457268119896,14.95083885257783
xgboost_pooled_recursive,territorial_authority_21_bonds_lodged,bonds_lodged,territorial_authority,21,Taupo District,2026-01-01,6,12.276676177978516,12.95685499918928,13.71061776331076
ets_additive_damped,territorial_authority_22_bonds_lodged,bonds_lodged,territorial_authority,22,Western Bay of Plenty District,2025-02-01,6,19.318002530281955,20.46527651836297,23.432022310726595
seasonal_naive,territorial_authority_22_bonds_lodged,bonds_lodged,territorial_authority,22,Western Bay of Plenty District,2025-02-01,6,36.5,37.60983913818298,49.94509146590553
xgboost_pooled_recursive,territorial_authority_22_bonds_lodged,bonds_lodged,territorial_authority,22,Western Bay of Plenty District,2025-02-01,6,12.475072224934896,15.45201345304425,14.366260487806395
ets_additive_damped,territorial_authority_22_bonds_lodged,bonds_lodged,territorial_authority,22,Western Bay of Plenty District,2025-03-01,6,12.500997582732746,14.3060720599436,14.685277796166254
seasonal_naive,territorial_authority_22_bonds_lodged,bonds_lodged,territorial_authority,22,Western Bay of Plenty District,2025-03-01,6,37.0,38.301436004411116,51.87745861566398
xgboost_pooled_recursive,territorial_authority_22_bonds_lodged,bonds_lodged,territorial_authority,22,Western Bay of Plenty District,2025-03-01,6,9.671474456787108,10.663881516276765,10.56591903294734
ets_additive_damped,territorial_authority_22_bonds_lodged,bonds_lodged,territorial_authority,22,Western Bay of Plenty District,2025-04-01,6,10.259793678196347,12.61647682092623,11.728615191973406
seasonal_naive,territorial_authority_22_bonds_lodged,bonds_lodged,territorial_authority,22,Western Bay of Plenty District,2025-04-01,6,38.5,40.08116764766216,54.10875113267078
xgboost_pooled_recursive,territorial_authority_22_bonds_lodged,bonds_lodged,territorial_authority,22,Western Bay of Plenty District,2025-04-01,6,12.074239095052084,13.812453620636658,12.728489700912485
ets_additive_damped,territorial_authority_22_bonds_lodged,bonds_lodged,territorial_authority,22,Western Bay of Plenty District,2025-05-01,6,9.026320423395562,10.518229103344225,10.297682861385562
seasonal_naive,territorial_authority_22_bonds_lodged,bonds_lodged,territorial_authority,22,Western Bay of Plenty District,2025-05-01,6,37.0,38.88444419044716,52.29879638153956
xgboost_pooled_recursive,territorial_authority_22_bonds_lodged,bonds_lodged,territorial_authority,22,Western Bay of Plenty District,2025-05-01,6,16.104918162027992,17.096120420050546,16.670313521780958
ets_additive_damped,territorial_authority_22_bonds_lodged,bonds_lodged,territorial_authority,22,Western Bay of Plenty District,2025-06-01,6,11.77561506945461,13.034011624051086,14.564775302710878
seasonal_naive,territorial_authority_22_bonds_lodged,bonds_lodged,territorial_authority,22,Western Bay of Plenty District,2025-06-01,6,31.5,36.020827308655754,44.45784506232737
xgboost_pooled_recursive,territorial_authority_22_bonds_lodged,bonds_lodged,territorial_authority,22,Western Bay of Plenty District,2025-06-01,6,14.300731658935542,22.7121848367066,16.59116334026031
ets_additive_damped,territorial_authority_22_bonds_lodged,bonds_lodged,territorial_authority,22,Western Bay of Plenty District,2025-07-01,6,13.341021379618224,14.596997652207198,17.205658632146122
seasonal_naive,territorial_authority_22_bonds_lodged,bonds_lodged,territorial_authority,22,Western Bay of Plenty District,2025-07-01,6,32.5,36.68105778191245,45.615755034827004
xgboost_pooled_recursive,territorial_authority_22_bonds_lodged,bonds_lodged,territorial_authority,22,Western Bay of Plenty District,2025-07-01,6,18.849575042724606,26.50568368249004,22.68430777454439
ets_additive_damped,territorial_authority_22_bonds_lodged,bonds_lodged,territorial_authority,22,Western Bay of Plenty District,2025-08-01,6,13.622981049117291,14.688274479213332,17.54860995204658
seasonal_naive,territorial_authority_22_bonds_lodged,bonds_lodged,territorial_authority,22,Western Bay of Plenty District,2025-08-01,6,27.5,34.13942003022313,38.07366749273947
xgboost_pooled_recursive,territorial_authority_22_bonds_lodged,bonds_lodged,territorial_authority,22,Western Bay of Plenty District,2025-08-01,6,21.790777842203777,27.28835705109826,25.80005069340302
ets_additive_damped,territorial_authority_22_bonds_lodged,bonds_lodged,territorial_authority,22,Western Bay of Plenty District,2025-09-01,6,13.072236137169213,14.774178700259938,16.99208445443713
seasonal_naive,territorial_authority_22_bonds_lodged,bonds_lodged,territorial_authority,22,Western Bay of Plenty District,2025-09-01,6,22.0,27.440845468024488,28.85532584389176
xgboost_pooled_recursive,territorial_authority_22_bonds_lodged,bonds_lodged,territorial_authority,22,Western Bay of Plenty District,2025-09-01,6,24.272862752278645,28.724597135901746,28.32975256964721
ets_additive_damped,territorial_authority_22_bonds_lodged,bonds_lodged,territorial_authority,22,Western Bay of Plenty District,2025-10-01,6,15.616683427818863,17.668649941753646,20.129474420691984
seasonal_naive,territorial_authority_22_bonds_lodged,bonds_lodged,territorial_authority,22,Western Bay of Plenty District,2025-10-01,6,17.0,19.82422760159901,21.384267245013618
xgboost_pooled_recursive,territorial_authority_22_bonds_lodged,bonds_lodged,territorial_authority,22,Western Bay of Plenty District,2025-10-01,6,31.995479583740238,34.65154601884113,36.26170134517801
ets_additive_damped,territorial_authority_22_bonds_lodged,bonds_lodged,territorial_authority,22,Western Bay of Plenty District,2025-11-01,6,17.64729196390567,19.05280676941299,22.369667656314938
seasonal_naive,territorial_authority_22_bonds_lodged,bonds_lodged,territorial_authority,22,Western Bay of Plenty District,2025-11-01,6,14.5,17.190113437671084,17.724136526059368
xgboost_pooled_recursive,territorial_authority_22_bonds_lodged,bonds_lodged,territorial_authority,22,Western Bay of Plenty District,2025-11-01,6,30.72347640991211,31.569568914434587,35.512552167875036
ets_additive_damped,territorial_authority_22_bonds_lodged,bonds_lodged,territorial_authority,22,Western Bay of Plenty District,2025-12-01,6,7.742183815359492,10.029687522051637,9.978426214531904
seasonal_naive,territorial_authority_22_bonds_lodged,bonds_lodged,territorial_authority,22,Western Bay of Plenty District,2025-12-01,6,14.5,17.190113437671084,17.454230992995935
xgboost_pooled_recursive,territorial_authority_22_bonds_lodged,bonds_lodged,territorial_authority,22,Western Bay of Plenty District,2025-12-01,6,22.569416046142578,23.42832159068442,25.821504977630184
ets_additive_damped,territorial_authority_22_bonds_lodged,bonds_lodged,territorial_authority,22,Western Bay of Plenty District,2026-01-01,6,6.719746784380971,8.148527259249716,8.434126025617356
seasonal_naive,territorial_authority_22_bonds_lodged,bonds_lodged,territorial_authority,22,Western Bay of Plenty District,2026-01-01,6,12.0,14.071247279470288,13.998448680070766
xgboost_pooled_recursive,territorial_authority_22_bonds_lodged,bonds_lodged,territorial_authority,22,Western Bay of Plenty District,2026-01-01,6,4.972493489583333,6.474635681547929,6.381018984324914
ets_additive_damped,territorial_authority_23_bonds_lodged,bonds_lodged,territorial_authority,23,Tauranga City,2025-02-01,6,16.551375553267235,26.574063697609212,4.018931806200574
seasonal_naive,territorial_authority_23_bonds_lodged,bonds_lodged,territorial_authority,23,Tauranga City,2025-02-01,6,75.5,80.82388260904075,20.537338988355934
xgboost_pooled_recursive,territorial_authority_23_bonds_lodged,bonds_lodged,territorial_authority,23,Tauranga City,2025-02-01,6,23.488754272460948,29.420341331396216,5.949758214992967
ets_additive_damped,territorial_authority_23_bonds_lodged,bonds_lodged,territorial_authority,23,Tauranga City,2025-03-01,6,17.62593074350382,26.751571515676545,4.317447014619911
seasonal_naive,territorial_authority_23_bonds_lodged,bonds_lodged,territorial_authority,23,Tauranga City,2025-03-01,6,62.0,64.99230723708769,16.686262343272364
xgboost_pooled_recursive,territorial_authority_23_bonds_lodged,bonds_lodged,territorial_authority,23,Tauranga City,2025-03-01,6,26.073577880859386,32.86090774305034,6.48499980302444
ets_additive_damped,territorial_authority_23_bonds_lodged,bonds_lodged,territorial_authority,23,Tauranga City,2025-04-01,6,17.400972935548435,24.323239491061344,4.273131414993378
seasonal_naive,territorial_authority_23_bonds_lodged,bonds_lodged,territorial_authority,23,Tauranga City,2025-04-01,6,58.0,60.199667773169644,15.791910657600724
xgboost_pooled_recursive,territorial_authority_23_bonds_lodged,bonds_lodged,territorial_authority,23,Tauranga City,2025-04-01,6,21.412445068359375,24.813649338591585,5.423609802461987
ets_additive_damped,territorial_authority_23_bonds_lodged,bonds_lodged,territorial_authority,23,Tauranga City,2025-05-01,6,19.21387744677162,27.43852444506771,4.956973450013095
seasonal_naive,territorial_authority_23_bonds_lodged,bonds_lodged,territorial_authority,23,Tauranga City,2025-05-01,6,54.5,56.88145567757562,14.969852290263525
xgboost_pooled_recursive,territorial_authority_23_bonds_lodged,bonds_lodged,territorial_authority,23,Tauranga City,2025-05-01,6,37.18333943684896,50.94901821843713,9.66353988062713
ets_additive_damped,territorial_authority_23_bonds_lodged,bonds_lodged,territorial_authority,23,Tauranga City,2025-06-01,6,28.48660871067719,35.76147933240629,7.813297079105443
seasonal_naive,territorial_authority_23_bonds_lodged,bonds_lodged,territorial_authority,23,Tauranga City,2025-06-01,6,60.5,63.46258740391854,16.82044352138573
xgboost_pooled_recursive,territorial_authority_23_bonds_lodged,bonds_lodged,territorial_authority,23,Tauranga City,2025-06-01,6,57.55431620279948,76.49497138171415,15.280914393071543
ets_additive_damped,territorial_authority_23_bonds_lodged,bonds_lodged,territorial_authority,23,Tauranga City,2025-07-01,6,25.278194730368444,34.96879282813856,6.984478128150229
seasonal_naive,territorial_authority_23_bonds_lodged,bonds_lodged,territorial_authority,23,Tauranga City,2025-07-01,6,56.0,61.62791575252241,15.712313599696486
xgboost_pooled_recursive,territorial_authority_23_bonds_lodged,bonds_lodged,territorial_authority,23,Tauranga City,2025-07-01,6,68.61341857910158,84.08228495094635,18.029536500439765
ets_additive_damped,territorial_authority_23_bonds_lodged,bonds_lodged,territorial_authority,23,Tauranga City,2025-08-01,6,41.47415864064951,48.48260077314218,11.86298540252454
seasonal_naive,territorial_authority_23_bonds_lodged,bonds_lodged,territorial_authority,23,Tauranga City,2025-08-01,6,58.0,64.57553716385176,16.672026900533197
xgboost_pooled_recursive,territorial_authority_23_bonds_lodged,bonds_lodged,territorial_authority,23,Tauranga City,2025-08-01,6,95.11999511718754,108.37551671089956,24.701996606714225
ets_additive_damped,territorial_authority_23_bonds_lodged,bonds_lodged,territorial_authority,23,Tauranga City,2025-09-01,6,49.62989290209128,60.06873405446541,14.10729443144291
seasonal_naive,territorial_authority_23_bonds_lodged,bonds_lodged,territorial_authority,23,Tauranga City,2025-09-01,6,66.0,72.62231062146122,18.741021335692924
xgboost_pooled_recursive,territorial_authority_23_bonds_lodged,bonds_lodged,territorial_authority,23,Tauranga City,2025-09-01,6,109.56319173177083,119.6706939427224,28.48150560281365
ets_additive_damped,territorial_authority_23_bonds_lodged,bonds_lodged,territorial_authority,23,Tauranga City,2025-10-01,6,57.35954145084764,64.56480862857441,16.315386436915734
seasonal_naive,territorial_authority_23_bonds_lodged,bonds_lodged,territorial_authority,23,Tauranga City,2025-10-01,6,69.5,76.08219239743292,19.482457507186147
xgboost_pooled_recursive,territorial_authority_23_bonds_lodged,bonds_lodged,territorial_authority,23,Tauranga City,2025-10-01,6,131.09554545084634,133.56845655922683,33.86780802913587
ets_additive_damped,territorial_authority_23_bonds_lodged,bonds_lodged,territorial_authority,23,Tauranga City,2025-11-01,6,54.21187000626517,60.52434769335718,15.353804151615261
seasonal_naive,territorial_authority_23_bonds_lodged,bonds_lodged,territorial_authority,23,Tauranga City,2025-11-01,6,71.0,77.05193054038295,19.71840623235871
xgboost_pooled_recursive,territorial_authority_23_bonds_lodged,bonds_lodged,territorial_authority,23,Tauranga City,2025-11-01,6,102.10819498697917,105.1911951084081,27.057871136387092
ets_additive_damped,territorial_authority_23_bonds_lodged,bonds_lodged,territorial_authority,23,Tauranga City,2025-12-01,6,44.49454982843276,48.49835961176443,12.67377619304271
seasonal_naive,territorial_authority_23_bonds_lodged,bonds_lodged,territorial_authority,23,Tauranga City,2025-12-01,6,65.0,71.72865536171719,17.867815001236504
xgboost_pooled_recursive,territorial_authority_23_bonds_lodged,bonds_lodged,territorial_authority,23,Tauranga City,2025-12-01,6,96.80157979329427,101.43215627348742,25.522221010430552
ets_additive_damped,territorial_authority_23_bonds_lodged,bonds_lodged,territorial_authority,23,Tauranga City,2026-01-01,6,52.385169619306744,54.47913347327644,14.65937885100199
seasonal_naive,territorial_authority_23_bonds_lodged,bonds_lodged,territorial_authority,23,Tauranga City,2026-01-01,6,71.0,74.19568720619817,19.38617658315741
xgboost_pooled_recursive,territorial_authority_23_bonds_lodged,bonds_lodged,territorial_authority,23,Tauranga City,2026-01-01,6,41.84844462076823,46.33844977453675,11.932942565015736
ets_additive_damped,territorial_authority_24_bonds_lodged,bonds_lodged,territorial_authority,24,Rotorua District,2025-02-01,6,19.551561168560553,23.63925046507048,10.83965088425595
seasonal_naive,territorial_authority_24_bonds_lodged,bonds_lodged,territorial_authority,24,Rotorua District,2025-02-01,6,46.5,48.4819554061096,28.963485255930504
xgboost_pooled_recursive,territorial_authority_24_bonds_lodged,bonds_lodged,territorial_authority,24,Rotorua District,2025-02-01,6,16.155225118001322,18.326908890645424,8.708243013493465
ets_additive_damped,territorial_authority_24_bonds_lodged,bonds_lodged,territorial_authority,24,Rotorua District,2025-03-01,6,20.3750810791083,24.812843184910317,11.362906747778977
seasonal_naive,territorial_authority_24_bonds_lodged,bonds_lodged,territorial_authority,24,Rotorua District,2025-03-01,6,46.5,48.4819554061096,28.68535982135951
xgboost_pooled_recursive,territorial_authority_24_bonds_lodged,bonds_lodged,territorial_authority,24,Rotorua District,2025-03-01,6,17.639729817708332,18.956647583884546,9.392959887421998
ets_additive_damped,territorial_authority_24_bonds_lodged,bonds_lodged,territorial_authority,24,Rotorua District,2025-04-01,6,9.397568429190747,16.215756245122815,4.899894430646472
seasonal_naive,territorial_authority_24_bonds_lodged,bonds_lodged,territorial_authority,24,Rotorua District,2025-04-01,6,40.5,43.38778629983327,24.963844812715795
xgboost_pooled_recursive,territorial_authority_24_bonds_lodged,bonds_lodged,territorial_authority,24,Rotorua District,2025-04-01,6,22.883285522460934,24.90740350099107,12.243113958379205
ets_additive_damped,territorial_authority_24_bonds_lodged,bonds_lodged,territorial_authority,24,Rotorua District,2025-05-01,6,4.718994493515609,5.406461884091667,2.7460795248841685
seasonal_naive,territorial_authority_24_bonds_lodged,bonds_lodged,territorial_authority,24,Rotorua District,2025-05-01,6,32.0,33.80828300875393,20.240659884252267
xgboost_pooled_recursive,territorial_authority_24_bonds_lodged,bonds_lodged,territorial_authority,24,Rotorua District,2025-05-01,6,38.62084452311198,40.47803729934963,19.928150133517676
ets_additive_damped,territorial_authority_24_bonds_lodged,bonds_lodged,territorial_authority,24,Rotorua District,2025-06-01,6,4.267192328951016,4.8057301085329245,2.475321075994571
seasonal_naive,territorial_authority_24_bonds_lodged,bonds_lodged,territorial_authority,24,Rotorua District,2025-06-01,6,37.0,42.46174749112429,20.94241427021718
xgboost_pooled_recursive,territorial_authority_24_bonds_lodged,bonds_lodged,territorial_authority,24,Rotorua District,2025-06-01,6,35.22651163736978,46.015984880636836,17.94153215416116
ets_additive_damped,territorial_authority_24_bonds_lodged,bonds_lodged,territorial_authority,24,Rotorua District,2025-07-01,6,6.969667855004914,9.012621230513723,4.303723413423689
seasonal_naive,territorial_authority_24_bonds_lodged,bonds_lodged,territorial_authority,24,Rotorua District,2025-07-01,6,34.5,40.749233121618374,19.759510576433005
xgboost_pooled_recursive,territorial_authority_24_bonds_lodged,bonds_lodged,territorial_authority,24,Rotorua District,2025-07-01,6,46.91948445638021,53.314028830014436,24.590796009938913
ets_additive_damped,territorial_authority_24_bonds_lodged,bonds_lodged,territorial_authority,24,Rotorua District,2025-08-01,6,10.236535535639064,12.196953125694698,6.244253625326834
seasonal_naive,territorial_authority_24_bonds_lodged,bonds_lodged,territorial_authority,24,Rotorua District,2025-08-01,6,29.5,38.08543028508409,16.740430890686653
xgboost_pooled_recursive,territorial_authority_24_bonds_lodged,bonds_lodged,territorial_authority,24,Rotorua District,2025-08-01,6,45.60198974609375,49.65192861138041,24.562978372617188
ets_additive_damped,territorial_authority_24_bonds_lodged,bonds_lodged,territorial_authority,24,Rotorua District,2025-09-01,6,11.751147341405186,13.828721323946679,7.011604277003462
seasonal_naive,territorial_authority_24_bonds_lodged,bonds_lodged,territorial_authority,24,Rotorua District,2025-09-01,6,27.0,36.578682316343766,15.001509022245088
xgboost_pooled_recursive,territorial_authority_24_bonds_lodged,bonds_lodged,territorial_authority,24,Rotorua District,2025-09-01,6,41.58252970377604,45.5254409752387,22.59493736906768
ets_additive_damped,territorial_authority_24_bonds_lodged,bonds_lodged,territorial_authority,24,Rotorua District,2025-10-01,6,10.460387748605063,13.060298732250256,6.243628491011066
seasonal_naive,territorial_authority_24_bonds_lodged,bonds_lodged,territorial_authority,24,Rotorua District,2025-10-01,6,27.0,36.578682316343766,14.685579993444769
xgboost_pooled_recursive,territorial_authority_24_bonds_lodged,bonds_lodged,territorial_authority,24,Rotorua District,2025-10-01,6,41.50502522786457,44.008851191999426,22.66563856340489
ets_additive_damped,territorial_authority_24_bonds_lodged,bonds_lodged,territorial_authority,24,Rotorua District,2025-11-01,6,12.925810230631612,15.320523767622573,7.483825858566775
seasonal_naive,territorial_authority_24_bonds_lodged,bonds_lodged,territorial_authority,24,Rotorua District,2025-11-01,6,26.0,36.16628264005025,14.025057720019271
xgboost_pooled_recursive,territorial_authority_24_bonds_lodged,bonds_lodged,territorial_authority,24,Rotorua District,2025-11-01,6,34.65757497151692,36.665801710147534,19.200956823638048
ets_additive_damped,territorial_authority_24_bonds_lodged,bonds_lodged,territorial_authority,24,Rotorua District,2025-12-01,6,12.958237829135214,15.173435532644564,7.489623919412118
seasonal_naive,territorial_authority_24_bonds_lodged,bonds_lodged,territorial_authority,24,Rotorua District,2025-12-01,6,13.0,14.696938456699069,7.653376304090069
xgboost_pooled_recursive,territorial_authority_24_bonds_lodged,bonds_lodged,territorial_authority,24,Rotorua District,2025-12-01,6,29.621225992838543,31.804353648296146,16.53316148464974
ets_additive_damped,territorial_authority_24_bonds_lodged,bonds_lodged,territorial_authority,24,Rotorua District,2026-01-01,6,10.07987578805386,12.788661875634606,5.583117571512981
seasonal_naive,territorial_authority_24_bonds_lodged,bonds_lodged,territorial_authority,24,Rotorua District,2026-01-01,6,9.5,11.937336386313323,5.388004135805278
xgboost_pooled_recursive,territorial_authority_24_bonds_lodged,bonds_lodged,territorial_authority,24,Rotorua District,2026-01-01,6,9.087715148925776,10.424673093701124,5.047531790132914
ets_additive_damped,territorial_authority_25_bonds_lodged,bonds_lodged,territorial_authority,25,Whakatane District,2025-02-01,6,11.078907156581266,14.959500294845038,19.250291085214226
seasonal_naive,territorial_authority_25_bonds_lodged,bonds_lodged,territorial_authority,25,Whakatane District,2025-02-01,6,17.0,20.273134932713294,33.0368977427801
xgboost_pooled_recursive,territorial_authority_25_bonds_lodged,bonds_lodged,territorial_authority,25,Whakatane District,2025-02-01,6,7.5614058176676435,11.012939120628156,12.328681387437596
ets_additive_damped,territorial_authority_25_bonds_lodged,bonds_lodged,territorial_authority,25,Whakatane District,2025-03-01,6,10.237850427812011,14.262220443602887,17.696107229209677
seasonal_naive,territorial_authority_25_bonds_lodged,bonds_lodged,territorial_authority,25,Whakatane District,2025-03-01,6,13.5,16.56804152578089,24.357942289631097
xgboost_pooled_recursive,territorial_authority_25_bonds_lodged,bonds_lodged,territorial_authority,25,Whakatane District,2025-03-01,6,6.1366608937581395,9.043163024414884,9.68247720012626
ets_additive_damped,territorial_authority_25_bonds_lodged,bonds_lodged,territorial_authority,25,Whakatane District,2025-04-01,6,9.704171456665515,13.662600240551768,16.565377221934696
seasonal_naive,territorial_authority_25_bonds_lodged,bonds_lodged,territorial_authority,25,Whakatane District,2025-04-01,6,15.5,17.277152543170995,28.524608956297765
xgboost_pooled_recursive,territorial_authority_25_bonds_lodged,bonds_lodged,territorial_authority,25,Whakatane District,2025-04-01,6,8.37604522705078,10.375976572277265,13.39295954050047
ets_additive_damped,territorial_authority_25_bonds_lodged,bonds_lodged,territorial_authority,25,Whakatane District,2025-05-01,6,9.697492348764184,13.466685707486306,16.932378422591455
seasonal_naive,territorial_authority_25_bonds_lodged,bonds_lodged,territorial_authority,25,Whakatane District,2025-05-01,6,14.5,16.926310879810757,27.195074293429762
xgboost_pooled_recursive,territorial_authority_25_bonds_lodged,bonds_lodged,territorial_authority,25,Whakatane District,2025-05-01,6,12.580521901448568,15.964272217105941,21.256157194907033
ets_additive_damped,territorial_authority_25_bonds_lodged,bonds_lodged,territorial_authority,25,Whakatane District,2025-06-01,6,9.226179096272185,12.831032092252686,16.32887994047732
seasonal_naive,territorial_authority_25_bonds_lodged,bonds_lodged,territorial_authority,25,Whakatane District,2025-06-01,6,11.0,14.594519519326424,20.124367222722693
xgboost_pooled_recursive,territorial_authority_25_bonds_lodged,bonds_lodged,territorial_authority,25,Whakatane District,2025-06-01,6,15.155558268229166,17.42985902996088,25.310592540953692
ets_additive_damped,territorial_authority_25_bonds_lodged,bonds_lodged,territorial_authority,25,Whakatane District,2025-07-01,6,9.174288540016045,12.963937102484204,16.44052998627603
seasonal_naive,territorial_authority_25_bonds_lodged,bonds_lodged,territorial_authority,25,Whakatane District,2025-07-01,6,9.5,13.80217374184226,17.352223882628035
xgboost_pooled_recursive,territorial_authority_25_bonds_lodged,bonds_lodged,territorial_authority,25,Whakatane District,2025-07-01,6,17.112281799316406,18.042246675864003,29.356170036700735
ets_additive_damped,territorial_authority_25_bonds_lodged,bonds_lodged,territorial_authority,25,Whakatane District,2025-08-01,6,7.468529887582171,9.345991212251104,16.026323940405003
seasonal_naive,territorial_authority_25_bonds_lodged,bonds_lodged,territorial_authority,25,Whakatane District,2025-08-01,6,4.5,6.363961030678928,9.776466306870459
xgboost_pooled_recursive,territorial_authority_25_bonds_lodged,bonds_lodged,territorial_authority,25,Whakatane District,2025-08-01,6,20.885583241780598,22.924537240117406,37.41544582506571
ets_additive_damped,territorial_authority_25_bonds_lodged,bonds_lodged,territorial_authority,25,Whakatane District,2025-09-01,6,9.213598487271286,10.449915375861169,19.05686366343904
seasonal_naive,territorial_authority_25_bonds_lodged,bonds_lodged,territorial_authority,25,Whakatane District,2025-09-01,6,4.0,5.744562646538029,8.40251170710941
xgboost_pooled_recursive,territorial_authority_25_bonds_lodged,bonds_lodged,territorial_authority,25,Whakatane District,2025-09-01,6,17.9982852935791,19.77838611868766,33.18728659033213
ets_additive_damped,territorial_authority_25_bonds_lodged,bonds_lodged,territorial_authority,25,Whakatane District,2025-10-01,6,9.633308340639333,10.80184745175138,19.71374451716442
seasonal_naive,territorial_authority_25_bonds_lodged,bonds_lodged,territorial_authority,25,Whakatane District,2025-10-01,6,2.0,3.0,4.235845040442741
xgboost_pooled_recursive,territorial_authority_25_bonds_lodged,bonds_lodged,territorial_authority,25,Whakatane District,2025-10-01,6,20.331492741902668,21.179600237873725,36.607218762040425
ets_additive_damped,territorial_authority_25_bonds_lodged,bonds_lodged,territorial_authority,25,Whakatane District,2025-11-01,6,8.932496086881258,10.088752073614161,17.7402592138332
seasonal_naive,territorial_authority_25_bonds_lodged,bonds_lodged,territorial_authority,25,Whakatane District,2025-11-01,6,2.0,3.0,3.953658091589126
xgboost_pooled_recursive,territorial_authority_25_bonds_lodged,bonds_lodged,territorial_authority,25,Whakatane District,2025-11-01,6,16.115495045979817,18.28312454534932,28.72205247304486
ets_additive_damped,territorial_authority_25_bonds_lodged,bonds_lodged,territorial_authority,25,Whakatane District,2025-12-01,6,9.563466592216924,10.694969742316857,18.5424150810423
seasonal_naive,territorial_authority_25_bonds_lodged,bonds_lodged,territorial_authority,25,Whakatane District,2025-12-01,6,3.0,3.872983346207417,5.708044056501406
xgboost_pooled_recursive,territorial_authority_25_bonds_lodged,bonds_lodged,territorial_authority,25,Whakatane District,2025-12-01,6,19.54825274149577,20.222432294502298,34.12958860478443
ets_additive_damped,territorial_authority_25_bonds_lodged,bonds_lodged,territorial_authority,25,Whakatane District,2026-01-01,6,10.231870448052916,11.228854937217342,19.07074942100481
seasonal_naive,territorial_authority_25_bonds_lodged,bonds_lodged,territorial_authority,25,Whakatane District,2026-01-01,6,2.5,3.6742346141747673,4.558618769145085
xgboost_pooled_recursive,territorial_authority_25_bonds_lodged,bonds_lodged,territorial_authority,25,Whakatane District,2026-01-01,6,4.981985092163087,6.043593959298464,10.465766607843479
ets_additive_damped,territorial_authority_28_bonds_lodged,bonds_lodged,territorial_authority,28,Gisborne District,2025-02-01,6,18.24680027437682,20.902090315265077,19.58650613077242
seasonal_naive,territorial_authority_28_bonds_lodged,bonds_lodged,territorial_authority,28,Gisborne District,2025-02-01,6,30.5,31.77262973063451,35.393496581609156
xgboost_pooled_recursive,territorial_authority_28_bonds_lodged,bonds_lodged,territorial_authority,28,Gisborne District,2025-02-01,6,9.911983489990234,11.801235093114135,10.014224055607873
ets_additive_damped,territorial_authority_28_bonds_lodged,bonds_lodged,territorial_authority,28,Gisborne District,2025-03-01,6,11.971334920553076,16.393090150770274,12.606199697067158
seasonal_naive,territorial_authority_28_bonds_lodged,bonds_lodged,territorial_authority,28,Gisborne District,2025-03-01,6,27.0,28.827070610799147,31.52724788777426
xgboost_pooled_recursive,territorial_authority_28_bonds_lodged,bonds_lodged,territorial_authority,28,Gisborne District,2025-03-01,6,14.285891215006506,16.524828323140838,13.947130541167576
ets_additive_damped,territorial_authority_28_bonds_lodged,bonds_lodged,territorial_authority,28,Gisborne District,2025-04-01,6,6.007340278880814,7.349930688108146,6.29265503719202
seasonal_naive,territorial_authority_28_bonds_lodged,bonds_lodged,territorial_authority,28,Gisborne District,2025-04-01,6,22.5,25.06990227344335,26.830020949460735
xgboost_pooled_recursive,territorial_authority_28_bonds_lodged,bonds_lodged,territorial_authority,28,Gisborne District,2025-04-01,6,18.46867497762044,20.93567945365131,17.91774997930139
ets_additive_damped,territorial_authority_28_bonds_lodged,bonds_lodged,territorial_authority,28,Gisborne District,2025-05-01,6,5.26788624480272,6.945301649313995,5.651210543821409
seasonal_naive,territorial_authority_28_bonds_lodged,bonds_lodged,territorial_authority,28,Gisborne District,2025-05-01,6,16.0,18.33030277982336,19.36883925960391
xgboost_pooled_recursive,territorial_authority_28_bonds_lodged,bonds_lodged,territorial_authority,28,Gisborne District,2025-05-01,6,23.086062113444015,24.377231867560557,22.450510405698587
ets_additive_damped,territorial_authority_28_bonds_lodged,bonds_lodged,territorial_authority,28,Gisborne District,2025-06-01,6,8.001052555665018,9.662107889836681,9.05716713462229
seasonal_naive,territorial_authority_28_bonds_lodged,bonds_lodged,territorial_authority,28,Gisborne District,2025-06-01,6,12.0,13.856406460551018,14.291916182680827
xgboost_pooled_recursive,territorial_authority_28_bonds_lodged,bonds_lodged,territorial_authority,28,Gisborne District,2025-06-01,6,23.413312276204426,26.384364783324475,23.788673181406864
ets_additive_damped,territorial_authority_28_bonds_lodged,bonds_lodged,territorial_authority,28,Gisborne District,2025-07-01,6,11.225304219822311,13.069389678934908,12.868807919495609
seasonal_naive,territorial_authority_28_bonds_lodged,bonds_lodged,territorial_authority,28,Gisborne District,2025-07-01,6,9.5,10.464224768228174,11.734264191066574
xgboost_pooled_recursive,territorial_authority_28_bonds_lodged,bonds_lodged,territorial_authority,28,Gisborne District,2025-07-01,6,28.816875457763672,30.810460928325163,29.613963797172225
ets_additive_damped,territorial_authority_28_bonds_lodged,bonds_lodged,territorial_authority,28,Gisborne District,2025-08-01,6,11.380628096630554,13.434187292902076,13.115343489600614
seasonal_naive,territorial_authority_28_bonds_lodged,bonds_lodged,territorial_authority,28,Gisborne District,2025-08-01,6,10.5,12.062338081814818,12.414746715038119
xgboost_pooled_recursive,territorial_authority_28_bonds_lodged,bonds_lodged,territorial_authority,28,Gisborne District,2025-08-01,6,27.773548126220703,30.218890990782295,28.937556634210793
ets_additive_damped,territorial_authority_28_bonds_lodged,bonds_lodged,territorial_authority,28,Gisborne District,2025-09-01,6,9.1731696145347,10.44915305513738,10.785186420816096
seasonal_naive,territorial_authority_28_bonds_lodged,bonds_lodged,territorial_authority,28,Gisborne District,2025-09-01,6,11.0,12.727922061357855,12.50944368473509
xgboost_pooled_recursive,territorial_authority_28_bonds_lodged,bonds_lodged,territorial_authority,28,Gisborne District,2025-09-01,6,27.998097737630207,29.136031159198748,29.343188279737557
ets_additive_damped,territorial_authority_28_bonds_lodged,bonds_lodged,territorial_authority,28,Gisborne District,2025-10-01,6,12.62277717804949,13.753403916718822,14.404440592220592
seasonal_naive,territorial_authority_28_bonds_lodged,bonds_lodged,territorial_authority,28,Gisborne District,2025-10-01,6,11.5,13.133925536563698,12.659819624584712
xgboost_pooled_recursive,territorial_authority_28_bonds_lodged,bonds_lodged,territorial_authority,28,Gisborne District,2025-10-01,6,27.613697052001953,28.609205288518545,28.717826149520786
ets_additive_damped,territorial_authority_28_bonds_lodged,bonds_lodged,territorial_authority,28,Gisborne District,2025-11-01,6,14.328302871209623,14.801010701836077,16.337143128307094
seasonal_naive,territorial_authority_28_bonds_lodged,bonds_lodged,territorial_authority,28,Gisborne District,2025-11-01,6,15.5,17.10263137648707,16.836929064852047
xgboost_pooled_recursive,territorial_authority_28_bonds_lodged,bonds_lodged,territorial_authority,28,Gisborne District,2025-11-01,6,25.082557678222653,25.6874639339343,26.658598797632177
ets_additive_damped,territorial_authority_28_bonds_lodged,bonds_lodged,territorial_authority,28,Gisborne District,2025-12-01,6,10.435557173733846,11.43427561127817,11.910978804792082
seasonal_naive,territorial_authority_28_bonds_lodged,bonds_lodged,territorial_authority,28,Gisborne District,2025-12-01,6,15.5,17.10263137648707,16.614706842629825
xgboost_pooled_recursive,territorial_authority_28_bonds_lodged,bonds_lodged,territorial_authority,28,Gisborne District,2025-12-01,6,22.798844655354817,23.461525700217614,23.900436158839646
ets_additive_damped,territorial_authority_28_bonds_lodged,bonds_lodged,territorial_authority,28,Gisborne District,2026-01-01,6,8.763980282993108,9.963867288109073,9.864999824889974
seasonal_naive,territorial_authority_28_bonds_lodged,bonds_lodged,territorial_authority,28,Gisborne District,2026-01-01,6,16.5,17.790446874657196,17.373417035302282
xgboost_pooled_recursive,territorial_authority_28_bonds_lodged,bonds_lodged,territorial_authority,28,Gisborne District,2026-01-01,6,4.700836181640625,6.421797916830578,5.309441678718791
ets_additive_damped,territorial_authority_2_bonds_lodged,bonds_lodged,territorial_authority,2,Whangarei District,2025-02-01,6,28.452654773114364,33.122557150807104,13.953614039745906
seasonal_naive,territorial_authority_2_bonds_lodged,bonds_lodged,territorial_authority,2,Whangarei District,2025-02-01,6,53.5,55.78978401105349,28.7205929669165
xgboost_pooled_recursive,territorial_authority_2_bonds_lodged,bonds_lodged,territorial_authority,2,Whangarei District,2025-02-01,6,15.835723876953125,19.032378796945363,7.369408238436913
ets_additive_damped,territorial_authority_2_bonds_lodged,bonds_lodged,territorial_authority,2,Whangarei District,2025-03-01,6,23.743488668059708,28.774016769500065,11.533899761403617
seasonal_naive,territorial_authority_2_bonds_lodged,bonds_lodged,territorial_authority,2,Whangarei District,2025-03-01,6,47.0,48.093658625644196,24.86127146053617
xgboost_pooled_recursive,territorial_authority_2_bonds_lodged,bonds_lodged,territorial_authority,2,Whangarei District,2025-03-01,6,15.74627431233723,17.984247032941347,7.299614937698622
ets_additive_damped,territorial_authority_2_bonds_lodged,bonds_lodged,territorial_authority,2,Whangarei District,2025-04-01,6,22.909833830778187,27.297455849791927,11.08183215330823
seasonal_naive,territorial_authority_2_bonds_lodged,bonds_lodged,territorial_authority,2,Whangarei District,2025-04-01,6,45.5,46.62081080376016,23.77915486117819
xgboost_pooled_recursive,territorial_authority_2_bonds_lodged,bonds_lodged,territorial_authority,2,Whangarei District,2025-04-01,6,15.297121683756515,19.428434185904305,7.070484935824595
ets_additive_damped,territorial_authority_2_bonds_lodged,bonds_lodged,territorial_authority,2,Whangarei District,2025-05-01,6,11.150664910034797,12.21065927118201,5.510300588477656
seasonal_naive,territorial_authority_2_bonds_lodged,bonds_lodged,territorial_authority,2,Whangarei District,2025-05-01,6,37.5,38.749193539995126,20.22502380704713
xgboost_pooled_recursive,territorial_authority_2_bonds_lodged,bonds_lodged,territorial_authority,2,Whangarei District,2025-05-01,6,27.00428771972656,28.63791066483489,12.391059626847744
ets_additive_damped,territorial_authority_2_bonds_lodged,bonds_lodged,territorial_authority,2,Whangarei District,2025-06-01,6,6.4577442777662,8.618808898705707,3.1692733614883255
seasonal_naive,territorial_authority_2_bonds_lodged,bonds_lodged,territorial_authority,2,Whangarei District,2025-06-01,6,33.5,34.835326896700714,18.10862169064502
xgboost_pooled_recursive,territorial_authority_2_bonds_lodged,bonds_lodged,territorial_authority,2,Whangarei District,2025-06-01,6,27.257138570149746,30.663340822430186,12.473943229944021
ets_additive_damped,territorial_authority_2_bonds_lodged,bonds_lodged,territorial_authority,2,Whangarei District,2025-07-01,6,8.65150635039628,9.511553102884069,4.423329814138304
seasonal_naive,territorial_authority_2_bonds_lodged,bonds_lodged,territorial_authority,2,Whangarei District,2025-07-01,6,31.0,32.95451410656816,16.666733459942904
xgboost_pooled_recursive,territorial_authority_2_bonds_lodged,bonds_lodged,territorial_authority,2,Whangarei District,2025-07-01,6,27.700978597005207,36.18494974697876,12.993398567729333
ets_additive_damped,territorial_authority_2_bonds_lodged,bonds_lodged,territorial_authority,2,Whangarei District,2025-08-01,6,9.015846577979284,10.295586616595365,4.635787761063042
seasonal_naive,territorial_authority_2_bonds_lodged,bonds_lodged,territorial_authority,2,Whangarei District,2025-08-01,6,25.5,28.38133189263675,13.784258905235522
xgboost_pooled_recursive,territorial_authority_2_bonds_lodged,bonds_lodged,territorial_authority,2,Whangarei District,2025-08-01,6,27.260665893554698,33.891042893810386,13.012893774194023
ets_additive_damped,territorial_authority_2_bonds_lodged,bonds_lodged,territorial_authority,2,Whangarei District,2025-09-01,6,12.550098051384927,16.38424475587331,6.357958498594736
seasonal_naive,territorial_authority_2_bonds_lodged,bonds_lodged,territorial_authority,2,Whangarei District,2025-09-01,6,23.5,25.71964229922337,12.53153559368868
xgboost_pooled_recursive,territorial_authority_2_bonds_lodged,bonds_lodged,territorial_authority,2,Whangarei District,2025-09-01,6,32.93927510579426,39.81386423626809,15.596746931115572
ets_additive_damped,territorial_authority_2_bonds_lodged,bonds_lodged,territorial_authority,2,Whangarei District,2025-10-01,6,16.166361964944695,18.691428165766503,8.222556945118695
seasonal_naive,territorial_authority_2_bonds_lodged,bonds_lodged,territorial_authority,2,Whangarei District,2025-10-01,6,18.0,19.519221295943137,9.308547087941555
xgboost_pooled_recursive,territorial_authority_2_bonds_lodged,bonds_lodged,territorial_authority,2,Whangarei District,2025-10-01,6,45.24225107828776,48.47292236260197,21.260897512073683
ets_additive_damped,territorial_authority_2_bonds_lodged,bonds_lodged,territorial_authority,2,Whangarei District,2025-11-01,6,16.173036956238747,19.9231916402363,8.178231976553391
seasonal_naive,territorial_authority_2_bonds_lodged,bonds_lodged,territorial_authority,2,Whangarei District,2025-11-01,6,19.5,21.17781858454737,9.680913574957723
xgboost_pooled_recursive,territorial_authority_2_bonds_lodged,bonds_lodged,territorial_authority,2,Whangarei District,2025-11-01,6,33.32238515218099,36.91859248966758,15.911129926504305
ets_additive_damped,territorial_authority_2_bonds_lodged,bonds_lodged,territorial_authority,2,Whangarei District,2025-12-01,6,23.843473395699288,27.398864294173983,12.257394644435998
seasonal_naive,territorial_authority_2_bonds_lodged,bonds_lodged,territorial_authority,2,Whangarei District,2025-12-01,6,23.5,27.13853349022382,11.797315691359838
xgboost_pooled_recursive,territorial_authority_2_bonds_lodged,bonds_lodged,territorial_authority,2,Whangarei District,2025-12-01,6,47.42212677001954,49.47499235585732,22.76644649456493
ets_additive_damped,territorial_authority_2_bonds_lodged,bonds_lodged,territorial_authority,2,Whangarei District,2026-01-01,6,21.709459985507763,24.943260763745894,11.057839378375945
seasonal_naive,territorial_authority_2_bonds_lodged,bonds_lodged,territorial_authority,2,Whangarei District,2026-01-01,6,20.5,26.124700955226263,10.157971429064757
xgboost_pooled_recursive,territorial_authority_2_bonds_lodged,bonds_lodged,territorial_authority,2,Whangarei District,2026-01-01,6,16.109349568684895,20.440931959886825,8.364326593539797
ets_additive_damped,territorial_authority_30_bonds_lodged,bonds_lodged,territorial_authority,30,Hastings District,2025-02-01,6,29.703688418824637,32.70759681196064,21.836051019429416
seasonal_naive,territorial_authority_30_bonds_lodged,bonds_lodged,territorial_authority,30,Hastings District,2025-02-01,6,38.0,40.58324777540605,28.80189844405807
xgboost_pooled_recursive,territorial_authority_30_bonds_lodged,bonds_lodged,territorial_authority,30,Hastings District,2025-02-01,6,15.779581705729166,19.620836422546063,10.77780791415814
ets_additive_damped,territorial_authority_30_bonds_lodged,bonds_lodged,territorial_authority,30,Hastings District,2025-03-01,6,23.48188453145879,27.278089983028423,16.901302171232206
seasonal_naive,territorial_authority_30_bonds_lodged,bonds_lodged,territorial_authority,30,Hastings District,2025-03-01,6,37.5,40.15594601052253,28.568406336091318
xgboost_pooled_recursive,territorial_authority_30_bonds_lodged,bonds_lodged,territorial_authority,30,Hastings District,2025-03-01,6,14.507949829101562,17.85840512893144,9.658161415307074
ets_additive_damped,territorial_authority_30_bonds_lodged,bonds_lodged,territorial_authority,30,Hastings District,2025-04-01,6,17.206507094623245,21.06077386660845,11.71101394822916
seasonal_naive,territorial_authority_30_bonds_lodged,bonds_lodged,territorial_authority,30,Hastings District,2025-04-01,6,37.5,40.15594601052253,28.154327661143082
xgboost_pooled_recursive,territorial_authority_30_bonds_lodged,bonds_lodged,territorial_authority,30,Hastings District,2025-04-01,6,13.493990580240885,17.075114577950167,9.00250029373156
ets_additive_damped,territorial_authority_30_bonds_lodged,bonds_lodged,territorial_authority,30,Hastings District,2025-05-01,6,7.8441710044915425,9.176012545178773,5.351801620067623
seasonal_naive,territorial_authority_30_bonds_lodged,bonds_lodged,territorial_authority,30,Hastings District,2025-05-01,6,30.0,30.983866769659336,22.861869794903473
xgboost_pooled_recursive,territorial_authority_30_bonds_lodged,bonds_lodged,territorial_authority,30,Hastings District,2025-05-01,6,18.397384643554688,20.61017928100987,12.013701605830027
ets_additive_damped,territorial_authority_30_bonds_lodged,bonds_lodged,territorial_authority,30,Hastings District,2025-06-01,6,11.384843833744048,12.13186887355962,7.861547213838825
seasonal_naive,territorial_authority_30_bonds_lodged,bonds_lodged,territorial_authority,30,Hastings District,2025-06-01,6,32.5,33.20391543176798,24.81252957688856
xgboost_pooled_recursive,territorial_authority_30_bonds_lodged,bonds_lodged,territorial_authority,30,Hastings District,2025-06-01,6,11.530975341796875,12.139574797827779,7.7055133907442785
ets_additive_damped,territorial_authority_30_bonds_lodged,bonds_lodged,territorial_authority,30,Hastings District,2025-07-01,6,12.550154608047913,13.607150747753252,8.76541177744603
seasonal_naive,territorial_authority_30_bonds_lodged,bonds_lodged,territorial_authority,30,Hastings District,2025-07-01,6,29.5,31.535694062442957,22.258251160541175
xgboost_pooled_recursive,territorial_authority_30_bonds_lodged,bonds_lodged,territorial_authority,30,Hastings District,2025-07-01,6,12.415046691894531,14.431488898600115,8.298400004518863
ets_additive_damped,territorial_authority_30_bonds_lodged,bonds_lodged,territorial_authority,30,Hastings District,2025-08-01,6,6.150258002720274,7.880265528460426,4.271474808503766
seasonal_naive,territorial_authority_30_bonds_lodged,bonds_lodged,territorial_authority,30,Hastings District,2025-08-01,6,24.5,26.91653766738954,18.736174989324454
xgboost_pooled_recursive,territorial_authority_30_bonds_lodged,bonds_lodged,territorial_authority,30,Hastings District,2025-08-01,6,11.719792683919271,14.576051273001537,7.955560148181114
ets_additive_damped,territorial_authority_30_bonds_lodged,bonds_lodged,territorial_authority,30,Hastings District,2025-09-01,6,6.481310397536826,7.842943742834333,4.505978416421189
seasonal_naive,territorial_authority_30_bonds_lodged,bonds_lodged,territorial_authority,30,Hastings District,2025-09-01,6,20.5,23.590252224170897,15.371135885540902
xgboost_pooled_recursive,territorial_authority_30_bonds_lodged,bonds_lodged,territorial_authority,30,Hastings District,2025-09-01,6,13.73528798421224,15.506924897503097,9.367103297761712
ets_additive_damped,territorial_authority_30_bonds_lodged,bonds_lodged,territorial_authority,30,Hastings District,2025-10-01,6,5.491261707631996,5.784695420663071,3.951336767618073
seasonal_naive,territorial_authority_30_bonds_lodged,bonds_lodged,territorial_authority,30,Hastings District,2025-10-01,6,17.5,19.862024066041204,13.245532020806602
xgboost_pooled_recursive,territorial_authority_30_bonds_lodged,bonds_lodged,territorial_authority,30,Hastings District,2025-10-01,6,17.175267537434895,21.883635966166064,11.744067487279155
ets_additive_damped,territorial_authority_30_bonds_lodged,bonds_lodged,territorial_authority,30,Hastings District,2025-11-01,6,7.9154754587850915,8.973852202744741,5.477685839996674
seasonal_naive,territorial_authority_30_bonds_lodged,bonds_lodged,territorial_authority,30,Hastings District,2025-11-01,6,15.0,18.083141320025124,11.321366768967327
xgboost_pooled_recursive,territorial_authority_30_bonds_lodged,bonds_lodged,territorial_authority,30,Hastings District,2025-11-01,6,21.422876993815105,24.594345393123024,14.303022871331752
ets_additive_damped,territorial_authority_30_bonds_lodged,bonds_lodged,territorial_authority,30,Hastings District,2025-12-01,6,8.931576880468418,9.528615719738493,6.207464934957493
seasonal_naive,territorial_authority_30_bonds_lodged,bonds_lodged,territorial_authority,30,Hastings District,2025-12-01,6,9.5,10.606601717798213,6.92576237336293
xgboost_pooled_recursive,territorial_authority_30_bonds_lodged,bonds_lodged,territorial_authority,30,Hastings District,2025-12-01,6,25.031351725260418,26.698720901994413,16.637467509973572
ets_additive_damped,territorial_authority_30_bonds_lodged,bonds_lodged,territorial_authority,30,Hastings District,2026-01-01,6,9.539769074032142,10.167257877171311,6.566455527957715
seasonal_naive,territorial_authority_30_bonds_lodged,bonds_lodged,territorial_authority,30,Hastings District,2026-01-01,6,9.0,10.246950765959598,6.500974767166029
xgboost_pooled_recursive,territorial_authority_30_bonds_lodged,bonds_lodged,territorial_authority,30,Hastings District,2026-01-01,6,8.692713419596354,10.471395217423726,6.0495476453433366
ets_additive_damped,territorial_authority_31_bonds_lodged,bonds_lodged,territorial_authority,31,Napier City,2025-02-01,6,22.23485249827367,24.58048468993766,17.06194587636185
seasonal_naive,territorial_authority_31_bonds_lodged,bonds_lodged,territorial_authority,31,Napier City,2025-02-01,6,28.0,31.32091952673165,22.72560410189276
xgboost_pooled_recursive,territorial_authority_31_bonds_lodged,bonds_lodged,territorial_authority,31,Napier City,2025-02-01,6,12.101893107096357,13.436489956045444,8.766450634669694
ets_additive_damped,territorial_authority_31_bonds_lodged,bonds_lodged,territorial_authority,31,Napier City,2025-03-01,6,24.07590412335034,25.000232777005966,18.79250697200334
seasonal_naive,territorial_authority_31_bonds_lodged,bonds_lodged,territorial_authority,31,Napier City,2025-03-01,6,25.5,30.224162519414826,20.62459400088266
xgboost_pooled_recursive,territorial_authority_31_bonds_lodged,bonds_lodged,territorial_authority,31,Napier City,2025-03-01,6,16.323832194010418,23.25834223246344,12.149354448424516
ets_additive_damped,territorial_authority_31_bonds_lodged,bonds_lodged,territorial_authority,31,Napier City,2025-04-01,6,18.242724518916585,18.894093792920298,14.145859665226329
seasonal_naive,territorial_authority_31_bonds_lodged,bonds_lodged,territorial_authority,31,Napier City,2025-04-01,6,26.0,30.740852297878796,21.545228921517577
xgboost_pooled_recursive,territorial_authority_31_bonds_lodged,bonds_lodged,territorial_authority,31,Napier City,2025-04-01,6,17.615638732910156,23.430767130650064,13.068026600693441
ets_additive_damped,territorial_authority_31_bonds_lodged,bonds_lodged,territorial_authority,31,Napier City,2025-05-01,6,14.820747379781404,17.287504968841635,11.873336893291999
seasonal_naive,territorial_authority_31_bonds_lodged,bonds_lodged,territorial_authority,31,Napier City,2025-05-01,6,18.0,23.68543856465402,14.878562254850916
xgboost_pooled_recursive,territorial_authority_31_bonds_lodged,bonds_lodged,territorial_authority,31,Napier City,2025-05-01,6,25.888844807942707,33.46882841048039,19.270154534932395
ets_additive_damped,territorial_authority_31_bonds_lodged,bonds_lodged,territorial_authority,31,Napier City,2025-06-01,6,13.51817095581228,17.750086917198978,11.029212387487206
seasonal_naive,territorial_authority_31_bonds_lodged,bonds_lodged,territorial_authority,31,Napier City,2025-06-01,6,12.5,16.748134224444225,10.27979682275215
xgboost_pooled_recursive,territorial_authority_31_bonds_lodged,bonds_lodged,territorial_authority,31,Napier City,2025-06-01,6,29.003402709960938,33.755610469924335,21.8371303852944
ets_additive_damped,territorial_authority_31_bonds_lodged,bonds_lodged,territorial_authority,31,Napier City,2025-07-01,6,14.766504894519741,19.08327149613121,12.11402367293511
seasonal_naive,territorial_authority_31_bonds_lodged,bonds_lodged,territorial_authority,31,Napier City,2025-07-01,6,12.0,16.15549442140351,10.14702581369248
xgboost_pooled_recursive,territorial_authority_31_bonds_lodged,bonds_lodged,territorial_authority,31,Napier City,2025-07-01,6,32.491661071777344,35.55153420086754,24.124335468596637
ets_additive_damped,territorial_authority_31_bonds_lodged,bonds_lodged,territorial_authority,31,Napier City,2025-08-01,6,19.037152096097145,22.18394450060154,15.748088095729893
seasonal_naive,territorial_authority_31_bonds_lodged,bonds_lodged,territorial_authority,31,Napier City,2025-08-01,6,13.5,17.10263137648707,11.628507295173963
xgboost_pooled_recursive,territorial_authority_31_bonds_lodged,bonds_lodged,territorial_authority,31,Napier City,2025-08-01,6,31.27869415283203,34.08805503452656,24.26942855876004
ets_additive_damped,territorial_authority_31_bonds_lodged,bonds_lodged,territorial_authority,31,Napier City,2025-09-01,6,14.562059042633287,16.210085513919104,12.001246358988588
seasonal_naive,territorial_authority_31_bonds_lodged,bonds_lodged,territorial_authority,31,Napier City,2025-09-01,6,14.0,17.320508075688775,11.884229069883077
xgboost_pooled_recursive,territorial_authority_31_bonds_lodged,bonds_lodged,territorial_authority,31,Napier City,2025-09-01,6,23.011973063151043,27.171392449854118,18.131109702354184
ets_additive_damped,territorial_authority_31_bonds_lodged,bonds_lodged,territorial_authority,31,Napier City,2025-10-01,6,16.9631789566491,17.99312125811353,14.082167764355694
seasonal_naive,territorial_authority_31_bonds_lodged,bonds_lodged,territorial_authority,31,Napier City,2025-10-01,6,14.0,17.320508075688775,11.413010863725113
xgboost_pooled_recursive,territorial_authority_31_bonds_lodged,bonds_lodged,territorial_authority,31,Napier City,2025-10-01,6,30.231979370117188,33.79342401007177,23.572367435804413
ets_additive_damped,territorial_authority_31_bonds_lodged,bonds_lodged,territorial_authority,31,Napier City,2025-11-01,6,14.633309402820634,16.002421723208364,11.79556870202441
seasonal_naive,territorial_authority_31_bonds_lodged,bonds_lodged,territorial_authority,31,Napier City,2025-11-01,6,14.5,17.363755354185336,11.756653475408962
xgboost_pooled_recursive,territorial_authority_31_bonds_lodged,bonds_lodged,territorial_authority,31,Napier City,2025-11-01,6,21.68209966023763,26.70760086398761,16.8832849200379
ets_additive_damped,territorial_authority_31_bonds_lodged,bonds_lodged,territorial_authority,31,Napier City,2025-12-01,6,16.034485269977694,16.4784527478928,12.93312706383462
seasonal_naive,territorial_authority_31_bonds_lodged,bonds_lodged,territorial_authority,31,Napier City,2025-12-01,6,17.0,19.595917942265423,13.622860767972844
xgboost_pooled_recursive,territorial_authority_31_bonds_lodged,bonds_lodged,territorial_authority,31,Napier City,2025-12-01,6,23.693519592285156,28.19193651160237,18.450403516238794
ets_additive_damped,territorial_authority_31_bonds_lodged,bonds_lodged,territorial_authority,31,Napier City,2026-01-01,6,17.761441113757922,18.281449879686257,14.2179536188097
seasonal_naive,territorial_authority_31_bonds_lodged,bonds_lodged,territorial_authority,31,Napier City,2026-01-01,6,19.0,21.908902300206645,14.896232786025712
xgboost_pooled_recursive,territorial_authority_31_bonds_lodged,bonds_lodged,territorial_authority,31,Napier City,2026-01-01,6,17.69574483235677,18.507716560286617,14.272045320076876
ets_additive_damped,territorial_authority_33_bonds_lodged,bonds_lodged,territorial_authority,33,New Plymouth District,2025-02-01,6,25.564736190459225,30.47961895700012,14.403044316953698
seasonal_naive,territorial_authority_33_bonds_lodged,bonds_lodged,territorial_authority,33,New Plymouth District,2025-02-01,6,41.5,43.800684926151554,24.746217058853013
xgboost_pooled_recursive,territorial_authority_33_bonds_lodged,bonds_lodged,territorial_authority,33,New Plymouth District,2025-02-01,6,15.059458414713546,17.481477212340035,8.107887881330418
ets_additive_damped,territorial_authority_33_bonds_lodged,bonds_lodged,territorial_authority,33,New Plymouth District,2025-03-01,6,19.372610039553418,24.989439298987964,10.722236431012748
seasonal_naive,territorial_authority_33_bonds_lodged,bonds_lodged,territorial_authority,33,New Plymouth District,2025-03-01,6,41.5,43.800684926151554,25.543456867247478
xgboost_pooled_recursive,territorial_authority_33_bonds_lodged,bonds_lodged,territorial_authority,33,New Plymouth District,2025-03-01,6,17.52587127685547,19.88084660356037,9.52459756600983
ets_additive_damped,territorial_authority_33_bonds_lodged,bonds_lodged,territorial_authority,33,New Plymouth District,2025-04-01,6,12.652419716344037,15.99740291986272,6.86038233291313
seasonal_naive,territorial_authority_33_bonds_lodged,bonds_lodged,territorial_authority,33,New Plymouth District,2025-04-01,6,35.0,38.34057902536163,21.715365997872205
xgboost_pooled_recursive,territorial_authority_33_bonds_lodged,bonds_lodged,territorial_authority,33,New Plymouth District,2025-04-01,6,22.628573099772144,25.441074446904466,12.217506892055985
ets_additive_damped,territorial_authority_33_bonds_lodged,bonds_lodged,territorial_authority,33,New Plymouth District,2025-05-01,6,13.624148021151194,14.886023393939134,7.596516721212618
seasonal_naive,territorial_authority_33_bonds_lodged,bonds_lodged,territorial_authority,33,New Plymouth District,2025-05-01,6,35.0,38.34057902536163,22.17029055621628
xgboost_pooled_recursive,territorial_authority_33_bonds_lodged,bonds_lodged,territorial_authority,33,New Plymouth District,2025-05-01,6,32.40904744466146,33.912047153400316,16.97436029693754
ets_additive_damped,territorial_authority_33_bonds_lodged,bonds_lodged,territorial_authority,33,New Plymouth District,2025-06-01,6,15.71375299966752,18.120486621981033,8.772060735507655
seasonal_naive,territorial_authority_33_bonds_lodged,bonds_lodged,territorial_authority,33,New Plymouth District,2025-06-01,6,33.5,37.44996662214801,20.866660193179975
xgboost_pooled_recursive,territorial_authority_33_bonds_lodged,bonds_lodged,territorial_authority,33,New Plymouth District,2025-06-01,6,17.41065724690755,18.649357383043043,9.290144380442221
ets_additive_damped,territorial_authority_33_bonds_lodged,bonds_lodged,territorial_authority,33,New Plymouth District,2025-07-01,6,14.949800613346307,19.304650294254305,8.439313179008499
seasonal_naive,territorial_authority_33_bonds_lodged,bonds_lodged,territorial_authority,33,New Plymouth District,2025-07-01,6,30.5,36.72192805395708,19.048478374998158
xgboost_pooled_recursive,territorial_authority_33_bonds_lodged,bonds_lodged,territorial_authority,33,New Plymouth District,2025-07-01,6,23.338890075683594,24.661478250478808,12.24069332617026
ets_additive_damped,territorial_authority_33_bonds_lodged,bonds_lodged,territorial_authority,33,New Plymouth District,2025-08-01,6,15.16574220849391,18.6773948248504,8.821768384807298
seasonal_naive,territorial_authority_33_bonds_lodged,bonds_lodged,territorial_authority,33,New Plymouth District,2025-08-01,6,26.0,31.368774282716245,16.62835815987636
xgboost_pooled_recursive,territorial_authority_33_bonds_lodged,bonds_lodged,territorial_authority,33,New Plymouth District,2025-08-01,6,27.772239685058594,34.62553851524631,14.885486200679543
ets_additive_damped,territorial_authority_33_bonds_lodged,bonds_lodged,territorial_authority,33,New Plymouth District,2025-09-01,6,17.16633399172336,20.631416937711897,9.77227352598014
seasonal_naive,territorial_authority_33_bonds_lodged,bonds_lodged,territorial_authority,33,New Plymouth District,2025-09-01,6,20.5,24.586581706288495,12.073629734180193
xgboost_pooled_recursive,territorial_authority_33_bonds_lodged,bonds_lodged,territorial_authority,33,New Plymouth District,2025-09-01,6,23.667856852213532,32.77431525534252,12.413452668326434
ets_additive_damped,territorial_authority_33_bonds_lodged,bonds_lodged,territorial_authority,33,New Plymouth District,2025-10-01,6,17.40240810110316,20.746990286627916,9.907872666951635
seasonal_naive,territorial_authority_33_bonds_lodged,bonds_lodged,territorial_authority,33,New Plymouth District,2025-10-01,6,21.0,24.919871588754223,12.15748097221906
xgboost_pooled_recursive,territorial_authority_33_bonds_lodged,bonds_lodged,territorial_authority,33,New Plymouth District,2025-10-01,6,29.664675394694004,37.78721100405297,15.33932553868447
ets_additive_damped,territorial_authority_33_bonds_lodged,bonds_lodged,territorial_authority,33,New Plymouth District,2025-11-01,6,16.86063335615535,19.811501686154322,9.306701883681782
seasonal_naive,territorial_authority_33_bonds_lodged,bonds_lodged,territorial_authority,33,New Plymouth District,2025-11-01,6,15.0,17.233687939614086,8.289749469347964
xgboost_pooled_recursive,territorial_authority_33_bonds_lodged,bonds_lodged,territorial_authority,33,New Plymouth District,2025-11-01,6,21.127619425455737,28.428897220298204,11.294803025048227
ets_additive_damped,territorial_authority_33_bonds_lodged,bonds_lodged,territorial_authority,33,New Plymouth District,2025-12-01,6,16.840743031531233,19.753599241973653,9.27368288263933
seasonal_naive,territorial_authority_33_bonds_lodged,bonds_lodged,territorial_authority,33,New Plymouth District,2025-12-01,6,13.5,16.015617378046965,7.5080385548936865
xgboost_pooled_recursive,territorial_authority_33_bonds_lodged,bonds_lodged,territorial_authority,33,New Plymouth District,2025-12-01,6,24.393836975097653,30.112962993105395,13.092021100444725
ets_additive_damped,territorial_authority_33_bonds_lodged,bonds_lodged,territorial_authority,33,New Plymouth District,2026-01-01,6,18.045538641995886,20.35731759936247,9.807739061327805
seasonal_naive,territorial_authority_33_bonds_lodged,bonds_lodged,territorial_authority,33,New Plymouth District,2026-01-01,6,15.5,16.748134224444225,8.619149666004798
xgboost_pooled_recursive,territorial_authority_33_bonds_lodged,bonds_lodged,territorial_authority,33,New Plymouth District,2026-01-01,6,16.63755289713542,21.304832836592958,9.091403666563185
ets_additive_damped,territorial_authority_35_bonds_lodged,bonds_lodged,territorial_authority,35,South Taranaki District,2025-02-01,6,8.530178840947793,11.240090901800757,16.850205036479927
seasonal_naive,territorial_authority_35_bonds_lodged,bonds_lodged,territorial_authority,35,South Taranaki District,2025-02-01,6,14.5,17.95828499606797,31.60462241997281
xgboost_pooled_recursive,territorial_authority_35_bonds_lodged,bonds_lodged,territorial_authority,35,South Taranaki District,2025-02-01,6,7.272822697957356,8.948001679582426,14.301643355911128
ets_additive_damped,territorial_authority_35_bonds_lodged,bonds_lodged,territorial_authority,35,South Taranaki District,2025-03-01,6,6.130790599862482,8.11653952422876,13.124477959015291
seasonal_naive,territorial_authority_35_bonds_lodged,bonds_lodged,territorial_authority,35,South Taranaki District,2025-03-01,6,11.5,15.247950681976906,26.049066864417252
xgboost_pooled_recursive,territorial_authority_35_bonds_lodged,bonds_lodged,territorial_authority,35,South Taranaki District,2025-03-01,6,9.483118057250977,12.624440260368718,19.917747247811764
ets_additive_damped,territorial_authority_35_bonds_lodged,bonds_lodged,territorial_authority,35,South Taranaki District,2025-04-01,6,6.714382317141282,8.453797261475373,14.485071605358025
seasonal_naive,territorial_authority_35_bonds_lodged,bonds_lodged,territorial_authority,35,South Taranaki District,2025-04-01,6,11.5,15.247950681976906,26.049066864417252
xgboost_pooled_recursive,territorial_authority_35_bonds_lodged,bonds_lodged,territorial_authority,35,South Taranaki District,2025-04-01,6,11.252641677856445,14.937860259345568,22.971643295022712
ets_additive_damped,territorial_authority_35_bonds_lodged,bonds_lodged,territorial_authority,35,South Taranaki District,2025-05-01,6,7.269056059379506,8.610870869231302,15.680264199266533
seasonal_naive,territorial_authority_35_bonds_lodged,bonds_lodged,territorial_authority,35,South Taranaki District,2025-05-01,6,11.5,15.247950681976906,25.974910394265233
xgboost_pooled_recursive,territorial_authority_35_bonds_lodged,bonds_lodged,territorial_authority,35,South Taranaki District,2025-05-01,6,12.970584233601889,15.648764062933862,25.807913197291338
ets_additive_damped,territorial_authority_35_bonds_lodged,bonds_lodged,territorial_authority,35,South Taranaki District,2025-06-01,6,6.2119848479982815,7.7537842057110185,13.926688894348857
seasonal_naive,territorial_authority_35_bonds_lodged,bonds_lodged,territorial_authority,35,South Taranaki District,2025-06-01,6,10.0,13.19090595827292,22.462365591397848
xgboost_pooled_recursive,territorial_authority_35_bonds_lodged,bonds_lodged,territorial_authority,35,South Taranaki District,2025-06-01,6,16.93279965718587,20.175056516708995,33.084639789924246
ets_additive_damped,territorial_authority_35_bonds_lodged,bonds_lodged,territorial_authority,35,South Taranaki District,2025-07-01,6,6.1836360979261284,7.731984075145248,13.880990500700804
seasonal_naive,territorial_authority_35_bonds_lodged,bonds_lodged,territorial_authority,35,South Taranaki District,2025-07-01,6,10.5,13.47219358530748,23.943847072879333
xgboost_pooled_recursive,territorial_authority_35_bonds_lodged,bonds_lodged,territorial_authority,35,South Taranaki District,2025-07-01,6,17.622772852579754,19.25636828126532,34.84162385131683
ets_additive_damped,territorial_authority_35_bonds_lodged,bonds_lodged,territorial_authority,35,South Taranaki District,2025-08-01,6,6.289364711644136,7.504895702226288,14.80882370138866
seasonal_naive,territorial_authority_35_bonds_lodged,bonds_lodged,territorial_authority,35,South Taranaki District,2025-08-01,6,6.5,7.842193570679061,15.50099561927519
xgboost_pooled_recursive,territorial_authority_35_bonds_lodged,bonds_lodged,territorial_authority,35,South Taranaki District,2025-08-01,6,20.399495442708332,20.823314550964362,40.28443747278151
ets_additive_damped,territorial_authority_35_bonds_lodged,bonds_lodged,territorial_authority,35,South Taranaki District,2025-09-01,6,3.500608439702816,4.035909337860232,7.92274804385619
seasonal_naive,territorial_authority_35_bonds_lodged,bonds_lodged,territorial_authority,35,South Taranaki District,2025-09-01,6,7.5,8.916277250063503,16.426921545201115
xgboost_pooled_recursive,territorial_authority_35_bonds_lodged,bonds_lodged,territorial_authority,35,South Taranaki District,2025-09-01,6,14.350512186686197,14.805893065631112,28.454035589189626
ets_additive_damped,territorial_authority_35_bonds_lodged,bonds_lodged,territorial_authority,35,South Taranaki District,2025-10-01,6,3.221527146411873,4.20970898289538,6.8780014885695575
seasonal_naive,territorial_authority_35_bonds_lodged,bonds_lodged,territorial_authority,35,South Taranaki District,2025-10-01,6,9.5,10.747092630102339,20.469932297889283
xgboost_pooled_recursive,territorial_authority_35_bonds_lodged,bonds_lodged,territorial_authority,35,South Taranaki District,2025-10-01,6,12.850640614827475,13.825886325269128,24.7726814537831
ets_additive_damped,territorial_authority_35_bonds_lodged,bonds_lodged,territorial_authority,35,South Taranaki District,2025-11-01,6,3.8589145803979576,4.631395086268533,8.194794988623313
seasonal_naive,territorial_authority_35_bonds_lodged,bonds_lodged,territorial_authority,35,South Taranaki District,2025-11-01,6,9.0,10.677078252031311,19.394663480684983
xgboost_pooled_recursive,territorial_authority_35_bonds_lodged,bonds_lodged,territorial_authority,35,South Taranaki District,2025-11-01,6,13.68909772237142,14.203763724540597,26.477610695057813
ets_additive_damped,territorial_authority_35_bonds_lodged,bonds_lodged,territorial_authority,35,South Taranaki District,2025-12-01,6,3.7294566663567914,4.585547918027679,7.7425218705494725
seasonal_naive,territorial_authority_35_bonds_lodged,bonds_lodged,territorial_authority,35,South Taranaki District,2025-12-01,6,7.0,8.831760866327848,14.919220295564381
xgboost_pooled_recursive,territorial_authority_35_bonds_lodged,bonds_lodged,territorial_authority,35,South Taranaki District,2025-12-01,6,9.88520367940267,10.606305614507388,18.990738110607982
ets_additive_damped,territorial_authority_35_bonds_lodged,bonds_lodged,territorial_authority,35,South Taranaki District,2026-01-01,6,5.85082804590983,7.066658822458184,12.396048001330932
seasonal_naive,territorial_authority_35_bonds_lodged,bonds_lodged,territorial_authority,35,South Taranaki District,2026-01-01,6,7.0,8.831760866327848,14.663792453929641
xgboost_pooled_recursive,territorial_authority_35_bonds_lodged,bonds_lodged,territorial_authority,35,South Taranaki District,2026-01-01,6,4.697336832682292,5.650392223636917,10.022181977894423
ets_additive_damped,territorial_authority_37_bonds_lodged,bonds_lodged,territorial_authority,37,Whanganui District,2025-02-01,6,20.35253807616967,22.56227468965266,19.376792735358606
seasonal_naive,territorial_authority_37_bonds_lodged,bonds_lodged,territorial_authority,37,Whanganui District,2025-02-01,6,32.5,37.60983913818298,33.42155595074627
xgboost_pooled_recursive,territorial_authority_37_bonds_lodged,bonds_lodged,territorial_authority,37,Whanganui District,2025-02-01,6,10.027370452880861,15.861291462092122,8.920838229083932
ets_additive_damped,territorial_authority_37_bonds_lodged,bonds_lodged,territorial_authority,37,Whanganui District,2025-03-01,6,12.409188843647668,14.09802233224102,11.86697652631456
seasonal_naive,territorial_authority_37_bonds_lodged,bonds_lodged,territorial_authority,37,Whanganui District,2025-03-01,6,27.5,29.06028217344078,28.827225549964254
xgboost_pooled_recursive,territorial_authority_37_bonds_lodged,bonds_lodged,territorial_authority,37,Whanganui District,2025-03-01,6,11.186096191406248,13.095223192664765,10.031611660024844
ets_additive_damped,territorial_authority_37_bonds_lodged,bonds_lodged,territorial_authority,37,Whanganui District,2025-04-01,6,13.147432359465887,14.250555524559191,12.549394693613799
seasonal_naive,territorial_authority_37_bonds_lodged,bonds_lodged,territorial_authority,37,Whanganui District,2025-04-01,6,29.0,30.04995840263344,30.20432421059432
xgboost_pooled_recursive,territorial_authority_37_bonds_lodged,bonds_lodged,territorial_authority,37,Whanganui District,2025-04-01,6,9.592826843261724,11.919892749868026,8.329322879599061
ets_additive_damped,territorial_authority_37_bonds_lodged,bonds_lodged,territorial_authority,37,Whanganui District,2025-05-01,6,16.48761087317723,17.534800620611215,15.623514339476005
seasonal_naive,territorial_authority_37_bonds_lodged,bonds_lodged,territorial_authority,37,Whanganui District,2025-05-01,6,30.0,30.93541659651604,30.66515370368188
xgboost_pooled_recursive,territorial_authority_37_bonds_lodged,bonds_lodged,territorial_authority,37,Whanganui District,2025-05-01,6,6.302272796630857,8.217171685795458,5.436231720098859
ets_additive_damped,territorial_authority_37_bonds_lodged,bonds_lodged,territorial_authority,37,Whanganui District,2025-06-01,6,11.503472133055054,13.52599494888517,10.74955765064236
seasonal_naive,territorial_authority_37_bonds_lodged,bonds_lodged,territorial_authority,37,Whanganui District,2025-06-01,6,29.0,29.949958263743873,29.322659823874563
xgboost_pooled_recursive,territorial_authority_37_bonds_lodged,bonds_lodged,territorial_authority,37,Whanganui District,2025-06-01,6,11.541459401448565,18.478515449825125,10.459841002674429
ets_additive_damped,territorial_authority_37_bonds_lodged,bonds_lodged,territorial_authority,37,Whanganui District,2025-07-01,6,8.559905619321691,10.704474533772656,8.100851736742515
seasonal_naive,territorial_authority_37_bonds_lodged,bonds_lodged,territorial_authority,37,Whanganui District,2025-07-01,6,23.5,26.74883175019051,24.008650162038812
xgboost_pooled_recursive,territorial_authority_37_bonds_lodged,bonds_lodged,territorial_authority,37,Whanganui District,2025-07-01,6,18.67400614420573,24.632365120282575,16.161546728348142
ets_additive_damped,territorial_authority_37_bonds_lodged,bonds_lodged,territorial_authority,37,Whanganui District,2025-08-01,6,10.300132864914119,12.092811851026946,9.80835748860695
seasonal_naive,territorial_authority_37_bonds_lodged,bonds_lodged,territorial_authority,37,Whanganui District,2025-08-01,6,21.0,25.748786379167466,21.59657422055111
xgboost_pooled_recursive,territorial_authority_37_bonds_lodged,bonds_lodged,territorial_authority,37,Whanganui District,2025-08-01,6,15.080309549967447,19.66361077358755,13.85784524997106
ets_additive_damped,territorial_authority_37_bonds_lodged,bonds_lodged,territorial_authority,37,Whanganui District,2025-09-01,6,8.73169540713757,11.23660145892665,8.325413017421253
seasonal_naive,territorial_authority_37_bonds_lodged,bonds_lodged,territorial_authority,37,Whanganui District,2025-09-01,6,18.0,21.563858652847824,17.32172502044621
xgboost_pooled_recursive,territorial_authority_37_bonds_lodged,bonds_lodged,territorial_authority,37,Whanganui District,2025-09-01,6,19.240687052408852,21.610753260643225,17.227587012523912
ets_additive_damped,territorial_authority_37_bonds_lodged,bonds_lodged,territorial_authority,37,Whanganui District,2025-10-01,6,8.529353648812865,11.249335065532234,8.129014515743906
seasonal_naive,territorial_authority_37_bonds_lodged,bonds_lodged,territorial_authority,37,Whanganui District,2025-10-01,6,15.0,19.364916731037084,14.06231641829567
xgboost_pooled_recursive,territorial_authority_37_bonds_lodged,bonds_lodged,territorial_authority,37,Whanganui District,2025-10-01,6,22.210386912027996,23.983041509192688,19.79483124967548
ets_additive_damped,territorial_authority_37_bonds_lodged,bonds_lodged,territorial_authority,37,Whanganui District,2025-11-01,6,8.738138461950657,10.803054526240523,8.370317369047697
seasonal_naive,territorial_authority_37_bonds_lodged,bonds_lodged,territorial_authority,37,Whanganui District,2025-11-01,6,10.5,15.049916943292411,9.769895224466023
xgboost_pooled_recursive,territorial_authority_37_bonds_lodged,bonds_lodged,territorial_authority,37,Whanganui District,2025-11-01,6,27.14122136433919,27.768226616201787,23.786706795267733
ets_additive_damped,territorial_authority_37_bonds_lodged,bonds_lodged,territorial_authority,37,Whanganui District,2025-12-01,6,6.588913510710969,9.025396400708546,6.240484386571912
seasonal_naive,territorial_authority_37_bonds_lodged,bonds_lodged,territorial_authority,37,Whanganui District,2025-12-01,6,8.5,11.937336386313323,7.707742221365583
xgboost_pooled_recursive,territorial_authority_37_bonds_lodged,bonds_lodged,territorial_authority,37,Whanganui District,2025-12-01,6,19.813491821289066,20.806746023308506,17.65329032667259
ets_additive_damped,territorial_authority_37_bonds_lodged,bonds_lodged,territorial_authority,37,Whanganui District,2026-01-01,6,7.49877646157321,9.34947410159868,7.061012561019213
seasonal_naive,territorial_authority_37_bonds_lodged,bonds_lodged,territorial_authority,37,Whanganui District,2026-01-01,6,10.5,12.90348790056394,9.462128186277864
xgboost_pooled_recursive,territorial_authority_37_bonds_lodged,bonds_lodged,territorial_authority,37,Whanganui District,2026-01-01,6,5.151006062825519,6.740023899596809,5.031877067101565
ets_additive_damped,territorial_authority_38_bonds_lodged,bonds_lodged,territorial_authority,38,Rangitikei District,2025-02-01,6,6.915906986545633,8.565521442447931,26.970173632706025
seasonal_naive,territorial_authority_38_bonds_lodged,bonds_lodged,territorial_authority,38,Rangitikei District,2025-02-01,6,8.0,8.831760866327848,33.739615504321385
xgboost_pooled_recursive,territorial_authority_38_bonds_lodged,bonds_lodged,territorial_authority,38,Rangitikei District,2025-02-01,6,6.94595464070638,7.539682674686081,26.959231095635943
ets_additive_damped,territorial_authority_38_bonds_lodged,bonds_lodged,territorial_authority,38,Rangitikei District,2025-03-01,6,6.741795807629836,8.17763358501481,28.17152245869201
seasonal_naive,territorial_authority_38_bonds_lodged,bonds_lodged,territorial_authority,38,Rangitikei District,2025-03-01,6,8.5,9.246621004453464,37.72821949292538
xgboost_pooled_recursive,territorial_authority_38_bonds_lodged,bonds_lodged,territorial_authority,38,Rangitikei District,2025-03-01,6,10.575802485148113,12.408416478593589,40.702926016327034
ets_additive_damped,territorial_authority_38_bonds_lodged,bonds_lodged,territorial_authority,38,Rangitikei District,2025-04-01,6,7.810098965471958,9.038198970327018,31.319212609705403
seasonal_naive,territorial_authority_38_bonds_lodged,bonds_lodged,territorial_authority,38,Rangitikei District,2025-04-01,6,10.0,10.816653826391969,43.28377504848093
xgboost_pooled_recursive,territorial_authority_38_bonds_lodged,bonds_lodged,territorial_authority,38,Rangitikei District,2025-04-01,6,9.020730336507162,10.766103029512546,32.61234456827793
ets_additive_damped,territorial_authority_38_bonds_lodged,bonds_lodged,territorial_authority,38,Rangitikei District,2025-05-01,6,5.557459906922877,6.7869466985140745,23.49595150265934
seasonal_naive,territorial_authority_38_bonds_lodged,bonds_lodged,territorial_authority,38,Rangitikei District,2025-05-01,6,9.0,10.246950765959598,41.08597285067873
xgboost_pooled_recursive,territorial_authority_38_bonds_lodged,bonds_lodged,territorial_authority,38,Rangitikei District,2025-05-01,6,10.671098073323568,12.65959575393686,38.662232496407064
ets_additive_damped,territorial_authority_38_bonds_lodged,bonds_lodged,territorial_authority,38,Rangitikei District,2025-06-01,6,4.618011776169474,5.721782809782669,20.53785086954153
seasonal_naive,territorial_authority_38_bonds_lodged,bonds_lodged,territorial_authority,38,Rangitikei District,2025-06-01,6,7.0,8.306623862918075,33.5042735042735
xgboost_pooled_recursive,territorial_authority_38_bonds_lodged,bonds_lodged,territorial_authority,38,Rangitikei District,2025-06-01,6,14.654826482137045,15.917741110407201,50.78967642024899
ets_additive_damped,territorial_authority_38_bonds_lodged,bonds_lodged,territorial_authority,38,Rangitikei District,2025-07-01,6,3.3741414226994197,4.673627244100268,15.290821579860408
seasonal_naive,territorial_authority_38_bonds_lodged,bonds_lodged,territorial_authority,38,Rangitikei District,2025-07-01,6,6.5,8.215838362577491,31.28205128205128
xgboost_pooled_recursive,territorial_authority_38_bonds_lodged,bonds_lodged,territorial_authority,38,Rangitikei District,2025-07-01,6,12.058121681213379,13.084154595371418,43.63237729000833
ets_additive_damped,territorial_authority_38_bonds_lodged,bonds_lodged,territorial_authority,38,Rangitikei District,2025-08-01,6,4.641307532332215,5.680655257596645,21.082206091514358
seasonal_naive,territorial_authority_38_bonds_lodged,bonds_lodged,territorial_authority,38,Rangitikei District,2025-08-01,6,5.5,7.44983221287567,26.15384615384615
xgboost_pooled_recursive,territorial_authority_38_bonds_lodged,bonds_lodged,territorial_authority,38,Rangitikei District,2025-08-01,6,15.061447779337565,16.181001347886074,53.19133296784566
ets_additive_damped,territorial_authority_38_bonds_lodged,bonds_lodged,territorial_authority,38,Rangitikei District,2025-09-01,6,4.3182556035242925,5.382906624371211,18.817113960394902
seasonal_naive,territorial_authority_38_bonds_lodged,bonds_lodged,territorial_authority,38,Rangitikei District,2025-09-01,6,6.0,8.12403840463596,26.794871794871796
xgboost_pooled_recursive,territorial_authority_38_bonds_lodged,bonds_lodged,territorial_authority,38,Rangitikei District,2025-09-01,6,11.427328109741211,12.868018613031376,42.02792790477153
ets_additive_damped,territorial_authority_38_bonds_lodged,bonds_lodged,territorial_authority,38,Rangitikei District,2025-10-01,6,4.935486125744106,6.1022472538906305,21.373339668706816
seasonal_naive,territorial_authority_38_bonds_lodged,bonds_lodged,territorial_authority,38,Rangitikei District,2025-10-01,6,6.0,8.12403840463596,26.794871794871796
xgboost_pooled_recursive,territorial_authority_38_bonds_lodged,bonds_lodged,territorial_authority,38,Rangitikei District,2025-10-01,6,12.526412645975748,13.095906449659793,45.323943450766826
ets_additive_damped,territorial_authority_38_bonds_lodged,bonds_lodged,territorial_authority,38,Rangitikei District,2025-11-01,6,6.710724683513162,7.999353476648435,26.334740905359705
seasonal_naive,territorial_authority_38_bonds_lodged,bonds_lodged,territorial_authority,38,Rangitikei District,2025-11-01,6,6.0,8.12403840463596,25.564102564102566
xgboost_pooled_recursive,territorial_authority_38_bonds_lodged,bonds_lodged,territorial_authority,38,Rangitikei District,2025-11-01,6,10.201299985249838,12.03042269458342,36.685445046832996
ets_additive_damped,territorial_authority_38_bonds_lodged,bonds_lodged,territorial_authority,38,Rangitikei District,2025-12-01,6,7.43752892277288,8.290154393849805,29.89850135128787
seasonal_naive,territorial_authority_38_bonds_lodged,bonds_lodged,territorial_authority,38,Rangitikei District,2025-12-01,6,8.0,10.099504938362077,33.14580191050779
xgboost_pooled_recursive,territorial_authority_38_bonds_lodged,bonds_lodged,territorial_authority,38,Rangitikei District,2025-12-01,6,12.255454381306967,14.565103148906593,43.26020278326473
ets_additive_damped,territorial_authority_38_bonds_lodged,bonds_lodged,territorial_authority,38,Rangitikei District,2026-01-01,6,7.417596691287251,8.278787856114423,29.715599233148104
seasonal_naive,territorial_authority_38_bonds_lodged,bonds_lodged,territorial_authority,38,Rangitikei District,2026-01-01,6,9.0,10.392304845413264,37.31246857717446
xgboost_pooled_recursive,territorial_authority_38_bonds_lodged,bonds_lodged,territorial_authority,38,Rangitikei District,2026-01-01,6,6.900102933247884,7.586626495466437,27.52574554491522
ets_additive_damped,territorial_authority_39_bonds_lodged,bonds_lodged,territorial_authority,39,Manawatu District,2025-02-01,6,12.9402018833182,13.372111686714279,27.713291192148287
seasonal_naive,territorial_authority_39_bonds_lodged,bonds_lodged,territorial_authority,39,Manawatu District,2025-02-01,6,17.5,18.371173070873837,39.91140281462862
xgboost_pooled_recursive,territorial_authority_39_bonds_lodged,bonds_lodged,territorial_authority,39,Manawatu District,2025-02-01,6,9.84757169087728,10.518335652829824,20.29703286467003
ets_additive_damped,territorial_authority_39_bonds_lodged,bonds_lodged,territorial_authority,39,Manawatu District,2025-03-01,6,11.94240234940757,12.203912067765229,26.965027377950236
seasonal_naive,territorial_authority_39_bonds_lodged,bonds_lodged,territorial_authority,39,Manawatu District,2025-03-01,6,16.5,17.705931209625774,39.20872385108009
xgboost_pooled_recursive,territorial_authority_39_bonds_lodged,bonds_lodged,territorial_authority,39,Manawatu District,2025-03-01,6,10.330802917480467,15.271352328960935,22.11099042768906
ets_additive_damped,territorial_authority_39_bonds_lodged,bonds_lodged,territorial_authority,39,Manawatu District,2025-04-01,6,9.73757325336142,10.546358348598979,22.232487434511654
seasonal_naive,territorial_authority_39_bonds_lodged,bonds_lodged,territorial_authority,39,Manawatu District,2025-04-01,6,16.0,16.97056274847714,40.218824861181105
xgboost_pooled_recursive,territorial_authority_39_bonds_lodged,bonds_lodged,territorial_authority,39,Manawatu District,2025-04-01,6,13.796863555908203,17.85867102702634,28.201466094537142
ets_additive_damped,territorial_authority_39_bonds_lodged,bonds_lodged,territorial_authority,39,Manawatu District,2025-05-01,6,8.317540655642402,9.739864665240823,19.276782038154728
seasonal_naive,territorial_authority_39_bonds_lodged,bonds_lodged,territorial_authority,39,Manawatu District,2025-05-01,6,14.5,16.015617378046965,37.06470299738182
xgboost_pooled_recursive,territorial_authority_39_bonds_lodged,bonds_lodged,territorial_authority,39,Manawatu District,2025-05-01,6,16.914875030517578,19.372460076611887,33.596667598935355
ets_additive_damped,territorial_authority_39_bonds_lodged,bonds_lodged,territorial_authority,39,Manawatu District,2025-06-01,6,7.2779390963003765,9.35841162799135,17.06741962747392
seasonal_naive,territorial_authority_39_bonds_lodged,bonds_lodged,territorial_authority,39,Manawatu District,2025-06-01,6,12.0,14.2828568570857,30.997114671728976
xgboost_pooled_recursive,territorial_authority_39_bonds_lodged,bonds_lodged,territorial_authority,39,Manawatu District,2025-06-01,6,19.669143676757812,21.686112058571634,38.27503752364296
ets_additive_damped,territorial_authority_39_bonds_lodged,bonds_lodged,territorial_authority,39,Manawatu District,2025-07-01,6,8.065096396158404,10.86988387075887,20.34011051765058
seasonal_naive,territorial_authority_39_bonds_lodged,bonds_lodged,territorial_authority,39,Manawatu District,2025-07-01,6,11.0,12.96148139681572,30.136899617965536
xgboost_pooled_recursive,territorial_authority_39_bonds_lodged,bonds_lodged,territorial_authority,39,Manawatu District,2025-07-01,6,23.211599985758465,24.429524033947413,46.97277646108105
ets_additive_damped,territorial_authority_39_bonds_lodged,bonds_lodged,territorial_authority,39,Manawatu District,2025-08-01,6,7.563255996804732,9.744124128657583,19.345992613429672
seasonal_naive,territorial_authority_39_bonds_lodged,bonds_lodged,territorial_authority,39,Manawatu District,2025-08-01,6,11.5,13.360389215887388,31.195100676166593
xgboost_pooled_recursive,territorial_authority_39_bonds_lodged,bonds_lodged,territorial_authority,39,Manawatu District,2025-08-01,6,20.182539621988933,21.792963950018123,42.28037096195297
ets_additive_damped,territorial_authority_39_bonds_lodged,bonds_lodged,territorial_authority,39,Manawatu District,2025-09-01,6,5.057484141382244,6.624819213646018,12.725012324603949
seasonal_naive,territorial_authority_39_bonds_lodged,bonds_lodged,territorial_authority,39,Manawatu District,2025-09-01,6,11.0,13.076696830622021,28.699126441061924
xgboost_pooled_recursive,territorial_authority_39_bonds_lodged,bonds_lodged,territorial_authority,39,Manawatu District,2025-09-01,6,14.929300944010416,17.733495604374472,30.719546730198093
ets_additive_damped,territorial_authority_39_bonds_lodged,bonds_lodged,territorial_authority,39,Manawatu District,2025-10-01,6,5.1148674447896605,6.675716475682586,12.82569304392551
seasonal_naive,territorial_authority_39_bonds_lodged,bonds_lodged,territorial_authority,39,Manawatu District,2025-10-01,6,8.0,9.0,18.538698633575294
xgboost_pooled_recursive,territorial_authority_39_bonds_lodged,bonds_lodged,territorial_authority,39,Manawatu District,2025-10-01,6,15.960878372192383,17.645408390777575,32.332287247629274
ets_additive_damped,territorial_authority_39_bonds_lodged,bonds_lodged,territorial_authority,39,Manawatu District,2025-11-01,6,4.765161649274464,6.713954562372832,12.016454803642858
seasonal_naive,territorial_authority_39_bonds_lodged,bonds_lodged,territorial_authority,39,Manawatu District,2025-11-01,6,7.5,8.74642784226795,17.268857363734025
xgboost_pooled_recursive,territorial_authority_39_bonds_lodged,bonds_lodged,territorial_authority,39,Manawatu District,2025-11-01,6,15.401155471801758,16.876258954177192,31.330601408663473
ets_additive_damped,territorial_authority_39_bonds_lodged,bonds_lodged,territorial_authority,39,Manawatu District,2025-12-01,6,4.715012398206664,6.853687550173061,11.837243959539657
seasonal_naive,territorial_authority_39_bonds_lodged,bonds_lodged,territorial_authority,39,Manawatu District,2025-12-01,6,8.0,9.0,18.27692187986306
xgboost_pooled_recursive,territorial_authority_39_bonds_lodged,bonds_lodged,territorial_authority,39,Manawatu District,2025-12-01,6,16.8930180867513,17.760140003765592,33.980181816833216
ets_additive_damped,territorial_authority_39_bonds_lodged,bonds_lodged,territorial_authority,39,Manawatu District,2026-01-01,6,3.804693402683963,4.905910610813123,8.371621894840592
seasonal_naive,territorial_authority_39_bonds_lodged,bonds_lodged,territorial_authority,39,Manawatu District,2026-01-01,6,6.0,6.708203932499369,12.511156114097291
xgboost_pooled_recursive,territorial_authority_39_bonds_lodged,bonds_lodged,territorial_authority,39,Manawatu District,2026-01-01,6,4.004419962565103,4.653133912769706,8.752155489897326
ets_additive_damped,territorial_authority_3_bonds_lodged,bonds_lodged,territorial_authority,3,Kaipara District,2025-02-01,6,9.254554050991578,10.064686536318623,20.362954442079424
seasonal_naive,territorial_authority_3_bonds_lodged,bonds_lodged,territorial_authority,3,Kaipara District,2025-02-01,6,17.5,18.041618552668716,44.089933055450295
xgboost_pooled_recursive,territorial_authority_3_bonds_lodged,bonds_lodged,territorial_authority,3,Kaipara District,2025-02-01,6,4.916598637898763,6.068938700201517,10.607496338575784
ets_additive_damped,territorial_authority_3_bonds_lodged,bonds_lodged,territorial_authority,3,Kaipara District,2025-03-01,6,8.629741225141982,9.184333293693347,18.710868954673256
seasonal_naive,territorial_authority_3_bonds_lodged,bonds_lodged,territorial_authority,3,Kaipara District,2025-03-01,6,17.5,18.041618552668716,43.54048250599974
xgboost_pooled_recursive,territorial_authority_3_bonds_lodged,bonds_lodged,territorial_authority,3,Kaipara District,2025-03-01,6,6.628096898396809,8.43568355950096,13.50593782322567
ets_additive_damped,territorial_authority_3_bonds_lodged,bonds_lodged,territorial_authority,3,Kaipara District,2025-04-01,6,6.489242321103355,7.008404222322908,14.21589919665828
seasonal_naive,territorial_authority_3_bonds_lodged,bonds_lodged,territorial_authority,3,Kaipara District,2025-04-01,6,17.5,18.041618552668716,44.82783882783883
xgboost_pooled_recursive,territorial_authority_3_bonds_lodged,bonds_lodged,territorial_authority,3,Kaipara District,2025-04-01,6,8.919545491536459,10.507039276565903,17.598124116765902
ets_additive_damped,territorial_authority_3_bonds_lodged,bonds_lodged,territorial_authority,3,Kaipara District,2025-05-01,6,8.213409605046357,8.538909112895412,17.795575478636493
seasonal_naive,territorial_authority_3_bonds_lodged,bonds_lodged,territorial_authority,3,Kaipara District,2025-05-01,6,19.0,19.364916731037084,48.111911077428324
xgboost_pooled_recursive,territorial_authority_3_bonds_lodged,bonds_lodged,territorial_authority,3,Kaipara District,2025-05-01,6,10.00414276123047,11.44121349034222,19.188806735982247
ets_additive_damped,territorial_authority_3_bonds_lodged,bonds_lodged,territorial_authority,3,Kaipara District,2025-06-01,6,6.191335970164903,6.8789609220981704,13.690416852344544
seasonal_naive,territorial_authority_3_bonds_lodged,bonds_lodged,territorial_authority,3,Kaipara District,2025-06-01,6,17.5,18.289341158171883,44.893520272830614
xgboost_pooled_recursive,territorial_authority_3_bonds_lodged,bonds_lodged,territorial_authority,3,Kaipara District,2025-06-01,6,15.850088755289713,17.977301172064507,29.61656821432257
ets_additive_damped,territorial_authority_3_bonds_lodged,bonds_lodged,territorial_authority,3,Kaipara District,2025-07-01,6,5.95612203046402,6.924811083203769,12.833627617775964
seasonal_naive,territorial_authority_3_bonds_lodged,bonds_lodged,territorial_authority,3,Kaipara District,2025-07-01,6,18.5,19.091883092036785,44.10920654734042
xgboost_pooled_recursive,territorial_authority_3_bonds_lodged,bonds_lodged,territorial_authority,3,Kaipara District,2025-07-01,6,11.168295542399088,14.222365125213708,21.202960156161556
ets_additive_damped,territorial_authority_3_bonds_lodged,bonds_lodged,territorial_authority,3,Kaipara District,2025-08-01,6,5.80997998646448,6.453288993907608,12.494033299300279
seasonal_naive,territorial_authority_3_bonds_lodged,bonds_lodged,territorial_authority,3,Kaipara District,2025-08-01,6,15.0,16.431676725154983,34.805177243311114
xgboost_pooled_recursive,territorial_authority_3_bonds_lodged,bonds_lodged,territorial_authority,3,Kaipara District,2025-08-01,6,12.932193756103516,14.970062810779002,24.223449122165942
ets_additive_damped,territorial_authority_3_bonds_lodged,bonds_lodged,territorial_authority,3,Kaipara District,2025-09-01,6,5.100465156230025,5.697481276545823,11.023214410760723
seasonal_naive,territorial_authority_3_bonds_lodged,bonds_lodged,territorial_authority,3,Kaipara District,2025-09-01,6,12.5,14.747881203752625,28.73758891765828
xgboost_pooled_recursive,territorial_authority_3_bonds_lodged,bonds_lodged,territorial_authority,3,Kaipara District,2025-09-01,6,12.059968948364258,14.138623581232288,23.171866703701614
ets_additive_damped,territorial_authority_3_bonds_lodged,bonds_lodged,territorial_authority,3,Kaipara District,2025-10-01,6,6.115151452892213,6.658919064076631,13.380518795365667
seasonal_naive,territorial_authority_3_bonds_lodged,bonds_lodged,territorial_authority,3,Kaipara District,2025-10-01,6,11.5,13.47219358530748,24.780599670346447
xgboost_pooled_recursive,territorial_authority_3_bonds_lodged,bonds_lodged,territorial_authority,3,Kaipara District,2025-10-01,6,16.853763580322266,18.858121162109967,31.8650880842077
ets_additive_damped,territorial_authority_3_bonds_lodged,bonds_lodged,territorial_authority,3,Kaipara District,2025-11-01,6,8.162499941461318,9.158531479741749,17.634899371941355
seasonal_naive,territorial_authority_3_bonds_lodged,bonds_lodged,territorial_authority,3,Kaipara District,2025-11-01,6,9.0,10.677078252031311,18.956844881074417
xgboost_pooled_recursive,territorial_authority_3_bonds_lodged,bonds_lodged,territorial_authority,3,Kaipara District,2025-11-01,6,18.711711883544922,19.27119634507794,35.94219954470956
ets_additive_damped,territorial_authority_3_bonds_lodged,bonds_lodged,territorial_authority,3,Kaipara District,2025-12-01,6,6.340154856455748,6.8299589339226525,13.640843294169233
seasonal_naive,territorial_authority_3_bonds_lodged,bonds_lodged,territorial_authority,3,Kaipara District,2025-12-01,6,7.5,10.024968827881711,15.50856901900545
xgboost_pooled_recursive,territorial_authority_3_bonds_lodged,bonds_lodged,territorial_authority,3,Kaipara District,2025-12-01,6,16.413230895996094,17.062276009728173,31.094327601516365
ets_additive_damped,territorial_authority_3_bonds_lodged,bonds_lodged,territorial_authority,3,Kaipara District,2026-01-01,6,5.429548841067338,6.0752240672168565,11.672605925726943
seasonal_naive,territorial_authority_3_bonds_lodged,bonds_lodged,territorial_authority,3,Kaipara District,2026-01-01,6,6.0,7.745966692414834,13.329919781532684
xgboost_pooled_recursive,territorial_authority_3_bonds_lodged,bonds_lodged,territorial_authority,3,Kaipara District,2026-01-01,6,4.354983011881509,4.998692814791017,9.430590613924174
ets_additive_damped,territorial_authority_40_bonds_lodged,bonds_lodged,territorial_authority,40,Palmerston North City,2025-02-01,6,36.922582231642416,40.88587068566685,13.99590024938144
seasonal_naive,territorial_authority_40_bonds_lodged,bonds_lodged,territorial_authority,40,Palmerston North City,2025-02-01,6,41.0,44.02272140611028,15.820616404537382
xgboost_pooled_recursive,territorial_authority_40_bonds_lodged,bonds_lodged,territorial_authority,40,Palmerston North City,2025-02-01,6,18.935302734375,21.742107501524174,6.606429263695107
ets_additive_damped,territorial_authority_40_bonds_lodged,bonds_lodged,territorial_authority,40,Palmerston North City,2025-03-01,6,43.61778387706735,45.13103638160908,16.845595347392152
seasonal_naive,territorial_authority_40_bonds_lodged,bonds_lodged,territorial_authority,40,Palmerston North City,2025-03-01,6,48.5,52.20632145631408,19.378595887721385
xgboost_pooled_recursive,territorial_authority_40_bonds_lodged,bonds_lodged,territorial_authority,40,Palmerston North City,2025-03-01,6,17.16148885091143,19.993548958785016,6.024924929435135
ets_additive_damped,territorial_authority_40_bonds_lodged,bonds_lodged,territorial_authority,40,Palmerston North City,2025-04-01,6,43.33836754055897,44.7829314977149,16.549981941407914
seasonal_naive,territorial_authority_40_bonds_lodged,bonds_lodged,territorial_authority,40,Palmerston North City,2025-04-01,6,51.0,53.97221507405454,20.242670331058044
xgboost_pooled_recursive,territorial_authority_40_bonds_lodged,bonds_lodged,territorial_authority,40,Palmerston North City,2025-04-01,6,20.166829427083325,22.669448910727592,6.921733973020962
ets_additive_damped,territorial_authority_40_bonds_lodged,bonds_lodged,territorial_authority,40,Palmerston North City,2025-05-01,6,30.537575678879833,32.35488034913996,11.51648624728223
seasonal_naive,territorial_authority_40_bonds_lodged,bonds_lodged,territorial_authority,40,Palmerston North City,2025-05-01,6,40.0,46.05431575867782,16.069198119992446
xgboost_pooled_recursive,territorial_authority_40_bonds_lodged,bonds_lodged,territorial_authority,40,Palmerston North City,2025-05-01,6,23.592386881510418,24.765451418757706,7.999043189251564
ets_additive_damped,territorial_authority_40_bonds_lodged,bonds_lodged,territorial_authority,40,Palmerston North City,2025-06-01,6,30.87882996519159,32.349157121087174,11.434011539608335
seasonal_naive,territorial_authority_40_bonds_lodged,bonds_lodged,territorial_authority,40,Palmerston North City,2025-06-01,6,36.5,42.86607049870562,14.32899295375836
xgboost_pooled_recursive,territorial_authority_40_bonds_lodged,bonds_lodged,territorial_authority,40,Palmerston North City,2025-06-01,6,24.126927693684895,33.45170999017713,8.317751821823244
ets_additive_damped,territorial_authority_40_bonds_lodged,bonds_lodged,territorial_authority,40,Palmerston North City,2025-07-01,6,28.779854412015297,30.79475407565658,10.663720851141477
seasonal_naive,territorial_authority_40_bonds_lodged,bonds_lodged,territorial_authority,40,Palmerston North City,2025-07-01,6,31.5,39.2109678533953,12.517555848203607
xgboost_pooled_recursive,territorial_authority_40_bonds_lodged,bonds_lodged,territorial_authority,40,Palmerston North City,2025-07-01,6,33.428181966145836,42.51045539983017,11.281459491740481
ets_additive_damped,territorial_authority_40_bonds_lodged,bonds_lodged,territorial_authority,40,Palmerston North City,2025-08-01,6,30.83926740564003,32.551032439128846,11.011670397301868
seasonal_naive,territorial_authority_40_bonds_lodged,bonds_lodged,territorial_authority,40,Palmerston North City,2025-08-01,6,33.0,40.17461885320133,12.851784723019701
xgboost_pooled_recursive,territorial_authority_40_bonds_lodged,bonds_lodged,territorial_authority,40,Palmerston North City,2025-08-01,6,29.119476318359375,38.23281669120933,9.84481543316441
ets_additive_damped,territorial_authority_40_bonds_lodged,bonds_lodged,territorial_authority,40,Palmerston North City,2025-09-01,6,34.7474076107878,36.71800969813008,12.182619726013694
seasonal_naive,territorial_authority_40_bonds_lodged,bonds_lodged,territorial_authority,40,Palmerston North City,2025-09-01,6,25.5,28.7489130229301,9.293805239835699
xgboost_pooled_recursive,territorial_authority_40_bonds_lodged,bonds_lodged,territorial_authority,40,Palmerston North City,2025-09-01,6,41.26795959472656,48.626879767570514,14.148576079001607
ets_additive_damped,territorial_authority_40_bonds_lodged,bonds_lodged,territorial_authority,40,Palmerston North City,2025-10-01,6,41.179596032412405,43.449493925255936,14.772909917702956
seasonal_naive,territorial_authority_40_bonds_lodged,bonds_lodged,territorial_authority,40,Palmerston North City,2025-10-01,6,26.5,30.37268509697488,9.945429100360466
xgboost_pooled_recursive,territorial_authority_40_bonds_lodged,bonds_lodged,territorial_authority,40,Palmerston North City,2025-10-01,6,54.26716105143229,61.93748315619724,19.165309662476012
ets_additive_damped,territorial_authority_40_bonds_lodged,bonds_lodged,territorial_authority,40,Palmerston North City,2025-11-01,6,42.14045304653186,43.62987870401519,15.494142126911258
seasonal_naive,territorial_authority_40_bonds_lodged,bonds_lodged,territorial_authority,40,Palmerston North City,2025-11-01,6,35.0,37.5099986670221,13.084154513967395
xgboost_pooled_recursive,territorial_authority_40_bonds_lodged,bonds_lodged,territorial_authority,40,Palmerston North City,2025-11-01,6,57.62213134765625,61.224814095570494,20.684807836921262
ets_additive_damped,territorial_authority_40_bonds_lodged,bonds_lodged,territorial_authority,40,Palmerston North City,2025-12-01,6,33.17161405362213,36.33982223329534,12.287415909927718
seasonal_naive,territorial_authority_40_bonds_lodged,bonds_lodged,territorial_authority,40,Palmerston North City,2025-12-01,6,31.5,35.644073841243234,11.73987427313543
xgboost_pooled_recursive,territorial_authority_40_bonds_lodged,bonds_lodged,territorial_authority,40,Palmerston North City,2025-12-01,6,53.333719889322914,58.270319993260365,19.135586612930055
ets_additive_damped,territorial_authority_40_bonds_lodged,bonds_lodged,territorial_authority,40,Palmerston North City,2026-01-01,6,30.85154191848899,34.87864204316774,11.46233046213106
seasonal_naive,territorial_authority_40_bonds_lodged,bonds_lodged,territorial_authority,40,Palmerston North City,2026-01-01,6,29.5,35.13545218152173,11.014446155257794
xgboost_pooled_recursive,territorial_authority_40_bonds_lodged,bonds_lodged,territorial_authority,40,Palmerston North City,2026-01-01,6,23.552525838216145,29.184871425602253,9.093204149360307
ets_additive_damped,territorial_authority_41_bonds_lodged,bonds_lodged,territorial_authority,41,Tararua District,2025-02-01,6,6.197883529572643,7.696287199362794,21.589028069231382
seasonal_naive,territorial_authority_41_bonds_lodged,bonds_lodged,territorial_authority,41,Tararua District,2025-02-01,6,6.5,8.215838362577491,21.929824561403507
xgboost_pooled_recursive,territorial_authority_41_bonds_lodged,bonds_lodged,territorial_authority,41,Tararua District,2025-02-01,6,5.716213862101238,6.516981288866937,19.088014578783888
ets_additive_damped,territorial_authority_41_bonds_lodged,bonds_lodged,territorial_authority,41,Tararua District,2025-03-01,6,6.877224099124679,8.272790607694203,23.82705302325753
seasonal_naive,territorial_authority_41_bonds_lodged,bonds_lodged,territorial_authority,41,Tararua District,2025-03-01,6,8.0,9.0,27.812177502579978
xgboost_pooled_recursive,territorial_authority_41_bonds_lodged,bonds_lodged,territorial_authority,41,Tararua District,2025-03-01,6,5.71269162495931,6.816263121399299,17.40845660999659
ets_additive_damped,territorial_authority_41_bonds_lodged,bonds_lodged,territorial_authority,41,Tararua District,2025-04-01,6,5.531616218232219,6.273782948390696,18.92295524637457
seasonal_naive,territorial_authority_41_bonds_lodged,bonds_lodged,territorial_authority,41,Tararua District,2025-04-01,6,7.0,7.937253933193772,24.478844169246646
xgboost_pooled_recursive,territorial_authority_41_bonds_lodged,bonds_lodged,territorial_authority,41,Tararua District,2025-04-01,6,6.998959223429363,7.890960675985109,20.708464033751277
ets_additive_damped,territorial_authority_41_bonds_lodged,bonds_lodged,territorial_authority,41,Tararua District,2025-05-01,6,4.781539613802765,5.183117012570628,17.240261222251117
seasonal_naive,territorial_authority_41_bonds_lodged,bonds_lodged,territorial_authority,41,Tararua District,2025-05-01,6,7.0,7.937253933193772,25.219584909987386
xgboost_pooled_recursive,territorial_authority_41_bonds_lodged,bonds_lodged,territorial_authority,41,Tararua District,2025-05-01,6,10.874098459879557,12.797694420931865,32.450509487639614
ets_additive_damped,territorial_authority_41_bonds_lodged,bonds_lodged,territorial_authority,41,Tararua District,2025-06-01,6,3.8171411215340996,4.169964451112043,13.9955728307222
seasonal_naive,territorial_authority_41_bonds_lodged,bonds_lodged,territorial_authority,41,Tararua District,2025-06-01,6,6.5,7.44983221287567,23.660130718954246
xgboost_pooled_recursive,territorial_authority_41_bonds_lodged,bonds_lodged,territorial_authority,41,Tararua District,2025-06-01,6,14.242898305257162,16.001150673950455,41.712248830620865
ets_additive_damped,territorial_authority_41_bonds_lodged,bonds_lodged,territorial_authority,41,Tararua District,2025-07-01,6,3.9039519431452665,4.238194907978345,14.278217228990162
seasonal_naive,territorial_authority_41_bonds_lodged,bonds_lodged,territorial_authority,41,Tararua District,2025-07-01,6,8.5,8.916277250063503,31.993464052287578
xgboost_pooled_recursive,territorial_authority_41_bonds_lodged,bonds_lodged,territorial_authority,41,Tararua District,2025-07-01,6,11.886301676432291,13.39252082275632,35.96676462330881
ets_additive_damped,territorial_authority_41_bonds_lodged,bonds_lodged,territorial_authority,41,Tararua District,2025-08-01,6,3.800280130224945,4.21593822570169,13.9408750586045
seasonal_naive,territorial_authority_41_bonds_lodged,bonds_lodged,territorial_authority,41,Tararua District,2025-08-01,6,9.5,9.874208829065749,36.993464052287585
xgboost_pooled_recursive,territorial_authority_41_bonds_lodged,bonds_lodged,territorial_authority,41,Tararua District,2025-08-01,6,11.20145352681478,12.635728612495225,33.893855284507545
ets_additive_damped,territorial_authority_41_bonds_lodged,bonds_lodged,territorial_authority,41,Tararua District,2025-09-01,6,3.334710565958306,3.7679621688783884,12.25729295348801
seasonal_naive,territorial_authority_41_bonds_lodged,bonds_lodged,territorial_authority,41,Tararua District,2025-09-01,6,9.0,9.486832980505138,35.27777777777778
xgboost_pooled_recursive,territorial_authority_41_bonds_lodged,bonds_lodged,territorial_authority,41,Tararua District,2025-09-01,6,9.723845163981123,11.023589196513477,30.634850880473813
ets_additive_damped,territorial_authority_41_bonds_lodged,bonds_lodged,territorial_authority,41,Tararua District,2025-10-01,6,2.7369386041699184,3.162201430571063,10.38257353859092
seasonal_naive,territorial_authority_41_bonds_lodged,bonds_lodged,territorial_authority,41,Tararua District,2025-10-01,6,9.5,9.874208829065749,36.7063492063492
xgboost_pooled_recursive,territorial_authority_41_bonds_lodged,bonds_lodged,territorial_authority,41,Tararua District,2025-10-01,6,13.752227783203125,14.22071358009066,41.47330814402768
ets_additive_damped,territorial_authority_41_bonds_lodged,bonds_lodged,territorial_authority,41,Tararua District,2025-11-01,6,2.3669654309921757,2.6532473785694823,8.347999610704496
seasonal_naive,territorial_authority_41_bonds_lodged,bonds_lodged,territorial_authority,41,Tararua District,2025-11-01,6,9.0,9.327379053088816,34.06084656084656
xgboost_pooled_recursive,territorial_authority_41_bonds_lodged,bonds_lodged,territorial_authority,41,Tararua District,2025-11-01,6,11.562979698181152,12.521945015562013,34.1486299399496
ets_additive_damped,territorial_authority_41_bonds_lodged,bonds_lodged,territorial_authority,41,Tararua District,2025-12-01,6,3.4434072629013293,4.043271991370742,12.703908478166035
seasonal_naive,territorial_authority_41_bonds_lodged,bonds_lodged,territorial_authority,41,Tararua District,2025-12-01,6,10.0,10.246950765959598,37.76455026455026
xgboost_pooled_recursive,territorial_authority_41_bonds_lodged,bonds_lodged,territorial_authority,41,Tararua District,2025-12-01,6,14.349970499674479,15.521345080516143,41.93987283296619
ets_additive_damped,territorial_authority_41_bonds_lodged,bonds_lodged,territorial_authority,41,Tararua District,2026-01-01,6,3.8925210672813932,4.471652335169309,14.171137312107273
seasonal_naive,territorial_authority_41_bonds_lodged,bonds_lodged,territorial_authority,41,Tararua District,2026-01-01,6,8.0,9.0,29.431216931216923
xgboost_pooled_recursive,territorial_authority_41_bonds_lodged,bonds_lodged,territorial_authority,41,Tararua District,2026-01-01,6,3.283171017964681,3.845308318909384,12.223127582168393
ets_additive_damped,territorial_authority_42_bonds_lodged,bonds_lodged,territorial_authority,42,Horowhenua District,2025-02-01,6,26.06545952336899,27.709297494553986,29.03862614948168
seasonal_naive,territorial_authority_42_bonds_lodged,bonds_lodged,territorial_authority,42,Horowhenua District,2025-02-01,6,31.5,33.022719451916736,37.223921302868675
xgboost_pooled_recursive,territorial_authority_42_bonds_lodged,bonds_lodged,territorial_authority,42,Horowhenua District,2025-02-01,6,10.142508188883463,11.67865185269137,10.170111278068111
ets_additive_damped,territorial_authority_42_bonds_lodged,bonds_lodged,territorial_authority,42,Horowhenua District,2025-03-01,6,24.77990250838828,26.281431020038777,27.082874716678784
seasonal_naive,territorial_authority_42_bonds_lodged,bonds_lodged,territorial_authority,42,Horowhenua District,2025-03-01,6,36.0,38.144462245521304,43.76937584832323
xgboost_pooled_recursive,territorial_authority_42_bonds_lodged,bonds_lodged,territorial_authority,42,Horowhenua District,2025-03-01,6,7.252386728922531,9.903363397055987,7.226064696914716
ets_additive_damped,territorial_authority_42_bonds_lodged,bonds_lodged,territorial_authority,42,Horowhenua District,2025-04-01,6,19.814908009987985,22.293513906756306,21.02100538115332
seasonal_naive,territorial_authority_42_bonds_lodged,bonds_lodged,territorial_authority,42,Horowhenua District,2025-04-01,6,33.0,35.45419580247167,39.38048695943432
xgboost_pooled_recursive,territorial_authority_42_bonds_lodged,bonds_lodged,territorial_authority,42,Horowhenua District,2025-04-01,6,11.522975921630861,14.756744805697688,11.41702117415841
ets_additive_damped,territorial_authority_42_bonds_lodged,bonds_lodged,territorial_authority,42,Horowhenua District,2025-05-01,6,11.364528160726628,14.671676391349964,11.860659849598887
seasonal_naive,territorial_authority_42_bonds_lodged,bonds_lodged,territorial_authority,42,Horowhenua District,2025-05-01,6,29.0,33.0,35.68804071379659
xgboost_pooled_recursive,territorial_authority_42_bonds_lodged,bonds_lodged,territorial_authority,42,Horowhenua District,2025-05-01,6,17.600434621175133,22.40128520511911,17.891796261301785
ets_additive_damped,territorial_authority_42_bonds_lodged,bonds_lodged,territorial_authority,42,Horowhenua District,2025-06-01,6,11.837143574151831,14.694140624924033,12.440453771324412
seasonal_naive,territorial_authority_42_bonds_lodged,bonds_lodged,territorial_authority,42,Horowhenua District,2025-06-01,6,29.5,33.20391543176798,35.8561785868525
xgboost_pooled_recursive,territorial_authority_42_bonds_lodged,bonds_lodged,territorial_authority,42,Horowhenua District,2025-06-01,6,18.26581064860026,22.636591964356473,18.520181550978375
ets_additive_damped,territorial_authority_42_bonds_lodged,bonds_lodged,territorial_authority,42,Horowhenua District,2025-07-01,6,12.655692723795147,16.190194658498083,15.39643143056285
seasonal_naive,territorial_authority_42_bonds_lodged,bonds_lodged,territorial_authority,42,Horowhenua District,2025-07-01,6,26.0,30.397368307141328,33.67154151849449
xgboost_pooled_recursive,territorial_authority_42_bonds_lodged,bonds_lodged,territorial_authority,42,Horowhenua District,2025-07-01,6,24.546382904052734,31.598079453148333,26.664891354794012
ets_additive_damped,territorial_authority_42_bonds_lodged,bonds_lodged,territorial_authority,42,Horowhenua District,2025-08-01,6,14.57886748574375,18.51507558152968,17.526501177935724
seasonal_naive,territorial_authority_42_bonds_lodged,bonds_lodged,territorial_authority,42,Horowhenua District,2025-08-01,6,21.0,26.153393661244042,27.607663875669488
xgboost_pooled_recursive,territorial_authority_42_bonds_lodged,bonds_lodged,territorial_authority,42,Horowhenua District,2025-08-01,6,25.805591583251953,30.268455238633102,28.106767248209426
ets_additive_damped,territorial_authority_42_bonds_lodged,bonds_lodged,territorial_authority,42,Horowhenua District,2025-09-01,6,15.635177462454527,19.52866902564755,18.565276022659873
seasonal_naive,territorial_authority_42_bonds_lodged,bonds_lodged,territorial_authority,42,Horowhenua District,2025-09-01,6,13.0,14.2828568570857,16.6177648857705
xgboost_pooled_recursive,territorial_authority_42_bonds_lodged,bonds_lodged,territorial_authority,42,Horowhenua District,2025-09-01,6,27.038118998209637,29.835040969625098,29.201331358476217
ets_additive_damped,territorial_authority_42_bonds_lodged,bonds_lodged,territorial_authority,42,Horowhenua District,2025-10-01,6,12.690351972295277,17.078750023622526,15.369066244802962
seasonal_naive,territorial_authority_42_bonds_lodged,bonds_lodged,territorial_authority,42,Horowhenua District,2025-10-01,6,11.5,12.062338081814818,13.771993741491892
xgboost_pooled_recursive,territorial_authority_42_bonds_lodged,bonds_lodged,territorial_authority,42,Horowhenua District,2025-10-01,6,24.16320546468098,27.741421935870296,26.25045192354146
ets_additive_damped,territorial_authority_42_bonds_lodged,bonds_lodged,territorial_authority,42,Horowhenua District,2025-11-01,6,8.997850006914241,14.5178097528205,11.020303034928435
seasonal_naive,territorial_authority_42_bonds_lodged,bonds_lodged,territorial_authority,42,Horowhenua District,2025-11-01,6,12.0,12.489995996796797,13.549096071785712
xgboost_pooled_recursive,territorial_authority_42_bonds_lodged,bonds_lodged,territorial_authority,42,Horowhenua District,2025-11-01,6,15.718407948811851,19.622213914816975,17.59339477122972
ets_additive_damped,territorial_authority_42_bonds_lodged,bonds_lodged,territorial_authority,42,Horowhenua District,2025-12-01,6,11.391170132175128,15.76463802283203,13.799938894557764
seasonal_naive,territorial_authority_42_bonds_lodged,bonds_lodged,territorial_authority,42,Horowhenua District,2025-12-01,6,10.5,11.157956802210698,12.05142353586181
xgboost_pooled_recursive,territorial_authority_42_bonds_lodged,bonds_lodged,territorial_authority,42,Horowhenua District,2025-12-01,6,19.114471435546875,23.424780919036486,21.10430707608576
ets_additive_damped,territorial_authority_42_bonds_lodged,bonds_lodged,territorial_authority,42,Horowhenua District,2026-01-01,6,12.843723796479663,14.521860767718907,13.499067800707751
seasonal_naive,territorial_authority_42_bonds_lodged,bonds_lodged,territorial_authority,42,Horowhenua District,2026-01-01,6,9.0,9.643650760992955,9.052647526069887
xgboost_pooled_recursive,territorial_authority_42_bonds_lodged,bonds_lodged,territorial_authority,42,Horowhenua District,2026-01-01,6,15.1524289449056,17.006772421667673,16.11852042280592
ets_additive_damped,territorial_authority_43_bonds_lodged,bonds_lodged,territorial_authority,43,Kapiti Coast District,2025-02-01,6,22.76279637074067,24.551483138864054,19.9625148469119
seasonal_naive,territorial_authority_43_bonds_lodged,bonds_lodged,territorial_authority,43,Kapiti Coast District,2025-02-01,6,46.0,48.43552415324934,45.71642557204474
xgboost_pooled_recursive,territorial_authority_43_bonds_lodged,bonds_lodged,territorial_authority,43,Kapiti Coast District,2025-02-01,6,14.300823211669922,18.92797912488488,11.95829011527476
ets_additive_damped,territorial_authority_43_bonds_lodged,bonds_lodged,territorial_authority,43,Kapiti Coast District,2025-03-01,6,12.383423077609903,14.633014042054276,10.8797326531837
seasonal_naive,territorial_authority_43_bonds_lodged,bonds_lodged,territorial_authority,43,Kapiti Coast District,2025-03-01,6,38.5,40.601724101323576,39.543586065871914
xgboost_pooled_recursive,territorial_authority_43_bonds_lodged,bonds_lodged,territorial_authority,43,Kapiti Coast District,2025-03-01,6,16.54392242431641,19.447522134297085,13.87238323164128
ets_additive_damped,territorial_authority_43_bonds_lodged,bonds_lodged,territorial_authority,43,Kapiti Coast District,2025-04-01,6,12.564302006860858,14.441664524033989,11.052926880705915
seasonal_naive,territorial_authority_43_bonds_lodged,bonds_lodged,territorial_authority,43,Kapiti Coast District,2025-04-01,6,35.5,37.84838173555112,35.68439441007009
xgboost_pooled_recursive,territorial_authority_43_bonds_lodged,bonds_lodged,territorial_authority,43,Kapiti Coast District,2025-04-01,6,17.027013142903645,20.43305096729704,14.281030475586117
ets_additive_damped,territorial_authority_43_bonds_lodged,bonds_lodged,territorial_authority,43,Kapiti Coast District,2025-05-01,6,5.838667528672064,8.211051048997794,5.447461721360856
seasonal_naive,territorial_authority_43_bonds_lodged,bonds_lodged,territorial_authority,43,Kapiti Coast District,2025-05-01,6,27.0,28.19574435974337,27.908572813825955
xgboost_pooled_recursive,territorial_authority_43_bonds_lodged,bonds_lodged,territorial_authority,43,Kapiti Coast District,2025-05-01,6,25.834030151367188,28.210665438503092,21.293778291902356
ets_additive_damped,territorial_authority_43_bonds_lodged,bonds_lodged,territorial_authority,43,Kapiti Coast District,2025-06-01,6,6.055573073363109,8.479617648073292,5.7190096931677905
seasonal_naive,territorial_authority_43_bonds_lodged,bonds_lodged,territorial_authority,43,Kapiti Coast District,2025-06-01,6,25.5,26.80485030736042,25.96019852740253
xgboost_pooled_recursive,territorial_authority_43_bonds_lodged,bonds_lodged,territorial_authority,43,Kapiti Coast District,2025-06-01,6,25.30331802368164,27.909250198934195,21.081146278615822
ets_additive_damped,territorial_authority_43_bonds_lodged,bonds_lodged,territorial_authority,43,Kapiti Coast District,2025-07-01,6,6.196703096027761,8.457553770028134,5.866355202188675
seasonal_naive,territorial_authority_43_bonds_lodged,bonds_lodged,territorial_authority,43,Kapiti Coast District,2025-07-01,6,25.5,26.80485030736042,25.123278393495312
xgboost_pooled_recursive,territorial_authority_43_bonds_lodged,bonds_lodged,territorial_authority,43,Kapiti Coast District,2025-07-01,6,28.01714324951172,30.61322169043175,23.141992283921688
ets_additive_damped,territorial_authority_43_bonds_lodged,bonds_lodged,territorial_authority,43,Kapiti Coast District,2025-08-01,6,6.818393316467223,9.16890147897128,6.410941727827714
seasonal_naive,territorial_authority_43_bonds_lodged,bonds_lodged,territorial_authority,43,Kapiti Coast District,2025-08-01,6,19.5,21.598611066455177,19.112237706519227
xgboost_pooled_recursive,territorial_authority_43_bonds_lodged,bonds_lodged,territorial_authority,43,Kapiti Coast District,2025-08-01,6,29.43044662475586,30.253387054388384,24.422298989155326
ets_additive_damped,territorial_authority_43_bonds_lodged,bonds_lodged,territorial_authority,43,Kapiti Coast District,2025-09-01,6,6.67649294762473,9.896680170752301,6.258400255601192
seasonal_naive,territorial_authority_43_bonds_lodged,bonds_lodged,territorial_authority,43,Kapiti Coast District,2025-09-01,6,22.5,25.777897509300484,20.156872084486942
xgboost_pooled_recursive,territorial_authority_43_bonds_lodged,bonds_lodged,territorial_authority,43,Kapiti Coast District,2025-09-01,6,24.958170572916668,29.18888262272807,20.69013347078465
ets_additive_damped,territorial_authority_43_bonds_lodged,bonds_lodged,territorial_authority,43,Kapiti Coast District,2025-10-01,6,8.104274136927202,10.55371593785298,7.5611694854637435
seasonal_naive,territorial_authority_43_bonds_lodged,bonds_lodged,territorial_authority,43,Kapiti Coast District,2025-10-01,6,19.0,23.430749027719962,16.467413395028252
xgboost_pooled_recursive,territorial_authority_43_bonds_lodged,bonds_lodged,territorial_authority,43,Kapiti Coast District,2025-10-01,6,28.429026285807293,30.683297218981846,23.661904062741325
ets_additive_damped,territorial_authority_43_bonds_lodged,bonds_lodged,territorial_authority,43,Kapiti Coast District,2025-11-01,6,8.3161786703182,10.538851506136725,7.737091037062199
seasonal_naive,territorial_authority_43_bonds_lodged,bonds_lodged,territorial_authority,43,Kapiti Coast District,2025-11-01,6,21.0,24.919871588754223,17.55868323629809
xgboost_pooled_recursive,territorial_authority_43_bonds_lodged,bonds_lodged,territorial_authority,43,Kapiti Coast District,2025-11-01,6,20.598538716634113,23.241903573134017,17.415040416666336
ets_additive_damped,territorial_authority_43_bonds_lodged,bonds_lodged,territorial_authority,43,Kapiti Coast District,2025-12-01,6,9.973811524212346,12.20682776157605,9.248998673407227
seasonal_naive,territorial_authority_43_bonds_lodged,bonds_lodged,territorial_authority,43,Kapiti Coast District,2025-12-01,6,21.0,24.919871588754223,17.89148171493362
xgboost_pooled_recursive,territorial_authority_43_bonds_lodged,bonds_lodged,territorial_authority,43,Kapiti Coast District,2025-12-01,6,30.463038126627605,31.889585760074258,25.422261895551284
ets_additive_damped,territorial_authority_43_bonds_lodged,bonds_lodged,territorial_authority,43,Kapiti Coast District,2026-01-01,6,10.428981872021064,12.661852638807915,9.597894922965317
seasonal_naive,territorial_authority_43_bonds_lodged,bonds_lodged,territorial_authority,43,Kapiti Coast District,2026-01-01,6,16.5,21.737065119284157,14.259341497427547
xgboost_pooled_recursive,territorial_authority_43_bonds_lodged,bonds_lodged,territorial_authority,43,Kapiti Coast District,2026-01-01,6,8.299146016438806,10.53740004905712,7.796712148499522
ets_additive_damped,territorial_authority_44_bonds_lodged,bonds_lodged,territorial_authority,44,Porirua City,2025-02-01,6,14.010106279361452,15.452383856917661,15.526300537592618
seasonal_naive,territorial_authority_44_bonds_lodged,bonds_lodged,territorial_authority,44,Porirua City,2025-02-01,6,20.0,22.781571499789035,23.16979512571575
xgboost_pooled_recursive,territorial_authority_44_bonds_lodged,bonds_lodged,territorial_authority,44,Porirua City,2025-02-01,6,9.547793070475263,10.656928114008654,10.007321262091471
ets_additive_damped,territorial_authority_44_bonds_lodged,bonds_lodged,territorial_authority,44,Porirua City,2025-03-01,6,13.094030621292292,14.18014752768746,14.634678494335397
seasonal_naive,territorial_authority_44_bonds_lodged,bonds_lodged,territorial_authority,44,Porirua City,2025-03-01,6,21.5,23.843238035132728,25.488977515652856
xgboost_pooled_recursive,territorial_authority_44_bonds_lodged,bonds_lodged,territorial_authority,44,Porirua City,2025-03-01,6,14.766778310139975,18.169082482128704,14.820603133096608
ets_additive_damped,territorial_authority_44_bonds_lodged,bonds_lodged,territorial_authority,44,Porirua City,2025-04-01,6,9.634561545673904,10.637966808447578,10.89560928023438
seasonal_naive,territorial_authority_44_bonds_lodged,bonds_lodged,territorial_authority,44,Porirua City,2025-04-01,6,18.5,21.03568396796263,22.640401803508933
xgboost_pooled_recursive,territorial_authority_44_bonds_lodged,bonds_lodged,territorial_authority,44,Porirua City,2025-04-01,6,22.601898193359375,25.629817530161866,22.8515359074163
ets_additive_damped,territorial_authority_44_bonds_lodged,bonds_lodged,territorial_authority,44,Porirua City,2025-05-01,6,7.134104834246088,8.143195113536313,8.343649891115458
seasonal_naive,territorial_authority_44_bonds_lodged,bonds_lodged,territorial_authority,44,Porirua City,2025-05-01,6,13.5,15.247950681976906,16.93432626984719
xgboost_pooled_recursive,territorial_authority_44_bonds_lodged,bonds_lodged,territorial_authority,44,Porirua City,2025-05-01,6,27.20815912882487,28.683463665990388,27.672877933944847
ets_additive_damped,territorial_authority_44_bonds_lodged,bonds_lodged,territorial_authority,44,Porirua City,2025-06-01,6,6.877217361219349,8.683746563721938,8.059567084904796
seasonal_naive,territorial_authority_44_bonds_lodged,bonds_lodged,territorial_authority,44,Porirua City,2025-06-01,6,10.5,12.668859459319927,13.297962633483554
xgboost_pooled_recursive,territorial_authority_44_bonds_lodged,bonds_lodged,territorial_authority,44,Porirua City,2025-06-01,6,25.42352803548177,27.45799378825154,26.30356607520034
ets_additive_damped,territorial_authority_44_bonds_lodged,bonds_lodged,territorial_authority,44,Porirua City,2025-07-01,6,5.12167163906048,5.766281925993236,6.156623108522305
seasonal_naive,territorial_authority_44_bonds_lodged,bonds_lodged,territorial_authority,44,Porirua City,2025-07-01,6,12.5,14.017845768876187,15.593008424060622
xgboost_pooled_recursive,territorial_authority_44_bonds_lodged,bonds_lodged,territorial_authority,44,Porirua City,2025-07-01,6,24.880186716715496,27.185205914002452,25.98693277428399
ets_additive_damped,territorial_authority_44_bonds_lodged,bonds_lodged,territorial_authority,44,Porirua City,2025-08-01,6,5.601997498854831,6.186977016531438,6.638336142834484
seasonal_naive,territorial_authority_44_bonds_lodged,bonds_lodged,territorial_authority,44,Porirua City,2025-08-01,6,11.0,12.489995996796797,13.560041391093591
xgboost_pooled_recursive,territorial_authority_44_bonds_lodged,bonds_lodged,territorial_authority,44,Porirua City,2025-08-01,6,22.364546457926433,24.100840323750695,23.5355292287802
ets_additive_damped,territorial_authority_44_bonds_lodged,bonds_lodged,territorial_authority,44,Porirua City,2025-09-01,6,6.219007264520322,6.788514126101121,7.258734135666634
seasonal_naive,territorial_authority_44_bonds_lodged,bonds_lodged,territorial_authority,44,Porirua City,2025-09-01,6,8.5,9.40744386111339,10.167626677924162
xgboost_pooled_recursive,territorial_authority_44_bonds_lodged,bonds_lodged,territorial_authority,44,Porirua City,2025-09-01,6,20.207928975423176,21.262571761611856,21.441045721132035
ets_additive_damped,territorial_authority_44_bonds_lodged,bonds_lodged,territorial_authority,44,Porirua City,2025-10-01,6,4.045935017493403,4.555328893126202,4.570384334400901
seasonal_naive,territorial_authority_44_bonds_lodged,bonds_lodged,territorial_authority,44,Porirua City,2025-10-01,6,8.0,8.831760866327848,8.807537491748018
xgboost_pooled_recursive,territorial_authority_44_bonds_lodged,bonds_lodged,territorial_authority,44,Porirua City,2025-10-01,6,16.1217524210612,16.988901588965287,16.781730404511016
ets_additive_damped,territorial_authority_44_bonds_lodged,bonds_lodged,territorial_authority,44,Porirua City,2025-11-01,6,4.331501406738572,5.06512268972083,4.766023424315956
seasonal_naive,territorial_authority_44_bonds_lodged,bonds_lodged,territorial_authority,44,Porirua City,2025-11-01,6,8.5,9.246621004453464,9.109598614704662
xgboost_pooled_recursive,territorial_authority_44_bonds_lodged,bonds_lodged,territorial_authority,44,Porirua City,2025-11-01,6,11.223796844482424,12.698155242030852,11.728682950535696
ets_additive_damped,territorial_authority_44_bonds_lodged,bonds_lodged,territorial_authority,44,Porirua City,2025-12-01,6,5.758125471225725,6.1661755079146765,6.430624852430687
seasonal_naive,territorial_authority_44_bonds_lodged,bonds_lodged,territorial_authority,44,Porirua City,2025-12-01,6,8.5,9.246621004453464,9.049986096075752
xgboost_pooled_recursive,territorial_authority_44_bonds_lodged,bonds_lodged,territorial_authority,44,Porirua City,2025-12-01,6,11.047243754069008,12.240926475118558,11.55897142399957
ets_additive_damped,territorial_authority_44_bonds_lodged,bonds_lodged,territorial_authority,44,Porirua City,2026-01-01,6,8.192961934981389,9.614509136541388,9.415456850104125
seasonal_naive,territorial_authority_44_bonds_lodged,bonds_lodged,territorial_authority,44,Porirua City,2026-01-01,6,7.5,7.842193570679061,8.086793801614107
xgboost_pooled_recursive,territorial_authority_44_bonds_lodged,bonds_lodged,territorial_authority,44,Porirua City,2026-01-01,6,10.227741241455078,10.582860694934688,11.597776724073857
ets_additive_damped,territorial_authority_45_bonds_lodged,bonds_lodged,territorial_authority,45,Upper Hutt City,2025-02-01,6,12.588874321795354,15.648092329702703,14.503695602720054
seasonal_naive,territorial_authority_45_bonds_lodged,bonds_lodged,territorial_authority,45,Upper Hutt City,2025-02-01,6,28.0,30.199337741083,35.67901234567901
xgboost_pooled_recursive,territorial_authority_45_bonds_lodged,bonds_lodged,territorial_authority,45,Upper Hutt City,2025-02-01,6,5.397558848063151,6.320063147107421,5.877990344221874
ets_additive_damped,territorial_authority_45_bonds_lodged,bonds_lodged,territorial_authority,45,Upper Hutt City,2025-03-01,6,14.423174617011705,16.29432468401218,16.765144476034063
seasonal_naive,territorial_authority_45_bonds_lodged,bonds_lodged,territorial_authority,45,Upper Hutt City,2025-03-01,6,27.0,29.29163703175362,34.34567901234567
xgboost_pooled_recursive,territorial_authority_45_bonds_lodged,bonds_lodged,territorial_authority,45,Upper Hutt City,2025-03-01,6,12.601080576578774,14.915117251890582,12.996885015392792
ets_additive_damped,territorial_authority_45_bonds_lodged,bonds_lodged,territorial_authority,45,Upper Hutt City,2025-04-01,6,11.621259567500127,12.808084381123258,13.322314772665969
seasonal_naive,territorial_authority_45_bonds_lodged,bonds_lodged,territorial_authority,45,Upper Hutt City,2025-04-01,6,27.5,29.924906014890006,35.435003631082054
xgboost_pooled_recursive,territorial_authority_45_bonds_lodged,bonds_lodged,territorial_authority,45,Upper Hutt City,2025-04-01,6,17.262311299641933,18.172893215506644,17.3973287961266
ets_additive_damped,territorial_authority_45_bonds_lodged,bonds_lodged,territorial_authority,45,Upper Hutt City,2025-05-01,6,10.798161343396579,12.786135163251773,12.335235992461119
seasonal_naive,territorial_authority_45_bonds_lodged,bonds_lodged,territorial_authority,45,Upper Hutt City,2025-05-01,6,27.0,29.8496231131986,34.759012955091386
xgboost_pooled_recursive,territorial_authority_45_bonds_lodged,bonds_lodged,territorial_authority,45,Upper Hutt City,2025-05-01,6,14.614121754964195,18.13650109857785,14.648094898279906
ets_additive_damped,territorial_authority_45_bonds_lodged,bonds_lodged,territorial_authority,45,Upper Hutt City,2025-06-01,6,7.1027445630718775,7.9344537404906585,8.14411759038715
seasonal_naive,territorial_authority_45_bonds_lodged,bonds_lodged,territorial_authority,45,Upper Hutt City,2025-06-01,6,21.5,24.708298201211672,27.423998243027498
xgboost_pooled_recursive,territorial_authority_45_bonds_lodged,bonds_lodged,territorial_authority,45,Upper Hutt City,2025-06-01,6,17.640120188395183,20.66255880047017,17.683424226977486
ets_additive_damped,territorial_authority_45_bonds_lodged,bonds_lodged,territorial_authority,45,Upper Hutt City,2025-07-01,6,5.264393818198521,6.527840959318008,5.991766969441736
seasonal_naive,territorial_authority_45_bonds_lodged,bonds_lodged,territorial_authority,45,Upper Hutt City,2025-07-01,6,18.0,22.715633383201094,23.014827167189754
xgboost_pooled_recursive,territorial_authority_45_bonds_lodged,bonds_lodged,territorial_authority,45,Upper Hutt City,2025-07-01,6,17.343336741129562,19.585947261809736,17.43810591239767
ets_additive_damped,territorial_authority_45_bonds_lodged,bonds_lodged,territorial_authority,45,Upper Hutt City,2025-08-01,6,4.306138881954953,5.798845159362912,4.870008379974717
seasonal_naive,territorial_authority_45_bonds_lodged,bonds_lodged,territorial_authority,45,Upper Hutt City,2025-08-01,6,14.5,19.480759738778158,18.243915019228428
xgboost_pooled_recursive,territorial_authority_45_bonds_lodged,bonds_lodged,territorial_authority,45,Upper Hutt City,2025-08-01,6,18.051119486490883,19.971481138834932,18.25951163802525
ets_additive_damped,territorial_authority_45_bonds_lodged,bonds_lodged,territorial_authority,45,Upper Hutt City,2025-09-01,6,7.675118209415693,11.286462260835105,8.72264896454342
seasonal_naive,territorial_authority_45_bonds_lodged,bonds_lodged,territorial_authority,45,Upper Hutt City,2025-09-01,6,13.0,17.916472867168917,15.94088471619812
xgboost_pooled_recursive,territorial_authority_45_bonds_lodged,bonds_lodged,territorial_authority,45,Upper Hutt City,2025-09-01,6,19.165393829345703,21.685894721520057,19.952179714927933
ets_additive_damped,territorial_authority_45_bonds_lodged,bonds_lodged,territorial_authority,45,Upper Hutt City,2025-10-01,6,9.417654948171764,13.138732699182945,10.946102242251026
seasonal_naive,territorial_authority_45_bonds_lodged,bonds_lodged,territorial_authority,45,Upper Hutt City,2025-10-01,6,11.0,13.74772708486752,12.707310584791173
xgboost_pooled_recursive,territorial_authority_45_bonds_lodged,bonds_lodged,territorial_authority,45,Upper Hutt City,2025-10-01,6,27.603595733642578,29.76872933487858,28.630418049024485
ets_additive_damped,territorial_authority_45_bonds_lodged,bonds_lodged,territorial_authority,45,Upper Hutt City,2025-11-01,6,10.972430611845816,13.833680038843593,12.745768316334297
seasonal_naive,territorial_authority_45_bonds_lodged,bonds_lodged,territorial_authority,45,Upper Hutt City,2025-11-01,6,10.5,13.693063937629153,12.101249978730566
xgboost_pooled_recursive,territorial_authority_45_bonds_lodged,bonds_lodged,territorial_authority,45,Upper Hutt City,2025-11-01,6,22.014592488606763,24.38707540396373,23.773021345081315
ets_additive_damped,territorial_authority_45_bonds_lodged,bonds_lodged,territorial_authority,45,Upper Hutt City,2025-12-01,6,11.934018881906887,14.334845999546987,13.851733670848896
seasonal_naive,territorial_authority_45_bonds_lodged,bonds_lodged,territorial_authority,45,Upper Hutt City,2025-12-01,6,12.0,15.0996688705415,13.795239049768815
xgboost_pooled_recursive,territorial_authority_45_bonds_lodged,bonds_lodged,territorial_authority,45,Upper Hutt City,2025-12-01,6,26.131398518880207,28.15126500989874,27.834299019014825
ets_additive_damped,territorial_authority_45_bonds_lodged,bonds_lodged,territorial_authority,45,Upper Hutt City,2026-01-01,6,12.4942623479596,14.321415969152607,14.53840479285062
seasonal_naive,territorial_authority_45_bonds_lodged,bonds_lodged,territorial_authority,45,Upper Hutt City,2026-01-01,6,13.0,15.491933384829668,14.961053774905576
xgboost_pooled_recursive,territorial_authority_45_bonds_lodged,bonds_lodged,territorial_authority,45,Upper Hutt City,2026-01-01,6,11.207117716471352,12.27601793321805,13.27839879777125
ets_additive_damped,territorial_authority_46_bonds_lodged,bonds_lodged,territorial_authority,46,Lower Hutt City,2025-02-01,6,32.825016281181796,35.09871212001123,12.174408320790862
seasonal_naive,territorial_authority_46_bonds_lodged,bonds_lodged,territorial_authority,46,Lower Hutt City,2025-02-01,6,51.5,55.19510847892229,19.80571391670801
xgboost_pooled_recursive,territorial_authority_46_bonds_lodged,bonds_lodged,territorial_authority,46,Lower Hutt City,2025-02-01,6,19.466827392578114,24.9065352898658,6.838470878477261
ets_additive_damped,territorial_authority_46_bonds_lodged,bonds_lodged,territorial_authority,46,Lower Hutt City,2025-03-01,6,23.701591437493434,27.62183488864352,8.867740624466853
seasonal_naive,territorial_authority_46_bonds_lodged,bonds_lodged,territorial_authority,46,Lower Hutt City,2025-03-01,6,50.0,53.749418601506754,20.210612443672268
xgboost_pooled_recursive,territorial_authority_46_bonds_lodged,bonds_lodged,territorial_authority,46,Lower Hutt City,2025-03-01,6,22.21873982747395,29.314354852220273,8.052724604086235
ets_additive_damped,territorial_authority_46_bonds_lodged,bonds_lodged,territorial_authority,46,Lower Hutt City,2025-04-01,6,20.843783975166726,24.483509995181464,7.768131940275774
seasonal_naive,territorial_authority_46_bonds_lodged,bonds_lodged,territorial_authority,46,Lower Hutt City,2025-04-01,6,53.5,58.159264094381385,21.878055869698887
xgboost_pooled_recursive,territorial_authority_46_bonds_lodged,bonds_lodged,territorial_authority,46,Lower Hutt City,2025-04-01,6,30.589701334635418,36.423509826249024,10.903778943991101
ets_additive_damped,territorial_authority_46_bonds_lodged,bonds_lodged,territorial_authority,46,Lower Hutt City,2025-05-01,6,15.459967134481863,21.01458542893262,6.187900098228114
seasonal_naive,territorial_authority_46_bonds_lodged,bonds_lodged,territorial_authority,46,Lower Hutt City,2025-05-01,6,40.5,47.859168400631454,17.023195164458286
xgboost_pooled_recursive,territorial_authority_46_bonds_lodged,bonds_lodged,territorial_authority,46,Lower Hutt City,2025-05-01,6,38.21160888671874,45.28613612685042,14.132914681931677
ets_additive_damped,territorial_authority_46_bonds_lodged,bonds_lodged,territorial_authority,46,Lower Hutt City,2025-06-01,6,19.964928158717385,25.06304231149228,8.231634763085935
seasonal_naive,territorial_authority_46_bonds_lodged,bonds_lodged,territorial_authority,46,Lower Hutt City,2025-06-01,6,36.0,45.69463863518345,15.341543482806605
xgboost_pooled_recursive,territorial_authority_46_bonds_lodged,bonds_lodged,territorial_authority,46,Lower Hutt City,2025-06-01,6,39.33276875813802,50.07642631528455,15.236531943891803
ets_additive_damped,territorial_authority_46_bonds_lodged,bonds_lodged,territorial_authority,46,Lower Hutt City,2025-07-01,6,22.128955526322354,25.614152686705282,8.990210012712796
seasonal_naive,territorial_authority_46_bonds_lodged,bonds_lodged,territorial_authority,46,Lower Hutt City,2025-07-01,6,29.0,39.7994974842648,12.431529904064769
xgboost_pooled_recursive,territorial_authority_46_bonds_lodged,bonds_lodged,territorial_authority,46,Lower Hutt City,2025-07-01,6,47.48503621419271,53.796122013419215,17.84913849713896
ets_additive_damped,territorial_authority_46_bonds_lodged,bonds_lodged,territorial_authority,46,Lower Hutt City,2025-08-01,6,24.605976186464144,26.41658481641795,9.729548540723112
seasonal_naive,territorial_authority_46_bonds_lodged,bonds_lodged,territorial_authority,46,Lower Hutt City,2025-08-01,6,28.5,39.59166578965831,12.052507481698694
xgboost_pooled_recursive,territorial_authority_46_bonds_lodged,bonds_lodged,territorial_authority,46,Lower Hutt City,2025-08-01,6,32.3252970377604,37.23410822056434,12.620925963913452
ets_additive_damped,territorial_authority_46_bonds_lodged,bonds_lodged,territorial_authority,46,Lower Hutt City,2025-09-01,6,27.34121903556189,28.190385905147178,10.438540265360745
seasonal_naive,territorial_authority_46_bonds_lodged,bonds_lodged,territorial_authority,46,Lower Hutt City,2025-09-01,6,28.5,39.59166578965831,11.07441671487553
xgboost_pooled_recursive,territorial_authority_46_bonds_lodged,bonds_lodged,territorial_authority,46,Lower Hutt City,2025-09-01,6,35.87767537434897,40.755030845947765,13.62176809908602
ets_additive_damped,territorial_authority_46_bonds_lodged,bonds_lodged,territorial_authority,46,Lower Hutt City,2025-10-01,6,25.16025636630504,28.559598544202288,9.659314070144841
seasonal_naive,territorial_authority_46_bonds_lodged,bonds_lodged,territorial_authority,46,Lower Hutt City,2025-10-01,6,17.0,22.315913604421397,6.082673379183152
xgboost_pooled_recursive,territorial_authority_46_bonds_lodged,bonds_lodged,territorial_authority,46,Lower Hutt City,2025-10-01,6,48.5192616780599,53.82540581572638,17.82686834759898
ets_additive_damped,territorial_authority_46_bonds_lodged,bonds_lodged,territorial_authority,46,Lower Hutt City,2025-11-01,6,22.671519760642436,24.21450124343167,8.335540848113766
seasonal_naive,territorial_authority_46_bonds_lodged,bonds_lodged,territorial_authority,46,Lower Hutt City,2025-11-01,6,20.0,23.874672772626646,7.037221485840482
xgboost_pooled_recursive,territorial_authority_46_bonds_lodged,bonds_lodged,territorial_authority,46,Lower Hutt City,2025-11-01,6,30.02420298258464,34.78456272652051,10.878189393185648
ets_additive_damped,territorial_authority_46_bonds_lodged,bonds_lodged,territorial_authority,46,Lower Hutt City,2025-12-01,6,25.024881686869396,26.161595122811878,9.133944216259609
seasonal_naive,territorial_authority_46_bonds_lodged,bonds_lodged,territorial_authority,46,Lower Hutt City,2025-12-01,6,25.5,29.16333314283537,9.149165766459461
xgboost_pooled_recursive,territorial_authority_46_bonds_lodged,bonds_lodged,territorial_authority,46,Lower Hutt City,2025-12-01,6,33.03166707356771,40.53332813634313,11.744881677911339
ets_additive_damped,territorial_authority_46_bonds_lodged,bonds_lodged,territorial_authority,46,Lower Hutt City,2026-01-01,6,22.751077845102845,24.63225715036245,8.356928790405464
seasonal_naive,territorial_authority_46_bonds_lodged,bonds_lodged,territorial_authority,46,Lower Hutt City,2026-01-01,6,28.0,31.0322412983658,10.184304004465973
xgboost_pooled_recursive,territorial_authority_46_bonds_lodged,bonds_lodged,territorial_authority,46,Lower Hutt City,2026-01-01,6,21.95136006673178,25.236917433832193,8.08365064735446
ets_additive_damped,territorial_authority_47_bonds_lodged,bonds_lodged,territorial_authority,47,Wellington City,2025-02-01,6,92.21482176170123,116.999951774975,11.19358686215407
seasonal_naive,territorial_authority_47_bonds_lodged,bonds_lodged,territorial_authority,47,Wellington City,2025-02-01,6,131.0,138.5640646055102,16.038184156243165
xgboost_pooled_recursive,territorial_authority_47_bonds_lodged,bonds_lodged,territorial_authority,47,Wellington City,2025-02-01,6,86.04449462890624,97.45981155269412,9.32715707337617
ets_additive_damped,territorial_authority_47_bonds_lodged,bonds_lodged,territorial_authority,47,Wellington City,2025-03-01,6,111.68396526001351,126.92999072635494,13.788709811567145
seasonal_naive,territorial_authority_47_bonds_lodged,bonds_lodged,territorial_authority,47,Wellington City,2025-03-01,6,141.5,148.12325948344508,17.869107480346678
xgboost_pooled_recursive,territorial_authority_47_bonds_lodged,bonds_lodged,territorial_authority,47,Wellington City,2025-03-01,6,87.05257161458333,100.57775448659822,9.625189081126685
ets_additive_damped,territorial_authority_47_bonds_lodged,bonds_lodged,territorial_authority,47,Wellington City,2025-04-01,6,124.00494358453345,131.93085326820383,15.250106534575956
seasonal_naive,territorial_authority_47_bonds_lodged,bonds_lodged,territorial_authority,47,Wellington City,2025-04-01,6,153.0,155.06450270774417,19.20213288679774
xgboost_pooled_recursive,territorial_authority_47_bonds_lodged,bonds_lodged,territorial_authority,47,Wellington City,2025-04-01,6,41.826385498046875,49.80799727281176,4.774600797291867
ets_additive_damped,territorial_authority_47_bonds_lodged,bonds_lodged,territorial_authority,47,Wellington City,2025-05-01,6,111.245966045383,120.33600963118461,13.292715094041288
seasonal_naive,territorial_authority_47_bonds_lodged,bonds_lodged,territorial_authority,47,Wellington City,2025-05-01,6,153.5,155.5233101499579,18.79444137073945
xgboost_pooled_recursive,territorial_authority_47_bonds_lodged,bonds_lodged,territorial_authority,47,Wellington City,2025-05-01,6,43.56212361653646,50.13402334399233,4.750840148529387
ets_additive_damped,territorial_authority_47_bonds_lodged,bonds_lodged,territorial_authority,47,Wellington City,2025-06-01,6,86.56347274789012,98.45605761007046,10.36154088188242
seasonal_naive,territorial_authority_47_bonds_lodged,bonds_lodged,territorial_authority,47,Wellington City,2025-06-01,6,125.5,134.68296106041032,15.400407430400046
xgboost_pooled_recursive,territorial_authority_47_bonds_lodged,bonds_lodged,territorial_authority,47,Wellington City,2025-06-01,6,73.32979329427083,98.61252186854232,8.274080183295501
ets_additive_damped,territorial_authority_47_bonds_lodged,bonds_lodged,territorial_authority,47,Wellington City,2025-07-01,6,97.48280103801243,104.91434953033446,10.75949141568666
seasonal_naive,territorial_authority_47_bonds_lodged,bonds_lodged,territorial_authority,47,Wellington City,2025-07-01,6,105.0,124.97199686329733,12.7772468417884
xgboost_pooled_recursive,territorial_authority_47_bonds_lodged,bonds_lodged,territorial_authority,47,Wellington City,2025-07-01,6,96.6625467936198,129.58956977126073,9.059326937511157
ets_additive_damped,territorial_authority_47_bonds_lodged,bonds_lodged,territorial_authority,47,Wellington City,2025-08-01,6,66.24822170950004,70.20239883815091,6.915129873504602
seasonal_naive,territorial_authority_47_bonds_lodged,bonds_lodged,territorial_authority,47,Wellington City,2025-08-01,6,76.0,102.82023147221562,9.349350860700932
xgboost_pooled_recursive,territorial_authority_47_bonds_lodged,bonds_lodged,territorial_authority,47,Wellington City,2025-08-01,6,105.96836344401044,139.98344259504293,8.756661587543539
ets_additive_damped,territorial_authority_47_bonds_lodged,bonds_lodged,territorial_authority,47,Wellington City,2025-09-01,6,66.46044379380793,71.43290744245466,6.68084817581691
seasonal_naive,territorial_authority_47_bonds_lodged,bonds_lodged,territorial_authority,47,Wellington City,2025-09-01,6,59.0,82.44998483929515,6.768777647809217
xgboost_pooled_recursive,territorial_authority_47_bonds_lodged,bonds_lodged,territorial_authority,47,Wellington City,2025-09-01,6,159.76001993815103,193.9853558497191,13.951198474995289
ets_additive_damped,territorial_authority_47_bonds_lodged,bonds_lodged,territorial_authority,47,Wellington City,2025-10-01,6,68.74203570590181,74.98863569287244,7.223038689335253
seasonal_naive,territorial_authority_47_bonds_lodged,bonds_lodged,territorial_authority,47,Wellington City,2025-10-01,6,45.5,67.00373123938697,5.160582949826112
xgboost_pooled_recursive,territorial_authority_47_bonds_lodged,bonds_lodged,territorial_authority,47,Wellington City,2025-10-01,6,207.20097859700522,232.62695805685988,18.705878346089825
ets_additive_damped,territorial_authority_47_bonds_lodged,bonds_lodged,territorial_authority,47,Wellington City,2025-11-01,6,69.66260043623781,75.68176941808368,7.486418176475718
seasonal_naive,territorial_authority_47_bonds_lodged,bonds_lodged,territorial_authority,47,Wellington City,2025-11-01,6,34.0,44.395945760846224,4.130438881707361
xgboost_pooled_recursive,territorial_authority_47_bonds_lodged,bonds_lodged,territorial_authority,47,Wellington City,2025-11-01,6,210.60242716471353,219.5576702534648,20.058139084586127
ets_additive_damped,territorial_authority_47_bonds_lodged,bonds_lodged,territorial_authority,47,Wellington City,2025-12-01,6,71.13461303443086,76.839068762212,7.595861981372101
seasonal_naive,territorial_authority_47_bonds_lodged,bonds_lodged,territorial_authority,47,Wellington City,2025-12-01,6,50.5,66.30610831590103,6.007312517700358
xgboost_pooled_recursive,territorial_authority_47_bonds_lodged,bonds_lodged,territorial_authority,47,Wellington City,2025-12-01,6,237.3724365234375,241.74731686893773,22.427151355507768
ets_additive_damped,territorial_authority_47_bonds_lodged,bonds_lodged,territorial_authority,47,Wellington City,2026-01-01,6,68.64387266700265,76.27322837600595,8.05773077522824
seasonal_naive,territorial_authority_47_bonds_lodged,bonds_lodged,territorial_authority,47,Wellington City,2026-01-01,6,56.5,67.91538853603062,6.7345852449730845
xgboost_pooled_recursive,territorial_authority_47_bonds_lodged,bonds_lodged,territorial_authority,47,Wellington City,2026-01-01,6,141.69335937500003,158.08056606264537,15.752850756680523
ets_additive_damped,territorial_authority_48_bonds_lodged,bonds_lodged,territorial_authority,48,Masterton District,2025-02-01,6,15.359127856591362,15.957471607353797,27.542893494572425
seasonal_naive,territorial_authority_48_bonds_lodged,bonds_lodged,territorial_authority,48,Masterton District,2025-02-01,6,16.0,18.411952639521967,28.490028490028486
xgboost_pooled_recursive,territorial_authority_48_bonds_lodged,bonds_lodged,territorial_authority,48,Masterton District,2025-02-01,6,11.397723515828451,12.779566991686815,19.966096383316444
ets_additive_damped,territorial_authority_48_bonds_lodged,bonds_lodged,territorial_authority,48,Masterton District,2025-03-01,6,14.698054589928022,15.289102836556953,26.218864593178665
seasonal_naive,territorial_authority_48_bonds_lodged,bonds_lodged,territorial_authority,48,Masterton District,2025-03-01,6,18.0,21.142374511865974,32.983312983312985
xgboost_pooled_recursive,territorial_authority_48_bonds_lodged,bonds_lodged,territorial_authority,48,Masterton District,2025-03-01,6,8.378701527913412,11.16421208535358,14.603320874501879
ets_additive_damped,territorial_authority_48_bonds_lodged,bonds_lodged,territorial_authority,48,Masterton District,2025-04-01,6,15.710211172379951,16.09393404773064,27.826363786488578
seasonal_naive,territorial_authority_48_bonds_lodged,bonds_lodged,territorial_authority,48,Masterton District,2025-04-01,6,19.5,22.282279955157193,35.585915585915586
xgboost_pooled_recursive,territorial_authority_48_bonds_lodged,bonds_lodged,territorial_authority,48,Masterton District,2025-04-01,6,10.570503234863281,13.372952056189947,17.51958180361383
ets_additive_damped,territorial_authority_48_bonds_lodged,bonds_lodged,territorial_authority,48,Masterton District,2025-05-01,6,16.446564629136297,17.90140658390333,28.140258945744
seasonal_naive,territorial_authority_48_bonds_lodged,bonds_lodged,territorial_authority,48,Masterton District,2025-05-01,6,22.0,25.865034312755125,39.56027456027456
xgboost_pooled_recursive,territorial_authority_48_bonds_lodged,bonds_lodged,territorial_authority,48,Masterton District,2025-05-01,6,9.021470387776693,13.301725984249305,15.185363179506565
ets_additive_damped,territorial_authority_48_bonds_lodged,bonds_lodged,territorial_authority,48,Masterton District,2025-06-01,6,16.88671640169808,18.3180157726306,28.758007874299658
seasonal_naive,territorial_authority_48_bonds_lodged,bonds_lodged,territorial_authority,48,Masterton District,2025-06-01,6,19.0,24.06241883103193,33.66801866801867
xgboost_pooled_recursive,territorial_authority_48_bonds_lodged,bonds_lodged,territorial_authority,48,Masterton District,2025-06-01,6,11.849076588948568,14.619411379495217,18.74069074846192
ets_additive_damped,territorial_authority_48_bonds_lodged,bonds_lodged,territorial_authority,48,Masterton District,2025-07-01,6,21.071742738056333,22.96089540055779,33.44665367986767
seasonal_naive,territorial_authority_48_bonds_lodged,bonds_lodged,territorial_authority,48,Masterton District,2025-07-01,6,23.5,26.466960535732092,39.7904676476105
xgboost_pooled_recursive,territorial_authority_48_bonds_lodged,bonds_lodged,territorial_authority,48,Masterton District,2025-07-01,6,5.630708694458008,6.944634622623262,7.579459080723405
ets_additive_damped,territorial_authority_48_bonds_lodged,bonds_lodged,territorial_authority,48,Masterton District,2025-08-01,6,21.531441033360583,22.875718598863408,33.99825138299139
seasonal_naive,territorial_authority_48_bonds_lodged,bonds_lodged,territorial_authority,48,Masterton District,2025-08-01,6,25.0,27.386127875258307,42.393070250213114
xgboost_pooled_recursive,territorial_authority_48_bonds_lodged,bonds_lodged,territorial_authority,48,Masterton District,2025-08-01,6,8.280029932657877,9.44279491837861,11.375238156231553
ets_additive_damped,territorial_authority_48_bonds_lodged,bonds_lodged,territorial_authority,48,Masterton District,2025-09-01,6,18.77803210877016,20.889246935432322,29.252912016271644
seasonal_naive,territorial_authority_48_bonds_lodged,bonds_lodged,territorial_authority,48,Masterton District,2025-09-01,6,20.5,23.96872962841377,33.43203128917414
xgboost_pooled_recursive,territorial_authority_48_bonds_lodged,bonds_lodged,territorial_authority,48,Masterton District,2025-09-01,6,9.32797368367513,11.149063548323566,12.735119648878898
ets_additive_damped,territorial_authority_48_bonds_lodged,bonds_lodged,territorial_authority,48,Masterton District,2025-10-01,6,15.521210458348529,18.85814888972978,23.63250778824829
seasonal_naive,territorial_authority_48_bonds_lodged,bonds_lodged,territorial_authority,48,Masterton District,2025-10-01,6,18.0,22.516660498395403,28.880110947780118
xgboost_pooled_recursive,territorial_authority_48_bonds_lodged,bonds_lodged,territorial_authority,48,Masterton District,2025-10-01,6,13.926930745442709,16.345648716642685,19.416011542281577
ets_additive_damped,territorial_authority_48_bonds_lodged,bonds_lodged,territorial_authority,48,Masterton District,2025-11-01,6,12.75613095044745,15.60926104113011,18.659234704616086
seasonal_naive,territorial_authority_48_bonds_lodged,bonds_lodged,territorial_authority,48,Masterton District,2025-11-01,6,13.0,15.394804318340652,19.777546845216023
xgboost_pooled_recursive,territorial_authority_48_bonds_lodged,bonds_lodged,territorial_authority,48,Masterton District,2025-11-01,6,11.656443277994791,14.882127619280348,16.278077782993723
ets_additive_damped,territorial_authority_48_bonds_lodged,bonds_lodged,territorial_authority,48,Masterton District,2025-12-01,6,10.947975603183366,13.887797099370111,16.054681048978527
seasonal_naive,territorial_authority_48_bonds_lodged,bonds_lodged,territorial_authority,48,Masterton District,2025-12-01,6,14.5,16.38596960817394,22.53589960356878
xgboost_pooled_recursive,territorial_authority_48_bonds_lodged,bonds_lodged,territorial_authority,48,Masterton District,2025-12-01,6,17.781940460205078,21.009714596342796,25.057712891717255
ets_additive_damped,territorial_authority_48_bonds_lodged,bonds_lodged,territorial_authority,48,Masterton District,2026-01-01,6,10.052982013509068,11.443589548368067,15.990604900003472
seasonal_naive,territorial_authority_48_bonds_lodged,bonds_lodged,territorial_authority,48,Masterton District,2026-01-01,6,12.0,13.076696830622021,20.857895068421385
xgboost_pooled_recursive,territorial_authority_48_bonds_lodged,bonds_lodged,territorial_authority,48,Masterton District,2026-01-01,6,16.924640655517578,17.944597741616235,25.591153093963666
ets_additive_damped,territorial_authority_51_bonds_lodged,bonds_lodged,territorial_authority,51,Tasman District,2025-02-01,6,22.17228299037114,26.078702167778886,25.81986950190339
seasonal_naive,territorial_authority_51_bonds_lodged,bonds_lodged,territorial_authority,51,Tasman District,2025-02-01,6,27.0,29.698484809834994,32.711301044634375
xgboost_pooled_recursive,territorial_authority_51_bonds_lodged,bonds_lodged,territorial_authority,51,Tasman District,2025-02-01,6,10.773980458577471,13.671042511430258,11.400679276070425
ets_additive_damped,territorial_authority_51_bonds_lodged,bonds_lodged,territorial_authority,51,Tasman District,2025-03-01,6,21.312403329860583,25.27478733969359,24.280403573855494
seasonal_naive,territorial_authority_51_bonds_lodged,bonds_lodged,territorial_authority,51,Tasman District,2025-03-01,6,31.0,33.49626844888845,38.198480531813864
xgboost_pooled_recursive,territorial_authority_51_bonds_lodged,bonds_lodged,territorial_authority,51,Tasman District,2025-03-01,6,7.7493565877278625,9.58573968823814,7.947411942487445
ets_additive_damped,territorial_authority_51_bonds_lodged,bonds_lodged,territorial_authority,51,Tasman District,2025-04-01,6,21.930609230368486,25.140352871553,24.768312580292935
seasonal_naive,territorial_authority_51_bonds_lodged,bonds_lodged,territorial_authority,51,Tasman District,2025-04-01,6,37.0,38.49675310984031,47.12601676369792
xgboost_pooled_recursive,territorial_authority_51_bonds_lodged,bonds_lodged,territorial_authority,51,Tasman District,2025-04-01,6,10.08616256713867,11.472672989445503,10.153166719915736
ets_additive_damped,territorial_authority_51_bonds_lodged,bonds_lodged,territorial_authority,51,Tasman District,2025-05-01,6,19.031928857892794,22.956312898637318,21.696600921251452
seasonal_naive,territorial_authority_51_bonds_lodged,bonds_lodged,territorial_authority,51,Tasman District,2025-05-01,6,35.0,37.22902093797257,45.11984392419175
xgboost_pooled_recursive,territorial_authority_51_bonds_lodged,bonds_lodged,territorial_authority,51,Tasman District,2025-05-01,6,15.334447224934898,22.030505344394815,16.554423249801157
ets_additive_damped,territorial_authority_51_bonds_lodged,bonds_lodged,territorial_authority,51,Tasman District,2025-06-01,6,14.873827792520855,19.50655258135337,16.89327451876547
seasonal_naive,territorial_authority_51_bonds_lodged,bonds_lodged,territorial_authority,51,Tasman District,2025-06-01,6,29.5,34.22718218024966,38.13675609004009
xgboost_pooled_recursive,territorial_authority_51_bonds_lodged,bonds_lodged,territorial_authority,51,Tasman District,2025-06-01,6,19.88360087076823,25.724807081757103,22.03126869297638
ets_additive_damped,territorial_authority_51_bonds_lodged,bonds_lodged,territorial_authority,51,Tasman District,2025-07-01,6,14.965313974345973,19.6475009281425,17.063412757042247
seasonal_naive,territorial_authority_51_bonds_lodged,bonds_lodged,territorial_authority,51,Tasman District,2025-07-01,6,26.5,33.42902930089356,34.13675609004008
xgboost_pooled_recursive,territorial_authority_51_bonds_lodged,bonds_lodged,territorial_authority,51,Tasman District,2025-07-01,6,23.958031972249348,28.78272378163448,26.883132049369213
ets_additive_damped,territorial_authority_51_bonds_lodged,bonds_lodged,territorial_authority,51,Tasman District,2025-08-01,6,12.749556405808555,13.587782669108654,16.635929258030234
seasonal_naive,territorial_authority_51_bonds_lodged,bonds_lodged,territorial_authority,51,Tasman District,2025-08-01,6,22.0,28.407745422683583,30.565327518611518
xgboost_pooled_recursive,territorial_authority_51_bonds_lodged,bonds_lodged,territorial_authority,51,Tasman District,2025-08-01,6,27.81671142578125,33.992415518346675,32.07046650226748
ets_additive_damped,territorial_authority_51_bonds_lodged,bonds_lodged,territorial_authority,51,Tasman District,2025-09-01,6,13.943944997171199,15.082315682094615,18.27461585905252
seasonal_naive,territorial_authority_51_bonds_lodged,bonds_lodged,territorial_authority,51,Tasman District,2025-09-01,6,16.5,22.94558781116753,23.05017600346
xgboost_pooled_recursive,territorial_authority_51_bonds_lodged,bonds_lodged,territorial_authority,51,Tasman District,2025-09-01,6,30.196144104003903,33.36874942917219,35.01167064100887
ets_additive_damped,territorial_authority_51_bonds_lodged,bonds_lodged,territorial_authority,51,Tasman District,2025-10-01,6,15.504054938596626,16.423249114233425,20.158258012917017
seasonal_naive,territorial_authority_51_bonds_lodged,bonds_lodged,territorial_authority,51,Tasman District,2025-10-01,6,8.5,11.937336386313323,11.455973104909274
xgboost_pooled_recursive,territorial_authority_51_bonds_lodged,bonds_lodged,territorial_authority,51,Tasman District,2025-10-01,6,36.847485860188804,37.25574853595213,41.68682561494834
ets_additive_damped,territorial_authority_51_bonds_lodged,bonds_lodged,territorial_authority,51,Tasman District,2025-11-01,6,9.270622128482577,10.469122011335852,12.10440073708297
seasonal_naive,territorial_authority_51_bonds_lodged,bonds_lodged,territorial_authority,51,Tasman District,2025-11-01,6,7.0,10.099504938362077,8.92865070053769
xgboost_pooled_recursive,territorial_authority_51_bonds_lodged,bonds_lodged,territorial_authority,51,Tasman District,2025-11-01,6,23.031330108642578,23.614053399066233,27.047518275374888
ets_additive_damped,territorial_authority_51_bonds_lodged,bonds_lodged,territorial_authority,51,Tasman District,2025-12-01,6,9.823411706245524,11.921142776600737,13.102146556034144
seasonal_naive,territorial_authority_51_bonds_lodged,bonds_lodged,territorial_authority,51,Tasman District,2025-12-01,6,12.0,16.792855623746664,15.137669836092352
xgboost_pooled_recursive,territorial_authority_51_bonds_lodged,bonds_lodged,territorial_authority,51,Tasman District,2025-12-01,6,24.49962615966797,25.85129063483606,29.088084276124786
ets_additive_damped,territorial_authority_51_bonds_lodged,bonds_lodged,territorial_authority,51,Tasman District,2026-01-01,6,8.669555197087398,11.054010184178008,11.471768802256294
seasonal_naive,territorial_authority_51_bonds_lodged,bonds_lodged,territorial_authority,51,Tasman District,2026-01-01,6,13.5,17.190113437671084,16.83258509032964
xgboost_pooled_recursive,territorial_authority_51_bonds_lodged,bonds_lodged,territorial_authority,51,Tasman District,2026-01-01,6,9.903282165527344,11.7891564822357,12.953716027416515
ets_additive_damped,territorial_authority_52_bonds_lodged,bonds_lodged,territorial_authority,52,Nelson City,2025-02-01,6,26.544163645180316,27.417552578606212,19.009563631251076
seasonal_naive,territorial_authority_52_bonds_lodged,bonds_lodged,territorial_authority,52,Nelson City,2025-02-01,6,28.5,31.20096152364539,20.781821363938946
xgboost_pooled_recursive,territorial_authority_52_bonds_lodged,bonds_lodged,territorial_authority,52,Nelson City,2025-02-01,6,12.176368713378906,14.136212849908533,8.328147618464397
ets_additive_damped,territorial_authority_52_bonds_lodged,bonds_lodged,territorial_authority,52,Nelson City,2025-03-01,6,22.80315689418936,24.27172370104709,16.29025055888695
seasonal_naive,territorial_authority_52_bonds_lodged,bonds_lodged,territorial_authority,52,Nelson City,2025-03-01,6,31.5,34.22718218024966,24.485525067642648
xgboost_pooled_recursive,territorial_authority_52_bonds_lodged,bonds_lodged,territorial_authority,52,Nelson City,2025-03-01,6,12.868812561035156,16.160591245217226,8.572773474699575
ets_additive_damped,territorial_authority_52_bonds_lodged,bonds_lodged,territorial_authority,52,Nelson City,2025-04-01,6,21.134367231442567,22.62230902337385,14.95027213524531
seasonal_naive,territorial_authority_52_bonds_lodged,bonds_lodged,territorial_authority,52,Nelson City,2025-04-01,6,33.5,36.26982216664427,26.16511163095014
xgboost_pooled_recursive,territorial_authority_52_bonds_lodged,bonds_lodged,territorial_authority,52,Nelson City,2025-04-01,6,12.513763427734375,14.052421203034857,8.394990478377055
ets_additive_damped,territorial_authority_52_bonds_lodged,bonds_lodged,territorial_authority,52,Nelson City,2025-05-01,6,14.247586036011716,17.160849817559477,10.047322108780737
seasonal_naive,territorial_authority_52_bonds_lodged,bonds_lodged,territorial_authority,52,Nelson City,2025-05-01,6,29.5,34.57600323924094,23.556749528917152
xgboost_pooled_recursive,territorial_authority_52_bonds_lodged,bonds_lodged,territorial_authority,52,Nelson City,2025-05-01,6,19.781768798828125,23.93394049500905,13.51742031796633
ets_additive_damped,territorial_authority_52_bonds_lodged,bonds_lodged,territorial_authority,52,Nelson City,2025-06-01,6,13.583186611084983,15.282844175147297,9.641166044026123
seasonal_naive,territorial_authority_52_bonds_lodged,bonds_lodged,territorial_authority,52,Nelson City,2025-06-01,6,28.0,33.71943060017473,22.399105674644083
xgboost_pooled_recursive,territorial_authority_52_bonds_lodged,bonds_lodged,territorial_authority,52,Nelson City,2025-06-01,6,18.410863240559895,22.84339561916239,12.679333157091758
ets_additive_damped,territorial_authority_52_bonds_lodged,bonds_lodged,territorial_authority,52,Nelson City,2025-07-01,6,10.537459654557452,10.813638776869249,7.747945169940376
seasonal_naive,territorial_authority_52_bonds_lodged,bonds_lodged,territorial_authority,52,Nelson City,2025-07-01,6,21.0,25.98076211353316,17.392518059360814
xgboost_pooled_recursive,territorial_authority_52_bonds_lodged,bonds_lodged,territorial_authority,52,Nelson City,2025-07-01,6,21.5352045694987,25.046656225138936,14.781936086666828
ets_additive_damped,territorial_authority_52_bonds_lodged,bonds_lodged,territorial_authority,52,Nelson City,2025-08-01,6,10.822798378763414,11.765925758542856,8.127403701070703
seasonal_naive,territorial_authority_52_bonds_lodged,bonds_lodged,territorial_authority,52,Nelson City,2025-08-01,6,19.5,25.544079548889602,16.4434964754186
xgboost_pooled_recursive,territorial_authority_52_bonds_lodged,bonds_lodged,territorial_authority,52,Nelson City,2025-08-01,6,20.388865152994793,23.09069281940181,14.49313612289879
ets_additive_damped,territorial_authority_52_bonds_lodged,bonds_lodged,territorial_authority,52,Nelson City,2025-09-01,6,14.918064109216203,17.235114007467587,11.185209255575462
seasonal_naive,territorial_authority_52_bonds_lodged,bonds_lodged,territorial_authority,52,Nelson City,2025-09-01,6,17.5,22.54994456755936,13.56470859663072
xgboost_pooled_recursive,territorial_authority_52_bonds_lodged,bonds_lodged,territorial_authority,52,Nelson City,2025-09-01,6,20.301854451497395,24.93562043783729,14.648114558810995
ets_additive_damped,territorial_authority_52_bonds_lodged,bonds_lodged,territorial_authority,52,Nelson City,2025-10-01,6,16.567819156576366,19.28011238136691,12.410989000022361
seasonal_naive,territorial_authority_52_bonds_lodged,bonds_lodged,territorial_authority,52,Nelson City,2025-10-01,6,13.5,16.38596960817394,10.231375263297386
xgboost_pooled_recursive,territorial_authority_52_bonds_lodged,bonds_lodged,territorial_authority,52,Nelson City,2025-10-01,6,24.99602762858073,27.950317612390347,17.99396388482368
ets_additive_damped,territorial_authority_52_bonds_lodged,bonds_lodged,territorial_authority,52,Nelson City,2025-11-01,6,16.799062104557887,18.568591357424136,12.434816485321456
seasonal_naive,territorial_authority_52_bonds_lodged,bonds_lodged,territorial_authority,52,Nelson City,2025-11-01,6,17.5,19.710403344427025,12.839737365330372
xgboost_pooled_recursive,territorial_authority_52_bonds_lodged,bonds_lodged,territorial_authority,52,Nelson City,2025-11-01,6,25.755109151204426,29.707717693993775,18.054402092115478
ets_additive_damped,territorial_authority_52_bonds_lodged,bonds_lodged,territorial_authority,52,Nelson City,2025-12-01,6,16.153910399755034,20.503464093025123,11.812727581074272
seasonal_naive,territorial_authority_52_bonds_lodged,bonds_lodged,territorial_authority,52,Nelson City,2025-12-01,6,16.0,18.894443627691185,11.67629804745644
xgboost_pooled_recursive,territorial_authority_52_bonds_lodged,bonds_lodged,territorial_authority,52,Nelson City,2025-12-01,6,26.89575958251953,28.319449119418184,18.914034903973786
ets_additive_damped,territorial_authority_52_bonds_lodged,bonds_lodged,territorial_authority,52,Nelson City,2026-01-01,6,20.413018019740466,22.72127336786104,14.888463278810022
seasonal_naive,territorial_authority_52_bonds_lodged,bonds_lodged,territorial_authority,52,Nelson City,2026-01-01,6,20.5,24.21776207662467,14.628500484194959
xgboost_pooled_recursive,territorial_authority_52_bonds_lodged,bonds_lodged,territorial_authority,52,Nelson City,2026-01-01,6,12.872459411621094,14.496014310182215,9.718510176845959
ets_additive_damped,territorial_authority_53_bonds_lodged,bonds_lodged,territorial_authority,53,Marlborough District,2025-02-01,6,17.235241367415835,23.63110934592831,16.906253085354372
seasonal_naive,territorial_authority_53_bonds_lodged,bonds_lodged,territorial_authority,53,Marlborough District,2025-02-01,6,41.0,44.799553569204235,47.6813060192855
xgboost_pooled_recursive,territorial_authority_53_bonds_lodged,bonds_lodged,territorial_authority,53,Marlborough District,2025-02-01,6,11.88221486409505,17.735452322690257,10.987499711355769
ets_additive_damped,territorial_authority_53_bonds_lodged,bonds_lodged,territorial_authority,53,Marlborough District,2025-03-01,6,9.785805083716838,17.184060060294108,9.425582246605533
seasonal_naive,territorial_authority_53_bonds_lodged,bonds_lodged,territorial_authority,53,Marlborough District,2025-03-01,6,33.0,37.82856063875548,39.03933071064352
xgboost_pooled_recursive,territorial_authority_53_bonds_lodged,bonds_lodged,territorial_authority,53,Marlborough District,2025-03-01,6,17.021769205729168,18.47677409072042,16.060887688678722
ets_additive_damped,territorial_authority_53_bonds_lodged,bonds_lodged,territorial_authority,53,Marlborough District,2025-04-01,6,12.123208657970517,13.350755881061835,11.889633625410866
seasonal_naive,territorial_authority_53_bonds_lodged,bonds_lodged,territorial_authority,53,Marlborough District,2025-04-01,6,32.0,36.124783736376884,41.46988626619908
xgboost_pooled_recursive,territorial_authority_53_bonds_lodged,bonds_lodged,territorial_authority,53,Marlborough District,2025-04-01,6,20.046253204345707,20.854415644681243,18.889896331330384
ets_additive_damped,territorial_authority_53_bonds_lodged,bonds_lodged,territorial_authority,53,Marlborough District,2025-05-01,6,11.709507129387537,14.264026986688624,12.190038639967964
seasonal_naive,territorial_authority_53_bonds_lodged,bonds_lodged,territorial_authority,53,Marlborough District,2025-05-01,6,29.0,35.11409973215888,38.144014823922134
xgboost_pooled_recursive,territorial_authority_53_bonds_lodged,bonds_lodged,territorial_authority,53,Marlborough District,2025-05-01,6,21.332186381022137,25.067684756482276,20.75400447822748
ets_additive_damped,territorial_authority_53_bonds_lodged,bonds_lodged,territorial_authority,53,Marlborough District,2025-06-01,6,13.908791047925241,15.967081093909862,15.02538774276542
seasonal_naive,territorial_authority_53_bonds_lodged,bonds_lodged,territorial_authority,53,Marlborough District,2025-06-01,6,25.5,31.15284898689043,32.11764947552289
xgboost_pooled_recursive,territorial_authority_53_bonds_lodged,bonds_lodged,territorial_authority,53,Marlborough District,2025-06-01,6,26.074033101399735,30.779134799997394,25.75133921073792
ets_additive_damped,territorial_authority_53_bonds_lodged,bonds_lodged,territorial_authority,53,Marlborough District,2025-07-01,6,14.637390781629634,16.15289771466693,16.430771238136188
seasonal_naive,territorial_authority_53_bonds_lodged,bonds_lodged,territorial_authority,53,Marlborough District,2025-07-01,6,24.5,30.273751006441206,30.762969672567227
xgboost_pooled_recursive,territorial_authority_53_bonds_lodged,bonds_lodged,territorial_authority,53,Marlborough District,2025-07-01,6,29.89543914794922,35.18229341750885,29.953066861979604
ets_additive_damped,territorial_authority_53_bonds_lodged,bonds_lodged,territorial_authority,53,Marlborough District,2025-08-01,6,15.173279889267677,15.87328654816381,17.175269157977592
seasonal_naive,territorial_authority_53_bonds_lodged,bonds_lodged,territorial_authority,53,Marlborough District,2025-08-01,6,25.5,31.056400306539068,31.284787036489853
xgboost_pooled_recursive,territorial_authority_53_bonds_lodged,bonds_lodged,territorial_authority,53,Marlborough District,2025-08-01,6,28.611372629801433,32.287602161300335,29.486224723169546
ets_additive_damped,territorial_authority_53_bonds_lodged,bonds_lodged,territorial_authority,53,Marlborough District,2025-09-01,6,15.118941159913149,15.644669556126267,17.07818722426032
seasonal_naive,territorial_authority_53_bonds_lodged,bonds_lodged,territorial_authority,53,Marlborough District,2025-09-01,6,29.5,34.007352146263905,34.69800417519719
xgboost_pooled_recursive,territorial_authority_53_bonds_lodged,bonds_lodged,territorial_authority,53,Marlborough District,2025-09-01,6,29.89053471883138,32.88718970654388,30.786293785652536
ets_additive_damped,territorial_authority_53_bonds_lodged,bonds_lodged,territorial_authority,53,Marlborough District,2025-10-01,6,18.38354908972265,18.71802150634372,20.582671486047524
seasonal_naive,territorial_authority_53_bonds_lodged,bonds_lodged,territorial_authority,53,Marlborough District,2025-10-01,6,27.0,29.899832775452108,27.851368807435062
xgboost_pooled_recursive,territorial_authority_53_bonds_lodged,bonds_lodged,territorial_authority,53,Marlborough District,2025-10-01,6,37.35744094848633,37.821736067059526,37.69821433168028
ets_additive_damped,territorial_authority_53_bonds_lodged,bonds_lodged,territorial_authority,53,Marlborough District,2025-11-01,6,14.22435435714344,15.100893293759297,16.108517368965067
seasonal_naive,territorial_authority_53_bonds_lodged,bonds_lodged,territorial_authority,53,Marlborough District,2025-11-01,6,29.5,30.76524012583032,30.555771323158332
xgboost_pooled_recursive,territorial_authority_53_bonds_lodged,bonds_lodged,territorial_authority,53,Marlborough District,2025-11-01,6,30.177650451660156,30.304778620606804,31.555219386826945
ets_additive_damped,territorial_authority_53_bonds_lodged,bonds_lodged,territorial_authority,53,Marlborough District,2025-12-01,6,9.801272961283596,10.949826761256853,11.065082146699112
seasonal_naive,territorial_authority_53_bonds_lodged,bonds_lodged,territorial_authority,53,Marlborough District,2025-12-01,6,25.5,28.7489130229301,25.98384607326698
xgboost_pooled_recursive,territorial_authority_53_bonds_lodged,bonds_lodged,territorial_authority,53,Marlborough District,2025-12-01,6,28.532713572184246,29.057230560403948,29.1135056039406
ets_additive_damped,territorial_authority_53_bonds_lodged,bonds_lodged,territorial_authority,53,Marlborough District,2026-01-01,6,7.858672634961752,9.47721427406559,8.707630397167286
seasonal_naive,territorial_authority_53_bonds_lodged,bonds_lodged,territorial_authority,53,Marlborough District,2026-01-01,6,22.5,27.13853349022382,22.42781159050836
xgboost_pooled_recursive,territorial_authority_53_bonds_lodged,bonds_lodged,territorial_authority,53,Marlborough District,2026-01-01,6,6.901289621988934,7.760062572992185,7.7612038268481065
ets_additive_damped,territorial_authority_55_bonds_lodged,bonds_lodged,territorial_authority,55,Buller District,2025-02-01,6,5.0401488277584265,5.637693151547697,30.256335056345307
seasonal_naive,territorial_authority_55_bonds_lodged,bonds_lodged,territorial_authority,55,Buller District,2025-02-01,6,7.5,7.842193570679061,51.04247604247604
xgboost_pooled_recursive,territorial_authority_55_bonds_lodged,bonds_lodged,territorial_authority,55,Buller District,2025-02-01,6,7.10164737701416,7.507230363252478,33.19321212418963
ets_additive_damped,territorial_authority_55_bonds_lodged,bonds_lodged,territorial_authority,55,Buller District,2025-03-01,6,4.536755890770067,5.284771589661725,26.672669505764123
seasonal_naive,territorial_authority_55_bonds_lodged,bonds_lodged,territorial_authority,55,Buller District,2025-03-01,6,8.0,8.48528137423857,55.28490028490028
xgboost_pooled_recursive,territorial_authority_55_bonds_lodged,bonds_lodged,territorial_authority,55,Buller District,2025-03-01,6,8.812653541564941,9.009612784353303,39.34218491033961
ets_additive_damped,territorial_authority_55_bonds_lodged,bonds_lodged,territorial_authority,55,Buller District,2025-04-01,6,4.57281801540995,5.244025589779272,26.337115371532583
seasonal_naive,territorial_authority_55_bonds_lodged,bonds_lodged,territorial_authority,55,Buller District,2025-04-01,6,8.5,8.74642784226795,58.24786324786324
xgboost_pooled_recursive,territorial_authority_55_bonds_lodged,bonds_lodged,territorial_authority,55,Buller District,2025-04-01,6,10.671577453613281,10.94041763521697,44.37515463580268
ets_additive_damped,territorial_authority_55_bonds_lodged,bonds_lodged,territorial_authority,55,Buller District,2025-05-01,6,3.9329161414750886,4.762135400281532,22.49346477452028
seasonal_naive,territorial_authority_55_bonds_lodged,bonds_lodged,territorial_authority,55,Buller District,2025-05-01,6,8.0,8.306623862918075,55.47008547008547
xgboost_pooled_recursive,territorial_authority_55_bonds_lodged,bonds_lodged,territorial_authority,55,Buller District,2025-05-01,6,12.304951032002768,13.00275530290373,50.57862720773462
ets_additive_damped,territorial_authority_55_bonds_lodged,bonds_lodged,territorial_authority,55,Buller District,2025-06-01,6,4.382062780579996,4.895090504692316,26.89410047024618
seasonal_naive,territorial_authority_55_bonds_lodged,bonds_lodged,territorial_authority,55,Buller District,2025-06-01,6,8.0,8.306623862918075,55.47008547008547
xgboost_pooled_recursive,territorial_authority_55_bonds_lodged,bonds_lodged,territorial_authority,55,Buller District,2025-06-01,6,12.394517262776693,14.91572897001283,52.984951375634935
ets_additive_damped,territorial_authority_55_bonds_lodged,bonds_lodged,territorial_authority,55,Buller District,2025-07-01,6,4.722347218777256,5.1700187979762084,29.5366343595398
seasonal_naive,territorial_authority_55_bonds_lodged,bonds_lodged,territorial_authority,55,Buller District,2025-07-01,6,7.0,7.54983443527075,48.06267806267806
xgboost_pooled_recursive,territorial_authority_55_bonds_lodged,bonds_lodged,territorial_authority,55,Buller District,2025-07-01,6,12.74752394358317,14.524239354311785,58.227040906679726
ets_additive_damped,territorial_authority_55_bonds_lodged,bonds_lodged,territorial_authority,55,Buller District,2025-08-01,6,3.430965707877616,4.250869265078343,22.924037805316512
seasonal_naive,territorial_authority_55_bonds_lodged,bonds_lodged,territorial_authority,55,Buller District,2025-08-01,6,6.5,7.035623639735144,45.92592592592593
xgboost_pooled_recursive,territorial_authority_55_bonds_lodged,bonds_lodged,territorial_authority,55,Buller District,2025-08-01,6,16.301597595214844,17.33491644953981,71.55847926823078
ets_additive_damped,territorial_authority_55_bonds_lodged,bonds_lodged,territorial_authority,55,Buller District,2025-09-01,6,3.5199234327964817,4.424384719782561,22.597952896491826
seasonal_naive,territorial_authority_55_bonds_lodged,bonds_lodged,territorial_authority,55,Buller District,2025-09-01,6,5.0,5.196152422706632,34.81481481481482
xgboost_pooled_recursive,territorial_authority_55_bonds_lodged,bonds_lodged,territorial_authority,55,Buller District,2025-09-01,6,14.058025677998861,14.82405740727217,64.78083356609297
ets_additive_damped,territorial_authority_55_bonds_lodged,bonds_lodged,territorial_authority,55,Buller District,2025-10-01,6,3.99543871007702,4.790177874333597,26.255895515033984
seasonal_naive,territorial_authority_55_bonds_lodged,bonds_lodged,territorial_authority,55,Buller District,2025-10-01,6,4.5,4.743416490252569,31.851851851851848
xgboost_pooled_recursive,territorial_authority_55_bonds_lodged,bonds_lodged,territorial_authority,55,Buller District,2025-10-01,6,15.28867212931315,15.857397883794969,71.74237502771216
ets_additive_damped,territorial_authority_55_bonds_lodged,bonds_lodged,territorial_authority,55,Buller District,2025-11-01,6,4.02685350765066,4.789928564955632,26.423732066397694
seasonal_naive,territorial_authority_55_bonds_lodged,bonds_lodged,territorial_authority,55,Buller District,2025-11-01,6,3.5,4.06201920231798,23.518518518518515
xgboost_pooled_recursive,territorial_authority_55_bonds_lodged,bonds_lodged,territorial_authority,55,Buller District,2025-11-01,6,15.409062703450521,15.791550695974847,70.95429376056694
ets_additive_damped,territorial_authority_55_bonds_lodged,bonds_lodged,territorial_authority,55,Buller District,2025-12-01,6,3.533004336942368,4.369321535096848,21.260756437552267
seasonal_naive,territorial_authority_55_bonds_lodged,bonds_lodged,territorial_authority,55,Buller District,2025-12-01,6,2.5,3.24037034920393,15.185185185185185
xgboost_pooled_recursive,territorial_authority_55_bonds_lodged,bonds_lodged,territorial_authority,55,Buller District,2025-12-01,6,15.173046747843424,15.729684221258548,66.19091906694922
ets_additive_damped,territorial_authority_55_bonds_lodged,bonds_lodged,territorial_authority,55,Buller District,2026-01-01,6,2.614838060509887,3.3655779955089047,15.233929483882664
seasonal_naive,territorial_authority_55_bonds_lodged,bonds_lodged,territorial_authority,55,Buller District,2026-01-01,6,2.5,3.24037034920393,14.511784511784512
xgboost_pooled_recursive,territorial_authority_55_bonds_lodged,bonds_lodged,territorial_authority,55,Buller District,2026-01-01,6,4.881838480631509,5.166179598434664,27.632500259680846
ets_additive_damped,territorial_authority_59_bonds_lodged,bonds_lodged,territorial_authority,59,Waimakariri District,2025-02-01,6,20.38945492191982,22.36422738405482,25.784405327081476
seasonal_naive,territorial_authority_59_bonds_lodged,bonds_lodged,territorial_authority,59,Waimakariri District,2025-02-01,6,34.0,34.51086785347479,48.2560296846011
xgboost_pooled_recursive,territorial_authority_59_bonds_lodged,bonds_lodged,territorial_authority,59,Waimakariri District,2025-02-01,6,10.808592478434244,12.895444489565698,12.74256603136912
ets_additive_damped,territorial_authority_59_bonds_lodged,bonds_lodged,territorial_authority,59,Waimakariri District,2025-03-01,6,20.636761321472665,22.24948428566753,25.707447358291613
seasonal_naive,territorial_authority_59_bonds_lodged,bonds_lodged,territorial_authority,59,Waimakariri District,2025-03-01,6,36.5,36.92560087527351,51.73429055416633
xgboost_pooled_recursive,territorial_authority_59_bonds_lodged,bonds_lodged,territorial_authority,59,Waimakariri District,2025-03-01,6,8.053843180338541,10.235415192900192,9.148560510058916
ets_additive_damped,territorial_authority_59_bonds_lodged,bonds_lodged,territorial_authority,59,Waimakariri District,2025-04-01,6,21.355671988149208,22.323211709810018,26.192915252055055
seasonal_naive,territorial_authority_59_bonds_lodged,bonds_lodged,territorial_authority,59,Waimakariri District,2025-04-01,6,40.0,40.58324777540605,56.57925179447641
xgboost_pooled_recursive,territorial_authority_59_bonds_lodged,bonds_lodged,territorial_authority,59,Waimakariri District,2025-04-01,6,7.545828501383461,9.948133405993035,8.463457980745103
ets_additive_damped,territorial_authority_59_bonds_lodged,bonds_lodged,territorial_authority,59,Waimakariri District,2025-05-01,6,15.052980258777735,17.48333265095881,17.969921428619294
seasonal_naive,territorial_authority_59_bonds_lodged,bonds_lodged,territorial_authority,59,Waimakariri District,2025-05-01,6,36.5,38.32101251271944,52.31095911154958
xgboost_pooled_recursive,territorial_authority_59_bonds_lodged,bonds_lodged,territorial_authority,59,Waimakariri District,2025-05-01,6,9.317867279052736,13.156302652814048,10.70856245511207
ets_additive_damped,territorial_authority_59_bonds_lodged,bonds_lodged,territorial_authority,59,Waimakariri District,2025-06-01,6,11.724231256989505,13.52549370403246,14.839880421726349
seasonal_naive,territorial_authority_59_bonds_lodged,bonds_lodged,territorial_authority,59,Waimakariri District,2025-06-01,6,33.0,35.02855977627399,47.90397892817187
xgboost_pooled_recursive,territorial_authority_59_bonds_lodged,bonds_lodged,territorial_authority,59,Waimakariri District,2025-06-01,6,17.003560384114582,24.156104050589995,20.181489715656706
ets_additive_damped,territorial_authority_59_bonds_lodged,bonds_lodged,territorial_authority,59,Waimakariri District,2025-07-01,6,12.404882060683285,13.632774073542029,15.670218195165372
seasonal_naive,territorial_authority_59_bonds_lodged,bonds_lodged,territorial_authority,59,Waimakariri District,2025-07-01,6,31.0,33.63034344160047,44.3282213524143
xgboost_pooled_recursive,territorial_authority_59_bonds_lodged,bonds_lodged,territorial_authority,59,Waimakariri District,2025-07-01,6,16.234975179036457,21.986074138489432,19.50292791065566
ets_additive_damped,territorial_authority_59_bonds_lodged,bonds_lodged,territorial_authority,59,Waimakariri District,2025-08-01,6,13.463715123161451,16.431819932276152,18.039263273530537
seasonal_naive,territorial_authority_59_bonds_lodged,bonds_lodged,territorial_authority,59,Waimakariri District,2025-08-01,6,28.0,31.12876483254676,41.53319029651368
xgboost_pooled_recursive,territorial_authority_59_bonds_lodged,bonds_lodged,territorial_authority,59,Waimakariri District,2025-08-01,6,23.36941401163737,29.642897176804034,28.11263510312278
ets_additive_damped,territorial_authority_59_bonds_lodged,bonds_lodged,territorial_authority,59,Waimakariri District,2025-09-01,6,16.03627246161904,18.651852001135307,20.899065278182384
seasonal_naive,territorial_authority_59_bonds_lodged,bonds_lodged,territorial_authority,59,Waimakariri District,2025-09-01,6,21.0,25.98076211353316,31.388262760281798
xgboost_pooled_recursive,territorial_authority_59_bonds_lodged,bonds_lodged,territorial_authority,59,Waimakariri District,2025-09-01,6,24.053081512451172,27.40959734400168,29.237185246013688
ets_additive_damped,territorial_authority_59_bonds_lodged,bonds_lodged,territorial_authority,59,Waimakariri District,2025-10-01,6,20.247954772520036,21.914191219698818,26.03217091957498
seasonal_naive,territorial_authority_59_bonds_lodged,bonds_lodged,territorial_authority,59,Waimakariri District,2025-10-01,6,13.5,15.732132722552274,19.598857075527278
xgboost_pooled_recursive,territorial_authority_59_bonds_lodged,bonds_lodged,territorial_authority,59,Waimakariri District,2025-10-01,6,32.26844787597656,34.03335772524096,38.05836995022712
ets_additive_damped,territorial_authority_59_bonds_lodged,bonds_lodged,territorial_authority,59,Waimakariri District,2025-11-01,6,17.27230501557245,19.11088014405081,22.51107785597722
seasonal_naive,territorial_authority_59_bonds_lodged,bonds_lodged,territorial_authority,59,Waimakariri District,2025-11-01,6,13.5,15.732132722552274,18.564119455423803
xgboost_pooled_recursive,territorial_authority_59_bonds_lodged,bonds_lodged,territorial_authority,59,Waimakariri District,2025-11-01,6,24.185868581136067,26.037707383084943,29.793841046406143
ets_additive_damped,territorial_authority_59_bonds_lodged,bonds_lodged,territorial_authority,59,Waimakariri District,2025-12-01,6,9.268984517002599,10.877957003003631,12.238375783013055
seasonal_naive,territorial_authority_59_bonds_lodged,bonds_lodged,territorial_authority,59,Waimakariri District,2025-12-01,6,12.0,13.74772708486752,15.591876763210589
xgboost_pooled_recursive,territorial_authority_59_bonds_lodged,bonds_lodged,territorial_authority,59,Waimakariri District,2025-12-01,6,18.378238677978512,20.736991720738736,22.250175550014706
ets_additive_damped,territorial_authority_59_bonds_lodged,bonds_lodged,territorial_authority,59,Waimakariri District,2026-01-01,6,10.235613540003397,11.826716043921012,13.362107522887559
seasonal_naive,territorial_authority_59_bonds_lodged,bonds_lodged,territorial_authority,59,Waimakariri District,2026-01-01,6,9.0,11.61895003862225,11.591876763210589
xgboost_pooled_recursive,territorial_authority_59_bonds_lodged,bonds_lodged,territorial_authority,59,Waimakariri District,2026-01-01,6,7.057375590006511,9.464473731383805,9.597122791314268
ets_additive_damped,territorial_authority_60_bonds_lodged,bonds_lodged,territorial_authority,60,Christchurch City,2025-02-01,6,89.97634408589443,103.70465852035643,6.978092205416776
seasonal_naive,territorial_authority_60_bonds_lodged,bonds_lodged,territorial_authority,60,Christchurch City,2025-02-01,6,243.0,247.07691110259574,19.93842003777593
xgboost_pooled_recursive,territorial_authority_60_bonds_lodged,bonds_lodged,territorial_authority,60,Christchurch City,2025-02-01,6,149.65771484375,178.02847452740292,10.458224346350226
ets_additive_damped,territorial_authority_60_bonds_lodged,bonds_lodged,territorial_authority,60,Christchurch City,2025-03-01,6,87.71951021248249,99.77078724179914,6.83088795264562
seasonal_naive,territorial_authority_60_bonds_lodged,bonds_lodged,territorial_authority,60,Christchurch City,2025-03-01,6,236.5,240.8827515618335,19.740874469424206
xgboost_pooled_recursive,territorial_authority_60_bonds_lodged,bonds_lodged,territorial_authority,60,Christchurch City,2025-03-01,6,123.53782145182292,148.25746780509783,8.961838199347227
ets_additive_damped,territorial_authority_60_bonds_lodged,bonds_lodged,territorial_authority,60,Christchurch City,2025-04-01,6,73.30431210704592,87.79492464721973,5.650733562336302
seasonal_naive,territorial_authority_60_bonds_lodged,bonds_lodged,territorial_authority,60,Christchurch City,2025-04-01,6,249.5,254.27249163053403,20.88476719622837
xgboost_pooled_recursive,territorial_authority_60_bonds_lodged,bonds_lodged,territorial_authority,60,Christchurch City,2025-04-01,6,131.00349934895834,149.5021041255375,9.489727581448447
ets_additive_damped,territorial_authority_60_bonds_lodged,bonds_lodged,territorial_authority,60,Christchurch City,2025-05-01,6,39.298682083567236,50.31613270173706,2.9956872565023005
seasonal_naive,territorial_authority_60_bonds_lodged,bonds_lodged,territorial_authority,60,Christchurch City,2025-05-01,6,203.5,220.55951577748806,17.11730212636809
xgboost_pooled_recursive,territorial_authority_60_bonds_lodged,bonds_lodged,territorial_authority,60,Christchurch City,2025-05-01,6,163.28617350260416,172.02787366715992,11.459426565211478
ets_additive_damped,territorial_authority_60_bonds_lodged,bonds_lodged,territorial_authority,60,Christchurch City,2025-06-01,6,41.077045222539745,48.77875055164364,3.0487581951481406
seasonal_naive,territorial_authority_60_bonds_lodged,bonds_lodged,territorial_authority,60,Christchurch City,2025-06-01,6,163.0,190.0841918729698,13.488885454473158
xgboost_pooled_recursive,territorial_authority_60_bonds_lodged,bonds_lodged,territorial_authority,60,Christchurch City,2025-06-01,6,154.01566569010416,169.72914117056274,10.346027559709835
ets_additive_damped,territorial_authority_60_bonds_lodged,bonds_lodged,territorial_authority,60,Christchurch City,2025-07-01,6,42.37333043831196,51.52389867630342,3.070994381950225
seasonal_naive,territorial_authority_60_bonds_lodged,bonds_lodged,territorial_authority,60,Christchurch City,2025-07-01,6,144.0,178.3255450012701,11.698263839659983
xgboost_pooled_recursive,territorial_authority_60_bonds_lodged,bonds_lodged,territorial_authority,60,Christchurch City,2025-07-01,6,159.74540201822916,207.69600106230945,9.591626888892367
ets_additive_damped,territorial_authority_60_bonds_lodged,bonds_lodged,territorial_authority,60,Christchurch City,2025-08-01,6,81.98602646006232,131.0436391086179,5.229135650457475
seasonal_naive,territorial_authority_60_bonds_lodged,bonds_lodged,territorial_authority,60,Christchurch City,2025-08-01,6,143.0,177.04236781064583,10.896552461011453
xgboost_pooled_recursive,territorial_authority_60_bonds_lodged,bonds_lodged,territorial_authority,60,Christchurch City,2025-08-01,6,259.2290445963542,333.93651297935855,14.933891007856085
ets_additive_damped,territorial_authority_60_bonds_lodged,bonds_lodged,territorial_authority,60,Christchurch City,2025-09-01,6,108.96576574325645,151.2550480702106,7.2652856854353836
seasonal_naive,territorial_authority_60_bonds_lodged,bonds_lodged,territorial_authority,60,Christchurch City,2025-09-01,6,132.0,165.48111674750083,9.61633892479413
xgboost_pooled_recursive,territorial_authority_60_bonds_lodged,bonds_lodged,territorial_authority,60,Christchurch City,2025-09-01,6,304.096923828125,355.90442037347975,18.39270554608561
ets_additive_damped,territorial_authority_60_bonds_lodged,bonds_lodged,territorial_authority,60,Christchurch City,2025-10-01,6,123.40658510319467,163.1328481775645,8.32141513066065
seasonal_naive,territorial_authority_60_bonds_lodged,bonds_lodged,territorial_authority,60,Christchurch City,2025-10-01,6,97.5,119.32937609826006,6.638067695509868
xgboost_pooled_recursive,territorial_authority_60_bonds_lodged,bonds_lodged,territorial_authority,60,Christchurch City,2025-10-01,6,363.44915771484375,394.23908936097473,22.236544685429315
ets_additive_damped,territorial_authority_60_bonds_lodged,bonds_lodged,territorial_authority,60,Christchurch City,2025-11-01,6,130.6116482968898,163.57670708101827,8.999470999939708
seasonal_naive,territorial_authority_60_bonds_lodged,bonds_lodged,territorial_authority,60,Christchurch City,2025-11-01,6,117.5,134.4600312360517,8.199650412428971
xgboost_pooled_recursive,territorial_authority_60_bonds_lodged,bonds_lodged,territorial_authority,60,Christchurch City,2025-11-01,6,377.00876871744794,401.9019907669169,23.875519983828752
ets_additive_damped,territorial_authority_60_bonds_lodged,bonds_lodged,territorial_authority,60,Christchurch City,2025-12-01,6,150.0984559265332,173.95202040312705,10.794524061793997
seasonal_naive,territorial_authority_60_bonds_lodged,bonds_lodged,territorial_authority,60,Christchurch City,2025-12-01,6,143.0,153.8310761842353,10.428716434973255
xgboost_pooled_recursive,territorial_authority_60_bonds_lodged,bonds_lodged,territorial_authority,60,Christchurch City,2025-12-01,6,432.0343831380208,441.2341972958581,28.382967141203512
ets_additive_damped,territorial_authority_60_bonds_lodged,bonds_lodged,territorial_authority,60,Christchurch City,2026-01-01,6,168.49846776413833,184.1074640879788,12.285949798032343
seasonal_naive,territorial_authority_60_bonds_lodged,bonds_lodged,territorial_authority,60,Christchurch City,2026-01-01,6,147.5,155.8797613547057,10.987662477790266
xgboost_pooled_recursive,territorial_authority_60_bonds_lodged,bonds_lodged,territorial_authority,60,Christchurch City,2026-01-01,6,233.81209309895834,239.88890091689524,17.119581123589196
ets_additive_damped,territorial_authority_62_bonds_lodged,bonds_lodged,territorial_authority,62,Selwyn District,2025-02-01,6,12.412090543111134,14.761403504664687,7.937749049947594
seasonal_naive,territorial_authority_62_bonds_lodged,bonds_lodged,territorial_authority,62,Selwyn District,2025-02-01,6,100.5,101.09154267296547,92.18567750769179
xgboost_pooled_recursive,territorial_authority_62_bonds_lodged,bonds_lodged,territorial_authority,62,Selwyn District,2025-02-01,6,10.632352193196615,13.720733852305402,6.776799288810138
ets_additive_damped,territorial_authority_62_bonds_lodged,bonds_lodged,territorial_authority,62,Selwyn District,2025-03-01,6,12.273724989993505,13.823879480670856,7.836058776884223
seasonal_naive,territorial_authority_62_bonds_lodged,bonds_lodged,territorial_authority,62,Selwyn District,2025-03-01,6,100.5,101.09154267296547,91.76121291189784
xgboost_pooled_recursive,territorial_authority_62_bonds_lodged,bonds_lodged,territorial_authority,62,Selwyn District,2025-03-01,6,14.808199564615885,19.493714220045277,9.593918505354187
ets_additive_damped,territorial_authority_62_bonds_lodged,bonds_lodged,territorial_authority,62,Selwyn District,2025-04-01,6,14.555327721142953,16.46737129266567,9.350829033164427
seasonal_naive,territorial_authority_62_bonds_lodged,bonds_lodged,territorial_authority,62,Selwyn District,2025-04-01,6,102.5,102.85669642760261,93.30607328028762
xgboost_pooled_recursive,territorial_authority_62_bonds_lodged,bonds_lodged,territorial_authority,62,Selwyn District,2025-04-01,6,19.145131429036457,23.148175072104106,12.558608220411074
ets_additive_damped,territorial_authority_62_bonds_lodged,bonds_lodged,territorial_authority,62,Selwyn District,2025-05-01,6,7.011141054529375,9.37272852120732,4.218620559579154
seasonal_naive,territorial_authority_62_bonds_lodged,bonds_lodged,territorial_authority,62,Selwyn District,2025-05-01,6,97.0,97.3344748791506,86.14517861939296
xgboost_pooled_recursive,territorial_authority_62_bonds_lodged,bonds_lodged,territorial_authority,62,Selwyn District,2025-05-01,6,8.257827758789062,9.675048867563625,5.040901342633205
ets_additive_damped,territorial_authority_62_bonds_lodged,bonds_lodged,territorial_authority,62,Selwyn District,2025-06-01,6,11.655563475746566,15.091457584511746,7.290093525629117
seasonal_naive,territorial_authority_62_bonds_lodged,bonds_lodged,territorial_authority,62,Selwyn District,2025-06-01,6,81.0,86.35971282953643,71.41894723336776
xgboost_pooled_recursive,territorial_authority_62_bonds_lodged,bonds_lodged,territorial_authority,62,Selwyn District,2025-06-01,6,14.615676879882818,23.474308504699486,8.845722637840444
ets_additive_damped,territorial_authority_62_bonds_lodged,bonds_lodged,territorial_authority,62,Selwyn District,2025-07-01,6,11.709200030834362,14.764587074462634,7.312859150943011
seasonal_naive,territorial_authority_62_bonds_lodged,bonds_lodged,territorial_authority,62,Selwyn District,2025-07-01,6,72.5,79.43865557774754,61.21849835170225
xgboost_pooled_recursive,territorial_authority_62_bonds_lodged,bonds_lodged,territorial_authority,62,Selwyn District,2025-07-01,6,20.35992177327474,25.988572243925947,12.194532229899762
ets_additive_damped,territorial_authority_62_bonds_lodged,bonds_lodged,territorial_authority,62,Selwyn District,2025-08-01,6,17.942025990707062,21.326819118167624,11.530337349069326
seasonal_naive,territorial_authority_62_bonds_lodged,bonds_lodged,territorial_authority,62,Selwyn District,2025-08-01,6,60.0,69.0869017976635,48.98688463364143
xgboost_pooled_recursive,territorial_authority_62_bonds_lodged,bonds_lodged,territorial_authority,62,Selwyn District,2025-08-01,6,25.872853597005207,30.95965671309994,16.0805329366569
ets_additive_damped,territorial_authority_62_bonds_lodged,bonds_lodged,territorial_authority,62,Selwyn District,2025-09-01,6,21.63327376767437,23.602145959450144,13.896248056846607
seasonal_naive,territorial_authority_62_bonds_lodged,bonds_lodged,territorial_authority,62,Selwyn District,2025-09-01,6,45.5,56.244999777758025,35.251724816289844
xgboost_pooled_recursive,territorial_authority_62_bonds_lodged,bonds_lodged,territorial_authority,62,Selwyn District,2025-09-01,6,32.11583201090495,35.875667947800785,19.824861607144953
ets_additive_damped,territorial_authority_62_bonds_lodged,bonds_lodged,territorial_authority,62,Selwyn District,2025-10-01,6,20.68241437281296,22.074751906876898,13.533909958429966
seasonal_naive,territorial_authority_62_bonds_lodged,bonds_lodged,territorial_authority,62,Selwyn District,2025-10-01,6,30.5,40.41658075592244,20.290087987645343
xgboost_pooled_recursive,territorial_authority_62_bonds_lodged,bonds_lodged,territorial_authority,62,Selwyn District,2025-10-01,6,40.67839050292968,41.792835046284665,25.067893213016855
ets_additive_damped,territorial_authority_62_bonds_lodged,bonds_lodged,territorial_authority,62,Selwyn District,2025-11-01,6,30.42010096715352,31.472495341205075,19.614041812310376
seasonal_naive,territorial_authority_62_bonds_lodged,bonds_lodged,territorial_authority,62,Selwyn District,2025-11-01,6,21.5,24.647515087732476,13.71251985347343
xgboost_pooled_recursive,territorial_authority_62_bonds_lodged,bonds_lodged,territorial_authority,62,Selwyn District,2025-11-01,6,51.83363850911457,52.59880273447023,31.107763632316075
ets_additive_damped,territorial_authority_62_bonds_lodged,bonds_lodged,territorial_authority,62,Selwyn District,2025-12-01,6,11.54160055091782,14.719633722305703,7.91155068937308
seasonal_naive,territorial_authority_62_bonds_lodged,bonds_lodged,territorial_authority,62,Selwyn District,2025-12-01,6,21.0,24.372115213907882,13.228874696288756
xgboost_pooled_recursive,territorial_authority_62_bonds_lodged,bonds_lodged,territorial_authority,62,Selwyn District,2025-12-01,6,46.63069407145181,47.694697401320134,28.00465579326541
ets_additive_damped,territorial_authority_62_bonds_lodged,bonds_lodged,territorial_authority,62,Selwyn District,2026-01-01,6,13.091640256142279,15.41385656284195,9.108406551192479
seasonal_naive,territorial_authority_62_bonds_lodged,bonds_lodged,territorial_authority,62,Selwyn District,2026-01-01,6,18.0,19.8997487421324,12.051850214179526
xgboost_pooled_recursive,territorial_authority_62_bonds_lodged,bonds_lodged,territorial_authority,62,Selwyn District,2026-01-01,6,13.693181355794271,15.224309920853202,9.513034424278448
ets_additive_damped,territorial_authority_63_bonds_lodged,bonds_lodged,territorial_authority,63,Ashburton District,2025-02-01,6,15.833846225753975,16.839882770755366,28.74180383071834
seasonal_naive,territorial_authority_63_bonds_lodged,bonds_lodged,territorial_authority,63,Ashburton District,2025-02-01,6,20.5,22.147234590350102,39.29233659496818
xgboost_pooled_recursive,territorial_authority_63_bonds_lodged,bonds_lodged,territorial_authority,63,Ashburton District,2025-02-01,6,9.722702662150065,10.819971127027335,16.430969095031266
ets_additive_damped,territorial_authority_63_bonds_lodged,bonds_lodged,territorial_authority,63,Ashburton District,2025-03-01,6,13.481150654647365,14.682127416857327,24.17547991819856
seasonal_naive,territorial_authority_63_bonds_lodged,bonds_lodged,territorial_authority,63,Ashburton District,2025-03-01,6,18.5,19.862024066041204,34.758022869477976
xgboost_pooled_recursive,territorial_authority_63_bonds_lodged,bonds_lodged,territorial_authority,63,Ashburton District,2025-03-01,6,5.987168629964194,7.436271637840212,9.913634298754188
ets_additive_damped,territorial_authority_63_bonds_lodged,bonds_lodged,territorial_authority,63,Ashburton District,2025-04-01,6,16.526075968249682,16.991793852969423,29.19406432158795
seasonal_naive,territorial_authority_63_bonds_lodged,bonds_lodged,territorial_authority,63,Ashburton District,2025-04-01,6,21.0,21.494185260204677,38.518706630161745
xgboost_pooled_recursive,territorial_authority_63_bonds_lodged,bonds_lodged,territorial_authority,63,Ashburton District,2025-04-01,6,5.620290756225586,6.913343446991831,8.817105451639485
ets_additive_damped,territorial_authority_63_bonds_lodged,bonds_lodged,territorial_authority,63,Ashburton District,2025-05-01,6,12.176054806836113,12.98719923263851,21.666952727202784
seasonal_naive,territorial_authority_63_bonds_lodged,bonds_lodged,territorial_authority,63,Ashburton District,2025-05-01,6,19.0,19.131126469708992,36.413443472267005
xgboost_pooled_recursive,territorial_authority_63_bonds_lodged,bonds_lodged,territorial_authority,63,Ashburton District,2025-05-01,6,6.350279490152995,9.027530531186764,9.914946084251596
ets_additive_damped,territorial_authority_63_bonds_lodged,bonds_lodged,territorial_authority,63,Ashburton District,2025-06-01,6,10.408576443927247,11.775440517610994,18.527548401428202
seasonal_naive,territorial_authority_63_bonds_lodged,bonds_lodged,territorial_authority,63,Ashburton District,2025-06-01,6,19.0,19.131126469708992,36.67084372966726
xgboost_pooled_recursive,territorial_authority_63_bonds_lodged,bonds_lodged,territorial_authority,63,Ashburton District,2025-06-01,6,12.612894058227539,18.287116148066488,19.643922231672626
ets_additive_damped,territorial_authority_63_bonds_lodged,bonds_lodged,territorial_authority,63,Ashburton District,2025-07-01,6,7.532961311315337,8.905836248157446,13.503429956460018
seasonal_naive,territorial_authority_63_bonds_lodged,bonds_lodged,territorial_authority,63,Ashburton District,2025-07-01,6,16.5,17.277152543170995,32.447870756694286
xgboost_pooled_recursive,territorial_authority_63_bonds_lodged,bonds_lodged,territorial_authority,63,Ashburton District,2025-07-01,6,12.755215962727865,16.442311898194443,20.861918485405052
ets_additive_damped,territorial_authority_63_bonds_lodged,bonds_lodged,territorial_authority,63,Ashburton District,2025-08-01,6,7.4186760687027204,8.479110334457289,13.144918128857293
seasonal_naive,territorial_authority_63_bonds_lodged,bonds_lodged,territorial_authority,63,Ashburton District,2025-08-01,6,16.0,16.703293088490067,30.932719241542767
xgboost_pooled_recursive,territorial_authority_63_bonds_lodged,bonds_lodged,territorial_authority,63,Ashburton District,2025-08-01,6,12.771029790242514,15.402394805137416,20.845531273251623
ets_additive_damped,territorial_authority_63_bonds_lodged,bonds_lodged,territorial_authority,63,Ashburton District,2025-09-01,6,6.281552910670032,7.300770247127905,11.062908667347676
seasonal_naive,territorial_authority_63_bonds_lodged,bonds_lodged,territorial_authority,63,Ashburton District,2025-09-01,6,14.0,15.198684153570664,26.717032967032967
xgboost_pooled_recursive,territorial_authority_63_bonds_lodged,bonds_lodged,territorial_authority,63,Ashburton District,2025-09-01,6,14.170539220174154,15.55917747924632,23.092726980411697
ets_additive_damped,territorial_authority_63_bonds_lodged,bonds_lodged,territorial_authority,63,Ashburton District,2025-10-01,6,7.680410143579799,8.451675318354617,13.798382274965418
seasonal_naive,territorial_authority_63_bonds_lodged,bonds_lodged,territorial_authority,63,Ashburton District,2025-10-01,6,11.0,12.609520212918492,21.744227994227995
xgboost_pooled_recursive,territorial_authority_63_bonds_lodged,bonds_lodged,territorial_authority,63,Ashburton District,2025-10-01,6,20.57949956258138,21.561722110344686,32.46946684352719
ets_additive_damped,territorial_authority_63_bonds_lodged,bonds_lodged,territorial_authority,63,Ashburton District,2025-11-01,6,7.576145986207887,8.101113420839832,13.331527133974799
seasonal_naive,territorial_authority_63_bonds_lodged,bonds_lodged,territorial_authority,63,Ashburton District,2025-11-01,6,8.5,10.319883720275147,15.757833436404866
xgboost_pooled_recursive,territorial_authority_63_bonds_lodged,bonds_lodged,territorial_authority,63,Ashburton District,2025-11-01,6,16.123087565104168,17.604442403404747,25.88773058550437
ets_additive_damped,territorial_authority_63_bonds_lodged,bonds_lodged,territorial_authority,63,Ashburton District,2025-12-01,6,5.828523238559293,5.939310321173554,9.672106535890766
seasonal_naive,territorial_authority_63_bonds_lodged,bonds_lodged,territorial_authority,63,Ashburton District,2025-12-01,6,6.0,8.306623862918075,10.995928674500103
xgboost_pooled_recursive,territorial_authority_63_bonds_lodged,bonds_lodged,territorial_authority,63,Ashburton District,2025-12-01,6,12.952898661295572,14.45937046449866,20.156437054788032
ets_additive_damped,territorial_authority_63_bonds_lodged,bonds_lodged,territorial_authority,63,Ashburton District,2026-01-01,6,7.4511297905899605,8.737027669336566,12.770609003565772
seasonal_naive,territorial_authority_63_bonds_lodged,bonds_lodged,territorial_authority,63,Ashburton District,2026-01-01,6,8.5,11.683321445547923,15.218901647473077
xgboost_pooled_recursive,territorial_authority_63_bonds_lodged,bonds_lodged,territorial_authority,63,Ashburton District,2026-01-01,6,8.530413309733072,10.143111842483494,14.558877379850168
ets_additive_damped,territorial_authority_64_bonds_lodged,bonds_lodged,territorial_authority,64,Timaru District,2025-02-01,6,14.149191017282236,15.742370804826006,19.73515689236066
seasonal_naive,territorial_authority_64_bonds_lodged,bonds_lodged,territorial_authority,64,Timaru District,2025-02-01,6,14.0,17.146428199482248,20.52703574654794
xgboost_pooled_recursive,territorial_authority_64_bonds_lodged,bonds_lodged,territorial_authority,64,Timaru District,2025-02-01,6,5.469462076822917,6.604283718599643,7.069348177760242
ets_additive_damped,territorial_authority_64_bonds_lodged,bonds_lodged,territorial_authority,64,Timaru District,2025-03-01,6,15.487430408398156,16.207506990384076,21.80075129690906
seasonal_naive,territorial_authority_64_bonds_lodged,bonds_lodged,territorial_authority,64,Timaru District,2025-03-01,6,14.5,17.790446874657196,21.502645502645503
xgboost_pooled_recursive,territorial_authority_64_bonds_lodged,bonds_lodged,territorial_authority,64,Timaru District,2025-03-01,6,10.270656585693358,11.816376632172283,12.737703264787234
ets_additive_damped,territorial_authority_64_bonds_lodged,bonds_lodged,territorial_authority,64,Timaru District,2025-04-01,6,12.36646432619998,13.190713612518357,17.393630276386492
seasonal_naive,territorial_authority_64_bonds_lodged,bonds_lodged,territorial_authority,64,Timaru District,2025-04-01,6,13.5,16.38596960817394,20.52703574654794
xgboost_pooled_recursive,territorial_authority_64_bonds_lodged,bonds_lodged,territorial_authority,64,Timaru District,2025-04-01,6,14.687703450520836,16.907726772188372,17.559086316882976
ets_additive_damped,territorial_authority_64_bonds_lodged,bonds_lodged,territorial_authority,64,Timaru District,2025-05-01,6,7.34871141871066,8.617910861760079,10.345115212082181
seasonal_naive,territorial_authority_64_bonds_lodged,bonds_lodged,territorial_authority,64,Timaru District,2025-05-01,6,10.5,14.017845768876187,16.57813911472448
xgboost_pooled_recursive,territorial_authority_64_bonds_lodged,bonds_lodged,territorial_authority,64,Timaru District,2025-05-01,6,17.75952529907227,20.146073621751185,22.126188171392588
ets_additive_damped,territorial_authority_64_bonds_lodged,bonds_lodged,territorial_authority,64,Timaru District,2025-06-01,6,8.467334816943128,9.120189055515112,12.087605605965273
seasonal_naive,territorial_authority_64_bonds_lodged,bonds_lodged,territorial_authority,64,Timaru District,2025-06-01,6,12.5,15.247950681976906,19.105372230192895
xgboost_pooled_recursive,territorial_authority_64_bonds_lodged,bonds_lodged,territorial_authority,64,Timaru District,2025-06-01,6,16.848744710286457,20.34861360823453,21.024941752047745
ets_additive_damped,territorial_authority_64_bonds_lodged,bonds_lodged,territorial_authority,64,Timaru District,2025-07-01,6,7.1336458797254,7.4973475560475045,10.376548618733661
seasonal_naive,territorial_authority_64_bonds_lodged,bonds_lodged,territorial_authority,64,Timaru District,2025-07-01,6,11.0,14.491376746189438,17.251713693607527
xgboost_pooled_recursive,territorial_authority_64_bonds_lodged,bonds_lodged,territorial_authority,64,Timaru District,2025-07-01,6,22.981016794840496,25.187239170851015,28.61822885067284
ets_additive_damped,territorial_authority_64_bonds_lodged,bonds_lodged,territorial_authority,64,Timaru District,2025-08-01,6,6.4635596621635925,6.841556148651904,9.534823501191008
seasonal_naive,territorial_authority_64_bonds_lodged,bonds_lodged,territorial_authority,64,Timaru District,2025-08-01,6,11.5,14.543039572248986,18.02690749205714
xgboost_pooled_recursive,territorial_authority_64_bonds_lodged,bonds_lodged,territorial_authority,64,Timaru District,2025-08-01,6,23.992937723795574,25.55254615520554,30.332234015571007
ets_additive_damped,territorial_authority_64_bonds_lodged,bonds_lodged,territorial_authority,64,Timaru District,2025-09-01,6,8.146892498560058,8.659639906305705,11.815782032174411
seasonal_naive,territorial_authority_64_bonds_lodged,bonds_lodged,territorial_authority,64,Timaru District,2025-09-01,6,8.5,11.022703842524301,12.80951618770931
xgboost_pooled_recursive,territorial_authority_64_bonds_lodged,bonds_lodged,territorial_authority,64,Timaru District,2025-09-01,6,24.28383509318034,25.216376216368786,31.05054388357394
ets_additive_damped,territorial_authority_64_bonds_lodged,bonds_lodged,territorial_authority,64,Timaru District,2025-10-01,6,9.396571116488252,9.986467092286912,13.232111908285923
seasonal_naive,territorial_authority_64_bonds_lodged,bonds_lodged,territorial_authority,64,Timaru District,2025-10-01,6,5.5,7.035623639735144,7.724519883200812
xgboost_pooled_recursive,territorial_authority_64_bonds_lodged,bonds_lodged,territorial_authority,64,Timaru District,2025-10-01,6,19.448085784912113,19.989610319149236,25.390048524842456
ets_additive_damped,territorial_authority_64_bonds_lodged,bonds_lodged,territorial_authority,64,Timaru District,2025-11-01,6,8.382804754023091,9.269290288059189,11.65899181704384
seasonal_naive,territorial_authority_64_bonds_lodged,bonds_lodged,territorial_authority,64,Timaru District,2025-11-01,6,6.5,7.842193570679061,8.798304205949698
xgboost_pooled_recursive,territorial_authority_64_bonds_lodged,bonds_lodged,territorial_authority,64,Timaru District,2025-11-01,6,16.555245717366535,17.318046340347735,21.307372564906924
ets_additive_damped,territorial_authority_64_bonds_lodged,bonds_lodged,territorial_authority,64,Timaru District,2025-12-01,6,9.846249080022877,10.625260290243224,13.843965761062469
seasonal_naive,territorial_authority_64_bonds_lodged,bonds_lodged,territorial_authority,64,Timaru District,2025-12-01,6,5.5,6.123724356957945,7.855911745089387
xgboost_pooled_recursive,territorial_authority_64_bonds_lodged,bonds_lodged,territorial_authority,64,Timaru District,2025-12-01,6,15.751094818115234,17.130429763800407,20.991542546482158
ets_additive_damped,territorial_authority_64_bonds_lodged,bonds_lodged,territorial_authority,64,Timaru District,2026-01-01,6,8.446500375751443,9.275548642629442,11.824580328406064
seasonal_naive,territorial_authority_64_bonds_lodged,bonds_lodged,territorial_authority,64,Timaru District,2026-01-01,6,7.0,7.745966692414834,9.709570281674752
xgboost_pooled_recursive,territorial_authority_64_bonds_lodged,bonds_lodged,territorial_authority,64,Timaru District,2026-01-01,6,4.982851664225261,7.501746957477895,6.956990884884597
ets_additive_damped,territorial_authority_68_bonds_lodged,bonds_lodged,territorial_authority,68,Waitaki District,2025-02-01,6,10.249783232424692,12.011982899863442,35.791430501545015
seasonal_naive,territorial_authority_68_bonds_lodged,bonds_lodged,territorial_authority,68,Waitaki District,2025-02-01,6,13.5,15.346009253222807,51.234950120399034
xgboost_pooled_recursive,territorial_authority_68_bonds_lodged,bonds_lodged,territorial_authority,68,Waitaki District,2025-02-01,6,5.802692731221515,7.5961510471054625,17.707864277396848
ets_additive_damped,territorial_authority_68_bonds_lodged,bonds_lodged,territorial_authority,68,Waitaki District,2025-03-01,6,9.49796045973917,11.323874851827771,32.52216408924418
seasonal_naive,territorial_authority_68_bonds_lodged,bonds_lodged,territorial_authority,68,Waitaki District,2025-03-01,6,14.5,16.47725705328408,58.07255695800587
xgboost_pooled_recursive,territorial_authority_68_bonds_lodged,bonds_lodged,territorial_authority,68,Waitaki District,2025-03-01,6,6.9187062581380205,7.367039247726696,20.786992640723277
ets_additive_damped,territorial_authority_68_bonds_lodged,bonds_lodged,territorial_authority,68,Waitaki District,2025-04-01,6,4.880463906983771,6.401864163002981,16.238759674653238
seasonal_naive,territorial_authority_68_bonds_lodged,bonds_lodged,territorial_authority,68,Waitaki District,2025-04-01,6,13.5,15.149257407543116,57.23922362467254
xgboost_pooled_recursive,territorial_authority_68_bonds_lodged,bonds_lodged,territorial_authority,68,Waitaki District,2025-04-01,6,7.41929817199707,7.7234773730917246,21.990015371571115
ets_additive_damped,territorial_authority_68_bonds_lodged,bonds_lodged,territorial_authority,68,Waitaki District,2025-05-01,6,5.654370256899576,6.761239914185214,19.085964416155868
seasonal_naive,territorial_authority_68_bonds_lodged,bonds_lodged,territorial_authority,68,Waitaki District,2025-05-01,6,13.0,15.0996688705415,55.27843931094706
xgboost_pooled_recursive,territorial_authority_68_bonds_lodged,bonds_lodged,territorial_authority,68,Waitaki District,2025-05-01,6,7.164783477783203,7.851037254706665,20.88058574979368
ets_additive_damped,territorial_authority_68_bonds_lodged,bonds_lodged,territorial_authority,68,Waitaki District,2025-06-01,6,2.1595617465863906,2.566273969219811,7.487639496675547
seasonal_naive,territorial_authority_68_bonds_lodged,bonds_lodged,territorial_authority,68,Waitaki District,2025-06-01,6,10.0,12.489995996796797,44.75212352147336
xgboost_pooled_recursive,territorial_authority_68_bonds_lodged,bonds_lodged,territorial_authority,68,Waitaki District,2025-06-01,6,11.27047348022461,12.820707470768442,31.33138731771053
ets_additive_damped,territorial_authority_68_bonds_lodged,bonds_lodged,territorial_authority,68,Waitaki District,2025-07-01,6,2.4480924018716945,2.71035756320598,8.365773432271785
seasonal_naive,territorial_authority_68_bonds_lodged,bonds_lodged,territorial_authority,68,Waitaki District,2025-07-01,6,9.0,12.0,40.624156545209175
xgboost_pooled_recursive,territorial_authority_68_bonds_lodged,bonds_lodged,territorial_authority,68,Waitaki District,2025-07-01,6,10.272808710734049,11.281973771823013,29.25235502816408
ets_additive_damped,territorial_authority_68_bonds_lodged,bonds_lodged,territorial_authority,68,Waitaki District,2025-08-01,6,4.564303679686624,5.950844138406322,17.04027838917539
seasonal_naive,territorial_authority_68_bonds_lodged,bonds_lodged,territorial_authority,68,Waitaki District,2025-08-01,6,8.5,11.683321445547923,38.71939464044727
xgboost_pooled_recursive,territorial_authority_68_bonds_lodged,bonds_lodged,territorial_authority,68,Waitaki District,2025-08-01,6,13.067960739135742,15.071611692078156,38.44381601970161
ets_additive_damped,territorial_authority_68_bonds_lodged,bonds_lodged,territorial_authority,68,Waitaki District,2025-09-01,6,5.17591826419712,6.584595210178756,19.22539616440851
seasonal_naive,territorial_authority_68_bonds_lodged,bonds_lodged,territorial_authority,68,Waitaki District,2025-09-01,6,6.0,8.306623862918075,24.47438039543303
xgboost_pooled_recursive,territorial_authority_68_bonds_lodged,bonds_lodged,territorial_authority,68,Waitaki District,2025-09-01,6,12.426644007364908,14.608112985668331,38.12443000499708
ets_additive_damped,territorial_authority_68_bonds_lodged,bonds_lodged,territorial_authority,68,Waitaki District,2025-10-01,6,5.5831089612913045,7.06213624570191,20.543015187015033
seasonal_naive,territorial_authority_68_bonds_lodged,bonds_lodged,territorial_authority,68,Waitaki District,2025-10-01,6,5.5,7.245688373094719,19.220757207027226
xgboost_pooled_recursive,territorial_authority_68_bonds_lodged,bonds_lodged,territorial_authority,68,Waitaki District,2025-10-01,6,15.261603037516275,16.73176245616957,45.67992450215269
ets_additive_damped,territorial_authority_68_bonds_lodged,bonds_lodged,territorial_authority,68,Waitaki District,2025-11-01,6,6.00602804336751,7.4608778848205475,21.625605014746508
seasonal_naive,territorial_authority_68_bonds_lodged,bonds_lodged,territorial_authority,68,Waitaki District,2025-11-01,6,6.0,7.3484692283495345,20.975143171939507
xgboost_pooled_recursive,territorial_authority_68_bonds_lodged,bonds_lodged,territorial_authority,68,Waitaki District,2025-11-01,6,15.692782084147135,16.662484467860804,46.80033876318747
ets_additive_damped,territorial_authority_68_bonds_lodged,bonds_lodged,territorial_authority,68,Waitaki District,2025-12-01,6,7.124901329777764,7.975989386992708,25.286365439925763
seasonal_naive,territorial_authority_68_bonds_lodged,bonds_lodged,territorial_authority,68,Waitaki District,2025-12-01,6,7.5,8.74642784226795,25.28136326763329
xgboost_pooled_recursive,territorial_authority_68_bonds_lodged,bonds_lodged,territorial_authority,68,Waitaki District,2025-12-01,6,17.372373580932617,17.95364323644259,50.849046007606304
ets_additive_damped,territorial_authority_68_bonds_lodged,bonds_lodged,territorial_authority,68,Waitaki District,2026-01-01,6,6.623300169796257,7.502190540689637,23.783603432752074
seasonal_naive,territorial_authority_68_bonds_lodged,bonds_lodged,territorial_authority,68,Waitaki District,2026-01-01,6,7.0,8.660254037844387,23.52697730272101
xgboost_pooled_recursive,territorial_authority_68_bonds_lodged,bonds_lodged,territorial_authority,68,Waitaki District,2026-01-01,6,4.626680056254068,6.0705868138812,17.59334646794361
ets_additive_damped,territorial_authority_69_bonds_lodged,bonds_lodged,territorial_authority,69,Central Otago District,2025-02-01,6,12.719389434089416,16.686805314848876,24.89156844221142
seasonal_naive,territorial_authority_69_bonds_lodged,bonds_lodged,territorial_authority,69,Central Otago District,2025-02-01,6,11.0,12.727922061357855,23.211817422343735
xgboost_pooled_recursive,territorial_authority_69_bonds_lodged,bonds_lodged,territorial_authority,69,Central Otago District,2025-02-01,6,10.250326156616211,13.835045675759769,19.184270130932127
ets_additive_damped,territorial_authority_69_bonds_lodged,bonds_lodged,territorial_authority,69,Central Otago District,2025-03-01,6,12.094260481490963,16.152143993042202,23.568818702341378
seasonal_naive,territorial_authority_69_bonds_lodged,bonds_lodged,territorial_authority,69,Central Otago District,2025-03-01,6,12.0,13.856406460551018,26.459680670206986
xgboost_pooled_recursive,territorial_authority_69_bonds_lodged,bonds_lodged,territorial_authority,69,Central Otago District,2025-03-01,6,11.92193031311035,13.579471930771488,22.17104213483348
ets_additive_damped,territorial_authority_69_bonds_lodged,bonds_lodged,territorial_authority,69,Central Otago District,2025-04-01,6,8.965788875724447,13.238265609557804,17.301441262590714
seasonal_naive,territorial_authority_69_bonds_lodged,bonds_lodged,territorial_authority,69,Central Otago District,2025-04-01,6,13.5,14.949916387726054,30.878134211467547
xgboost_pooled_recursive,territorial_authority_69_bonds_lodged,bonds_lodged,territorial_authority,69,Central Otago District,2025-04-01,6,13.773759841918945,14.446411787251037,25.41537600339862
ets_additive_damped,territorial_authority_69_bonds_lodged,bonds_lodged,territorial_authority,69,Central Otago District,2025-05-01,6,2.8059819763510183,4.063006048223724,6.0669749885692115
seasonal_naive,territorial_authority_69_bonds_lodged,bonds_lodged,territorial_authority,69,Central Otago District,2025-05-01,6,12.5,13.47219358530748,31.195594528927863
xgboost_pooled_recursive,territorial_authority_69_bonds_lodged,bonds_lodged,territorial_authority,69,Central Otago District,2025-05-01,6,15.903251012166342,16.231829779497314,29.285604905974782
ets_additive_damped,territorial_authority_69_bonds_lodged,bonds_lodged,territorial_authority,69,Central Otago District,2025-06-01,6,2.939624804690227,4.089481523875685,6.379997585853723
seasonal_naive,territorial_authority_69_bonds_lodged,bonds_lodged,territorial_authority,69,Central Otago District,2025-06-01,6,12.0,13.30413469565007,30.048641123909942
xgboost_pooled_recursive,territorial_authority_69_bonds_lodged,bonds_lodged,territorial_authority,69,Central Otago District,2025-06-01,6,17.587167739868164,18.225685171822942,31.92502932818772
ets_additive_damped,territorial_authority_69_bonds_lodged,bonds_lodged,territorial_authority,69,Central Otago District,2025-07-01,6,5.691396567243333,6.832797575604076,11.965620617527188
seasonal_naive,territorial_authority_69_bonds_lodged,bonds_lodged,territorial_authority,69,Central Otago District,2025-07-01,6,13.0,13.96424004376894,31.58925737040854
xgboost_pooled_recursive,territorial_authority_69_bonds_lodged,bonds_lodged,territorial_authority,69,Central Otago District,2025-07-01,6,13.321887334187826,14.141246421463704,24.583883241132696
ets_additive_damped,territorial_authority_69_bonds_lodged,bonds_lodged,territorial_authority,69,Central Otago District,2025-08-01,6,6.816951667170348,7.810070233674566,14.465058310802695
seasonal_naive,territorial_authority_69_bonds_lodged,bonds_lodged,territorial_authority,69,Central Otago District,2025-08-01,6,11.0,13.076696830622021,25.52865130980248
xgboost_pooled_recursive,territorial_authority_69_bonds_lodged,bonds_lodged,territorial_authority,69,Central Otago District,2025-08-01,6,9.99814542134603,12.339506581647544,19.075852392447036
ets_additive_damped,territorial_authority_69_bonds_lodged,bonds_lodged,territorial_authority,69,Central Otago District,2025-09-01,6,7.395266252199529,8.248682516990927,15.660425109303342
seasonal_naive,territorial_authority_69_bonds_lodged,bonds_lodged,territorial_authority,69,Central Otago District,2025-09-01,6,9.5,11.423659658795863,21.06215006910769
xgboost_pooled_recursive,territorial_authority_69_bonds_lodged,bonds_lodged,territorial_authority,69,Central Otago District,2025-09-01,6,10.964175542195639,14.155721598921318,21.144088399256958
ets_additive_damped,territorial_authority_69_bonds_lodged,bonds_lodged,territorial_authority,69,Central Otago District,2025-10-01,6,7.796646199277082,8.461221109571953,16.317483099581747
seasonal_naive,territorial_authority_69_bonds_lodged,bonds_lodged,territorial_authority,69,Central Otago District,2025-10-01,6,9.5,11.423659658795863,19.65121532483961
xgboost_pooled_recursive,territorial_authority_69_bonds_lodged,bonds_lodged,territorial_authority,69,Central Otago District,2025-10-01,6,14.162147521972656,17.17139324065726,26.566668884554428
ets_additive_damped,territorial_authority_69_bonds_lodged,bonds_lodged,territorial_authority,69,Central Otago District,2025-11-01,6,8.463288394348316,9.228780995115352,18.11572767103185
seasonal_naive,territorial_authority_69_bonds_lodged,bonds_lodged,territorial_authority,69,Central Otago District,2025-11-01,6,12.5,17.10263137648707,23.51086444764663
xgboost_pooled_recursive,territorial_authority_69_bonds_lodged,bonds_lodged,territorial_authority,69,Central Otago District,2025-11-01,6,17.548487345377605,19.72992863624476,33.26128335527057
ets_additive_damped,territorial_authority_69_bonds_lodged,bonds_lodged,territorial_authority,69,Central Otago District,2025-12-01,6,9.97883125528072,10.236485756545287,20.727072454437124
seasonal_naive,territorial_authority_69_bonds_lodged,bonds_lodged,territorial_authority,69,Central Otago District,2025-12-01,6,14.0,17.74823934929885,26.13929933414603
xgboost_pooled_recursive,territorial_authority_69_bonds_lodged,bonds_lodged,territorial_authority,69,Central Otago District,2025-12-01,6,14.929929733276367,17.65041571479426,28.61398634945191
ets_additive_damped,territorial_authority_69_bonds_lodged,bonds_lodged,territorial_authority,69,Central Otago District,2026-01-01,6,10.095860948661139,10.508941949118169,21.20314684128193
seasonal_naive,territorial_authority_69_bonds_lodged,bonds_lodged,territorial_authority,69,Central Otago District,2026-01-01,6,12.5,17.10263137648707,23.367155994051373
xgboost_pooled_recursive,territorial_authority_69_bonds_lodged,bonds_lodged,territorial_authority,69,Central Otago District,2026-01-01,6,9.866006215413412,10.149493214516946,20.80238333621115
ets_additive_damped,territorial_authority_70_bonds_lodged,bonds_lodged,territorial_authority,70,Queenstown-Lakes District,2025-02-01,6,38.27861325326281,42.79373750962708,15.317430955536206
seasonal_naive,territorial_authority_70_bonds_lodged,bonds_lodged,territorial_authority,70,Queenstown-Lakes District,2025-02-01,6,79.0,81.0,35.95992147662153
xgboost_pooled_recursive,territorial_authority_70_bonds_lodged,bonds_lodged,territorial_authority,70,Queenstown-Lakes District,2025-02-01,6,40.30594635009768,50.08047014272815,15.424174904017457
ets_additive_damped,territorial_authority_70_bonds_lodged,bonds_lodged,territorial_authority,70,Queenstown-Lakes District,2025-03-01,6,26.41161474839737,32.80196248926878,10.466015286682069
seasonal_naive,territorial_authority_70_bonds_lodged,bonds_lodged,territorial_authority,70,Queenstown-Lakes District,2025-03-01,6,66.5,72.96231904209186,30.36960535998963
xgboost_pooled_recursive,territorial_authority_70_bonds_lodged,bonds_lodged,territorial_authority,70,Queenstown-Lakes District,2025-03-01,6,45.466644287109375,54.04009274359385,18.2387941266025
ets_additive_damped,territorial_authority_70_bonds_lodged,bonds_lodged,territorial_authority,70,Queenstown-Lakes District,2025-04-01,6,31.922656949192852,37.757474136238045,12.598270503710552
seasonal_naive,territorial_authority_70_bonds_lodged,bonds_lodged,territorial_authority,70,Queenstown-Lakes District,2025-04-01,6,71.5,77.93266324205788,32.03219397909999
xgboost_pooled_recursive,territorial_authority_70_bonds_lodged,bonds_lodged,territorial_authority,70,Queenstown-Lakes District,2025-04-01,6,45.91631317138672,53.103571088197164,18.20296763129433
ets_additive_damped,territorial_authority_70_bonds_lodged,bonds_lodged,territorial_authority,70,Queenstown-Lakes District,2025-05-01,6,28.056425372192592,34.22519472654363,11.506331406681266
seasonal_naive,territorial_authority_70_bonds_lodged,bonds_lodged,territorial_authority,70,Queenstown-Lakes District,2025-05-01,6,60.0,71.22499561249548,28.20071747762733
xgboost_pooled_recursive,territorial_authority_70_bonds_lodged,bonds_lodged,territorial_authority,70,Queenstown-Lakes District,2025-05-01,6,46.88943735758463,52.534055924223644,19.523476630467243
ets_additive_damped,territorial_authority_70_bonds_lodged,bonds_lodged,territorial_authority,70,Queenstown-Lakes District,2025-06-01,6,27.850814510782573,30.803831471340594,12.37165315838682
seasonal_naive,territorial_authority_70_bonds_lodged,bonds_lodged,territorial_authority,70,Queenstown-Lakes District,2025-06-01,6,42.0,53.97221507405454,21.608124885034734
xgboost_pooled_recursive,territorial_authority_70_bonds_lodged,bonds_lodged,territorial_authority,70,Queenstown-Lakes District,2025-06-01,6,49.91651407877604,55.69984098343938,21.31442616638335
ets_additive_damped,territorial_authority_70_bonds_lodged,bonds_lodged,territorial_authority,70,Queenstown-Lakes District,2025-07-01,6,28.71846039001467,30.926560194050726,12.896883202939991
seasonal_naive,territorial_authority_70_bonds_lodged,bonds_lodged,territorial_authority,70,Queenstown-Lakes District,2025-07-01,6,32.0,46.184412955021955,16.48563458953502
xgboost_pooled_recursive,territorial_authority_70_bonds_lodged,bonds_lodged,territorial_authority,70,Queenstown-Lakes District,2025-07-01,6,57.602582295735665,61.341885284963716,24.43957354089016
ets_additive_damped,territorial_authority_70_bonds_lodged,bonds_lodged,territorial_authority,70,Queenstown-Lakes District,2025-08-01,6,32.565987618681696,33.11871778804333,14.625354889367554
seasonal_naive,territorial_authority_70_bonds_lodged,bonds_lodged,territorial_authority,70,Queenstown-Lakes District,2025-08-01,6,25.0,38.768543949960254,11.4453298681248
xgboost_pooled_recursive,territorial_authority_70_bonds_lodged,bonds_lodged,territorial_authority,70,Queenstown-Lakes District,2025-08-01,6,51.247467041015625,53.19861430192723,22.04490248743728
ets_additive_damped,territorial_authority_70_bonds_lodged,bonds_lodged,territorial_authority,70,Queenstown-Lakes District,2025-09-01,6,33.4288957864566,39.26693088341219,15.038494011560363
seasonal_naive,territorial_authority_70_bonds_lodged,bonds_lodged,territorial_authority,70,Queenstown-Lakes District,2025-09-01,6,37.0,51.526692111953004,16.75722070633143
xgboost_pooled_recursive,territorial_authority_70_bonds_lodged,bonds_lodged,territorial_authority,70,Queenstown-Lakes District,2025-09-01,6,60.217793782552064,64.70724708864833,25.676469692021513
ets_additive_damped,territorial_authority_70_bonds_lodged,bonds_lodged,territorial_authority,70,Queenstown-Lakes District,2025-10-01,6,40.4031011076757,45.13940096370486,18.185855397103982
seasonal_naive,territorial_authority_70_bonds_lodged,bonds_lodged,territorial_authority,70,Queenstown-Lakes District,2025-10-01,6,25.5,37.12815643147395,11.808968075959596
xgboost_pooled_recursive,territorial_authority_70_bonds_lodged,bonds_lodged,territorial_authority,70,Queenstown-Lakes District,2025-10-01,6,76.34885660807291,78.80249716087927,31.70754787096645
ets_additive_damped,territorial_authority_70_bonds_lodged,bonds_lodged,territorial_authority,70,Queenstown-Lakes District,2025-11-01,6,28.710215009727936,35.722952744013824,12.964494553797499
seasonal_naive,territorial_authority_70_bonds_lodged,bonds_lodged,territorial_authority,70,Queenstown-Lakes District,2025-11-01,6,24.5,36.966200778549045,11.23265089968951
xgboost_pooled_recursive,territorial_authority_70_bonds_lodged,bonds_lodged,territorial_authority,70,Queenstown-Lakes District,2025-11-01,6,44.399302164713525,53.16276010127814,19.272993482982205
ets_additive_damped,territorial_authority_70_bonds_lodged,bonds_lodged,territorial_authority,70,Queenstown-Lakes District,2025-12-01,6,25.499222263115115,33.19804342740414,11.428123746349632
seasonal_naive,territorial_authority_70_bonds_lodged,bonds_lodged,territorial_authority,70,Queenstown-Lakes District,2025-12-01,6,29.0,39.26830783214372,12.559543009190314
xgboost_pooled_recursive,territorial_authority_70_bonds_lodged,bonds_lodged,territorial_authority,70,Queenstown-Lakes District,2025-12-01,6,49.918360392252616,56.41647446294444,20.939421631370948
ets_additive_damped,territorial_authority_70_bonds_lodged,bonds_lodged,territorial_authority,70,Queenstown-Lakes District,2026-01-01,6,26.18618150684379,32.4233417615718,11.665316281209885
seasonal_naive,territorial_authority_70_bonds_lodged,bonds_lodged,territorial_authority,70,Queenstown-Lakes District,2026-01-01,6,32.5,40.96950085124299,14.144430816705858
xgboost_pooled_recursive,territorial_authority_70_bonds_lodged,bonds_lodged,territorial_authority,70,Queenstown-Lakes District,2026-01-01,6,36.64745076497396,42.326187194104214,15.609150420495851
ets_additive_damped,territorial_authority_71_bonds_lodged,bonds_lodged,territorial_authority,71,Dunedin City,2025-02-01,6,16.79117319375632,23.281122846383997,5.8487065251313535
seasonal_naive,territorial_authority_71_bonds_lodged,bonds_lodged,territorial_authority,71,Dunedin City,2025-02-01,6,17.5,25.777897509300484,6.200598109932433
xgboost_pooled_recursive,territorial_authority_71_bonds_lodged,bonds_lodged,territorial_authority,71,Dunedin City,2025-02-01,6,111.44231669108073,115.77794207789361,32.77714133618676
ets_additive_damped,territorial_authority_71_bonds_lodged,bonds_lodged,territorial_authority,71,Dunedin City,2025-03-01,6,17.352720854576926,23.950790246209973,6.518854062343587
seasonal_naive,territorial_authority_71_bonds_lodged,bonds_lodged,territorial_authority,71,Dunedin City,2025-03-01,6,19.0,27.54995462791182,7.231171795950984
xgboost_pooled_recursive,territorial_authority_71_bonds_lodged,bonds_lodged,territorial_authority,71,Dunedin City,2025-03-01,6,102.90096028645833,114.45644063146005,30.714638993001962
ets_additive_damped,territorial_authority_71_bonds_lodged,bonds_lodged,territorial_authority,71,Dunedin City,2025-04-01,6,19.041241592992975,24.71112226745999,7.213809322855711
seasonal_naive,territorial_authority_71_bonds_lodged,bonds_lodged,territorial_authority,71,Dunedin City,2025-04-01,6,22.0,28.827070610799147,8.417441093675391
xgboost_pooled_recursive,territorial_authority_71_bonds_lodged,bonds_lodged,territorial_authority,71,Dunedin City,2025-04-01,6,90.10383605957031,95.66118398275877,28.447970250601358
ets_additive_damped,territorial_authority_71_bonds_lodged,bonds_lodged,territorial_authority,71,Dunedin City,2025-05-01,6,19.322429363290947,24.64198241669191,7.301378134937199
seasonal_naive,territorial_authority_71_bonds_lodged,bonds_lodged,territorial_authority,71,Dunedin City,2025-05-01,6,22.5,28.853076092507017,8.595694213104982
xgboost_pooled_recursive,territorial_authority_71_bonds_lodged,bonds_lodged,territorial_authority,71,Dunedin City,2025-05-01,6,81.0176493326823,92.5559341817267,25.211361341851035
ets_additive_damped,territorial_authority_71_bonds_lodged,bonds_lodged,territorial_authority,71,Dunedin City,2025-06-01,6,12.565981511651822,16.708254142960886,4.757014173410579
seasonal_naive,territorial_authority_71_bonds_lodged,bonds_lodged,territorial_authority,71,Dunedin City,2025-06-01,6,14.0,18.65475810617763,5.344382009273748
xgboost_pooled_recursive,territorial_authority_71_bonds_lodged,bonds_lodged,territorial_authority,71,Dunedin City,2025-06-01,6,59.531580607096345,65.6326936826448,19.450015786984267
ets_additive_damped,territorial_authority_71_bonds_lodged,bonds_lodged,territorial_authority,71,Dunedin City,2025-07-01,6,13.227436021151226,17.459876400056064,3.773416501112354
seasonal_naive,territorial_authority_71_bonds_lodged,bonds_lodged,territorial_authority,71,Dunedin City,2025-07-01,6,14.5,19.170289512680814,4.452781026139583
xgboost_pooled_recursive,territorial_authority_71_bonds_lodged,bonds_lodged,territorial_authority,71,Dunedin City,2025-07-01,6,78.70458475748697,114.22172909742811,14.16827190961603
ets_additive_damped,territorial_authority_71_bonds_lodged,bonds_lodged,territorial_authority,71,Dunedin City,2025-08-01,6,16.096533244693926,18.986992711183234,4.2472583760210325
seasonal_naive,territorial_authority_71_bonds_lodged,bonds_lodged,territorial_authority,71,Dunedin City,2025-08-01,6,14.5,19.170289512680814,4.352639072339093
xgboost_pooled_recursive,territorial_authority_71_bonds_lodged,bonds_lodged,territorial_authority,71,Dunedin City,2025-08-01,6,77.70190938313802,113.68953841024499,10.901123920215875
ets_additive_damped,territorial_authority_71_bonds_lodged,bonds_lodged,territorial_authority,71,Dunedin City,2025-09-01,6,13.530061307118956,15.510800015039068,3.084232163602678
seasonal_naive,territorial_authority_71_bonds_lodged,bonds_lodged,territorial_authority,71,Dunedin City,2025-09-01,6,10.0,12.84523257866513,2.4111271199061357
xgboost_pooled_recursive,territorial_authority_71_bonds_lodged,bonds_lodged,territorial_authority,71,Dunedin City,2025-09-01,6,86.16691589355469,118.07595976241672,13.130858387838758
ets_additive_damped,territorial_authority_71_bonds_lodged,bonds_lodged,territorial_authority,71,Dunedin City,2025-10-01,6,18.041544466796022,22.681854531155626,4.815603039144204
seasonal_naive,territorial_authority_71_bonds_lodged,bonds_lodged,territorial_authority,71,Dunedin City,2025-10-01,6,14.0,20.71231517720798,3.9705813109392745
xgboost_pooled_recursive,territorial_authority_71_bonds_lodged,bonds_lodged,territorial_authority,71,Dunedin City,2025-10-01,6,97.78422037760417,130.82236873139072,15.724265672746752
ets_additive_damped,territorial_authority_71_bonds_lodged,bonds_lodged,territorial_authority,71,Dunedin City,2025-11-01,6,21.339279355823326,24.628356137418137,6.234752842224521
seasonal_naive,territorial_authority_71_bonds_lodged,bonds_lodged,territorial_authority,71,Dunedin City,2025-11-01,6,17.5,22.880122377295102,5.45899485817635
xgboost_pooled_recursive,territorial_authority_71_bonds_lodged,bonds_lodged,territorial_authority,71,Dunedin City,2025-11-01,6,110.61942545572917,133.98447112933334,20.867102379183866
ets_additive_damped,territorial_authority_71_bonds_lodged,bonds_lodged,territorial_authority,71,Dunedin City,2025-12-01,6,29.137080546311072,31.791883211885203,9.299833688456651
seasonal_naive,territorial_authority_71_bonds_lodged,bonds_lodged,territorial_authority,71,Dunedin City,2025-12-01,6,27.0,33.49626844888845,9.12739933303244
xgboost_pooled_recursive,territorial_authority_71_bonds_lodged,bonds_lodged,territorial_authority,71,Dunedin City,2025-12-01,6,126.37113952636719,140.26863116357603,27.199137183766275
ets_additive_damped,territorial_authority_71_bonds_lodged,bonds_lodged,territorial_authority,71,Dunedin City,2026-01-01,6,27.231408846244253,30.842458977051834,9.827549335584465
seasonal_naive,territorial_authority_71_bonds_lodged,bonds_lodged,territorial_authority,71,Dunedin City,2026-01-01,6,24.5,32.47306576225903,9.303069073919572
xgboost_pooled_recursive,territorial_authority_71_bonds_lodged,bonds_lodged,territorial_authority,71,Dunedin City,2026-01-01,6,35.3355967203776,41.27236858677645,11.965106905310913
ets_additive_damped,territorial_authority_72_bonds_lodged,bonds_lodged,territorial_authority,72,Clutha District,2025-02-01,6,3.590796802796687,4.4184310252688945,16.941216373010462
seasonal_naive,territorial_authority_72_bonds_lodged,bonds_lodged,territorial_authority,72,Clutha District,2025-02-01,6,5.5,6.363961030678928,29.97462232756351
xgboost_pooled_recursive,territorial_authority_72_bonds_lodged,bonds_lodged,territorial_authority,72,Clutha District,2025-02-01,6,6.7070261637369795,8.475371220800756,29.238792809830876
ets_additive_damped,territorial_authority_72_bonds_lodged,bonds_lodged,territorial_authority,72,Clutha District,2025-03-01,6,4.633592166880807,5.271184777915648,21.94355340677876
seasonal_naive,territorial_authority_72_bonds_lodged,bonds_lodged,territorial_authority,72,Clutha District,2025-03-01,6,6.5,7.648529270389178,34.419066772007945
xgboost_pooled_recursive,territorial_authority_72_bonds_lodged,bonds_lodged,territorial_authority,72,Clutha District,2025-03-01,6,8.16790771484375,9.666309242778997,32.754742038922494
ets_additive_damped,territorial_authority_72_bonds_lodged,bonds_lodged,territorial_authority,72,Clutha District,2025-04-01,6,5.873265239836226,6.686626611719215,27.414919068419614
seasonal_naive,territorial_authority_72_bonds_lodged,bonds_lodged,territorial_authority,72,Clutha District,2025-04-01,6,7.0,8.12403840463596,35.53017788311906
xgboost_pooled_recursive,territorial_authority_72_bonds_lodged,bonds_lodged,territorial_authority,72,Clutha District,2025-04-01,6,9.252525647481283,10.626783484504841,35.14166667210895
ets_additive_damped,territorial_authority_72_bonds_lodged,bonds_lodged,territorial_authority,72,Clutha District,2025-05-01,6,4.869755092187957,5.926596678026618,23.179192765864183
seasonal_naive,territorial_authority_72_bonds_lodged,bonds_lodged,territorial_authority,72,Clutha District,2025-05-01,6,5.5,6.59545297913646,28.570470923412095
xgboost_pooled_recursive,territorial_authority_72_bonds_lodged,bonds_lodged,territorial_authority,72,Clutha District,2025-05-01,6,11.80863348642985,12.954677329462568,44.67404281557172
ets_additive_damped,territorial_authority_72_bonds_lodged,bonds_lodged,territorial_authority,72,Clutha District,2025-06-01,6,5.441761580511238,6.318311622872293,26.35822776507467
seasonal_naive,territorial_authority_72_bonds_lodged,bonds_lodged,territorial_authority,72,Clutha District,2025-06-01,6,6.5,7.44983221287567,35.09727745021862
xgboost_pooled_recursive,territorial_authority_72_bonds_lodged,bonds_lodged,territorial_authority,72,Clutha District,2025-06-01,6,11.337091445922852,12.901425383394434,41.99469526477533
ets_additive_damped,territorial_authority_72_bonds_lodged,bonds_lodged,territorial_authority,72,Clutha District,2025-07-01,6,4.657278244318212,5.534284538804426,23.06254478833863
seasonal_naive,territorial_authority_72_bonds_lodged,bonds_lodged,territorial_authority,72,Clutha District,2025-07-01,6,8.0,8.831760866327848,41.469826469826465
xgboost_pooled_recursive,territorial_authority_72_bonds_lodged,bonds_lodged,territorial_authority,72,Clutha District,2025-07-01,6,12.094879786173502,12.93994063394903,46.77164653883494
ets_additive_damped,territorial_authority_72_bonds_lodged,bonds_lodged,territorial_authority,72,Clutha District,2025-08-01,6,5.060529011789741,5.851781942474505,24.37140117132905
seasonal_naive,territorial_authority_72_bonds_lodged,bonds_lodged,territorial_authority,72,Clutha District,2025-08-01,6,8.0,8.831760866327848,39.988344988344984
xgboost_pooled_recursive,territorial_authority_72_bonds_lodged,bonds_lodged,territorial_authority,72,Clutha District,2025-08-01,6,11.78486696879069,12.932178361223281,42.56088135380355
ets_additive_damped,territorial_authority_72_bonds_lodged,bonds_lodged,territorial_authority,72,Clutha District,2025-09-01,6,4.003179587596083,5.056112675705608,19.184201753518767
seasonal_naive,territorial_authority_72_bonds_lodged,bonds_lodged,territorial_authority,72,Clutha District,2025-09-01,6,6.0,7.3484692283495345,28.877233877233877
xgboost_pooled_recursive,territorial_authority_72_bonds_lodged,bonds_lodged,territorial_authority,72,Clutha District,2025-09-01,6,10.702025095621744,11.946908500818779,41.05979022262769
ets_additive_damped,territorial_authority_72_bonds_lodged,bonds_lodged,territorial_authority,72,Clutha District,2025-10-01,6,4.408499274984057,5.575913945492051,25.310088973441967
seasonal_naive,territorial_authority_72_bonds_lodged,bonds_lodged,territorial_authority,72,Clutha District,2025-10-01,6,6.5,8.031189202104505,35.54390054390055
xgboost_pooled_recursive,territorial_authority_72_bonds_lodged,bonds_lodged,territorial_authority,72,Clutha District,2025-10-01,6,14.03846009572347,15.243501673270671,57.83170957018322
ets_additive_damped,territorial_authority_72_bonds_lodged,bonds_lodged,territorial_authority,72,Clutha District,2025-11-01,6,6.194218083732537,7.326886850921558,35.361862618434856
seasonal_naive,territorial_authority_72_bonds_lodged,bonds_lodged,territorial_authority,72,Clutha District,2025-11-01,6,8.5,10.024968827881711,45.800310800310804
xgboost_pooled_recursive,territorial_authority_72_bonds_lodged,bonds_lodged,territorial_authority,72,Clutha District,2025-11-01,6,15.733247756958008,17.44104357586228,64.94599412886922
ets_additive_damped,territorial_authority_72_bonds_lodged,bonds_lodged,territorial_authority,72,Clutha District,2025-12-01,6,6.532008709922462,7.619415058586479,36.03478082737504
seasonal_naive,territorial_authority_72_bonds_lodged,bonds_lodged,territorial_authority,72,Clutha District,2025-12-01,6,8.5,10.024968827881711,43.376068376068375
xgboost_pooled_recursive,territorial_authority_72_bonds_lodged,bonds_lodged,territorial_authority,72,Clutha District,2025-12-01,6,16.22922929128011,17.51127355681523,65.71795823700053
ets_additive_damped,territorial_authority_72_bonds_lodged,bonds_lodged,territorial_authority,72,Clutha District,2026-01-01,6,6.145822175798332,7.256167208775554,34.40567956330536
seasonal_naive,territorial_authority_72_bonds_lodged,bonds_lodged,territorial_authority,72,Clutha District,2026-01-01,6,8.0,9.486832980505138,41.70940170940171
xgboost_pooled_recursive,territorial_authority_72_bonds_lodged,bonds_lodged,territorial_authority,72,Clutha District,2026-01-01,6,6.584021250406901,7.496909827744732,36.45208271627439
ets_additive_damped,territorial_authority_73_bonds_lodged,bonds_lodged,territorial_authority,73,Southland District,2025-02-01,6,9.40043877800827,10.718986346414768,36.262824709183604
seasonal_naive,territorial_authority_73_bonds_lodged,bonds_lodged,territorial_authority,73,Southland District,2025-02-01,6,10.5,12.186057606953941,41.88403701561597
xgboost_pooled_recursive,territorial_authority_73_bonds_lodged,bonds_lodged,territorial_authority,73,Southland District,2025-02-01,6,4.989773432413736,6.544687948358252,16.174513166980173
ets_additive_damped,territorial_authority_73_bonds_lodged,bonds_lodged,territorial_authority,73,Southland District,2025-03-01,6,8.583289689893641,9.960686971819873,31.23527407421455
seasonal_naive,territorial_authority_73_bonds_lodged,bonds_lodged,territorial_authority,73,Southland District,2025-03-01,6,12.0,13.416407864998739,48.23324336482231
xgboost_pooled_recursive,territorial_authority_73_bonds_lodged,bonds_lodged,territorial_authority,73,Southland District,2025-03-01,6,5.844515800476074,6.781541478832189,18.510191487813834
ets_additive_damped,territorial_authority_73_bonds_lodged,bonds_lodged,territorial_authority,73,Southland District,2025-04-01,6,7.891191600637096,9.370082096313388,27.03886120044104
seasonal_naive,territorial_authority_73_bonds_lodged,bonds_lodged,territorial_authority,73,Southland District,2025-04-01,6,14.5,15.732132722552274,59.6221322537112
xgboost_pooled_recursive,territorial_authority_73_bonds_lodged,bonds_lodged,territorial_authority,73,Southland District,2025-04-01,6,6.041977246602376,6.946461131680488,18.754548204414714
ets_additive_damped,territorial_authority_73_bonds_lodged,bonds_lodged,territorial_authority,73,Southland District,2025-05-01,6,3.98649456760062,4.521364002906366,14.435776256619762
seasonal_naive,territorial_authority_73_bonds_lodged,bonds_lodged,territorial_authority,73,Southland District,2025-05-01,6,10.5,12.30853362509117,46.28879892037787
xgboost_pooled_recursive,territorial_authority_73_bonds_lodged,bonds_lodged,territorial_authority,73,Southland District,2025-05-01,6,7.226652781168621,9.502691817512387,23.643381632269858
ets_additive_damped,territorial_authority_73_bonds_lodged,bonds_lodged,territorial_authority,73,Southland District,2025-06-01,6,2.858788726759094,3.34649554126785,10.721318862554329
seasonal_naive,territorial_authority_73_bonds_lodged,bonds_lodged,territorial_authority,73,Southland District,2025-06-01,6,9.5,11.811011811017716,43.24786324786325
xgboost_pooled_recursive,territorial_authority_73_bonds_lodged,bonds_lodged,territorial_authority,73,Southland District,2025-06-01,6,11.86323610941569,14.037087882470432,37.45265089652163
ets_additive_damped,territorial_authority_73_bonds_lodged,bonds_lodged,territorial_authority,73,Southland District,2025-07-01,6,2.9416371031696222,3.4396337280011857,11.063025848418938
seasonal_naive,territorial_authority_73_bonds_lodged,bonds_lodged,territorial_authority,73,Southland District,2025-07-01,6,8.5,11.291589790636214,37.77777777777778
xgboost_pooled_recursive,territorial_authority_73_bonds_lodged,bonds_lodged,territorial_authority,73,Southland District,2025-07-01,6,10.128372192382812,12.22506623429323,33.30117079519513
ets_additive_damped,territorial_authority_73_bonds_lodged,bonds_lodged,territorial_authority,73,Southland District,2025-08-01,6,2.6936810534781395,3.2311877356437155,10.24353880854591
seasonal_naive,territorial_authority_73_bonds_lodged,bonds_lodged,territorial_authority,73,Southland District,2025-08-01,6,8.0,10.954451150103322,35.27777777777778
xgboost_pooled_recursive,territorial_authority_73_bonds_lodged,bonds_lodged,territorial_authority,73,Southland District,2025-08-01,6,13.17076555887858,15.159364383336753,42.43133088011992
ets_additive_damped,territorial_authority_73_bonds_lodged,bonds_lodged,territorial_authority,73,Southland District,2025-09-01,6,2.414798815368987,2.8366500144952242,9.570103736873685
seasonal_naive,territorial_authority_73_bonds_lodged,bonds_lodged,territorial_authority,73,Southland District,2025-09-01,6,5.5,9.082951062292475,24.166666666666668
xgboost_pooled_recursive,territorial_authority_73_bonds_lodged,bonds_lodged,territorial_authority,73,Southland District,2025-09-01,6,12.93160883585612,14.353039596313401,42.94753625047781
ets_additive_damped,territorial_authority_73_bonds_lodged,bonds_lodged,territorial_authority,73,Southland District,2025-10-01,6,2.3456805414603235,2.6107297327320453,10.133237056682763
seasonal_naive,territorial_authority_73_bonds_lodged,bonds_lodged,territorial_authority,73,Southland District,2025-10-01,6,3.0,3.872983346207417,12.777777777777777
xgboost_pooled_recursive,territorial_authority_73_bonds_lodged,bonds_lodged,territorial_authority,73,Southland District,2025-10-01,6,16.840433756510418,17.17140644545549,55.05631785547129
ets_additive_damped,territorial_authority_73_bonds_lodged,bonds_lodged,territorial_authority,73,Southland District,2025-11-01,6,3.2004466668195146,4.736875738818519,11.4249034721853
seasonal_naive,territorial_authority_73_bonds_lodged,bonds_lodged,territorial_authority,73,Southland District,2025-11-01,6,3.5,4.06201920231798,14.012345679012345
xgboost_pooled_recursive,territorial_authority_73_bonds_lodged,bonds_lodged,territorial_authority,73,Southland District,2025-11-01,6,13.728840510050455,14.624743382092479,44.64874505977623
ets_additive_damped,territorial_authority_73_bonds_lodged,bonds_lodged,territorial_authority,73,Southland District,2025-12-01,6,3.4065926580167925,4.793200845561169,12.038227087535368
seasonal_naive,territorial_authority_73_bonds_lodged,bonds_lodged,territorial_authority,73,Southland District,2025-12-01,6,3.5,4.06201920231798,13.377425044091709
xgboost_pooled_recursive,territorial_authority_73_bonds_lodged,bonds_lodged,territorial_authority,73,Southland District,2025-12-01,6,14.627899169921875,15.344661062093557,45.074945147929064
ets_additive_damped,territorial_authority_73_bonds_lodged,bonds_lodged,territorial_authority,73,Southland District,2026-01-01,6,4.231877384402675,5.594453948014542,14.580765599167696
seasonal_naive,territorial_authority_73_bonds_lodged,bonds_lodged,territorial_authority,73,Southland District,2026-01-01,6,4.5,5.338539126015656,16.41836071660633
xgboost_pooled_recursive,territorial_authority_73_bonds_lodged,bonds_lodged,territorial_authority,73,Southland District,2026-01-01,6,5.659542719523112,6.4631143155084745,20.19528377179763
ets_additive_damped,territorial_authority_74_bonds_lodged,bonds_lodged,territorial_authority,74,Gore District,2025-02-01,6,8.466201913359496,8.7164445894981,33.323731084925264
seasonal_naive,territorial_authority_74_bonds_lodged,bonds_lodged,territorial_authority,74,Gore District,2025-02-01,6,11.0,12.36931687685298,48.30999066293184
xgboost_pooled_recursive,territorial_authority_74_bonds_lodged,bonds_lodged,territorial_authority,74,Gore District,2025-02-01,6,3.301945368448894,3.9261509849725913,11.005464938602561
ets_additive_damped,territorial_authority_74_bonds_lodged,bonds_lodged,territorial_authority,74,Gore District,2025-03-01,6,6.676940437953088,7.353245407153267,26.026543372085758
seasonal_naive,territorial_authority_74_bonds_lodged,bonds_lodged,territorial_authority,74,Gore District,2025-03-01,6,9.0,10.246950765959598,38.78618113912231
xgboost_pooled_recursive,territorial_authority_74_bonds_lodged,bonds_lodged,territorial_authority,74,Gore District,2025-03-01,6,5.829408327738444,7.490625377925907,18.745812091970528
ets_additive_damped,territorial_authority_74_bonds_lodged,bonds_lodged,territorial_authority,74,Gore District,2025-04-01,6,3.7776925269920834,4.852937939678213,14.063389074025064
seasonal_naive,territorial_authority_74_bonds_lodged,bonds_lodged,territorial_authority,74,Gore District,2025-04-01,6,10.0,11.090536506409418,46.19358854652971
xgboost_pooled_recursive,territorial_authority_74_bonds_lodged,bonds_lodged,territorial_authority,74,Gore District,2025-04-01,6,8.376587549845377,9.923764514543533,26.704935637825567
ets_additive_damped,territorial_authority_74_bonds_lodged,bonds_lodged,territorial_authority,74,Gore District,2025-05-01,6,2.0136952531292938,2.817955454360281,7.6979149804809035
seasonal_naive,territorial_authority_74_bonds_lodged,bonds_lodged,territorial_authority,74,Gore District,2025-05-01,6,9.0,10.246950765959598,43.54808590102707
xgboost_pooled_recursive,territorial_authority_74_bonds_lodged,bonds_lodged,territorial_authority,74,Gore District,2025-05-01,6,10.76132837931315,11.700210007038535,34.203239449525746
ets_additive_damped,territorial_authority_74_bonds_lodged,bonds_lodged,territorial_authority,74,Gore District,2025-06-01,6,2.39554099575609,2.9314748638171833,10.234318238395398
seasonal_naive,territorial_authority_74_bonds_lodged,bonds_lodged,territorial_authority,74,Gore District,2025-06-01,6,7.0,7.54983443527075,34.02427637721755
xgboost_pooled_recursive,territorial_authority_74_bonds_lodged,bonds_lodged,territorial_authority,74,Gore District,2025-06-01,6,15.385931015014648,17.064827109596497,48.03256214769576
ets_additive_damped,territorial_authority_74_bonds_lodged,bonds_lodged,territorial_authority,74,Gore District,2025-07-01,6,4.4068255169692,5.742693633976094,18.60124605537813
seasonal_naive,territorial_authority_74_bonds_lodged,bonds_lodged,territorial_authority,74,Gore District,2025-07-01,6,9.5,11.811011811017716,40.690943043884225
xgboost_pooled_recursive,territorial_authority_74_bonds_lodged,bonds_lodged,territorial_authority,74,Gore District,2025-07-01,6,15.31969134012858,16.682191743386394,50.791658486183266
ets_additive_damped,territorial_authority_74_bonds_lodged,bonds_lodged,territorial_authority,74,Gore District,2025-08-01,6,4.762697377984741,5.9896136538123645,20.96124244501607
seasonal_naive,territorial_authority_74_bonds_lodged,bonds_lodged,territorial_authority,74,Gore District,2025-08-01,6,10.5,12.30853362509117,45.39682539682539
xgboost_pooled_recursive,territorial_authority_74_bonds_lodged,bonds_lodged,territorial_authority,74,Gore District,2025-08-01,6,18.8853759765625,19.980008476503674,61.823074315672024
ets_additive_damped,territorial_authority_74_bonds_lodged,bonds_lodged,territorial_authority,74,Gore District,2025-09-01,6,5.241093055954323,6.520635945520563,22.585063074367643
seasonal_naive,territorial_authority_74_bonds_lodged,bonds_lodged,territorial_authority,74,Gore District,2025-09-01,6,9.5,12.062338081814818,40.63492063492063
xgboost_pooled_recursive,territorial_authority_74_bonds_lodged,bonds_lodged,territorial_authority,74,Gore District,2025-09-01,6,16.11151949564616,17.172130563902105,54.242958532218864
ets_additive_damped,territorial_authority_74_bonds_lodged,bonds_lodged,territorial_authority,74,Gore District,2025-10-01,6,5.514181289804738,6.340360887239431,24.52470925460535
seasonal_naive,territorial_authority_74_bonds_lodged,bonds_lodged,territorial_authority,74,Gore District,2025-10-01,6,9.5,12.062338081814818,37.857142857142854
xgboost_pooled_recursive,territorial_authority_74_bonds_lodged,bonds_lodged,territorial_authority,74,Gore District,2025-10-01,6,17.59149932861328,18.53383817870751,59.93212437864973
ets_additive_damped,territorial_authority_74_bonds_lodged,bonds_lodged,territorial_authority,74,Gore District,2025-11-01,6,5.856886481514773,6.39836773745469,25.61329522664213
seasonal_naive,territorial_authority_74_bonds_lodged,bonds_lodged,territorial_authority,74,Gore District,2025-11-01,6,9.0,11.874342087037917,34.682539682539684
xgboost_pooled_recursive,territorial_authority_74_bonds_lodged,bonds_lodged,territorial_authority,74,Gore District,2025-11-01,6,16.921789169311523,17.49315078245409,57.46795212029787
ets_additive_damped,territorial_authority_74_bonds_lodged,bonds_lodged,territorial_authority,74,Gore District,2025-12-01,6,5.191660546851138,5.97185313474478,22.320102397832382
seasonal_naive,territorial_authority_74_bonds_lodged,bonds_lodged,territorial_authority,74,Gore District,2025-12-01,6,9.0,11.874342087037917,33.62433862433863
xgboost_pooled_recursive,territorial_authority_74_bonds_lodged,bonds_lodged,territorial_authority,74,Gore District,2025-12-01,6,16.052463531494144,16.836604282614054,53.57503485749473
ets_additive_damped,territorial_authority_74_bonds_lodged,bonds_lodged,territorial_authority,74,Gore District,2026-01-01,6,5.438042250848912,6.268439803350071,21.32563473377138
seasonal_naive,territorial_authority_74_bonds_lodged,bonds_lodged,territorial_authority,74,Gore District,2026-01-01,6,6.5,7.648529270389178,25.052910052910054
xgboost_pooled_recursive,territorial_authority_74_bonds_lodged,bonds_lodged,territorial_authority,74,Gore District,2026-01-01,6,5.833582878112794,6.76558439687448,22.921650672653495
ets_additive_damped,territorial_authority_75_bonds_lodged,bonds_lodged,territorial_authority,75,Invercargill City,2025-02-01,6,21.8260923063139,23.74378433723309,16.748846961147233
seasonal_naive,territorial_authority_75_bonds_lodged,bonds_lodged,territorial_authority,75,Invercargill City,2025-02-01,6,14.0,18.57417562100671,10.829569678507522
xgboost_pooled_recursive,territorial_authority_75_bonds_lodged,bonds_lodged,territorial_authority,75,Invercargill City,2025-02-01,6,13.423227945963541,15.903417797700468,9.053893339567304
ets_additive_damped,territorial_authority_75_bonds_lodged,bonds_lodged,territorial_authority,75,Invercargill City,2025-03-01,6,17.92989126972791,20.295702560185255,13.748817926633542
seasonal_naive,territorial_authority_75_bonds_lodged,bonds_lodged,territorial_authority,75,Invercargill City,2025-03-01,6,12.5,15.827191791344413,9.86513327103314
xgboost_pooled_recursive,territorial_authority_75_bonds_lodged,bonds_lodged,territorial_authority,75,Invercargill City,2025-03-01,6,24.197982788085938,25.680084116436024,16.015639729734957
ets_additive_damped,territorial_authority_75_bonds_lodged,bonds_lodged,territorial_authority,75,Invercargill City,2025-04-01,6,12.41646562574949,14.648595136907275,9.241997544066754
seasonal_naive,territorial_authority_75_bonds_lodged,bonds_lodged,territorial_authority,75,Invercargill City,2025-04-01,6,10.0,12.96148139681572,7.847668651942506
xgboost_pooled_recursive,territorial_authority_75_bonds_lodged,bonds_lodged,territorial_authority,75,Invercargill City,2025-04-01,6,20.982177734375,23.070646638123925,14.322314036366024
ets_additive_damped,territorial_authority_75_bonds_lodged,bonds_lodged,territorial_authority,75,Invercargill City,2025-05-01,6,6.089157937247421,6.583741746278807,4.568718665615125
seasonal_naive,territorial_authority_75_bonds_lodged,bonds_lodged,territorial_authority,75,Invercargill City,2025-05-01,6,12.0,15.491933384829668,9.477298281572134
xgboost_pooled_recursive,territorial_authority_75_bonds_lodged,bonds_lodged,territorial_authority,75,Invercargill City,2025-05-01,6,33.2304941813151,34.69183700373663,22.311681602634582
ets_additive_damped,territorial_authority_75_bonds_lodged,bonds_lodged,territorial_authority,75,Invercargill City,2025-06-01,6,5.619955598623204,6.35191473255094,4.251452314206348
seasonal_naive,territorial_authority_75_bonds_lodged,bonds_lodged,territorial_authority,75,Invercargill City,2025-06-01,6,16.5,19.710403344427025,13.49696282755247
xgboost_pooled_recursive,territorial_authority_75_bonds_lodged,bonds_lodged,territorial_authority,75,Invercargill City,2025-06-01,6,27.272557576497395,29.415946855613832,18.850551807666303
ets_additive_damped,territorial_authority_75_bonds_lodged,bonds_lodged,territorial_authority,75,Invercargill City,2025-07-01,6,10.710396685425055,15.219059367703995,8.247769106065386
seasonal_naive,territorial_authority_75_bonds_lodged,bonds_lodged,territorial_authority,75,Invercargill City,2025-07-01,6,19.0,21.354156504062622,15.55063204989639
xgboost_pooled_recursive,territorial_authority_75_bonds_lodged,bonds_lodged,territorial_authority,75,Invercargill City,2025-07-01,6,27.33605194091797,31.26254579482974,19.377693710451062
ets_additive_damped,territorial_authority_75_bonds_lodged,bonds_lodged,territorial_authority,75,Invercargill City,2025-08-01,6,13.066358848811715,18.202975292198555,9.691662183368239
seasonal_naive,territorial_authority_75_bonds_lodged,bonds_lodged,territorial_authority,75,Invercargill City,2025-08-01,6,18.5,21.319005605327842,15.192209110828289
xgboost_pooled_recursive,territorial_authority_75_bonds_lodged,bonds_lodged,territorial_authority,75,Invercargill City,2025-08-01,6,24.912320454915363,27.131108258884005,17.94802413531249
ets_additive_damped,territorial_authority_75_bonds_lodged,bonds_lodged,territorial_authority,75,Invercargill City,2025-09-01,6,13.09204220039865,18.586095966178096,9.654608913419018
seasonal_naive,territorial_authority_75_bonds_lodged,bonds_lodged,territorial_authority,75,Invercargill City,2025-09-01,6,15.5,18.614510468986285,12.470009573602214
xgboost_pooled_recursive,territorial_authority_75_bonds_lodged,bonds_lodged,territorial_authority,75,Invercargill City,2025-09-01,6,23.089706420898438,24.897171386397385,16.62800291973703
ets_additive_damped,territorial_authority_75_bonds_lodged,bonds_lodged,territorial_authority,75,Invercargill City,2025-10-01,6,14.693046442712372,19.026064968596813,10.921853201598966
seasonal_naive,territorial_authority_75_bonds_lodged,bonds_lodged,territorial_authority,75,Invercargill City,2025-10-01,6,14.5,18.289341158171883,11.609973507573638
xgboost_pooled_recursive,territorial_authority_75_bonds_lodged,bonds_lodged,territorial_authority,75,Invercargill City,2025-10-01,6,24.53210957845052,25.802567631847317,17.58169158936571
ets_additive_damped,territorial_authority_75_bonds_lodged,bonds_lodged,territorial_authority,75,Invercargill City,2025-11-01,6,14.767505836548908,18.670786893312403,11.03643671145475
seasonal_naive,territorial_authority_75_bonds_lodged,bonds_lodged,territorial_authority,75,Invercargill City,2025-11-01,6,15.5,19.710403344427025,12.193109835390816
xgboost_pooled_recursive,territorial_authority_75_bonds_lodged,bonds_lodged,territorial_authority,75,Invercargill City,2025-11-01,6,20.912516276041668,23.453844511349985,14.972769833203053
ets_additive_damped,territorial_authority_75_bonds_lodged,bonds_lodged,territorial_authority,75,Invercargill City,2025-12-01,6,14.14392493149837,19.141860035154675,10.420779424365124
seasonal_naive,territorial_authority_75_bonds_lodged,bonds_lodged,territorial_authority,75,Invercargill City,2025-12-01,6,11.5,15.636495771111889,8.547885663850852
xgboost_pooled_recursive,territorial_authority_75_bonds_lodged,bonds_lodged,territorial_authority,75,Invercargill City,2025-12-01,6,27.206581115722656,27.965127773864392,19.18513126069721
ets_additive_damped,territorial_authority_75_bonds_lodged,bonds_lodged,territorial_authority,75,Invercargill City,2026-01-01,6,8.600256342404181,10.788687225093128,6.4767014875661735
seasonal_naive,territorial_authority_75_bonds_lodged,bonds_lodged,territorial_authority,75,Invercargill City,2026-01-01,6,9.0,13.30413469565007,6.461278365090596
xgboost_pooled_recursive,territorial_authority_75_bonds_lodged,bonds_lodged,territorial_authority,75,Invercargill City,2026-01-01,6,4.381050109863281,5.3507118235056,3.2841378735598745
ets_additive_damped,region_12_median_rent,median_rent,region,12,West Coast Region,2025-02-01,6,14.305941174747593,17.620110522115333,3.2453262955029474
seasonal_naive,region_12_median_rent,median_rent,region,12,West Coast Region,2025-02-01,6,25.333333333333332,32.103997674225354,5.882800412256168
xgboost_pooled_recursive,region_12_median_rent,median_rent,region,12,West Coast Region,2025-02-01,6,13.546732584635416,16.869624438415848,3.0717087099349465
ets_additive_damped,region_12_median_rent,median_rent,region,12,West Coast Region,2025-03-01,6,20.131582951961178,23.438817868232526,4.605496462243897
seasonal_naive,region_12_median_rent,median_rent,region,12,West Coast Region,2025-03-01,6,27.833333333333332,33.43899918757538,6.494461870935776
xgboost_pooled_recursive,region_12_median_rent,median_rent,region,12,West Coast Region,2025-03-01,6,18.439097086588532,21.410121162812423,4.22368913426771
ets_additive_damped,region_12_median_rent,median_rent,region,12,West Coast Region,2025-04-01,6,17.90418632961351,21.535590450107883,4.089601201786561
seasonal_naive,region_12_median_rent,median_rent,region,12,West Coast Region,2025-04-01,6,31.166666666666668,36.30656506290104,7.307470001017078
xgboost_pooled_recursive,region_12_median_rent,median_rent,region,12,West Coast Region,2025-04-01,6,17.187245686848957,21.05558614338386,3.9260074140745123
ets_additive_damped,region_12_median_rent,median_rent,region,12,West Coast Region,2025-05-01,6,18.12606364864722,21.60228788775775,4.138968764516158
seasonal_naive,region_12_median_rent,median_rent,region,12,West Coast Region,2025-05-01,6,32.0,37.26929030716845,7.4953163427095735
xgboost_pooled_recursive,region_12_median_rent,median_rent,region,12,West Coast Region,2025-05-01,6,16.352559407552082,19.65368911419243,3.733286585571808
ets_additive_damped,region_12_median_rent,median_rent,region,12,West Coast Region,2025-06-01,6,16.39729242682955,20.49379591268367,3.7651786881320204
seasonal_naive,region_12_median_rent,median_rent,region,12,West Coast Region,2025-06-01,6,23.666666666666668,28.384267943117127,5.588889436282667
xgboost_pooled_recursive,region_12_median_rent,median_rent,region,12,West Coast Region,2025-06-01,6,13.944839477539062,19.538448829773653,3.2182906919353735
ets_additive_damped,region_12_median_rent,median_rent,region,12,West Coast Region,2025-07-01,6,11.905910506907341,16.75381024514909,2.7293592459394564
seasonal_naive,region_12_median_rent,median_rent,region,12,West Coast Region,2025-07-01,6,28.666666666666668,30.913858812297544,6.738314723638989
xgboost_pooled_recursive,region_12_median_rent,median_rent,region,12,West Coast Region,2025-07-01,6,12.050150553385416,17.836253073856422,2.752532639621352
ets_additive_damped,region_12_median_rent,median_rent,region,12,West Coast Region,2025-08-01,6,18.50878938064895,24.85330332220601,4.097113712819801
seasonal_naive,region_12_median_rent,median_rent,region,12,West Coast Region,2025-08-01,6,33.333333333333336,35.939764421413045,7.657469101611254
xgboost_pooled_recursive,region_12_median_rent,median_rent,region,12,West Coast Region,2025-08-01,6,16.306732177734375,23.57985172397648,3.598856200473719
ets_additive_damped,region_12_median_rent,median_rent,region,12,West Coast Region,2025-09-01,6,17.536109367512932,24.45375007709487,3.827194475050186
seasonal_naive,region_12_median_rent,median_rent,region,12,West Coast Region,2025-09-01,6,30.833333333333332,34.701104689428355,7.054417570177761
xgboost_pooled_recursive,region_12_median_rent,median_rent,region,12,West Coast Region,2025-09-01,6,13.681228637695304,21.536306536620057,2.959165376925169
ets_additive_damped,region_12_median_rent,median_rent,region,12,West Coast Region,2025-10-01,6,25.246137820869336,32.1099119677487,5.435418530435088
seasonal_naive,region_12_median_rent,median_rent,region,12,West Coast Region,2025-10-01,6,37.5,44.767920061877646,8.326952034652841
xgboost_pooled_recursive,region_12_median_rent,median_rent,region,12,West Coast Region,2025-10-01,6,22.99462890624999,29.02720591800242,4.935868980305119
ets_additive_damped,region_12_median_rent,median_rent,region,12,West Coast Region,2025-11-01,6,24.39479234930988,31.521981816701704,5.242022755634273
seasonal_naive,region_12_median_rent,median_rent,region,12,West Coast Region,2025-11-01,6,31.666666666666668,41.02844541697057,6.9263359408647505
xgboost_pooled_recursive,region_12_median_rent,median_rent,region,12,West Coast Region,2025-11-01,6,22.107401529947907,29.139069694626517,4.730244298687378
ets_additive_damped,region_12_median_rent,median_rent,region,12,West Coast Region,2025-12-01,6,22.84604197707631,29.694256463321437,4.890312012052452
seasonal_naive,region_12_median_rent,median_rent,region,12,West Coast Region,2025-12-01,6,30.833333333333332,40.87582822810241,6.738288693993972
xgboost_pooled_recursive,region_12_median_rent,median_rent,region,12,West Coast Region,2025-12-01,6,21.870091756184895,28.002668175431012,4.675386071300447
ets_additive_damped,region_12_median_rent,median_rent,region,12,West Coast Region,2026-01-01,6,25.685680973095923,30.59160903316061,5.529700388246626
seasonal_naive,region_12_median_rent,median_rent,region,12,West Coast Region,2026-01-01,6,28.333333333333332,39.475730941090035,6.173658728275077
xgboost_pooled_recursive,region_12_median_rent,median_rent,region,12,West Coast Region,2026-01-01,6,25.068277994791657,33.233113944747245,5.391222201077953
ets_additive_damped,region_13_median_rent,median_rent,region,13,Canterbury Region,2025-02-01,6,5.2900005196783395,6.190840478755426,0.9757154211367617
seasonal_naive,region_13_median_rent,median_rent,region,13,Canterbury Region,2025-02-01,6,7.5,8.897565210026093,1.3825278075744363
xgboost_pooled_recursive,region_13_median_rent,median_rent,region,13,Canterbury Region,2025-02-01,6,11.891164143880209,13.528070146100909,2.1785071728614094
ets_additive_damped,region_13_median_rent,median_rent,region,13,Canterbury Region,2025-03-01,6,5.996459507943238,6.677180924926222,1.1086150165383382
seasonal_naive,region_13_median_rent,median_rent,region,13,Canterbury Region,2025-03-01,6,8.333333333333334,10.0,1.541833689090687
xgboost_pooled_recursive,region_13_median_rent,median_rent,region,13,Canterbury Region,2025-03-01,6,12.271453857421875,14.872762060057864,2.2488757910909056
ets_additive_damped,region_13_median_rent,median_rent,region,13,Canterbury Region,2025-04-01,6,6.842925623857259,7.797141259590508,1.2652859917963686
seasonal_naive,region_13_median_rent,median_rent,region,13,Canterbury Region,2025-04-01,6,6.666666666666667,8.16496580927726,1.2360429556930517
xgboost_pooled_recursive,region_13_median_rent,median_rent,region,13,Canterbury Region,2025-04-01,6,6.772054036458333,8.840457923580614,1.2528059336127308
ets_additive_damped,region_13_median_rent,median_rent,region,13,Canterbury Region,2025-05-01,6,8.0328040814915,9.405818266470625,1.4773593788183723
seasonal_naive,region_13_median_rent,median_rent,region,13,Canterbury Region,2025-05-01,6,8.166666666666666,10.496030995889193,1.496214089268519
xgboost_pooled_recursive,region_13_median_rent,median_rent,region,13,Canterbury Region,2025-05-01,6,10.809031168619791,13.459920297590989,1.977096853744145
ets_additive_damped,region_13_median_rent,median_rent,region,13,Canterbury Region,2025-06-01,6,8.650548973570892,9.6835223684699,1.562957309405088
seasonal_naive,region_13_median_rent,median_rent,region,13,Canterbury Region,2025-06-01,6,9.0,11.075498483890767,1.6310304020423647
xgboost_pooled_recursive,region_13_median_rent,median_rent,region,13,Canterbury Region,2025-06-01,6,11.81793212890625,15.600573285435503,2.1301383362196487
ets_additive_damped,region_13_median_rent,median_rent,region,13,Canterbury Region,2025-07-01,6,11.349366046217616,14.045066816002112,2.0230330822044893
seasonal_naive,region_13_median_rent,median_rent,region,13,Canterbury Region,2025-07-01,6,11.5,12.655697004379753,2.071559036403598
xgboost_pooled_recursive,region_13_median_rent,median_rent,region,13,Canterbury Region,2025-07-01,6,18.052703857421875,21.99267992008449,3.253827011778639
ets_additive_damped,region_13_median_rent,median_rent,region,13,Canterbury Region,2025-08-01,6,11.691226111448751,13.875361604499862,2.084246563288616
seasonal_naive,region_13_median_rent,median_rent,region,13,Canterbury Region,2025-08-01,6,10.666666666666666,12.489995996796797,1.9165202767136755
xgboost_pooled_recursive,region_13_median_rent,median_rent,region,13,Canterbury Region,2025-08-01,6,15.509328206380209,20.00403201029165,2.780712036754673
ets_additive_damped,region_13_median_rent,median_rent,region,13,Canterbury Region,2025-09-01,6,9.15156408803792,10.982770705841636,1.6222772591409813
seasonal_naive,region_13_median_rent,median_rent,region,13,Canterbury Region,2025-09-01,6,8.166666666666666,10.88577052853862,1.4514039976439082
xgboost_pooled_recursive,region_13_median_rent,median_rent,region,13,Canterbury Region,2025-09-01,6,13.143178304036459,17.9677052186003,2.344735327036963
ets_additive_damped,region_13_median_rent,median_rent,region,13,Canterbury Region,2025-10-01,6,9.691502513712635,11.509745606185062,1.718274715632619
seasonal_naive,region_13_median_rent,median_rent,region,13,Canterbury Region,2025-10-01,6,7.333333333333333,10.692676621563626,1.2963652379539856
xgboost_pooled_recursive,region_13_median_rent,median_rent,region,13,Canterbury Region,2025-10-01,6,13.363210042317709,18.064506329393367,2.382450190004901
ets_additive_damped,region_13_median_rent,median_rent,region,13,Canterbury Region,2025-11-01,6,8.603654026034482,9.550472512305832,1.5316491462550474
seasonal_naive,region_13_median_rent,median_rent,region,13,Canterbury Region,2025-11-01,6,4.166666666666667,7.359800721939872,0.7303837068250016
xgboost_pooled_recursive,region_13_median_rent,median_rent,region,13,Canterbury Region,2025-11-01,6,11.3924560546875,13.274373189404427,2.0308238707403636
ets_additive_damped,region_13_median_rent,median_rent,region,13,Canterbury Region,2025-12-01,6,11.05552803060425,12.5244987390738,1.9824800790762764
seasonal_naive,region_13_median_rent,median_rent,region,13,Canterbury Region,2025-12-01,6,5.0,8.660254037844387,0.9013581274487912
xgboost_pooled_recursive,region_13_median_rent,median_rent,region,13,Canterbury Region,2025-12-01,6,11.276346842447916,11.954443659485435,2.021088857597344
ets_additive_damped,region_13_median_rent,median_rent,region,13,Canterbury Region,2026-01-01,6,13.073497849964875,13.76850220912162,2.346112328401562
seasonal_naive,region_13_median_rent,median_rent,region,13,Canterbury Region,2026-01-01,6,5.833333333333333,10.206207261596576,1.0781134437048416
xgboost_pooled_recursive,region_13_median_rent,median_rent,region,13,Canterbury Region,2026-01-01,6,10.281758626302084,11.113481568239004,1.8492354128187907
ets_additive_damped,region_14_median_rent,median_rent,region,14,Otago Region,2025-02-01,6,23.561117294726802,25.4128914050643,4.074137820698429
seasonal_naive,region_14_median_rent,median_rent,region,14,Otago Region,2025-02-01,6,13.666666666666666,18.275666882497067,2.4162799701842776
xgboost_pooled_recursive,region_14_median_rent,median_rent,region,14,Otago Region,2025-02-01,6,17.401885986328125,20.867218953926802,3.0452662884573174
ets_additive_damped,region_14_median_rent,median_rent,region,14,Otago Region,2025-03-01,6,20.294666542987233,24.599540050789606,3.5225295042967506
seasonal_naive,region_14_median_rent,median_rent,region,14,Otago Region,2025-03-01,6,17.0,21.61789382278795,2.99542532484315
xgboost_pooled_recursive,region_14_median_rent,median_rent,region,14,Otago Region,2025-03-01,6,17.912089029947918,20.521063893111375,3.131272727566372
ets_additive_damped,region_14_median_rent,median_rent,region,14,Otago Region,2025-04-01,6,17.798832990330727,22.71501736761514,3.096502754512796
seasonal_naive,region_14_median_rent,median_rent,region,14,Otago Region,2025-04-01,6,14.5,18.83702028807458,2.5396541219869837
xgboost_pooled_recursive,region_14_median_rent,median_rent,region,14,Otago Region,2025-04-01,6,18.017578125,19.001068648353893,3.1451238473551095
ets_additive_damped,region_14_median_rent,median_rent,region,14,Otago Region,2025-05-01,6,15.846640354093532,21.028487414472863,2.781648350089316
seasonal_naive,region_14_median_rent,median_rent,region,14,Otago Region,2025-05-01,6,17.5,20.514222708485285,3.0792439144983126
xgboost_pooled_recursive,region_14_median_rent,median_rent,region,14,Otago Region,2025-05-01,6,15.820159912109375,17.499991607575307,2.778858284055953
ets_additive_damped,region_14_median_rent,median_rent,region,14,Otago Region,2025-06-01,6,19.85879061271345,23.22774414219865,3.459366939972055
seasonal_naive,region_14_median_rent,median_rent,region,14,Otago Region,2025-06-01,6,13.333333333333334,16.583123951777,2.352740213559083
xgboost_pooled_recursive,region_14_median_rent,median_rent,region,14,Otago Region,2025-06-01,6,16.620564778645832,19.453583703001396,2.9197393441614357
ets_additive_damped,region_14_median_rent,median_rent,region,14,Otago Region,2025-07-01,6,21.226126477040413,25.139434453748557,3.467373907113925
seasonal_naive,region_14_median_rent,median_rent,region,14,Otago Region,2025-07-01,6,21.666666666666668,29.297326385411576,3.4223029269574123
xgboost_pooled_recursive,region_14_median_rent,median_rent,region,14,Otago Region,2025-07-01,6,27.431009928385418,44.02832894772377,4.235770247731591
ets_additive_damped,region_14_median_rent,median_rent,region,14,Otago Region,2025-08-01,6,19.901840255863686,24.257745083753832,3.218863725113965
seasonal_naive,region_14_median_rent,median_rent,region,14,Otago Region,2025-08-01,6,21.666666666666668,29.297326385411576,3.4223029269574123
xgboost_pooled_recursive,region_14_median_rent,median_rent,region,14,Otago Region,2025-08-01,6,29.100311279296875,45.396447271659774,4.518349126666573
ets_additive_damped,region_14_median_rent,median_rent,region,14,Otago Region,2025-09-01,6,16.557480746040028,22.63845001551248,2.5940908348051157
seasonal_naive,region_14_median_rent,median_rent,region,14,Otago Region,2025-09-01,6,16.666666666666668,26.614532371118855,2.5373471747450234
xgboost_pooled_recursive,region_14_median_rent,median_rent,region,14,Otago Region,2025-09-01,6,37.71234130859375,51.661742095030625,5.993118956444087
ets_additive_damped,region_14_median_rent,median_rent,region,14,Otago Region,2025-10-01,6,16.91926965208724,22.509543569316854,2.6680306171130943
seasonal_naive,region_14_median_rent,median_rent,region,14,Otago Region,2025-10-01,6,15.833333333333334,26.22022120425379,2.3930629102890846
xgboost_pooled_recursive,region_14_median_rent,median_rent,region,14,Otago Region,2025-10-01,6,28.644978841145832,46.315850933130264,4.439885985201775
ets_additive_damped,region_14_median_rent,median_rent,region,14,Otago Region,2025-11-01,6,20.39530266014204,24.452106188910246,3.21275152272009
seasonal_naive,region_14_median_rent,median_rent,region,14,Otago Region,2025-11-01,6,19.166666666666668,29.790938219532464,2.8730936322552902
xgboost_pooled_recursive,region_14_median_rent,median_rent,region,14,Otago Region,2025-11-01,6,32.97357177734375,47.38960611117967,5.118664474011689
ets_additive_damped,region_14_median_rent,median_rent,region,14,Otago Region,2025-12-01,6,18.394630863767684,24.483043365160807,2.852557744459623
seasonal_naive,region_14_median_rent,median_rent,region,14,Otago Region,2025-12-01,6,20.0,30.0,3.010144160621143
xgboost_pooled_recursive,region_14_median_rent,median_rent,region,14,Otago Region,2025-12-01,6,41.345133463541664,55.7769615604635,6.501025343402292
ets_additive_damped,region_14_median_rent,median_rent,region,14,Otago Region,2026-01-01,6,14.675813078953334,16.903184090566818,2.513419005105784
seasonal_naive,region_14_median_rent,median_rent,region,14,Otago Region,2026-01-01,6,13.333333333333334,19.148542155126762,2.22507646855994
xgboost_pooled_recursive,region_14_median_rent,median_rent,region,14,Otago Region,2026-01-01,6,30.003275553385418,33.13790271654294,5.0962974049185
ets_additive_damped,region_15_median_rent,median_rent,region,15,Southland Region,2025-02-01,6,14.783012163975314,15.539070554689696,3.062320468825434
seasonal_naive,region_15_median_rent,median_rent,region,15,Southland Region,2025-02-01,6,26.166666666666668,31.222321075367432,5.673074803655321
xgboost_pooled_recursive,region_15_median_rent,median_rent,region,15,Southland Region,2025-02-01,6,5.084686279296865,7.889838277236818,1.0760449329793607
ets_additive_damped,region_15_median_rent,median_rent,region,15,Southland Region,2025-03-01,6,8.60381073253103,9.64138766792314,1.7785786270464479
seasonal_naive,region_15_median_rent,median_rent,region,15,Southland Region,2025-03-01,6,27.833333333333332,31.488092987667578,6.027684732733335
xgboost_pooled_recursive,region_15_median_rent,median_rent,region,15,Southland Region,2025-03-01,6,5.595092773437481,6.244757178813571,1.1746344616180575
ets_additive_damped,region_15_median_rent,median_rent,region,15,Southland Region,2025-04-01,6,13.383882202330568,19.297219062203766,2.8070800556369577
seasonal_naive,region_15_median_rent,median_rent,region,15,Southland Region,2025-04-01,6,32.0,35.529330606322056,6.905766461878894
xgboost_pooled_recursive,region_15_median_rent,median_rent,region,15,Southland Region,2025-04-01,6,9.270487467447927,16.278579419250825,1.9641458286165
ets_additive_damped,region_15_median_rent,median_rent,region,15,Southland Region,2025-05-01,6,13.022718969326283,18.70752354679318,2.7275431605451312
seasonal_naive,region_15_median_rent,median_rent,region,15,Southland Region,2025-05-01,6,29.166666666666668,31.424512724941337,6.19055789783312
xgboost_pooled_recursive,region_15_median_rent,median_rent,region,15,Southland Region,2025-05-01,6,12.35076904296875,16.253571366856498,2.593786688263312
ets_additive_damped,region_15_median_rent,median_rent,region,15,Southland Region,2025-06-01,6,16.25849612063244,20.647532276083577,3.3950653771545802
seasonal_naive,region_15_median_rent,median_rent,region,15,Southland Region,2025-06-01,6,24.666666666666668,28.965496715920477,5.221333619335077
xgboost_pooled_recursive,region_15_median_rent,median_rent,region,15,Southland Region,2025-06-01,6,14.229258219401041,17.756711282288883,2.9855943827420326
ets_additive_damped,region_15_median_rent,median_rent,region,15,Southland Region,2025-07-01,6,17.470525868690856,20.752231575066862,3.642731319237892
seasonal_naive,region_15_median_rent,median_rent,region,15,Southland Region,2025-07-01,6,24.666666666666668,28.965496715920477,5.192385870022586
xgboost_pooled_recursive,region_15_median_rent,median_rent,region,15,Southland Region,2025-07-01,6,14.657023111979166,16.7383365386486,3.071399716153677
ets_additive_damped,region_15_median_rent,median_rent,region,15,Southland Region,2025-08-01,6,18.85595415695377,21.158053288106117,3.937236040632053
seasonal_naive,region_15_median_rent,median_rent,region,15,Southland Region,2025-08-01,6,21.333333333333332,26.564387187862373,4.475539991886385
xgboost_pooled_recursive,region_15_median_rent,median_rent,region,15,Southland Region,2025-08-01,6,18.070719401041668,19.83521205664003,3.771771241612044
ets_additive_damped,region_15_median_rent,median_rent,region,15,Southland Region,2025-09-01,6,15.941848955879948,18.808357764119577,3.335181573870618
seasonal_naive,region_15_median_rent,median_rent,region,15,Southland Region,2025-09-01,6,24.666666666666668,28.965496715920477,5.173561641755739
xgboost_pooled_recursive,region_15_median_rent,median_rent,region,15,Southland Region,2025-09-01,6,18.36834716796875,20.03758034847632,3.8306874461357734
ets_additive_damped,region_15_median_rent,median_rent,region,15,Southland Region,2025-10-01,6,11.766044806342771,14.718408872052468,2.408062198939859
seasonal_naive,region_15_median_rent,median_rent,region,15,Southland Region,2025-10-01,6,22.166666666666668,25.524498036200438,4.596361064555162
xgboost_pooled_recursive,region_15_median_rent,median_rent,region,15,Southland Region,2025-10-01,6,16.845046997070302,18.450878806028804,3.453204449792529
ets_additive_damped,region_15_median_rent,median_rent,region,15,Southland Region,2025-11-01,6,8.430384220023456,9.942656223069037,1.730924965019514
seasonal_naive,region_15_median_rent,median_rent,region,15,Southland Region,2025-11-01,6,18.0,20.55075018906447,3.7202926884867855
xgboost_pooled_recursive,region_15_median_rent,median_rent,region,15,Southland Region,2025-11-01,6,14.810338338216146,16.07038365252256,3.036714494731271
ets_additive_damped,region_15_median_rent,median_rent,region,15,Southland Region,2025-12-01,6,8.80264887857309,10.471347610161617,1.7950400992764501
seasonal_naive,region_15_median_rent,median_rent,region,15,Southland Region,2025-12-01,6,19.666666666666668,21.18962010041709,4.059606149095362
xgboost_pooled_recursive,region_15_median_rent,median_rent,region,15,Southland Region,2025-12-01,6,14.318257649739584,15.448285964539501,2.927777572561123
ets_additive_damped,region_15_median_rent,median_rent,region,15,Southland Region,2026-01-01,6,11.290896168557566,12.33994574234272,2.2993750850519357
seasonal_naive,region_15_median_rent,median_rent,region,15,Southland Region,2026-01-01,6,19.666666666666668,21.18962010041709,4.059606149095362
xgboost_pooled_recursive,region_15_median_rent,median_rent,region,15,Southland Region,2026-01-01,6,20.321426391601545,22.40868488607348,4.179750952390815
ets_additive_damped,region_16_median_rent,median_rent,region,16,Tasman Region,2025-02-01,6,7.30942478890114,11.10452065668314,1.267255921775298
seasonal_naive,region_16_median_rent,median_rent,region,16,Tasman Region,2025-02-01,6,21.666666666666668,27.012342857787562,3.8265876970246993
xgboost_pooled_recursive,region_16_median_rent,median_rent,region,16,Tasman Region,2025-02-01,6,7.495137532552083,9.57575304208714,1.2994302033984586
ets_additive_damped,region_16_median_rent,median_rent,region,16,Tasman Region,2025-03-01,6,7.060275550239301,10.835909216466884,1.2232799105873728
seasonal_naive,region_16_median_rent,median_rent,region,16,Tasman Region,2025-03-01,6,22.5,27.456025446763654,3.979893305513136
xgboost_pooled_recursive,region_16_median_rent,median_rent,region,16,Tasman Region,2025-03-01,6,6.635030110677083,10.087209017739996,1.1519563300948765
ets_additive_damped,region_16_median_rent,median_rent,region,16,Tasman Region,2025-04-01,6,8.735224686268813,11.89238266707759,1.5103370718654858
seasonal_naive,region_16_median_rent,median_rent,region,16,Tasman Region,2025-04-01,6,24.5,30.295764280396252,4.368577520513575
xgboost_pooled_recursive,region_16_median_rent,median_rent,region,16,Tasman Region,2025-04-01,6,7.84991455078125,11.540021555457063,1.3649924321715876
ets_additive_damped,region_16_median_rent,median_rent,region,16,Tasman Region,2025-05-01,6,4.400722343815403,5.44747623761099,0.7581689499718418
seasonal_naive,region_16_median_rent,median_rent,region,16,Tasman Region,2025-05-01,6,25.666666666666668,30.54504869860253,4.566886647339297
xgboost_pooled_recursive,region_16_median_rent,median_rent,region,16,Tasman Region,2025-05-01,6,6.560943603515625,7.21742980028726,1.139310072279294
ets_additive_damped,region_16_median_rent,median_rent,region,16,Tasman Region,2025-06-01,6,5.099709860593198,6.2602928780253855,0.8735690909211016
seasonal_naive,region_16_median_rent,median_rent,region,16,Tasman Region,2025-06-01,6,25.666666666666668,30.54504869860253,4.5571436196934565
xgboost_pooled_recursive,region_16_median_rent,median_rent,region,16,Tasman Region,2025-06-01,6,11.286539713541666,11.755831813267644,1.961665479444102
ets_additive_damped,region_16_median_rent,median_rent,region,16,Tasman Region,2025-07-01,6,5.0370072294588795,6.370292137819443,0.8623557246707363
seasonal_naive,region_16_median_rent,median_rent,region,16,Tasman Region,2025-07-01,6,19.833333333333332,23.53366383148475,3.481174033085572
xgboost_pooled_recursive,region_16_median_rent,median_rent,region,16,Tasman Region,2025-07-01,6,8.207956949869791,8.99672313719279,1.4193552577905284
ets_additive_damped,region_16_median_rent,median_rent,region,16,Tasman Region,2025-08-01,6,5.1753881974458595,6.629502373717417,0.8847346007759443
seasonal_naive,region_16_median_rent,median_rent,region,16,Tasman Region,2025-08-01,6,18.666666666666668,22.700954458641895,3.2658018430196147
xgboost_pooled_recursive,region_16_median_rent,median_rent,region,16,Tasman Region,2025-08-01,6,7.389322916666667,8.450252913732756,1.2710924299275117
ets_additive_damped,region_16_median_rent,median_rent,region,16,Tasman Region,2025-09-01,6,6.219415099587138,7.6742061240205475,1.0517071767644417
seasonal_naive,region_16_median_rent,median_rent,region,16,Tasman Region,2025-09-01,6,21.166666666666668,25.25536246687688,3.6678980456407517
xgboost_pooled_recursive,region_16_median_rent,median_rent,region,16,Tasman Region,2025-09-01,6,9.343210856119791,11.395862981438716,1.5867825541073965
ets_additive_damped,region_16_median_rent,median_rent,region,16,Tasman Region,2025-10-01,6,11.038751527534393,15.023577498587292,1.8758348285842121
seasonal_naive,region_16_median_rent,median_rent,region,16,Tasman Region,2025-10-01,6,17.0,18.717193521821944,2.893566740465767
xgboost_pooled_recursive,region_16_median_rent,median_rent,region,16,Tasman Region,2025-10-01,6,10.764414469401041,14.24459908688382,1.830346199406328
ets_additive_damped,region_16_median_rent,median_rent,region,16,Tasman Region,2025-11-01,6,10.25775609709594,13.88179454236706,1.7393107936897907
seasonal_naive,region_16_median_rent,median_rent,region,16,Tasman Region,2025-11-01,6,20.333333333333332,21.992422937608914,3.47577563601799
xgboost_pooled_recursive,region_16_median_rent,median_rent,region,16,Tasman Region,2025-11-01,6,9.915354410807291,13.506100384048326,1.684637093418367
ets_additive_damped,region_16_median_rent,median_rent,region,16,Tasman Region,2025-12-01,6,14.659197461029407,18.07712149446475,2.5078898546341484
seasonal_naive,region_16_median_rent,median_rent,region,16,Tasman Region,2025-12-01,6,22.0,23.101226518664905,3.78045891283749
xgboost_pooled_recursive,region_16_median_rent,median_rent,region,16,Tasman Region,2025-12-01,6,13.941660563151041,17.48554164998333,2.387073067263415
ets_additive_damped,region_16_median_rent,median_rent,region,16,Tasman Region,2026-01-01,6,15.552870937678486,18.8262513247086,2.657013903229689
seasonal_naive,region_16_median_rent,median_rent,region,16,Tasman Region,2026-01-01,6,22.833333333333332,23.724108694181396,3.9198987493563022
xgboost_pooled_recursive,region_16_median_rent,median_rent,region,16,Tasman Region,2026-01-01,6,16.887969970703125,18.483400035892416,2.886394971540658
ets_additive_damped,region_17_median_rent,median_rent,region,17,Nelson Region,2025-02-01,6,22.76096833972959,28.831807624658857,4.132191550926015
seasonal_naive,region_17_median_rent,median_rent,region,17,Nelson Region,2025-02-01,6,20.666666666666668,26.166135875720485,3.826178686489714
xgboost_pooled_recursive,region_17_median_rent,median_rent,region,17,Nelson Region,2025-02-01,6,17.73126220703125,23.44703273085564,3.245647053695218
ets_additive_damped,region_17_median_rent,median_rent,region,17,Nelson Region,2025-03-01,6,26.427899471657195,32.76008064093983,4.831577940173214
seasonal_naive,region_17_median_rent,median_rent,region,17,Nelson Region,2025-03-01,6,22.333333333333332,26.482698754721607,4.143639003950032
xgboost_pooled_recursive,region_17_median_rent,median_rent,region,17,Nelson Region,2025-03-01,6,19.909230550130207,24.706780102964895,3.6759028632741266
ets_additive_damped,region_17_median_rent,median_rent,region,17,Nelson Region,2025-04-01,6,24.888478393697522,30.517900297904553,4.572555251648188
seasonal_naive,region_17_median_rent,median_rent,region,17,Nelson Region,2025-04-01,6,23.166666666666668,26.56124997058685,4.2986777636399545
xgboost_pooled_recursive,region_17_median_rent,median_rent,region,17,Nelson Region,2025-04-01,6,19.534027099609375,21.54824983573206,3.6131958183358357
ets_additive_damped,region_17_median_rent,median_rent,region,17,Nelson Region,2025-05-01,6,35.93604359124638,41.00205385809838,6.644308386492457
seasonal_naive,region_17_median_rent,median_rent,region,17,Nelson Region,2025-05-01,6,27.333333333333332,31.906112267087632,5.124944343331191
xgboost_pooled_recursive,region_17_median_rent,median_rent,region,17,Nelson Region,2025-05-01,6,28.337992350260418,32.08956936447867,5.286868037968243
ets_additive_damped,region_17_median_rent,median_rent,region,17,Nelson Region,2025-06-01,6,41.982559442112326,43.950247826187734,7.727473590527099
seasonal_naive,region_17_median_rent,median_rent,region,17,Nelson Region,2025-06-01,6,24.833333333333332,28.818396901979124,4.6382411739268194
xgboost_pooled_recursive,region_17_median_rent,median_rent,region,17,Nelson Region,2025-06-01,6,28.627604166666668,31.66247209187802,5.344644175386106
ets_additive_damped,region_17_median_rent,median_rent,region,17,Nelson Region,2025-07-01,6,27.88361795268982,32.94454604141487,5.180320520359174
seasonal_naive,region_17_median_rent,median_rent,region,17,Nelson Region,2025-07-01,6,22.0,26.938200880286466,4.089326442103542
xgboost_pooled_recursive,region_17_median_rent,median_rent,region,17,Nelson Region,2025-07-01,6,12.771616617838541,17.133223546764807,2.424202445121623
ets_additive_damped,region_17_median_rent,median_rent,region,17,Nelson Region,2025-08-01,6,21.964932959322653,26.366395017681388,4.089181823042887
seasonal_naive,region_17_median_rent,median_rent,region,17,Nelson Region,2025-08-01,6,19.166666666666668,24.916527312876756,3.556367035370014
xgboost_pooled_recursive,region_17_median_rent,median_rent,region,17,Nelson Region,2025-08-01,6,15.052225748697916,19.625764855656794,2.8296592441461446
ets_additive_damped,region_17_median_rent,median_rent,region,17,Nelson Region,2025-09-01,6,13.205062575689547,19.229660066188586,2.4672649000006026
seasonal_naive,region_17_median_rent,median_rent,region,17,Nelson Region,2025-09-01,6,17.5,24.579802006254376,3.238906717909696
xgboost_pooled_recursive,region_17_median_rent,median_rent,region,17,Nelson Region,2025-09-01,6,12.188120524088541,17.27400905915314,2.291982166566969
ets_additive_damped,region_17_median_rent,median_rent,region,17,Nelson Region,2025-10-01,6,16.72287564811967,21.224917251254354,3.0839640687054017
seasonal_naive,region_17_median_rent,median_rent,region,17,Nelson Region,2025-10-01,6,21.666666666666668,27.386127875258307,3.968823710432163
xgboost_pooled_recursive,region_17_median_rent,median_rent,region,17,Nelson Region,2025-10-01,6,16.191752115885418,20.32769240873943,2.9895572624206626
ets_additive_damped,region_17_median_rent,median_rent,region,17,Nelson Region,2025-11-01,6,26.536387429249128,30.370160490274838,4.849962045871906
seasonal_naive,region_17_median_rent,median_rent,region,17,Nelson Region,2025-11-01,6,13.333333333333334,18.257418583505537,2.381522123130575
xgboost_pooled_recursive,region_17_median_rent,median_rent,region,17,Nelson Region,2025-11-01,6,12.032145182291666,15.385295100825186,2.1575723283001813
ets_additive_damped,region_17_median_rent,median_rent,region,17,Nelson Region,2025-12-01,6,30.29680740266978,32.834118030319026,5.528529884378431
seasonal_naive,region_17_median_rent,median_rent,region,17,Nelson Region,2025-12-01,6,8.666666666666666,13.564659966250536,1.53972287707601
xgboost_pooled_recursive,region_17_median_rent,median_rent,region,17,Nelson Region,2025-12-01,6,9.83197021484375,12.060325954540028,1.754763976440276
ets_additive_damped,region_17_median_rent,median_rent,region,17,Nelson Region,2026-01-01,6,21.422978765898353,24.579824313785128,3.896892348125892
seasonal_naive,region_17_median_rent,median_rent,region,17,Nelson Region,2026-01-01,6,11.5,16.99509733227007,2.0886376088992877
xgboost_pooled_recursive,region_17_median_rent,median_rent,region,17,Nelson Region,2026-01-01,6,12.769856770833334,15.23834364794424,2.296016649288744
ets_additive_damped,region_18_median_rent,median_rent,region,18,Marlborough Region,2025-02-01,6,20.77766994827554,23.067875792860065,3.687332275769062
seasonal_naive,region_18_median_rent,median_rent,region,18,Marlborough Region,2025-02-01,6,18.333333333333332,22.9128784747792,3.317435213403816
xgboost_pooled_recursive,region_18_median_rent,median_rent,region,18,Marlborough Region,2025-02-01,6,16.23046875,18.966542638905903,2.889008932043184
ets_additive_damped,region_18_median_rent,median_rent,region,18,Marlborough Region,2025-03-01,6,22.669052807989488,25.04308821403397,4.021150907178668
seasonal_naive,region_18_median_rent,median_rent,region,18,Marlborough Region,2025-03-01,6,26.666666666666668,37.969285832981726,4.996582025293991
xgboost_pooled_recursive,region_18_median_rent,median_rent,region,18,Marlborough Region,2025-03-01,6,14.804148356119791,16.445243531023593,2.6485190992005205
ets_additive_damped,region_18_median_rent,median_rent,region,18,Marlborough Region,2025-04-01,6,22.533690931534085,24.911113256310564,3.9955961769341948
seasonal_naive,region_18_median_rent,median_rent,region,18,Marlborough Region,2025-04-01,6,25.833333333333332,37.13713325859532,4.837282941263724
xgboost_pooled_recursive,region_18_median_rent,median_rent,region,18,Marlborough Region,2025-04-01,6,16.290903727213543,19.179201204893587,2.905291070103476
ets_additive_damped,region_18_median_rent,median_rent,region,18,Marlborough Region,2025-05-01,6,25.937785326467367,28.113148352039143,4.586546189892053
seasonal_naive,region_18_median_rent,median_rent,region,18,Marlborough Region,2025-05-01,6,26.666666666666668,37.30504880933232,4.990424220369983
xgboost_pooled_recursive,region_18_median_rent,median_rent,region,18,Marlborough Region,2025-05-01,6,13.954203287760416,18.797693836753314,2.503339631388184
ets_additive_damped,region_18_median_rent,median_rent,region,18,Marlborough Region,2025-06-01,6,20.695075710691565,23.622885160868005,3.6662965667136103
seasonal_naive,region_18_median_rent,median_rent,region,18,Marlborough Region,2025-06-01,6,28.333333333333332,37.52776749732568,5.290724520670282
xgboost_pooled_recursive,region_18_median_rent,median_rent,region,18,Marlborough Region,2025-06-01,6,12.974375406901041,15.248766773619613,2.3377201949516726
ets_additive_damped,region_18_median_rent,median_rent,region,18,Marlborough Region,2025-07-01,6,13.925258080903651,16.193637060019565,2.456596606945794
seasonal_naive,region_18_median_rent,median_rent,region,18,Marlborough Region,2025-07-01,6,29.166666666666668,37.914377220257755,5.41469034922015
xgboost_pooled_recursive,region_18_median_rent,median_rent,region,18,Marlborough Region,2025-07-01,6,16.496195475260418,19.723876662230467,2.9942008465869057
ets_additive_damped,region_18_median_rent,median_rent,region,18,Marlborough Region,2025-08-01,6,7.340852898155276,8.88162997993568,1.297491368228709
seasonal_naive,region_18_median_rent,median_rent,region,18,Marlborough Region,2025-08-01,6,28.833333333333332,37.74696455787317,5.346693027268524
xgboost_pooled_recursive,region_18_median_rent,median_rent,region,18,Marlborough Region,2025-08-01,6,13.96331787109375,16.975623387714553,2.527878880380406
ets_additive_damped,region_18_median_rent,median_rent,region,18,Marlborough Region,2025-09-01,6,11.425068569943297,13.495542405890328,2.0236326940589704
seasonal_naive,region_18_median_rent,median_rent,region,18,Marlborough Region,2025-09-01,6,20.5,22.542552354750487,3.6675462153783487
xgboost_pooled_recursive,region_18_median_rent,median_rent,region,18,Marlborough Region,2025-09-01,6,12.37677001953125,13.974445470101537,2.2197618690428107
ets_additive_damped,region_18_median_rent,median_rent,region,18,Marlborough Region,2025-10-01,6,13.38155980260988,15.149534350947642,2.3759339809105717
seasonal_naive,region_18_median_rent,median_rent,region,18,Marlborough Region,2025-10-01,6,16.333333333333332,17.90716802475106,2.892577698474348
xgboost_pooled_recursive,region_18_median_rent,median_rent,region,18,Marlborough Region,2025-10-01,6,14.999155680338541,16.096193835146774,2.6607331976570325
ets_additive_damped,region_18_median_rent,median_rent,region,18,Marlborough Region,2025-11-01,6,14.03676757675214,15.903085512730785,2.4887877139820076
seasonal_naive,region_18_median_rent,median_rent,region,18,Marlborough Region,2025-11-01,6,16.333333333333332,17.90716802475106,2.882492732637169
xgboost_pooled_recursive,region_18_median_rent,median_rent,region,18,Marlborough Region,2025-11-01,6,13.668039957682291,16.210116123643466,2.4198104198807284
ets_additive_damped,region_18_median_rent,median_rent,region,18,Marlborough Region,2025-12-01,6,15.424448524160008,16.911814606424574,2.7398751725127357
seasonal_naive,region_18_median_rent,median_rent,region,18,Marlborough Region,2025-12-01,6,14.666666666666666,17.435595774162696,2.582192432336869
xgboost_pooled_recursive,region_18_median_rent,median_rent,region,18,Marlborough Region,2025-12-01,6,14.918589274088541,16.1094951305842,2.6498756448234673
ets_additive_damped,region_18_median_rent,median_rent,region,18,Marlborough Region,2026-01-01,6,14.703872999356841,15.602872263686987,2.6049397431060854
seasonal_naive,region_18_median_rent,median_rent,region,18,Marlborough Region,2026-01-01,6,19.666666666666668,25.573423705088842,3.4854923487946805
xgboost_pooled_recursive,region_18_median_rent,median_rent,region,18,Marlborough Region,2026-01-01,6,13.127421061197916,15.975863082292555,2.326010977934821
ets_additive_damped,region_1_median_rent,median_rent,region,1,Northland Region,2025-02-01,6,12.482355185760412,13.196221783721013,2.198197309767024
seasonal_naive,region_1_median_rent,median_rent,region,1,Northland Region,2025-02-01,6,12.833333333333334,15.806116959371563,2.2818207901363987
xgboost_pooled_recursive,region_1_median_rent,median_rent,region,1,Northland Region,2025-02-01,6,11.511454264322916,12.74602102947115,2.025263054674767
ets_additive_damped,region_1_median_rent,median_rent,region,1,Northland Region,2025-03-01,6,11.744498010034684,12.349664597751165,2.0679555398930676
seasonal_naive,region_1_median_rent,median_rent,region,1,Northland Region,2025-03-01,6,10.666666666666666,14.594519519326424,1.8930205890512881
xgboost_pooled_recursive,region_1_median_rent,median_rent,region,1,Northland Region,2025-03-01,6,10.417317708333334,11.05854965092472,1.8339702415506036
ets_additive_damped,region_1_median_rent,median_rent,region,1,Northland Region,2025-04-01,6,10.698011963282227,11.94065266378415,1.8884964428956135
seasonal_naive,region_1_median_rent,median_rent,region,1,Northland Region,2025-04-01,6,9.833333333333334,13.862419221285535,1.7513246170813273
xgboost_pooled_recursive,region_1_median_rent,median_rent,region,1,Northland Region,2025-04-01,6,10.384470621744791,11.501176702233876,1.8327267208692148
ets_additive_damped,region_1_median_rent,median_rent,region,1,Northland Region,2025-05-01,6,13.211553461070006,14.72741633775727,2.33247653278386
seasonal_naive,region_1_median_rent,median_rent,region,1,Northland Region,2025-05-01,6,11.5,14.451066857963578,2.051624917381628
xgboost_pooled_recursive,region_1_median_rent,median_rent,region,1,Northland Region,2025-05-01,6,12.175577799479166,12.997869550888769,2.1514178088730977
ets_additive_damped,region_1_median_rent,median_rent,region,1,Northland Region,2025-06-01,6,16.547339371083467,17.639385340774872,2.911349104763361
seasonal_naive,region_1_median_rent,median_rent,region,1,Northland Region,2025-06-01,6,8.166666666666666,8.689073598491383,1.4616544159067013
xgboost_pooled_recursive,region_1_median_rent,median_rent,region,1,Northland Region,2025-06-01,6,6.521291097005208,7.445925638262423,1.160898186589461
ets_additive_damped,region_1_median_rent,median_rent,region,1,Northland Region,2025-07-01,6,7.2965682809002415,7.810534205597021,1.2866748060216442
seasonal_naive,region_1_median_rent,median_rent,region,1,Northland Region,2025-07-01,6,11.5,14.451066857963578,2.040799770565574
xgboost_pooled_recursive,region_1_median_rent,median_rent,region,1,Northland Region,2025-07-01,6,4.940673828125,5.568601040617511,0.8719423624151861
ets_additive_damped,region_1_median_rent,median_rent,region,1,Northland Region,2025-08-01,6,7.798110118771433,8.810709910430091,1.3726369268460599
seasonal_naive,region_1_median_rent,median_rent,region,1,Northland Region,2025-08-01,6,13.666666666666666,16.350331291240963,2.4196521678134744
xgboost_pooled_recursive,region_1_median_rent,median_rent,region,1,Northland Region,2025-08-01,6,6.209788004557292,6.602780732257644,1.0929108282813416
ets_additive_damped,region_1_median_rent,median_rent,region,1,Northland Region,2025-09-01,6,7.212040379072448,7.653706500613833,1.2621730025236875
seasonal_naive,region_1_median_rent,median_rent,region,1,Northland Region,2025-09-01,6,15.833333333333334,17.440374613713626,2.7967030983324666
xgboost_pooled_recursive,region_1_median_rent,median_rent,region,1,Northland Region,2025-09-01,6,4.940480550130208,5.447992322233388,0.8636776689112012
ets_additive_damped,region_1_median_rent,median_rent,region,1,Northland Region,2025-10-01,6,6.86055051864533,8.616779249032303,1.1960043271190604
seasonal_naive,region_1_median_rent,median_rent,region,1,Northland Region,2025-10-01,6,14.166666666666666,16.95582495781317,2.5017178475950033
xgboost_pooled_recursive,region_1_median_rent,median_rent,region,1,Northland Region,2025-10-01,6,3.2840067545572915,3.8683473908272994,0.5738122142036929
ets_additive_damped,region_1_median_rent,median_rent,region,1,Northland Region,2025-11-01,6,8.808463887075769,10.181067903616313,1.5364908435971552
seasonal_naive,region_1_median_rent,median_rent,region,1,Northland Region,2025-11-01,6,15.0,17.55942292142123,2.638098770002127
xgboost_pooled_recursive,region_1_median_rent,median_rent,region,1,Northland Region,2025-11-01,6,8.088704427083334,9.263893770620209,1.4099591086701906
ets_additive_damped,region_1_median_rent,median_rent,region,1,Northland Region,2025-12-01,6,10.044166088227863,10.63639146938437,1.7508510496317267
seasonal_naive,region_1_median_rent,median_rent,region,1,Northland Region,2025-12-01,6,13.333333333333334,17.07825127659933,2.3431135192646635
xgboost_pooled_recursive,region_1_median_rent,median_rent,region,1,Northland Region,2025-12-01,6,8.021270751953125,8.410379348398276,1.3964366034551199
ets_additive_damped,region_1_median_rent,median_rent,region,1,Northland Region,2026-01-01,6,7.980471701043068,9.441523314640158,1.393786401601343
seasonal_naive,region_1_median_rent,median_rent,region,1,Northland Region,2026-01-01,6,10.0,12.583057392117917,1.758458067352574
xgboost_pooled_recursive,region_1_median_rent,median_rent,region,1,Northland Region,2026-01-01,6,7.740234375,8.167898315458638,1.3510147017098009
ets_additive_damped,region_2_median_rent,median_rent,region,2,Auckland Region,2025-02-01,6,5.000827218400464,5.217920796326802,0.7661499131256544
seasonal_naive,region_2_median_rent,median_rent,region,2,Auckland Region,2025-02-01,6,2.5,4.564354645876384,0.3821668470260205
xgboost_pooled_recursive,region_2_median_rent,median_rent,region,2,Auckland Region,2025-02-01,6,14.511637369791666,14.633500172637273,2.207506563633817
ets_additive_damped,region_2_median_rent,median_rent,region,2,Auckland Region,2025-03-01,6,4.459276191268866,4.517139752347769,0.683636411161188
seasonal_naive,region_2_median_rent,median_rent,region,2,Auckland Region,2025-03-01,6,2.5,4.564354645876384,0.3821668470260205
xgboost_pooled_recursive,region_2_median_rent,median_rent,region,2,Auckland Region,2025-03-01,6,12.438151041666666,12.579670897008016,1.895019955989102
ets_additive_damped,region_2_median_rent,median_rent,region,2,Auckland Region,2025-04-01,6,1.2558176973559323,1.5316932724067245,0.19293010071712643
seasonal_naive,region_2_median_rent,median_rent,region,2,Auckland Region,2025-04-01,6,2.6666666666666665,4.58257569495584,0.4078276117168083
xgboost_pooled_recursive,region_2_median_rent,median_rent,region,2,Auckland Region,2025-04-01,6,10.497141520182291,10.549732937454495,1.6018811914613529
ets_additive_damped,region_2_median_rent,median_rent,region,2,Auckland Region,2025-05-01,6,1.518202053948528,1.9010878954602968,0.2331660245270642
seasonal_naive,region_2_median_rent,median_rent,region,2,Auckland Region,2025-05-01,6,1.0,2.0816659994661326,0.1533746855081569
xgboost_pooled_recursive,region_2_median_rent,median_rent,region,2,Auckland Region,2025-05-01,6,5.208262125651042,5.435371196819243,0.7977904846356165
ets_additive_damped,region_2_median_rent,median_rent,region,2,Auckland Region,2025-06-01,6,2.1293960344350658,2.6834808318418926,0.32679441184966984
seasonal_naive,region_2_median_rent,median_rent,region,2,Auckland Region,2025-06-01,6,0.16666666666666666,0.408248290463863,0.025660764690787787
xgboost_pooled_recursive,region_2_median_rent,median_rent,region,2,Auckland Region,2025-06-01,6,2.0052897135416665,2.4627955905166172,0.30893252593714693
ets_additive_damped,region_2_median_rent,median_rent,region,2,Auckland Region,2025-07-01,6,5.178480717726491,7.149272477577643,0.7937314751393019
seasonal_naive,region_2_median_rent,median_rent,region,2,Auckland Region,2025-07-01,6,1.0,2.0816659994661326,0.15436089339091646
xgboost_pooled_recursive,region_2_median_rent,median_rent,region,2,Auckland Region,2025-07-01,6,12.769571940104166,14.197593137612744,1.9889672252978214
ets_additive_damped,region_2_median_rent,median_rent,region,2,Auckland Region,2025-08-01,6,10.411675987870069,16.12569676062599,1.616891861219484
seasonal_naive,region_2_median_rent,median_rent,region,2,Auckland Region,2025-08-01,6,6.0,12.42309676905615,0.9417624681940662
xgboost_pooled_recursive,region_2_median_rent,median_rent,region,2,Auckland Region,2025-08-01,6,14.116038004557291,15.832065175776444,2.200847163822088
ets_additive_damped,region_2_median_rent,median_rent,region,2,Auckland Region,2025-09-01,6,12.426385039676745,17.049068160778464,1.9286818267009915
seasonal_naive,region_2_median_rent,median_rent,region,2,Auckland Region,2025-09-01,6,7.666666666666667,13.076696830622021,1.2001604010106035
xgboost_pooled_recursive,region_2_median_rent,median_rent,region,2,Auckland Region,2025-09-01,6,8.565755208333334,10.992786562801152,1.3400037955867494
ets_additive_damped,region_2_median_rent,median_rent,region,2,Auckland Region,2025-10-01,6,12.635012812574416,16.50185936633078,1.9604188840785508
seasonal_naive,region_2_median_rent,median_rent,region,2,Auckland Region,2025-10-01,6,7.5,13.070322617798436,1.1744996363198157
xgboost_pooled_recursive,region_2_median_rent,median_rent,region,2,Auckland Region,2025-10-01,6,10.562906901041666,12.908555247134679,1.6537721273331318
ets_additive_damped,region_2_median_rent,median_rent,region,2,Auckland Region,2025-11-01,6,12.58523372493022,15.880816855395782,1.9531364376454603
seasonal_naive,region_2_median_rent,median_rent,region,2,Auckland Region,2025-11-01,6,7.5,13.070322617798436,1.1744996363198157
xgboost_pooled_recursive,region_2_median_rent,median_rent,region,2,Auckland Region,2025-11-01,6,9.365081787109375,11.56190784993075,1.4649658539500927
ets_additive_damped,region_2_median_rent,median_rent,region,2,Auckland Region,2025-12-01,6,11.598496686816437,14.742590017695555,1.8026535277721265
seasonal_naive,region_2_median_rent,median_rent,region,2,Auckland Region,2025-12-01,6,7.5,13.070322617798436,1.1744996363198157
xgboost_pooled_recursive,region_2_median_rent,median_rent,region,2,Auckland Region,2025-12-01,6,21.809366861979168,23.22017186879853,3.341039537855442
ets_additive_damped,region_2_median_rent,median_rent,region,2,Auckland Region,2026-01-01,6,7.044360540741972,10.405662393257918,1.1046712690047698
seasonal_naive,region_2_median_rent,median_rent,region,2,Auckland Region,2026-01-01,6,8.333333333333334,13.5400640077266,1.3041974404362244
xgboost_pooled_recursive,region_2_median_rent,median_rent,region,2,Auckland Region,2026-01-01,6,11.51312255859375,13.296677304795612,1.8036803159279056
ets_additive_damped,region_3_median_rent,median_rent,region,3,Waikato Region,2025-02-01,6,4.915517799140578,5.632884486677723,0.8672458201124352
seasonal_naive,region_3_median_rent,median_rent,region,3,Waikato Region,2025-02-01,6,10.333333333333334,12.935738607954837,1.846977846538479
xgboost_pooled_recursive,region_3_median_rent,median_rent,region,3,Waikato Region,2025-02-01,6,8.847422281901041,9.689025694769718,1.5577648975746274
ets_additive_damped,region_3_median_rent,median_rent,region,3,Waikato Region,2025-03-01,6,6.580937777393804,7.241873375875446,1.157677167569654
seasonal_naive,region_3_median_rent,median_rent,region,3,Waikato Region,2025-03-01,6,7.833333333333333,10.238815035605112,1.398582629420795
xgboost_pooled_recursive,region_3_median_rent,median_rent,region,3,Waikato Region,2025-03-01,6,3.5480753580729165,4.458252956395212,0.6276951566334166
ets_additive_damped,region_3_median_rent,median_rent,region,3,Waikato Region,2025-04-01,6,5.987843547176037,6.64615441048002,1.0549088543839715
seasonal_naive,region_3_median_rent,median_rent,region,3,Waikato Region,2025-04-01,6,5.333333333333333,6.506407098647712,0.9514926823308482
xgboost_pooled_recursive,region_3_median_rent,median_rent,region,3,Waikato Region,2025-04-01,6,9.250295003255209,9.534223733840806,1.626019122530483
ets_additive_damped,region_3_median_rent,median_rent,region,3,Waikato Region,2025-05-01,6,2.72765697346072,3.6363172431472455,0.481756533890501
seasonal_naive,region_3_median_rent,median_rent,region,3,Waikato Region,2025-05-01,6,5.333333333333333,6.506407098647712,0.9488588854492636
xgboost_pooled_recursive,region_3_median_rent,median_rent,region,3,Waikato Region,2025-05-01,6,5.176279703776042,6.515622005711622,0.9136631813505713
ets_additive_damped,region_3_median_rent,median_rent,region,3,Waikato Region,2025-06-01,6,4.262679866508506,5.319846508609184,0.7486121939382059
seasonal_naive,region_3_median_rent,median_rent,region,3,Waikato Region,2025-06-01,6,4.5,5.461989869391313,0.7954014632693746
xgboost_pooled_recursive,region_3_median_rent,median_rent,region,3,Waikato Region,2025-06-01,6,6.092498779296875,6.563011064336853,1.0785059537128148
ets_additive_damped,region_3_median_rent,median_rent,region,3,Waikato Region,2025-07-01,6,4.093970075785876,5.469857720868257,0.7149590958216661
seasonal_naive,region_3_median_rent,median_rent,region,3,Waikato Region,2025-07-01,6,4.5,5.461989869391313,0.7954014632693746
xgboost_pooled_recursive,region_3_median_rent,median_rent,region,3,Waikato Region,2025-07-01,6,9.750223795572916,10.383388710681148,1.7299275780713528
ets_additive_damped,region_3_median_rent,median_rent,region,3,Waikato Region,2025-08-01,6,5.427749228462479,6.4404916089696576,0.9471317819302482
seasonal_naive,region_3_median_rent,median_rent,region,3,Waikato Region,2025-08-01,6,5.833333333333333,6.7700320038633,1.0318044058638967
xgboost_pooled_recursive,region_3_median_rent,median_rent,region,3,Waikato Region,2025-08-01,6,6.347554524739583,6.819993312958325,1.1213760359932026
ets_additive_damped,region_3_median_rent,median_rent,region,3,Waikato Region,2025-09-01,6,6.626699012490671,7.798021948625231,1.1540243105101302
seasonal_naive,region_3_median_rent,median_rent,region,3,Waikato Region,2025-09-01,6,5.0,6.454972243679028,0.8849615277434856
xgboost_pooled_recursive,region_3_median_rent,median_rent,region,3,Waikato Region,2025-09-01,6,5.624471028645833,6.535462925007182,0.9877376058642384
ets_additive_damped,region_3_median_rent,median_rent,region,3,Waikato Region,2025-10-01,6,5.749401540147081,6.838051111011235,1.0010139367393118
seasonal_naive,region_3_median_rent,median_rent,region,3,Waikato Region,2025-10-01,6,5.833333333333333,7.359800721939872,1.0266684520591054
xgboost_pooled_recursive,region_3_median_rent,median_rent,region,3,Waikato Region,2025-10-01,6,5.834635416666667,6.752972305873164,1.0177479153907825
ets_additive_damped,region_3_median_rent,median_rent,region,3,Waikato Region,2025-11-01,6,6.078381458323141,7.219872412323234,1.057177780555337
seasonal_naive,region_3_median_rent,median_rent,region,3,Waikato Region,2025-11-01,6,6.666666666666667,8.660254037844387,1.168364424029066
xgboost_pooled_recursive,region_3_median_rent,median_rent,region,3,Waikato Region,2025-11-01,6,5.385264078776042,6.623164835344096,0.9363858418758626
ets_additive_damped,region_3_median_rent,median_rent,region,3,Waikato Region,2025-12-01,6,4.869059625621958,5.625477432929661,0.8484702522224672
seasonal_naive,region_3_median_rent,median_rent,region,3,Waikato Region,2025-12-01,6,8.333333333333334,10.408329997330663,1.4620501802698882
xgboost_pooled_recursive,region_3_median_rent,median_rent,region,3,Waikato Region,2025-12-01,6,6.115651448567708,6.843484002299208,1.0642608784342167
ets_additive_damped,region_3_median_rent,median_rent,region,3,Waikato Region,2026-01-01,6,4.522499356992701,5.779948315546004,0.7893843628042722
seasonal_naive,region_3_median_rent,median_rent,region,3,Waikato Region,2026-01-01,6,10.0,11.180339887498949,1.7570354310073515
xgboost_pooled_recursive,region_3_median_rent,median_rent,region,3,Waikato Region,2026-01-01,6,5.869405110677083,6.910395166264504,1.0253272777325932
ets_additive_damped,region_4_median_rent,median_rent,region,4,Bay of Plenty Region,2025-02-01,6,16.850000234607478,18.974091514678516,2.6040532107725567
seasonal_naive,region_4_median_rent,median_rent,region,4,Bay of Plenty Region,2025-02-01,6,10.5,12.967909109284605,1.6404741137654697
xgboost_pooled_recursive,region_4_median_rent,median_rent,region,4,Bay of Plenty Region,2025-02-01,6,32.31476847330729,33.871891959719214,4.927939297825507
ets_additive_damped,region_4_median_rent,median_rent,region,4,Bay of Plenty Region,2025-03-01,6,19.367251062456546,20.645166389199396,3.0009990721326414
seasonal_naive,region_4_median_rent,median_rent,region,4,Bay of Plenty Region,2025-03-01,6,12.166666666666666,13.595342339688742,1.9029413053665196
xgboost_pooled_recursive,region_4_median_rent,median_rent,region,4,Bay of Plenty Region,2025-03-01,6,29.366241455078125,31.164723229942844,4.511044762818281
ets_additive_damped,region_4_median_rent,median_rent,region,4,Bay of Plenty Region,2025-04-01,6,18.868698213435987,19.434548529313023,2.9322992806854233
seasonal_naive,region_4_median_rent,median_rent,region,4,Bay of Plenty Region,2025-04-01,6,11.333333333333334,12.476644848141934,1.771213030398945
xgboost_pooled_recursive,region_4_median_rent,median_rent,region,4,Bay of Plenty Region,2025-04-01,6,29.380564371744793,29.833213171941562,4.525683182729502
ets_additive_damped,region_4_median_rent,median_rent,region,4,Bay of Plenty Region,2025-05-01,6,6.070124007758845,6.623103619932721,0.9528726480705805
seasonal_naive,region_4_median_rent,median_rent,region,4,Bay of Plenty Region,2025-05-01,6,10.5,11.247221879201993,1.6456366140616592
xgboost_pooled_recursive,region_4_median_rent,median_rent,region,4,Bay of Plenty Region,2025-05-01,6,6.776957194010417,8.197392802630043,1.0671171257712406
ets_additive_damped,region_4_median_rent,median_rent,region,4,Bay of Plenty Region,2025-06-01,6,5.193441783563533,6.788767571451545,0.8182917500343652
seasonal_naive,region_4_median_rent,median_rent,region,4,Bay of Plenty Region,2025-06-01,6,10.5,11.247221879201993,1.6456366140616592
xgboost_pooled_recursive,region_4_median_rent,median_rent,region,4,Bay of Plenty Region,2025-06-01,6,7.534566243489583,9.347104286157986,1.1891485092853862
ets_additive_damped,region_4_median_rent,median_rent,region,4,Bay of Plenty Region,2025-07-01,6,8.474637993254172,10.81839082283757,1.3232539048774814
seasonal_naive,region_4_median_rent,median_rent,region,4,Bay of Plenty Region,2025-07-01,6,8.833333333333334,10.480139948174992,1.3872386812451218
xgboost_pooled_recursive,region_4_median_rent,median_rent,region,4,Bay of Plenty Region,2025-07-01,6,11.495564778645834,13.014710675566834,1.8053512394209017
ets_additive_damped,region_4_median_rent,median_rent,region,4,Bay of Plenty Region,2025-08-01,6,9.404994873564837,10.824684728623769,1.4665391146655593
seasonal_naive,region_4_median_rent,median_rent,region,4,Bay of Plenty Region,2025-08-01,6,8.333333333333334,10.408329997330663,1.309296358563906
xgboost_pooled_recursive,region_4_median_rent,median_rent,region,4,Bay of Plenty Region,2025-08-01,6,4.5078125,5.311376445714398,0.7020703410078013
ets_additive_damped,region_4_median_rent,median_rent,region,4,Bay of Plenty Region,2025-09-01,6,12.300566932141104,13.953728456162814,1.9178950254047886
seasonal_naive,region_4_median_rent,median_rent,region,4,Bay of Plenty Region,2025-09-01,6,6.666666666666667,9.574271077563381,1.046829166962856
xgboost_pooled_recursive,region_4_median_rent,median_rent,region,4,Bay of Plenty Region,2025-09-01,6,6.000193277994792,7.071701108173943,0.9290696290391716
ets_additive_damped,region_4_median_rent,median_rent,region,4,Bay of Plenty Region,2025-10-01,6,14.435655477059186,14.948200382326055,2.2494064308986688
seasonal_naive,region_4_median_rent,median_rent,region,4,Bay of Plenty Region,2025-10-01,6,4.166666666666667,7.359800721939872,0.6577241085970974
xgboost_pooled_recursive,region_4_median_rent,median_rent,region,4,Bay of Plenty Region,2025-10-01,6,7.836802164713542,8.751614308419562,1.2130780159434884
ets_additive_damped,region_4_median_rent,median_rent,region,4,Bay of Plenty Region,2025-11-01,6,11.747542115738005,11.872883069749475,1.8228013195572152
seasonal_naive,region_4_median_rent,median_rent,region,4,Bay of Plenty Region,2025-11-01,6,5.0,9.128709291752768,0.7833005249343833
xgboost_pooled_recursive,region_4_median_rent,median_rent,region,4,Bay of Plenty Region,2025-11-01,6,11.849405924479166,12.527719488873826,1.8396069804049324
ets_additive_damped,region_4_median_rent,median_rent,region,4,Bay of Plenty Region,2025-12-01,6,16.805160073731827,17.992218816250606,2.617622589647774
seasonal_naive,region_4_median_rent,median_rent,region,4,Bay of Plenty Region,2025-12-01,6,3.3333333333333335,8.16496580927726,0.5208333333333333
xgboost_pooled_recursive,region_4_median_rent,median_rent,region,4,Bay of Plenty Region,2025-12-01,6,11.029347737630209,11.498565706266492,1.7099491180028015
ets_additive_damped,region_4_median_rent,median_rent,region,4,Bay of Plenty Region,2026-01-01,6,8.666736785571592,8.996013440435854,1.3459690518320022
seasonal_naive,region_4_median_rent,median_rent,region,4,Bay of Plenty Region,2026-01-01,6,5.0,9.128709291752768,0.7792312661498708
xgboost_pooled_recursive,region_4_median_rent,median_rent,region,4,Bay of Plenty Region,2026-01-01,6,7.934377034505208,10.97243014489485,1.2354526406865236
ets_additive_damped,region_5_median_rent,median_rent,region,5,Gisborne Region,2025-02-01,6,36.08758153722681,39.420912877631366,5.738912026147114
seasonal_naive,region_5_median_rent,median_rent,region,5,Gisborne Region,2025-02-01,6,23.0,27.54995462791182,3.715997731415216
xgboost_pooled_recursive,region_5_median_rent,median_rent,region,5,Gisborne Region,2025-02-01,6,22.01556396484375,23.61850810622877,3.5431518930985915
ets_additive_damped,region_5_median_rent,median_rent,region,5,Gisborne Region,2025-03-01,6,41.06409597773459,42.65980220974824,6.508983585633985
seasonal_naive,region_5_median_rent,median_rent,region,5,Gisborne Region,2025-03-01,6,14.666666666666666,18.502252115170556,2.3826643980818822
xgboost_pooled_recursive,region_5_median_rent,median_rent,region,5,Gisborne Region,2025-03-01,6,28.349639892578125,32.37251648100642,4.540282497909348
ets_additive_damped,region_5_median_rent,median_rent,region,5,Gisborne Region,2025-04-01,6,30.982206617985184,33.88612184545499,4.955455093402938
seasonal_naive,region_5_median_rent,median_rent,region,5,Gisborne Region,2025-04-01,6,16.333333333333332,20.223748416156685,2.6409955786553776
xgboost_pooled_recursive,region_5_median_rent,median_rent,region,5,Gisborne Region,2025-04-01,6,16.669881184895832,19.60874400589616,2.7000343095159907
ets_additive_damped,region_5_median_rent,median_rent,region,5,Gisborne Region,2025-05-01,6,30.31028912928923,33.47336794424572,4.87735161444152
seasonal_naive,region_5_median_rent,median_rent,region,5,Gisborne Region,2025-05-01,6,18.0,22.92742171869019,2.9288628210565286
xgboost_pooled_recursive,region_5_median_rent,median_rent,region,5,Gisborne Region,2025-05-01,6,16.258687337239582,18.21828838896252,2.65362657538412
ets_additive_damped,region_5_median_rent,median_rent,region,5,Gisborne Region,2025-06-01,6,29.023954222778286,36.827795387444866,4.774366649639058
seasonal_naive,region_5_median_rent,median_rent,region,5,Gisborne Region,2025-06-01,6,20.5,23.731132856791028,3.3693914554177624
xgboost_pooled_recursive,region_5_median_rent,median_rent,region,5,Gisborne Region,2025-06-01,6,24.025655110677082,28.773860668676264,3.9831067111040785
ets_additive_damped,region_5_median_rent,median_rent,region,5,Gisborne Region,2025-07-01,6,23.337170523035372,29.30282830737334,3.847975082225399
seasonal_naive,region_5_median_rent,median_rent,region,5,Gisborne Region,2025-07-01,6,18.833333333333332,22.653182263573182,3.079353624396325
xgboost_pooled_recursive,region_5_median_rent,median_rent,region,5,Gisborne Region,2025-07-01,6,19.988555908203125,24.26460985738286,3.3150798526357135
ets_additive_damped,region_5_median_rent,median_rent,region,5,Gisborne Region,2025-08-01,6,27.799774542522965,31.826628398209397,4.548800789133123
seasonal_naive,region_5_median_rent,median_rent,region,5,Gisborne Region,2025-08-01,6,15.0,20.615528128088304,2.4524798168193285
xgboost_pooled_recursive,region_5_median_rent,median_rent,region,5,Gisborne Region,2025-08-01,6,19.942057291666668,25.572799830969398,3.2966693105109752
ets_additive_damped,region_5_median_rent,median_rent,region,5,Gisborne Region,2025-09-01,6,30.342080112069954,33.61025012953484,4.942637280494181
seasonal_naive,region_5_median_rent,median_rent,region,5,Gisborne Region,2025-09-01,6,15.0,20.615528128088304,2.4524798168193285
xgboost_pooled_recursive,region_5_median_rent,median_rent,region,5,Gisborne Region,2025-09-01,6,22.562143961588543,26.156401780010267,3.700378471457321
ets_additive_damped,region_5_median_rent,median_rent,region,5,Gisborne Region,2025-10-01,6,28.950880875662524,32.8004143895769,4.70918721874684
seasonal_naive,region_5_median_rent,median_rent,region,5,Gisborne Region,2025-10-01,6,14.666666666666666,20.223748416156685,2.399081515552788
xgboost_pooled_recursive,region_5_median_rent,median_rent,region,5,Gisborne Region,2025-10-01,6,19.940195719401043,24.253754646246566,3.2653292574784643
ets_additive_damped,region_5_median_rent,median_rent,region,5,Gisborne Region,2025-11-01,6,29.865572769510663,33.98063223076203,4.855273450301662
seasonal_naive,region_5_median_rent,median_rent,region,5,Gisborne Region,2025-11-01,6,10.5,13.410195126594294,1.7319759636546088
xgboost_pooled_recursive,region_5_median_rent,median_rent,region,5,Gisborne Region,2025-11-01,6,24.034423828125,27.336570098551427,3.903631160070869
ets_additive_damped,region_5_median_rent,median_rent,region,5,Gisborne Region,2025-12-01,6,34.32645316912209,39.69761641331305,5.559024412277988
seasonal_naive,region_5_median_rent,median_rent,region,5,Gisborne Region,2025-12-01,6,11.333333333333334,14.45683229480096,1.856419080705805
xgboost_pooled_recursive,region_5_median_rent,median_rent,region,5,Gisborne Region,2025-12-01,6,24.563303629557293,27.421424260775456,3.9516002490091324
ets_additive_damped,region_5_median_rent,median_rent,region,5,Gisborne Region,2026-01-01,6,22.47295884916245,26.910361569082045,3.6296173572449777
seasonal_naive,region_5_median_rent,median_rent,region,5,Gisborne Region,2026-01-01,6,12.666666666666666,15.695009822658072,2.092619661733972
xgboost_pooled_recursive,region_5_median_rent,median_rent,region,5,Gisborne Region,2026-01-01,6,16.303639729817707,18.10095017542368,2.6367886903278643
ets_additive_damped,region_6_median_rent,median_rent,region,6,Hawke's Bay Region,2025-02-01,6,17.616177281239953,20.75036963758372,2.864509054621615
seasonal_naive,region_6_median_rent,median_rent,region,6,Hawke's Bay Region,2025-02-01,6,14.666666666666666,17.09775813764288,2.409194346563544
xgboost_pooled_recursive,region_6_median_rent,median_rent,region,6,Hawke's Bay Region,2025-02-01,6,12.448811848958334,15.55229518143632,2.0355999240773244
ets_additive_damped,region_6_median_rent,median_rent,region,6,Hawke's Bay Region,2025-03-01,6,22.837260012796964,25.033275030957657,3.7265889261136755
seasonal_naive,region_6_median_rent,median_rent,region,6,Hawke's Bay Region,2025-03-01,6,13.0,15.56705923844749,2.142858303949777
xgboost_pooled_recursive,region_6_median_rent,median_rent,region,6,Hawke's Bay Region,2025-03-01,6,14.6392822265625,17.64097058554201,2.4086431918294755
ets_additive_damped,region_6_median_rent,median_rent,region,6,Hawke's Bay Region,2025-04-01,6,15.62866007817585,17.477563358757216,2.569083935469252
seasonal_naive,region_6_median_rent,median_rent,region,6,Hawke's Bay Region,2025-04-01,6,13.333333333333334,16.072751268321593,2.1962566052163175
xgboost_pooled_recursive,region_6_median_rent,median_rent,region,6,Hawke's Bay Region,2025-04-01,6,12.7259521484375,14.808254335282642,2.097838362336894
ets_additive_damped,region_6_median_rent,median_rent,region,6,Hawke's Bay Region,2025-05-01,6,15.359562763725668,16.252222541591188,2.530865163523151
seasonal_naive,region_6_median_rent,median_rent,region,6,Hawke's Bay Region,2025-05-01,6,12.5,15.138251770487457,2.062641977930804
xgboost_pooled_recursive,region_6_median_rent,median_rent,region,6,Hawke's Bay Region,2025-05-01,6,13.170918782552084,14.013603590068973,2.17382696233057
ets_additive_damped,region_6_median_rent,median_rent,region,6,Hawke's Bay Region,2025-06-01,6,19.88355258430791,20.145928373190134,3.2698420706634965
seasonal_naive,region_6_median_rent,median_rent,region,6,Hawke's Bay Region,2025-06-01,6,16.666666666666668,19.364916731037084,2.741781299444501
xgboost_pooled_recursive,region_6_median_rent,median_rent,region,6,Hawke's Bay Region,2025-06-01,6,12.479573567708334,13.24072125502826,2.0641319132426155
ets_additive_damped,region_6_median_rent,median_rent,region,6,Hawke's Bay Region,2025-07-01,6,16.26231165268632,17.139349764143283,2.6910222723114523
seasonal_naive,region_6_median_rent,median_rent,region,6,Hawke's Bay Region,2025-07-01,6,21.666666666666668,22.9128784747792,3.5682275804362367
xgboost_pooled_recursive,region_6_median_rent,median_rent,region,6,Hawke's Bay Region,2025-07-01,6,11.519276936848959,14.61670136520466,1.9099326532958132
ets_additive_damped,region_6_median_rent,median_rent,region,6,Hawke's Bay Region,2025-08-01,6,13.504810668872759,14.441034821354915,2.247045850053278
seasonal_naive,region_6_median_rent,median_rent,region,6,Hawke's Bay Region,2025-08-01,6,20.0,21.79449471770337,3.3018915378224705
xgboost_pooled_recursive,region_6_median_rent,median_rent,region,6,Hawke's Bay Region,2025-08-01,6,12.399637858072916,15.816306951323703,2.060751150223074
ets_additive_damped,region_6_median_rent,median_rent,region,6,Hawke's Bay Region,2025-09-01,6,5.747687159467527,7.527017823062156,0.9611152658894873
seasonal_naive,region_6_median_rent,median_rent,region,6,Hawke's Bay Region,2025-09-01,6,21.666666666666668,22.9128784747792,3.5682275804362376
xgboost_pooled_recursive,region_6_median_rent,median_rent,region,6,Hawke's Bay Region,2025-09-01,6,16.097422281901043,18.757077701740595,2.660154296473807
ets_additive_damped,region_6_median_rent,median_rent,region,6,Hawke's Bay Region,2025-10-01,6,4.645864914426416,6.260234738310215,0.7783711757676509
seasonal_naive,region_6_median_rent,median_rent,region,6,Hawke's Bay Region,2025-10-01,6,17.5,20.514222708485285,2.8879554715927
xgboost_pooled_recursive,region_6_median_rent,median_rent,region,6,Hawke's Bay Region,2025-10-01,6,13.525522867838541,15.496417779578179,2.2430616127304357
ets_additive_damped,region_6_median_rent,median_rent,region,6,Hawke's Bay Region,2025-11-01,6,5.183808376862203,6.599517996634698,0.8681226959394177
seasonal_naive,region_6_median_rent,median_rent,region,6,Hawke's Bay Region,2025-11-01,6,16.666666666666668,20.0,2.7414966369865694
xgboost_pooled_recursive,region_6_median_rent,median_rent,region,6,Hawke's Bay Region,2025-11-01,6,19.975575764973957,20.40290848683929,3.2949827701582257
ets_additive_damped,region_6_median_rent,median_rent,region,6,Hawke's Bay Region,2025-12-01,6,4.419571292620749,5.9197675727114065,0.741826035199008
seasonal_naive,region_6_median_rent,median_rent,region,6,Hawke's Bay Region,2025-12-01,6,16.166666666666668,19.27433526739638,2.670450584399086
xgboost_pooled_recursive,region_6_median_rent,median_rent,region,6,Hawke's Bay Region,2025-12-01,6,14.846455891927084,16.460170261052035,2.4624167845675875
ets_additive_damped,region_6_median_rent,median_rent,region,6,Hawke's Bay Region,2026-01-01,6,7.1348082909577215,8.00999644588213,1.2010374366797612
seasonal_naive,region_6_median_rent,median_rent,region,6,Hawke's Bay Region,2026-01-01,6,11.166666666666666,14.882876066137216,1.84400430340735
xgboost_pooled_recursive,region_6_median_rent,median_rent,region,6,Hawke's Bay Region,2026-01-01,6,6.413584391276042,7.334680765252646,1.0780628055925707
ets_additive_damped,region_7_median_rent,median_rent,region,7,Taranaki Region,2025-02-01,6,11.15089588926484,13.137609166936993,1.960838283971762
seasonal_naive,region_7_median_rent,median_rent,region,7,Taranaki Region,2025-02-01,6,14.5,20.932430978428346,2.554193782973861
xgboost_pooled_recursive,region_7_median_rent,median_rent,region,7,Taranaki Region,2025-02-01,6,10.448994954427084,11.929965973969933,1.8387153607324975
ets_additive_damped,region_7_median_rent,median_rent,region,7,Taranaki Region,2025-03-01,6,6.388749898841486,10.032400940746946,1.1134174413631677
seasonal_naive,region_7_median_rent,median_rent,region,7,Taranaki Region,2025-03-01,6,11.166666666666666,17.45947689174373,1.969538331061772
xgboost_pooled_recursive,region_7_median_rent,median_rent,region,7,Taranaki Region,2025-03-01,6,6.889292399088542,9.955362226736844,1.202483414541593
ets_additive_damped,region_7_median_rent,median_rent,region,7,Taranaki Region,2025-04-01,6,8.90036246974419,9.788979493542064,1.5696860491544755
seasonal_naive,region_7_median_rent,median_rent,region,7,Taranaki Region,2025-04-01,6,7.5,9.600347215943113,1.327188461073386
xgboost_pooled_recursive,region_7_median_rent,median_rent,region,7,Taranaki Region,2025-04-01,6,13.754425048828125,14.706515640488732,2.4138267514421843
ets_additive_damped,region_7_median_rent,median_rent,region,7,Taranaki Region,2025-05-01,6,9.632850020371924,10.62646493266787,1.7082885628195594
seasonal_naive,region_7_median_rent,median_rent,region,7,Taranaki Region,2025-05-01,6,9.166666666666666,10.432321569685882,1.6274887613736861
xgboost_pooled_recursive,region_7_median_rent,median_rent,region,7,Taranaki Region,2025-05-01,6,12.27044677734375,13.789734436563107,2.169827304629233
ets_additive_damped,region_7_median_rent,median_rent,region,7,Taranaki Region,2025-06-01,6,8.49941015237357,9.146643622864397,1.5073635650199104
seasonal_naive,region_7_median_rent,median_rent,region,7,Taranaki Region,2025-06-01,6,10.833333333333334,11.92336641501328,1.9277711064990808
xgboost_pooled_recursive,region_7_median_rent,median_rent,region,7,Taranaki Region,2025-06-01,6,6.106424967447917,7.401628055212408,1.0844701076483698
ets_additive_damped,region_7_median_rent,median_rent,region,7,Taranaki Region,2025-07-01,6,8.277574310130396,8.794327617418544,1.4639283012776583
seasonal_naive,region_7_median_rent,median_rent,region,7,Taranaki Region,2025-07-01,6,10.5,11.669047376142863,1.8626543787352374
xgboost_pooled_recursive,region_7_median_rent,median_rent,region,7,Taranaki Region,2025-07-01,6,5.4532470703125,7.466613814102003,0.9684613478000129
ets_additive_damped,region_7_median_rent,median_rent,region,7,Taranaki Region,2025-08-01,6,9.11290749385635,9.706880718244708,1.6143213463561776
seasonal_naive,region_7_median_rent,median_rent,region,7,Taranaki Region,2025-08-01,6,11.833333333333334,12.335585379975555,2.1048826697440166
xgboost_pooled_recursive,region_7_median_rent,median_rent,region,7,Taranaki Region,2025-08-01,6,8.193623860677084,10.91820266020396,1.447804869048519
ets_additive_damped,region_7_median_rent,median_rent,region,7,Taranaki Region,2025-09-01,6,6.676523547292675,7.8980194888417925,1.1824985563539663
seasonal_naive,region_7_median_rent,median_rent,region,7,Taranaki Region,2025-09-01,6,13.5,14.218532507494107,2.399820464681811
xgboost_pooled_recursive,region_7_median_rent,median_rent,region,7,Taranaki Region,2025-09-01,6,5.638997395833333,7.382515848429855,1.0007265581382583
ets_additive_damped,region_7_median_rent,median_rent,region,7,Taranaki Region,2025-10-01,6,6.3994639416743935,7.925193843018559,1.1324359245318594
seasonal_naive,region_7_median_rent,median_rent,region,7,Taranaki Region,2025-10-01,6,15.5,17.26750319723922,2.742144908786648
xgboost_pooled_recursive,region_7_median_rent,median_rent,region,7,Taranaki Region,2025-10-01,6,10.581939697265625,13.101769478840964,1.8637156561790496
ets_additive_damped,region_7_median_rent,median_rent,region,7,Taranaki Region,2025-11-01,6,5.651941159387434,7.7810532606445015,0.9966116411556163
seasonal_naive,region_7_median_rent,median_rent,region,7,Taranaki Region,2025-11-01,6,14.666666666666666,16.901676445449624,2.5899927566344956
xgboost_pooled_recursive,region_7_median_rent,median_rent,region,7,Taranaki Region,2025-11-01,6,8.137888590494791,10.928495850251833,1.432440301128532
ets_additive_damped,region_7_median_rent,median_rent,region,7,Taranaki Region,2025-12-01,6,6.052751156764354,7.814831143284619,1.0702053277187573
seasonal_naive,region_7_median_rent,median_rent,region,7,Taranaki Region,2025-12-01,6,13.833333333333334,16.273700664978858,2.4418625636612536
xgboost_pooled_recursive,region_7_median_rent,median_rent,region,7,Taranaki Region,2025-12-01,6,8.401082356770834,10.328402565873212,1.4894240724385845
ets_additive_damped,region_7_median_rent,median_rent,region,7,Taranaki Region,2026-01-01,6,6.848811685013193,8.100014467217903,1.224005940040306
seasonal_naive,region_7_median_rent,median_rent,region,7,Taranaki Region,2026-01-01,6,14.666666666666666,16.802777548171413,2.60289018656533
xgboost_pooled_recursive,region_7_median_rent,median_rent,region,7,Taranaki Region,2026-01-01,6,11.013326009114584,12.299341712951977,1.9579940355599674
ets_additive_damped,region_8_median_rent,median_rent,region,8,Manawatu-Wanganui Region,2025-02-01,6,12.370503044101516,15.531276667636273,2.413208982613246
seasonal_naive,region_8_median_rent,median_rent,region,8,Manawatu-Wanganui Region,2025-02-01,6,10.833333333333334,15.411035007422441,2.113991194123771
xgboost_pooled_recursive,region_8_median_rent,median_rent,region,8,Manawatu-Wanganui Region,2025-02-01,6,23.489644368489582,26.89156033851626,4.514727344451242
ets_additive_damped,region_8_median_rent,median_rent,region,8,Manawatu-Wanganui Region,2025-03-01,6,15.889197316385813,17.827947595996292,3.1023579772335057
seasonal_naive,region_8_median_rent,median_rent,region,8,Manawatu-Wanganui Region,2025-03-01,6,10.0,15.275252316519467,1.9545015609499272
xgboost_pooled_recursive,region_8_median_rent,median_rent,region,8,Manawatu-Wanganui Region,2025-03-01,6,20.011769612630207,21.932152693790826,3.888717605342439
ets_additive_damped,region_8_median_rent,median_rent,region,8,Manawatu-Wanganui Region,2025-04-01,6,18.951215045478932,20.24005892436213,3.6941172890294167
seasonal_naive,region_8_median_rent,median_rent,region,8,Manawatu-Wanganui Region,2025-04-01,6,6.666666666666667,10.0,1.3136607778424902
xgboost_pooled_recursive,region_8_median_rent,median_rent,region,8,Manawatu-Wanganui Region,2025-04-01,6,29.892842610677082,30.674426589701294,5.759934315530469
ets_additive_damped,region_8_median_rent,median_rent,region,8,Manawatu-Wanganui Region,2025-05-01,6,12.041727062170443,13.49910914740475,2.3501234362425643
seasonal_naive,region_8_median_rent,median_rent,region,8,Manawatu-Wanganui Region,2025-05-01,6,5.0,7.0710678118654755,0.9775263240609776
xgboost_pooled_recursive,region_8_median_rent,median_rent,region,8,Manawatu-Wanganui Region,2025-05-01,6,12.708272298177084,14.615730760275772,2.482447530013668
ets_additive_damped,region_8_median_rent,median_rent,region,8,Manawatu-Wanganui Region,2025-06-01,6,8.154016108375856,9.139858013001358,1.5906892910046464
seasonal_naive,region_8_median_rent,median_rent,region,8,Manawatu-Wanganui Region,2025-06-01,6,3.3333333333333335,5.773502691896258,0.6474933207606476
xgboost_pooled_recursive,region_8_median_rent,median_rent,region,8,Manawatu-Wanganui Region,2025-06-01,6,8.577606201171875,9.197045136966333,1.6713702563960962
ets_additive_damped,region_8_median_rent,median_rent,region,8,Manawatu-Wanganui Region,2025-07-01,6,5.359301404482096,6.121154200138691,1.04327802074688
seasonal_naive,region_8_median_rent,median_rent,region,8,Manawatu-Wanganui Region,2025-07-01,6,3.3333333333333335,5.773502691896258,0.6474933207606476
xgboost_pooled_recursive,region_8_median_rent,median_rent,region,8,Manawatu-Wanganui Region,2025-07-01,6,9.345611572265625,10.679256266310064,1.8077110980072264
ets_additive_damped,region_8_median_rent,median_rent,region,8,Manawatu-Wanganui Region,2025-08-01,6,5.202509756775821,6.27547148780271,1.0126725290654095
seasonal_naive,region_8_median_rent,median_rent,region,8,Manawatu-Wanganui Region,2025-08-01,6,4.666666666666667,6.6332495807108,0.901946246969299
xgboost_pooled_recursive,region_8_median_rent,median_rent,region,8,Manawatu-Wanganui Region,2025-08-01,6,9.519500732421875,10.385345729434082,1.8292150071040219
ets_additive_damped,region_8_median_rent,median_rent,region,8,Manawatu-Wanganui Region,2025-09-01,6,4.908752660162236,5.41504389888352,0.9484363087979942
seasonal_naive,region_8_median_rent,median_rent,region,8,Manawatu-Wanganui Region,2025-09-01,6,4.666666666666667,6.6332495807108,0.901946246969299
xgboost_pooled_recursive,region_8_median_rent,median_rent,region,8,Manawatu-Wanganui Region,2025-09-01,6,6.153035481770833,9.189474211076414,1.1781408704178855
ets_additive_damped,region_8_median_rent,median_rent,region,8,Manawatu-Wanganui Region,2025-10-01,6,5.720757672744743,6.146779615599541,1.1049521791307324
seasonal_naive,region_8_median_rent,median_rent,region,8,Manawatu-Wanganui Region,2025-10-01,6,4.666666666666667,6.6332495807108,0.8893735611292863
xgboost_pooled_recursive,region_8_median_rent,median_rent,region,8,Manawatu-Wanganui Region,2025-10-01,6,10.31744384765625,10.872778947175393,1.9642792632599326
ets_additive_damped,region_8_median_rent,median_rent,region,8,Manawatu-Wanganui Region,2025-11-01,6,6.263154636128424,6.474312868469219,1.2113661763181136
seasonal_naive,region_8_median_rent,median_rent,region,8,Manawatu-Wanganui Region,2025-11-01,6,6.333333333333333,9.695359714832659,1.2255080149107989
xgboost_pooled_recursive,region_8_median_rent,median_rent,region,8,Manawatu-Wanganui Region,2025-11-01,6,11.692738850911459,11.878083185366993,2.2228224335340334
ets_additive_damped,region_8_median_rent,median_rent,region,8,Manawatu-Wanganui Region,2025-12-01,6,8.45524124679748,8.714135783726716,1.640179085119302
seasonal_naive,region_8_median_rent,median_rent,region,8,Manawatu-Wanganui Region,2025-12-01,6,9.666666666666666,12.675435561221029,1.879102786152629
xgboost_pooled_recursive,region_8_median_rent,median_rent,region,8,Manawatu-Wanganui Region,2025-12-01,6,6.246561686197917,6.72466593820237,1.1929646680691535
ets_additive_damped,region_8_median_rent,median_rent,region,8,Manawatu-Wanganui Region,2026-01-01,6,7.9942651394837485,8.390190351626671,1.550495607796467
seasonal_naive,region_8_median_rent,median_rent,region,8,Manawatu-Wanganui Region,2026-01-01,6,13.0,15.077577170531523,2.532697557394459
xgboost_pooled_recursive,region_8_median_rent,median_rent,region,8,Manawatu-Wanganui Region,2026-01-01,6,10.9334716796875,12.328733218075993,2.1311329021203598
ets_additive_damped,region_9_median_rent,median_rent,region,9,Wellington Region,2025-02-01,6,22.342626462572696,25.526419569642343,3.732883552628157
seasonal_naive,region_9_median_rent,median_rent,region,9,Wellington Region,2025-02-01,6,19.166666666666668,25.739075352467502,3.2081639904783485
xgboost_pooled_recursive,region_9_median_rent,median_rent,region,9,Wellington Region,2025-02-01,6,40.213155110677086,41.93804222231703,6.606579036414866
ets_additive_damped,region_9_median_rent,median_rent,region,9,Wellington Region,2025-03-01,6,24.734129103215327,27.38015470538425,4.155440994448531
seasonal_naive,region_9_median_rent,median_rent,region,9,Wellington Region,2025-03-01,6,24.666666666666668,30.886890422961002,4.13413481662444
xgboost_pooled_recursive,region_9_median_rent,median_rent,region,9,Wellington Region,2025-03-01,6,41.11359659830729,42.11104878285813,6.804776178697856
ets_additive_damped,region_9_median_rent,median_rent,region,9,Wellington Region,2025-04-01,6,19.996813977572476,23.464604887475073,3.4027725357342353
seasonal_naive,region_9_median_rent,median_rent,region,9,Wellington Region,2025-04-01,6,25.5,31.620141260489863,4.302964615083868
xgboost_pooled_recursive,region_9_median_rent,median_rent,region,9,Wellington Region,2025-04-01,6,33.39061482747396,35.39717440377329,5.604799655507186
ets_additive_damped,region_9_median_rent,median_rent,region,9,Wellington Region,2025-05-01,6,23.245353553747652,26.3498261914436,3.929006660232642
seasonal_naive,region_9_median_rent,median_rent,region,9,Wellington Region,2025-05-01,6,34.666666666666664,39.94579660823735,5.776397826943317
xgboost_pooled_recursive,region_9_median_rent,median_rent,region,9,Wellington Region,2025-05-01,6,30.834910074869793,33.62413509214231,5.18604147332336
ets_additive_damped,region_9_median_rent,median_rent,region,9,Wellington Region,2025-06-01,6,23.232462734719206,25.422386668477813,3.925111974409042
seasonal_naive,region_9_median_rent,median_rent,region,9,Wellington Region,2025-06-01,6,36.333333333333336,40.56681731004623,6.0472499694532145
xgboost_pooled_recursive,region_9_median_rent,median_rent,region,9,Wellington Region,2025-06-01,6,27.336201985677082,29.394206060192833,4.609498181144203
ets_additive_damped,region_9_median_rent,median_rent,region,9,Wellington Region,2025-07-01,6,25.798152167606627,26.735919829120917,4.329003286487426
seasonal_naive,region_9_median_rent,median_rent,region,9,Wellington Region,2025-07-01,6,40.0,42.42247831830039,6.62874266346135
xgboost_pooled_recursive,region_9_median_rent,median_rent,region,9,Wellington Region,2025-07-01,6,16.254302978515625,18.11300059210386,2.7556076688119826
ets_additive_damped,region_9_median_rent,median_rent,region,9,Wellington Region,2025-08-01,6,17.47815012647241,19.800682736370796,2.90509636498245
seasonal_naive,region_9_median_rent,median_rent,region,9,Wellington Region,2025-08-01,6,39.166666666666664,41.378335716491385,6.4149592598045295
xgboost_pooled_recursive,region_9_median_rent,median_rent,region,9,Wellington Region,2025-08-01,6,10.587025960286459,12.697065947484857,1.7632721830653564
ets_additive_damped,region_9_median_rent,median_rent,region,9,Wellington Region,2025-09-01,6,13.555049981664297,15.891817659472943,2.2548305661624055
seasonal_naive,region_9_median_rent,median_rent,region,9,Wellington Region,2025-09-01,6,37.0,39.42080668885405,6.053842474448309
xgboost_pooled_recursive,region_9_median_rent,median_rent,region,9,Wellington Region,2025-09-01,6,13.537139892578125,16.40727570027656,2.2591375002176477
ets_additive_damped,region_9_median_rent,median_rent,region,9,Wellington Region,2025-10-01,6,11.423912316509321,13.314628059743143,1.900797187919339
seasonal_naive,region_9_median_rent,median_rent,region,9,Wellington Region,2025-10-01,6,32.833333333333336,37.525546853665794,5.339788595837469
xgboost_pooled_recursive,region_9_median_rent,median_rent,region,9,Wellington Region,2025-10-01,6,13.099029541015625,15.151725821820227,2.1863518338229233
ets_additive_damped,region_9_median_rent,median_rent,region,9,Wellington Region,2025-11-01,6,12.928444325021587,14.854126637191648,2.1963453304399287
seasonal_naive,region_9_median_rent,median_rent,region,9,Wellington Region,2025-11-01,6,24.0,28.571547618799606,3.9241240288081367
xgboost_pooled_recursive,region_9_median_rent,median_rent,region,9,Wellington Region,2025-11-01,6,18.328989664713543,19.191909445249856,3.046885993368796
ets_additive_damped,region_9_median_rent,median_rent,region,9,Wellington Region,2025-12-01,6,12.502082232179172,14.33560260214339,2.1193157861498007
seasonal_naive,region_9_median_rent,median_rent,region,9,Wellington Region,2025-12-01,6,23.166666666666668,28.05649063348206,3.8023443908365357
xgboost_pooled_recursive,region_9_median_rent,median_rent,region,9,Wellington Region,2025-12-01,6,18.880635579427082,19.409443154904015,3.158037136407298
ets_additive_damped,region_9_median_rent,median_rent,region,9,Wellington Region,2026-01-01,6,15.111980775992416,16.398361546912714,2.601143843374744
seasonal_naive,region_9_median_rent,median_rent,region,9,Wellington Region,2026-01-01,6,20.333333333333332,25.573423705088842,3.3699242013666955
xgboost_pooled_recursive,region_9_median_rent,median_rent,region,9,Wellington Region,2026-01-01,6,16.231414794921875,17.32698796403702,2.732915044500196
ets_additive_damped,territorial_authority_11_median_rent,median_rent,territorial_authority,11,Thames-Coromandel District,2025-02-01,6,31.448103304032184,41.78888334313791,5.638567605085453
seasonal_naive,territorial_authority_11_median_rent,median_rent,territorial_authority,11,Thames-Coromandel District,2025-02-01,6,45.833333333333336,50.78221473442581,8.404301783788243
xgboost_pooled_recursive,territorial_authority_11_median_rent,median_rent,territorial_authority,11,Thames-Coromandel District,2025-02-01,6,28.879781087239582,35.08164713846114,5.203324256233513
ets_additive_damped,territorial_authority_11_median_rent,median_rent,territorial_authority,11,Thames-Coromandel District,2025-03-01,6,46.14003952120993,55.78907008583111,8.33704491313041
seasonal_naive,territorial_authority_11_median_rent,median_rent,territorial_authority,11,Thames-Coromandel District,2025-03-01,6,53.333333333333336,58.02011145571278,9.844927426924691
xgboost_pooled_recursive,territorial_authority_11_median_rent,median_rent,territorial_authority,11,Thames-Coromandel District,2025-03-01,6,40.30029296875,46.85378140792584,7.343092977222867
ets_additive_damped,territorial_authority_11_median_rent,median_rent,territorial_authority,11,Thames-Coromandel District,2025-04-01,6,55.938295330099585,64.18724496305389,10.188168181820807
seasonal_naive,territorial_authority_11_median_rent,median_rent,territorial_authority,11,Thames-Coromandel District,2025-04-01,6,53.833333333333336,58.43657530462693,9.972148243800682
xgboost_pooled_recursive,territorial_authority_11_median_rent,median_rent,territorial_authority,11,Thames-Coromandel District,2025-04-01,6,49.502054850260414,54.98617058719216,9.089620875903163
ets_additive_damped,territorial_authority_11_median_rent,median_rent,territorial_authority,11,Thames-Coromandel District,2025-05-01,6,50.66313533956852,59.52543824708723,9.262207588089693
seasonal_naive,territorial_authority_11_median_rent,median_rent,territorial_authority,11,Thames-Coromandel District,2025-05-01,6,56.333333333333336,59.18051481132395,10.41258868424112
xgboost_pooled_recursive,territorial_authority_11_median_rent,median_rent,territorial_authority,11,Thames-Coromandel District,2025-05-01,6,44.8096923828125,48.9651570692792,8.268676477407908
ets_additive_damped,territorial_authority_11_median_rent,median_rent,territorial_authority,11,Thames-Coromandel District,2025-06-01,6,52.23405854041611,60.25130889618147,9.528963437844677
seasonal_naive,territorial_authority_11_median_rent,median_rent,territorial_authority,11,Thames-Coromandel District,2025-06-01,6,45.5,49.73094274862147,8.380134104479408
xgboost_pooled_recursive,territorial_authority_11_median_rent,median_rent,territorial_authority,11,Thames-Coromandel District,2025-06-01,6,41.83576456705729,47.482071148523495,7.7388601079116475
ets_additive_damped,territorial_authority_11_median_rent,median_rent,territorial_authority,11,Thames-Coromandel District,2025-07-01,6,35.58489233573854,47.88845661598283,6.57217587692769
seasonal_naive,territorial_authority_11_median_rent,median_rent,territorial_authority,11,Thames-Coromandel District,2025-07-01,6,40.833333333333336,45.41475531146237,7.474057788567028
xgboost_pooled_recursive,territorial_authority_11_median_rent,median_rent,territorial_authority,11,Thames-Coromandel District,2025-07-01,6,31.271799723307293,36.26246821625921,5.807335443538221
ets_additive_damped,territorial_authority_11_median_rent,median_rent,territorial_authority,11,Thames-Coromandel District,2025-08-01,6,26.063562274244816,36.35355042819872,4.837781831498501
seasonal_naive,territorial_authority_11_median_rent,median_rent,territorial_authority,11,Thames-Coromandel District,2025-08-01,6,35.0,41.02844541697057,6.393436294072987
xgboost_pooled_recursive,territorial_authority_11_median_rent,median_rent,territorial_authority,11,Thames-Coromandel District,2025-08-01,6,27.268391927083332,31.670836603158556,5.0534547659384605
ets_additive_damped,territorial_authority_11_median_rent,median_rent,territorial_authority,11,Thames-Coromandel District,2025-09-01,6,26.055970274164054,28.85708845253498,4.753462904441264
seasonal_naive,territorial_authority_11_median_rent,median_rent,territorial_authority,11,Thames-Coromandel District,2025-09-01,6,27.5,29.93047499344662,4.952810650936538
xgboost_pooled_recursive,territorial_authority_11_median_rent,median_rent,territorial_authority,11,Thames-Coromandel District,2025-09-01,6,23.16607666015625,28.927972511366626,4.235805854691376
ets_additive_damped,territorial_authority_11_median_rent,median_rent,territorial_authority,11,Thames-Coromandel District,2025-10-01,6,37.813071188531204,39.491030341704054,6.902839250600698
seasonal_naive,territorial_authority_11_median_rent,median_rent,territorial_authority,11,Thames-Coromandel District,2025-10-01,6,20.833333333333332,22.26731535981231,3.665809363935251
xgboost_pooled_recursive,territorial_authority_11_median_rent,median_rent,territorial_authority,11,Thames-Coromandel District,2025-10-01,6,20.271016438802082,27.859805896908373,3.6499553144083
ets_additive_damped,territorial_authority_11_median_rent,median_rent,territorial_authority,11,Thames-Coromandel District,2025-11-01,6,20.71630292762207,24.3307668172584,3.705166948733671
seasonal_naive,territorial_authority_11_median_rent,median_rent,territorial_authority,11,Thames-Coromandel District,2025-11-01,6,21.666666666666668,23.27373340628157,3.8100243754069
xgboost_pooled_recursive,territorial_authority_11_median_rent,median_rent,territorial_authority,11,Thames-Coromandel District,2025-11-01,6,14.112467447916666,16.424531118914,2.5019153464735853
ets_additive_damped,territorial_authority_11_median_rent,median_rent,territorial_authority,11,Thames-Coromandel District,2025-12-01,6,13.675353970356355,15.237533465666454,2.424106530343064
seasonal_naive,territorial_authority_11_median_rent,median_rent,territorial_authority,11,Thames-Coromandel District,2025-12-01,6,19.166666666666668,22.453655975512465,3.373343152699477
xgboost_pooled_recursive,territorial_authority_11_median_rent,median_rent,territorial_authority,11,Thames-Coromandel District,2025-12-01,6,12.306640625,13.634746600771068,2.1715864004843377
ets_additive_damped,territorial_authority_11_median_rent,median_rent,territorial_authority,11,Thames-Coromandel District,2026-01-01,6,12.600193575683042,13.4007354750579,2.2245658164589472
seasonal_naive,territorial_authority_11_median_rent,median_rent,territorial_authority,11,Thames-Coromandel District,2026-01-01,6,24.166666666666668,30.88958832141773,4.3368241161804395
xgboost_pooled_recursive,territorial_authority_11_median_rent,median_rent,territorial_authority,11,Thames-Coromandel District,2026-01-01,6,15.601816813151041,16.968239937368253,2.7584292363529066
ets_additive_damped,territorial_authority_12_median_rent,median_rent,territorial_authority,12,Hauraki District,2025-02-01,6,31.960127265561557,34.76845477456932,5.665182264358603
seasonal_naive,territorial_authority_12_median_rent,median_rent,territorial_authority,12,Hauraki District,2025-02-01,6,22.5,27.003086243366084,4.136277940985064
xgboost_pooled_recursive,territorial_authority_12_median_rent,median_rent,territorial_authority,12,Hauraki District,2025-02-01,6,12.712666829427084,14.43961965890655,2.3066651374872067
ets_additive_damped,territorial_authority_12_median_rent,median_rent,territorial_authority,12,Hauraki District,2025-03-01,6,28.09735057840258,31.05612281970947,4.98908383000201
seasonal_naive,territorial_authority_12_median_rent,median_rent,territorial_authority,12,Hauraki District,2025-03-01,6,24.166666666666668,27.309949346956564,4.436578241285363
xgboost_pooled_recursive,territorial_authority_12_median_rent,median_rent,territorial_authority,12,Hauraki District,2025-03-01,6,12.154815673828125,17.071418106023888,2.2059236827210658
ets_additive_damped,territorial_authority_12_median_rent,median_rent,territorial_authority,12,Hauraki District,2025-04-01,6,21.44004081138553,25.582171539131977,3.822276878038164
seasonal_naive,territorial_authority_12_median_rent,median_rent,territorial_authority,12,Hauraki District,2025-04-01,6,36.333333333333336,44.710177812216315,6.774730936492972
xgboost_pooled_recursive,territorial_authority_12_median_rent,median_rent,territorial_authority,12,Hauraki District,2025-04-01,6,12.881642659505209,17.6802878612741,2.333421417734435
ets_additive_damped,territorial_authority_12_median_rent,median_rent,territorial_authority,12,Hauraki District,2025-05-01,6,25.44772352583601,28.156716814700587,4.533701787312574
seasonal_naive,territorial_authority_12_median_rent,median_rent,territorial_authority,12,Hauraki District,2025-05-01,6,33.833333333333336,43.72070447739835,6.327647081337368
xgboost_pooled_recursive,territorial_authority_12_median_rent,median_rent,territorial_authority,12,Hauraki District,2025-05-01,6,16.036956787109375,20.23907635166068,2.910157518548165
ets_additive_damped,territorial_authority_12_median_rent,median_rent,territorial_authority,12,Hauraki District,2025-06-01,6,14.022041684516902,16.887830588572943,2.494034257842323
seasonal_naive,territorial_authority_12_median_rent,median_rent,territorial_authority,12,Hauraki District,2025-06-01,6,31.333333333333332,42.708313008125245,5.858263680441271
xgboost_pooled_recursive,territorial_authority_12_median_rent,median_rent,territorial_authority,12,Hauraki District,2025-06-01,6,14.2913818359375,19.163082634882578,2.6008579982556985
ets_additive_damped,territorial_authority_12_median_rent,median_rent,territorial_authority,12,Hauraki District,2025-07-01,6,13.495163337249835,16.668334394466974,2.408257629183354
seasonal_naive,territorial_authority_12_median_rent,median_rent,territorial_authority,12,Hauraki District,2025-07-01,6,40.5,51.911784147082955,7.408948331984293
xgboost_pooled_recursive,territorial_authority_12_median_rent,median_rent,territorial_authority,12,Hauraki District,2025-07-01,6,21.647939046223957,24.266769669739418,3.9313740259247436
ets_additive_damped,territorial_authority_12_median_rent,median_rent,territorial_authority,12,Hauraki District,2025-08-01,6,15.673800874624684,17.63991210987451,2.7912817805542254
seasonal_naive,territorial_authority_12_median_rent,median_rent,territorial_authority,12,Hauraki District,2025-08-01,6,36.333333333333336,48.80915214724933,6.579117971076105
xgboost_pooled_recursive,territorial_authority_12_median_rent,median_rent,territorial_authority,12,Hauraki District,2025-08-01,6,17.194681803385418,22.573390303245535,3.104130639071329
ets_additive_damped,territorial_authority_12_median_rent,median_rent,territorial_authority,12,Hauraki District,2025-09-01,6,18.268809251832085,19.427966069125628,3.255239851619248
seasonal_naive,territorial_authority_12_median_rent,median_rent,territorial_authority,12,Hauraki District,2025-09-01,6,34.666666666666664,48.638119481191566,6.278817670775805
xgboost_pooled_recursive,territorial_authority_12_median_rent,median_rent,territorial_authority,12,Hauraki District,2025-09-01,6,12.630391438802084,17.80714625220596,2.2754553202003356
ets_additive_damped,territorial_authority_12_median_rent,median_rent,territorial_authority,12,Hauraki District,2025-10-01,6,23.439457012105834,23.990862966562286,4.16716059336413
seasonal_naive,territorial_authority_12_median_rent,median_rent,territorial_authority,12,Hauraki District,2025-10-01,6,20.0,32.78719262151,3.4798354824806386
xgboost_pooled_recursive,territorial_authority_12_median_rent,median_rent,territorial_authority,12,Hauraki District,2025-10-01,6,20.400299072265625,22.034693728219228,3.63183024910851
ets_additive_damped,territorial_authority_12_median_rent,median_rent,territorial_authority,12,Hauraki District,2025-11-01,6,17.28377028580053,19.103620482955026,3.080843543910591
seasonal_naive,territorial_authority_12_median_rent,median_rent,territorial_authority,12,Hauraki District,2025-11-01,6,20.0,32.78719262151,3.4693902546441064
xgboost_pooled_recursive,territorial_authority_12_median_rent,median_rent,territorial_authority,12,Hauraki District,2025-11-01,6,17.43414306640625,20.607103268998536,3.0956169538140568
ets_additive_damped,territorial_authority_12_median_rent,median_rent,territorial_authority,12,Hauraki District,2025-12-01,6,20.414433207248653,26.358647800949175,3.713887241091035
seasonal_naive,territorial_authority_12_median_rent,median_rent,territorial_authority,12,Hauraki District,2025-12-01,6,20.833333333333332,33.103373443402006,3.6466716445302034
xgboost_pooled_recursive,territorial_authority_12_median_rent,median_rent,territorial_authority,12,Hauraki District,2025-12-01,6,23.537394205729168,27.560743218412515,4.258461685297987
ets_additive_damped,territorial_authority_12_median_rent,median_rent,territorial_authority,12,Hauraki District,2026-01-01,6,20.056031737858024,25.660263609221914,3.61530451883149
seasonal_naive,territorial_authority_12_median_rent,median_rent,territorial_authority,12,Hauraki District,2026-01-01,6,15.833333333333334,22.26731535981231,2.8107925658713584
xgboost_pooled_recursive,territorial_authority_12_median_rent,median_rent,territorial_authority,12,Hauraki District,2026-01-01,6,20.081919352213543,28.24711800519851,3.618729856109156
ets_additive_damped,territorial_authority_13_median_rent,median_rent,territorial_authority,13,Waikato District,2025-02-01,6,15.004487958666175,22.1654544852642,2.543777386090153
seasonal_naive,territorial_authority_13_median_rent,median_rent,territorial_authority,13,Waikato District,2025-02-01,6,25.333333333333332,27.79088579612628,4.341098687655396
xgboost_pooled_recursive,territorial_authority_13_median_rent,median_rent,territorial_authority,13,Waikato District,2025-02-01,6,12.521280924479166,16.050041688546973,2.132872358681412
ets_additive_damped,territorial_authority_13_median_rent,median_rent,territorial_authority,13,Waikato District,2025-03-01,6,16.902384438320514,23.173388330723174,2.848064347270224
seasonal_naive,territorial_authority_13_median_rent,median_rent,territorial_authority,13,Waikato District,2025-03-01,6,21.166666666666668,21.443724800820714,3.572095434180093
xgboost_pooled_recursive,territorial_authority_13_median_rent,median_rent,territorial_authority,13,Waikato District,2025-03-01,6,16.628814697265625,21.77382371039191,2.8027913473265738
ets_additive_damped,territorial_authority_13_median_rent,median_rent,territorial_authority,13,Waikato District,2025-04-01,6,16.38213182921883,23.597799635376127,2.7623033582438876
seasonal_naive,territorial_authority_13_median_rent,median_rent,territorial_authority,13,Waikato District,2025-04-01,6,26.666666666666668,29.720924166878348,4.52024779212892
xgboost_pooled_recursive,territorial_authority_13_median_rent,median_rent,territorial_authority,13,Waikato District,2025-04-01,6,18.857503255208332,23.968985721248835,3.1687732843911696
ets_additive_damped,territorial_authority_13_median_rent,median_rent,territorial_authority,13,Waikato District,2025-05-01,6,18.093638523223206,24.03422334637407,3.04414108134627
seasonal_naive,territorial_authority_13_median_rent,median_rent,territorial_authority,13,Waikato District,2025-05-01,6,29.166666666666668,32.33934651988709,4.960453221329214
xgboost_pooled_recursive,territorial_authority_13_median_rent,median_rent,territorial_authority,13,Waikato District,2025-05-01,6,20.509297688802082,23.595888959193214,3.450726207590076
ets_additive_damped,territorial_authority_13_median_rent,median_rent,territorial_authority,13,Waikato District,2025-06-01,6,17.06286385127667,22.367767021499187,2.8592186408629416
seasonal_naive,territorial_authority_13_median_rent,median_rent,territorial_authority,13,Waikato District,2025-06-01,6,27.0,31.42186075542525,4.591066828955622
xgboost_pooled_recursive,territorial_authority_13_median_rent,median_rent,territorial_authority,13,Waikato District,2025-06-01,6,24.483835856119793,28.20134051942662,4.134804771887962
ets_additive_damped,territorial_authority_13_median_rent,median_rent,territorial_authority,13,Waikato District,2025-07-01,6,18.217756021802035,22.554638365002038,3.04216656608875
seasonal_naive,territorial_authority_13_median_rent,median_rent,territorial_authority,13,Waikato District,2025-07-01,6,27.833333333333332,32.01301818531538,4.70636718638673
xgboost_pooled_recursive,territorial_authority_13_median_rent,median_rent,territorial_authority,13,Waikato District,2025-07-01,6,29.844696044921875,31.029297756089726,5.021334582561134
ets_additive_damped,territorial_authority_13_median_rent,median_rent,territorial_authority,13,Waikato District,2025-08-01,6,12.893523539767747,15.296871067785085,2.115369252599071
seasonal_naive,territorial_authority_13_median_rent,median_rent,territorial_authority,13,Waikato District,2025-08-01,6,25.333333333333332,31.42186075542525,4.265838552025496
xgboost_pooled_recursive,territorial_authority_13_median_rent,median_rent,territorial_authority,13,Waikato District,2025-08-01,6,24.457895914713543,27.085086038547107,4.080499496557253
ets_additive_damped,territorial_authority_13_median_rent,median_rent,territorial_authority,13,Waikato District,2025-09-01,6,9.775957131696865,11.673532994069443,1.6074164942828069
seasonal_naive,territorial_authority_13_median_rent,median_rent,territorial_authority,13,Waikato District,2025-09-01,6,22.833333333333332,29.99722209360949,3.8610485368458707
xgboost_pooled_recursive,territorial_authority_13_median_rent,median_rent,territorial_authority,13,Waikato District,2025-09-01,6,12.388092041015625,14.500442365544615,2.051093306223733
ets_additive_damped,territorial_authority_13_median_rent,median_rent,territorial_authority,13,Waikato District,2025-10-01,6,16.446719678569934,21.401872591848598,2.7272365637656217
seasonal_naive,territorial_authority_13_median_rent,median_rent,territorial_authority,13,Waikato District,2025-10-01,6,19.5,24.491495122456968,3.2852936815327074
xgboost_pooled_recursive,territorial_authority_13_median_rent,median_rent,territorial_authority,13,Waikato District,2025-10-01,6,10.265848795572916,15.34300158263082,1.7142855292997596
ets_additive_damped,territorial_authority_13_median_rent,median_rent,territorial_authority,13,Waikato District,2025-11-01,6,16.108895428605006,21.021337663463033,2.6693360169997766
seasonal_naive,territorial_authority_13_median_rent,median_rent,territorial_authority,13,Waikato District,2025-11-01,6,16.166666666666668,19.99583289921511,2.6823164816080793
xgboost_pooled_recursive,territorial_authority_13_median_rent,median_rent,territorial_authority,13,Waikato District,2025-11-01,6,12.980112711588541,17.266115734140836,2.1590864528143032
ets_additive_damped,territorial_authority_13_median_rent,median_rent,territorial_authority,13,Waikato District,2025-12-01,6,14.931906702757582,19.393505572491428,2.472888164494029
seasonal_naive,territorial_authority_13_median_rent,median_rent,territorial_authority,13,Waikato District,2025-12-01,6,18.333333333333332,21.40872096444188,3.0517028739816707
xgboost_pooled_recursive,territorial_authority_13_median_rent,median_rent,territorial_authority,13,Waikato District,2025-12-01,6,12.232421875,15.654496247268746,2.031302058230853
ets_additive_damped,territorial_authority_13_median_rent,median_rent,territorial_authority,13,Waikato District,2026-01-01,6,16.281125777824894,21.14290802138263,2.697287393724344
seasonal_naive,territorial_authority_13_median_rent,median_rent,territorial_authority,13,Waikato District,2026-01-01,6,14.166666666666666,18.819316317727026,2.371430765138134
xgboost_pooled_recursive,territorial_authority_13_median_rent,median_rent,territorial_authority,13,Waikato District,2026-01-01,6,11.241414388020834,14.681740256287739,1.876991597497311
ets_additive_damped,territorial_authority_15_median_rent,median_rent,territorial_authority,15,Matamata-Piako District,2025-02-01,6,16.644646908493655,18.835470939744113,2.860603038064355
seasonal_naive,territorial_authority_15_median_rent,median_rent,territorial_authority,15,Matamata-Piako District,2025-02-01,6,48.166666666666664,49.694064031833825,8.687333412149636
xgboost_pooled_recursive,territorial_authority_15_median_rent,median_rent,territorial_authority,15,Matamata-Piako District,2025-02-01,6,9.803812662760416,13.625089581567648,1.6850186956237845
ets_additive_damped,territorial_authority_15_median_rent,median_rent,territorial_authority,15,Matamata-Piako District,2025-03-01,6,20.324588227280913,23.467357252639253,3.468428680597274
seasonal_naive,territorial_authority_15_median_rent,median_rent,territorial_authority,15,Matamata-Piako District,2025-03-01,6,43.166666666666664,44.93884733724264,7.802512664628658
xgboost_pooled_recursive,territorial_authority_15_median_rent,median_rent,territorial_authority,15,Matamata-Piako District,2025-03-01,6,10.285400390625,11.461108456818573,1.7788907296503922
ets_additive_damped,territorial_authority_15_median_rent,median_rent,territorial_authority,15,Matamata-Piako District,2025-04-01,6,19.884884552348257,21.91713265799771,3.3893463463168496
seasonal_naive,territorial_authority_15_median_rent,median_rent,territorial_authority,15,Matamata-Piako District,2025-04-01,6,41.5,43.69782603288177,7.482545243129756
xgboost_pooled_recursive,territorial_authority_15_median_rent,median_rent,territorial_authority,15,Matamata-Piako District,2025-04-01,6,9.454752604166666,9.951016013759512,1.6343680635276439
ets_additive_damped,territorial_authority_15_median_rent,median_rent,territorial_authority,15,Matamata-Piako District,2025-05-01,6,25.54892391174671,26.221449849660424,4.337929491077356
seasonal_naive,territorial_authority_15_median_rent,median_rent,territorial_authority,15,Matamata-Piako District,2025-05-01,6,41.5,43.69782603288177,7.517793054828113
xgboost_pooled_recursive,territorial_authority_15_median_rent,median_rent,territorial_authority,15,Matamata-Piako District,2025-05-01,6,10.500152587890625,11.243254098145423,1.8211346167767175
ets_additive_damped,territorial_authority_15_median_rent,median_rent,territorial_authority,15,Matamata-Piako District,2025-06-01,6,21.102575728516666,22.324696325599458,3.5842929596256417
seasonal_naive,territorial_authority_15_median_rent,median_rent,territorial_authority,15,Matamata-Piako District,2025-06-01,6,37.666666666666664,42.22558466143482,6.819734595036802
xgboost_pooled_recursive,territorial_authority_15_median_rent,median_rent,territorial_authority,15,Matamata-Piako District,2025-06-01,6,12.300272623697916,13.9388126303021,2.136073395833452
ets_additive_damped,territorial_authority_15_median_rent,median_rent,territorial_authority,15,Matamata-Piako District,2025-07-01,6,17.65144159633955,22.251270302033234,2.918453863573933
seasonal_naive,territorial_authority_15_median_rent,median_rent,territorial_authority,15,Matamata-Piako District,2025-07-01,6,36.0,39.995833116296836,6.266275475539946
xgboost_pooled_recursive,territorial_authority_15_median_rent,median_rent,territorial_authority,15,Matamata-Piako District,2025-07-01,6,21.460927327473957,27.67766309630547,3.6018591687612465
ets_additive_damped,territorial_authority_15_median_rent,median_rent,territorial_authority,15,Matamata-Piako District,2025-08-01,6,15.451841598014065,22.058077645166826,2.540644375163044
seasonal_naive,territorial_authority_15_median_rent,median_rent,territorial_authority,15,Matamata-Piako District,2025-08-01,6,26.666666666666668,32.24386246507491,4.561146607653477
xgboost_pooled_recursive,territorial_authority_15_median_rent,median_rent,territorial_authority,15,Matamata-Piako District,2025-08-01,6,20.200764973958332,26.49968672838901,3.373911274890947
ets_additive_damped,territorial_authority_15_median_rent,median_rent,territorial_authority,15,Matamata-Piako District,2025-09-01,6,15.629432286808253,22.155274435868353,2.568575834314323
seasonal_naive,territorial_authority_15_median_rent,median_rent,territorial_authority,15,Matamata-Piako District,2025-09-01,6,21.666666666666668,29.82728057779768,3.6915813902621726
xgboost_pooled_recursive,territorial_authority_15_median_rent,median_rent,territorial_authority,15,Matamata-Piako District,2025-09-01,6,17.605438232421875,24.979500533842167,2.9138941485257224
ets_additive_damped,territorial_authority_15_median_rent,median_rent,territorial_authority,15,Matamata-Piako District,2025-10-01,6,19.11581387375628,24.760391085697638,3.1561653600708373
seasonal_naive,territorial_authority_15_median_rent,median_rent,territorial_authority,15,Matamata-Piako District,2025-10-01,6,17.333333333333332,27.562051205718827,2.9361437840726397
xgboost_pooled_recursive,territorial_authority_15_median_rent,median_rent,territorial_authority,15,Matamata-Piako District,2025-10-01,6,15.411417643229166,24.52287823619742,2.533796722221864
ets_additive_damped,territorial_authority_15_median_rent,median_rent,territorial_authority,15,Matamata-Piako District,2025-11-01,6,19.842692548056316,26.890685357293474,3.277190030189741
seasonal_naive,territorial_authority_15_median_rent,median_rent,territorial_authority,15,Matamata-Piako District,2025-11-01,6,12.333333333333334,21.439838307848003,2.0163842191456287
xgboost_pooled_recursive,territorial_authority_15_median_rent,median_rent,territorial_authority,15,Matamata-Piako District,2025-11-01,6,15.979237874348959,22.96468326783486,2.6319033078194933
ets_additive_damped,territorial_authority_15_median_rent,median_rent,territorial_authority,15,Matamata-Piako District,2025-12-01,6,21.356080373313677,27.637489519257645,3.5333655290235995
seasonal_naive,territorial_authority_15_median_rent,median_rent,territorial_authority,15,Matamata-Piako District,2025-12-01,6,13.5,21.89748844045819,2.2205161305946133
xgboost_pooled_recursive,territorial_authority_15_median_rent,median_rent,territorial_authority,15,Matamata-Piako District,2025-12-01,6,15.915334065755209,23.353069524018185,2.620117693803827
ets_additive_damped,territorial_authority_15_median_rent,median_rent,territorial_authority,15,Matamata-Piako District,2026-01-01,6,25.947802640934167,28.696111476331414,4.325202081154561
seasonal_naive,territorial_authority_15_median_rent,median_rent,territorial_authority,15,Matamata-Piako District,2026-01-01,6,10.166666666666666,14.588808496012735,1.7567480146525845
xgboost_pooled_recursive,territorial_authority_15_median_rent,median_rent,territorial_authority,15,Matamata-Piako District,2026-01-01,6,15.384114583333334,17.705608283253643,2.5878213650700626
ets_additive_damped,territorial_authority_16_median_rent,median_rent,territorial_authority,16,Hamilton City,2025-02-01,6,7.823947284605708,8.693227717934391,1.3867941355567561
seasonal_naive,territorial_authority_16_median_rent,median_rent,territorial_authority,16,Hamilton City,2025-02-01,6,10.833333333333334,13.693063937629153,1.9286238724564715
xgboost_pooled_recursive,territorial_authority_16_median_rent,median_rent,territorial_authority,16,Hamilton City,2025-02-01,6,10.719919840494791,12.976983288835854,1.8915843020851462
ets_additive_damped,territorial_authority_16_median_rent,median_rent,territorial_authority,16,Hamilton City,2025-03-01,6,9.694512381793515,10.817937658562016,1.7132737186875302
seasonal_naive,territorial_authority_16_median_rent,median_rent,territorial_authority,16,Hamilton City,2025-03-01,6,7.5,10.9924216318941,1.3333857772183764
xgboost_pooled_recursive,territorial_authority_16_median_rent,median_rent,territorial_authority,16,Hamilton City,2025-03-01,6,8.786814371744791,10.377619514120935,1.5547477141800718
ets_additive_damped,territorial_authority_16_median_rent,median_rent,territorial_authority,16,Hamilton City,2025-04-01,6,11.52996810706268,12.127583942550096,2.0373391141849955
seasonal_naive,territorial_authority_16_median_rent,median_rent,territorial_authority,16,Hamilton City,2025-04-01,6,7.5,10.9924216318941,1.3229430036177081
xgboost_pooled_recursive,territorial_authority_16_median_rent,median_rent,territorial_authority,16,Hamilton City,2025-04-01,6,14.499247233072916,15.029854641802046,2.554636793965476
ets_additive_damped,territorial_authority_16_median_rent,median_rent,territorial_authority,16,Hamilton City,2025-05-01,6,6.583683411194329,7.57000809662652,1.167455204209753
seasonal_naive,territorial_authority_16_median_rent,median_rent,territorial_authority,16,Hamilton City,2025-05-01,6,9.166666666666666,11.726039399558575,1.6127980760814762
xgboost_pooled_recursive,territorial_authority_16_median_rent,median_rent,territorial_authority,16,Hamilton City,2025-05-01,6,11.550374348958334,12.400400170451588,2.036431570398076
ets_additive_damped,territorial_authority_16_median_rent,median_rent,territorial_authority,16,Hamilton City,2025-06-01,6,4.674457450668474,5.21737311950538,0.8286170951116919
seasonal_naive,territorial_authority_16_median_rent,median_rent,territorial_authority,16,Hamilton City,2025-06-01,6,9.166666666666666,11.726039399558575,1.6127980760814762
xgboost_pooled_recursive,territorial_authority_16_median_rent,median_rent,territorial_authority,16,Hamilton City,2025-06-01,6,3.8059285481770835,4.293933038127916,0.6756170933713077
ets_additive_damped,territorial_authority_16_median_rent,median_rent,territorial_authority,16,Hamilton City,2025-07-01,6,5.052633749266609,6.60066030357859,0.8929143322263686
seasonal_naive,territorial_authority_16_median_rent,median_rent,territorial_authority,16,Hamilton City,2025-07-01,6,9.166666666666666,11.726039399558575,1.6101642791998914
xgboost_pooled_recursive,territorial_authority_16_median_rent,median_rent,territorial_authority,16,Hamilton City,2025-07-01,6,8.152252197265625,9.883158410436824,1.4420554652763782
ets_additive_damped,territorial_authority_16_median_rent,median_rent,territorial_authority,16,Hamilton City,2025-08-01,6,6.129029828833079,7.197611942566686,1.0838534326463285
seasonal_naive,territorial_authority_16_median_rent,median_rent,territorial_authority,16,Hamilton City,2025-08-01,6,8.333333333333334,10.801234497346433,1.4699359451389582
xgboost_pooled_recursive,territorial_authority_16_median_rent,median_rent,territorial_authority,16,Hamilton City,2025-08-01,6,9.06927490234375,10.034989424593752,1.603334205631816
ets_additive_damped,territorial_authority_16_median_rent,median_rent,territorial_authority,16,Hamilton City,2025-09-01,6,8.55720931619006,10.024555999808886,1.5098338849336626
seasonal_naive,territorial_authority_16_median_rent,median_rent,territorial_authority,16,Hamilton City,2025-09-01,6,10.0,11.547005383792516,1.7649211958764215
xgboost_pooled_recursive,territorial_authority_16_median_rent,median_rent,territorial_authority,16,Hamilton City,2025-09-01,6,9.40057373046875,11.402866690661455,1.656801822064385
ets_additive_damped,territorial_authority_16_median_rent,median_rent,territorial_authority,16,Hamilton City,2025-10-01,6,7.096688255181012,8.144316710489033,1.250302470326685
seasonal_naive,territorial_authority_16_median_rent,median_rent,territorial_authority,16,Hamilton City,2025-10-01,6,8.333333333333334,9.128709291752768,1.4699809467027627
xgboost_pooled_recursive,territorial_authority_16_median_rent,median_rent,territorial_authority,16,Hamilton City,2025-10-01,6,9.766184488932291,12.391800748307611,1.716682895324263
ets_additive_damped,territorial_authority_16_median_rent,median_rent,territorial_authority,16,Hamilton City,2025-11-01,6,7.838928317646075,9.054700575647574,1.3794455306333426
seasonal_naive,territorial_authority_16_median_rent,median_rent,territorial_authority,16,Hamilton City,2025-11-01,6,9.166666666666666,10.206207261596576,1.6206545086002282
xgboost_pooled_recursive,territorial_authority_16_median_rent,median_rent,territorial_authority,16,Hamilton City,2025-11-01,6,10.187357584635416,12.442322352799675,1.7874630579398403
ets_additive_damped,territorial_authority_16_median_rent,median_rent,territorial_authority,16,Hamilton City,2025-12-01,6,7.5596996105219505,8.62348727566251,1.3304791777527636
seasonal_naive,territorial_authority_16_median_rent,median_rent,territorial_authority,16,Hamilton City,2025-12-01,6,10.833333333333334,10.9924216318941,1.9156397593376913
xgboost_pooled_recursive,territorial_authority_16_median_rent,median_rent,territorial_authority,16,Hamilton City,2025-12-01,6,9.390909830729166,11.315240877724476,1.6495893432070443
ets_additive_damped,territorial_authority_16_median_rent,median_rent,territorial_authority,16,Hamilton City,2026-01-01,6,6.527151004721115,8.158078415991822,1.1476173634034816
seasonal_naive,territorial_authority_16_median_rent,median_rent,territorial_authority,16,Hamilton City,2026-01-01,6,10.0,10.408329997330663,1.770131339691409
xgboost_pooled_recursive,territorial_authority_16_median_rent,median_rent,territorial_authority,16,Hamilton City,2026-01-01,6,7.715260823567708,8.805696455743728,1.3590971802709144
ets_additive_damped,territorial_authority_17_median_rent,median_rent,territorial_authority,17,Waipa District,2025-02-01,6,20.731999712476426,24.24895058641199,3.3552639542433296
seasonal_naive,territorial_authority_17_median_rent,median_rent,territorial_authority,17,Waipa District,2025-02-01,6,20.0,26.299556396765833,3.277870417463382
xgboost_pooled_recursive,territorial_authority_17_median_rent,median_rent,territorial_authority,17,Waipa District,2025-02-01,6,17.434824625651043,21.186010922737793,2.830631407293305
ets_additive_damped,territorial_authority_17_median_rent,median_rent,territorial_authority,17,Waipa District,2025-03-01,6,19.288308680394874,22.773968603915666,3.127001058067627
seasonal_naive,territorial_authority_17_median_rent,median_rent,territorial_authority,17,Waipa District,2025-03-01,6,21.666666666666668,27.23355773061365,3.5442064600771492
xgboost_pooled_recursive,territorial_authority_17_median_rent,median_rent,territorial_authority,17,Waipa District,2025-03-01,6,15.495758056640625,18.765910711903913,2.5223414058318827
ets_additive_damped,territorial_authority_17_median_rent,median_rent,territorial_authority,17,Waipa District,2025-04-01,6,14.280561450072335,15.704881794385706,2.3144915846103538
seasonal_naive,territorial_authority_17_median_rent,median_rent,territorial_authority,17,Waipa District,2025-04-01,6,20.833333333333332,26.22022120425379,3.3969951114204524
xgboost_pooled_recursive,territorial_authority_17_median_rent,median_rent,territorial_authority,17,Waipa District,2025-04-01,6,13.911570231119791,16.455243616017146,2.2577140388396
ets_additive_damped,territorial_authority_17_median_rent,median_rent,territorial_authority,17,Waipa District,2025-05-01,6,15.095982912928852,16.386061181738896,2.4357694074925216
seasonal_naive,territorial_authority_17_median_rent,median_rent,territorial_authority,17,Waipa District,2025-05-01,6,25.833333333333332,30.618621784789728,4.2012612185976534
xgboost_pooled_recursive,territorial_authority_17_median_rent,median_rent,territorial_authority,17,Waipa District,2025-05-01,6,17.608591715494793,20.08509888359491,2.845179782764391
ets_additive_damped,territorial_authority_17_median_rent,median_rent,territorial_authority,17,Waipa District,2025-06-01,6,14.335518884102308,16.110080902023206,2.312509233883584
seasonal_naive,territorial_authority_17_median_rent,median_rent,territorial_authority,17,Waipa District,2025-06-01,6,28.333333333333332,31.22498999199199,4.593418081342752
xgboost_pooled_recursive,territorial_authority_17_median_rent,median_rent,territorial_authority,17,Waipa District,2025-06-01,6,17.78985595703125,20.82016628651216,2.8752675873773574
ets_additive_damped,territorial_authority_17_median_rent,median_rent,territorial_authority,17,Waipa District,2025-07-01,6,13.742392664326303,15.955328035238603,2.216559152551584
seasonal_naive,territorial_authority_17_median_rent,median_rent,territorial_authority,17,Waipa District,2025-07-01,6,26.666666666666668,30.686587732536616,4.31684821412961
xgboost_pooled_recursive,territorial_authority_17_median_rent,median_rent,territorial_authority,17,Waipa District,2025-07-01,6,18.044443766276043,22.58499173374649,2.916038630090959
ets_additive_damped,territorial_authority_17_median_rent,median_rent,territorial_authority,17,Waipa District,2025-08-01,6,14.76362842761309,16.22059002535612,2.382051964315983
seasonal_naive,territorial_authority_17_median_rent,median_rent,territorial_authority,17,Waipa District,2025-08-01,6,18.333333333333332,22.9128784747792,2.9618346639941078
xgboost_pooled_recursive,territorial_authority_17_median_rent,median_rent,territorial_authority,17,Waipa District,2025-08-01,6,14.114593505859375,16.2818595160038,2.2825477806282533
ets_additive_damped,territorial_authority_17_median_rent,median_rent,territorial_authority,17,Waipa District,2025-09-01,6,8.953588163471371,11.229204574844207,1.4437490729671434
seasonal_naive,territorial_authority_17_median_rent,median_rent,territorial_authority,17,Waipa District,2025-09-01,6,17.5,22.26731535981231,2.82690921030727
xgboost_pooled_recursive,territorial_authority_17_median_rent,median_rent,territorial_authority,17,Waipa District,2025-09-01,6,10.629425048828125,15.17016690054568,1.7151713291369541
ets_additive_damped,territorial_authority_17_median_rent,median_rent,territorial_authority,17,Waipa District,2025-10-01,6,9.37006902334006,14.244805902069329,1.4830832426781027
seasonal_naive,territorial_authority_17_median_rent,median_rent,territorial_authority,17,Waipa District,2025-10-01,6,22.5,30.754403478743225,3.62680430603242
xgboost_pooled_recursive,territorial_authority_17_median_rent,median_rent,territorial_authority,17,Waipa District,2025-10-01,6,13.946706136067709,20.20363556618279,2.2247919213032525
ets_additive_damped,territorial_authority_17_median_rent,median_rent,territorial_authority,17,Waipa District,2025-11-01,6,6.733872285967531,9.57642863727775,1.0678490826776597
seasonal_naive,territorial_authority_17_median_rent,median_rent,territorial_authority,17,Waipa District,2025-11-01,6,19.166666666666668,27.309949346956564,3.08916989743027
xgboost_pooled_recursive,territorial_authority_17_median_rent,median_rent,territorial_authority,17,Waipa District,2025-11-01,6,10.125539143880209,12.858721012819585,1.6090700995141747
ets_additive_damped,territorial_authority_17_median_rent,median_rent,territorial_authority,17,Waipa District,2025-12-01,6,7.981471354551066,10.192006073436595,1.267840338842963
seasonal_naive,territorial_authority_17_median_rent,median_rent,territorial_authority,17,Waipa District,2025-12-01,6,17.5,26.692695630078276,2.8308818432527754
xgboost_pooled_recursive,territorial_authority_17_median_rent,median_rent,territorial_authority,17,Waipa District,2025-12-01,6,10.380421956380209,13.228820314427479,1.650468902840619
ets_additive_damped,territorial_authority_17_median_rent,median_rent,territorial_authority,17,Waipa District,2026-01-01,6,7.029921544574525,10.022885014806995,1.1146595718521883
seasonal_naive,territorial_authority_17_median_rent,median_rent,territorial_authority,17,Waipa District,2026-01-01,6,19.166666666666668,27.309949346956564,3.097535502423873
xgboost_pooled_recursive,territorial_authority_17_median_rent,median_rent,territorial_authority,17,Waipa District,2026-01-01,6,16.259806315104168,20.593685875402315,2.6129869911060655
ets_additive_damped,territorial_authority_19_median_rent,median_rent,territorial_authority,19,South Waikato District,2025-02-01,6,9.764410004551573,10.790688077966635,1.932162191667658
seasonal_naive,territorial_authority_19_median_rent,median_rent,territorial_authority,19,South Waikato District,2025-02-01,6,25.833333333333332,33.478849044334446,5.321265349327164
xgboost_pooled_recursive,territorial_authority_19_median_rent,median_rent,territorial_authority,19,South Waikato District,2025-02-01,6,6.87097167968749,10.072847669749594,1.3689740201598561
ets_additive_damped,territorial_authority_19_median_rent,median_rent,territorial_authority,19,South Waikato District,2025-03-01,6,12.515076710029575,12.82760770952588,2.472869888267132
seasonal_naive,territorial_authority_19_median_rent,median_rent,territorial_authority,19,South Waikato District,2025-03-01,6,22.5,32.46793289796359,4.640993240483626
xgboost_pooled_recursive,territorial_authority_19_median_rent,median_rent,territorial_authority,19,South Waikato District,2025-03-01,6,8.582941691080729,9.857455087647299,1.699327199284854
ets_additive_damped,territorial_authority_19_median_rent,median_rent,territorial_authority,19,South Waikato District,2025-04-01,6,14.561803554183806,15.458363728548584,2.8846143264076
seasonal_naive,territorial_authority_19_median_rent,median_rent,territorial_authority,19,South Waikato District,2025-04-01,6,19.166666666666668,31.424512724941337,3.960721131640089
xgboost_pooled_recursive,territorial_authority_19_median_rent,median_rent,territorial_authority,19,South Waikato District,2025-04-01,6,11.915685017903636,12.956553628543455,2.3663134839083355
ets_additive_damped,territorial_authority_19_median_rent,median_rent,territorial_authority,19,South Waikato District,2025-05-01,6,14.31415805238664,15.102221942762657,2.8339638838730705
seasonal_naive,territorial_authority_19_median_rent,median_rent,territorial_authority,19,South Waikato District,2025-05-01,6,26.666666666666668,37.416573867739416,5.5459023588197125
xgboost_pooled_recursive,territorial_authority_19_median_rent,median_rent,territorial_authority,19,South Waikato District,2025-05-01,6,8.356643676757804,11.251953834965336,1.674247981153843
ets_additive_damped,territorial_authority_19_median_rent,median_rent,territorial_authority,19,South Waikato District,2025-06-01,6,17.649812060904594,18.47955158867026,3.479742318001004
seasonal_naive,territorial_authority_19_median_rent,median_rent,territorial_authority,19,South Waikato District,2025-06-01,6,15.0,24.1522945769824,3.115346803264157
xgboost_pooled_recursive,territorial_authority_19_median_rent,median_rent,territorial_authority,19,South Waikato District,2025-06-01,6,9.329600016276052,10.65502930392582,1.8536153479922297
ets_additive_damped,territorial_authority_19_median_rent,median_rent,territorial_authority,19,South Waikato District,2025-07-01,6,21.06903252250923,22.718769497192106,4.177835620570445
seasonal_naive,territorial_authority_19_median_rent,median_rent,territorial_authority,19,South Waikato District,2025-07-01,6,13.333333333333334,22.360679774997898,2.7646910770561477
xgboost_pooled_recursive,territorial_authority_19_median_rent,median_rent,territorial_authority,19,South Waikato District,2025-07-01,6,8.625879923502604,15.166172570205399,1.7343234113214034
ets_additive_damped,territorial_authority_19_median_rent,median_rent,territorial_authority,19,South Waikato District,2025-08-01,6,19.19857978450729,20.901151261333453,3.802090333417634
seasonal_naive,territorial_authority_19_median_rent,median_rent,territorial_authority,19,South Waikato District,2025-08-01,6,16.666666666666668,25.166114784235834,3.4055318601635847
xgboost_pooled_recursive,territorial_authority_19_median_rent,median_rent,territorial_authority,19,South Waikato District,2025-08-01,6,15.420064290364584,21.714185863529973,3.0480050196750557
ets_additive_damped,territorial_authority_19_median_rent,median_rent,territorial_authority,19,South Waikato District,2025-09-01,6,16.1999751998068,18.891989512298938,3.2117898708962844
seasonal_naive,territorial_authority_19_median_rent,median_rent,territorial_authority,19,South Waikato District,2025-09-01,6,20.0,26.457513110645905,4.059126631405415
xgboost_pooled_recursive,territorial_authority_19_median_rent,median_rent,territorial_authority,19,South Waikato District,2025-09-01,6,13.652170817057291,17.969949577957802,2.70662729892994
ets_additive_damped,territorial_authority_19_median_rent,median_rent,territorial_authority,19,South Waikato District,2025-10-01,6,16.108667185403032,18.41303834286132,3.1773510088752075
seasonal_naive,territorial_authority_19_median_rent,median_rent,territorial_authority,19,South Waikato District,2025-10-01,6,20.0,26.457513110645905,4.059126631405415
xgboost_pooled_recursive,territorial_authority_19_median_rent,median_rent,territorial_authority,19,South Waikato District,2025-10-01,6,15.033808390299479,16.869346705345553,2.9821022304502414
ets_additive_damped,territorial_authority_19_median_rent,median_rent,territorial_authority,19,South Waikato District,2025-11-01,6,15.934703662790895,17.811481515114604,3.138001432823171
seasonal_naive,territorial_authority_19_median_rent,median_rent,territorial_authority,19,South Waikato District,2025-11-01,6,14.166666666666666,17.911821050170563,2.8022531043040795
xgboost_pooled_recursive,territorial_authority_19_median_rent,median_rent,territorial_authority,19,South Waikato District,2025-11-01,6,15.740193684895834,19.542601620603968,3.102125489608502
ets_additive_damped,territorial_authority_19_median_rent,median_rent,territorial_authority,19,South Waikato District,2025-12-01,6,18.178647491527176,20.052014037960134,3.549114856160552
seasonal_naive,territorial_authority_19_median_rent,median_rent,territorial_authority,19,South Waikato District,2025-12-01,6,18.333333333333332,20.615528128088304,3.5921425197859116
xgboost_pooled_recursive,territorial_authority_19_median_rent,median_rent,territorial_authority,19,South Waikato District,2025-12-01,6,16.92083740234375,21.052824190096057,3.305567714153132
ets_additive_damped,territorial_authority_19_median_rent,median_rent,territorial_authority,19,South Waikato District,2026-01-01,6,15.251448218559696,19.03126193618548,2.950465151896095
seasonal_naive,territorial_authority_19_median_rent,median_rent,territorial_authority,19,South Waikato District,2026-01-01,6,16.333333333333332,19.209372712298546,3.1764206754926394
xgboost_pooled_recursive,territorial_authority_19_median_rent,median_rent,territorial_authority,19,South Waikato District,2026-01-01,6,31.478179931640614,34.37933400371683,6.234716220983005
ets_additive_damped,territorial_authority_1_median_rent,median_rent,territorial_authority,1,Far North District,2025-02-01,6,17.721485111297397,19.9651495115087,3.337060275527617
seasonal_naive,territorial_authority_1_median_rent,median_rent,territorial_authority,1,Far North District,2025-02-01,6,28.833333333333332,34.37295448459442,5.5790326171027615
xgboost_pooled_recursive,territorial_authority_1_median_rent,median_rent,territorial_authority,1,Far North District,2025-02-01,6,19.849721272786457,21.817941635484274,3.74203209542756
ets_additive_damped,territorial_authority_1_median_rent,median_rent,territorial_authority,1,Far North District,2025-03-01,6,13.829176074133613,17.112478264438124,2.602989403536805
seasonal_naive,territorial_authority_1_median_rent,median_rent,territorial_authority,1,Far North District,2025-03-01,6,23.833333333333332,28.83574171059243,4.6090149804184595
xgboost_pooled_recursive,territorial_authority_1_median_rent,median_rent,territorial_authority,1,Far North District,2025-03-01,6,13.836507161458334,16.22300505433452,2.6033991623022446
ets_additive_damped,territorial_authority_1_median_rent,median_rent,territorial_authority,1,Far North District,2025-04-01,6,15.47401161718119,17.651103353848008,2.9114646243206033
seasonal_naive,territorial_authority_1_median_rent,median_rent,territorial_authority,1,Far North District,2025-04-01,6,23.0,27.94041278626117,4.452067151132496
xgboost_pooled_recursive,territorial_authority_1_median_rent,median_rent,territorial_authority,1,Far North District,2025-04-01,6,13.691426595052084,17.66920752588952,2.579252695265376
ets_additive_damped,territorial_authority_1_median_rent,median_rent,territorial_authority,1,Far North District,2025-05-01,6,13.710080893937098,16.962249784078807,2.581594452915169
seasonal_naive,territorial_authority_1_median_rent,median_rent,territorial_authority,1,Far North District,2025-05-01,6,32.166666666666664,35.844571881016144,6.206453116044777
xgboost_pooled_recursive,territorial_authority_1_median_rent,median_rent,territorial_authority,1,Far North District,2025-05-01,6,15.509653727213541,18.501690087025352,2.919122175045434
ets_additive_damped,territorial_authority_1_median_rent,median_rent,territorial_authority,1,Far North District,2025-06-01,6,15.289752161318157,18.905973455895065,2.853934403382006
seasonal_naive,territorial_authority_1_median_rent,median_rent,territorial_authority,1,Far North District,2025-06-01,6,27.166666666666668,30.575044289965195,5.214389623981285
xgboost_pooled_recursive,territorial_authority_1_median_rent,median_rent,territorial_authority,1,Far North District,2025-06-01,6,17.018035888671875,20.965990407243286,3.172031087679581
ets_additive_damped,territorial_authority_1_median_rent,median_rent,territorial_authority,1,Far North District,2025-07-01,6,13.531104640732659,15.42848991477974,2.478986339029528
seasonal_naive,territorial_authority_1_median_rent,median_rent,territorial_authority,1,Far North District,2025-07-01,6,30.5,34.66266002487403,5.770763376231326
xgboost_pooled_recursive,territorial_authority_1_median_rent,median_rent,territorial_authority,1,Far North District,2025-07-01,6,15.682637532552084,19.304925793927048,2.8910684458196294
ets_additive_damped,territorial_authority_1_median_rent,median_rent,territorial_authority,1,Far North District,2025-08-01,6,16.178469428221547,17.34134633050361,2.9564897744702163
seasonal_naive,territorial_authority_1_median_rent,median_rent,territorial_authority,1,Far North District,2025-08-01,6,37.166666666666664,40.01874560752748,7.019753799676579
xgboost_pooled_recursive,territorial_authority_1_median_rent,median_rent,territorial_authority,1,Far North District,2025-08-01,6,16.210968017578125,19.640921858112954,2.9657344017545095
ets_additive_damped,territorial_authority_1_median_rent,median_rent,territorial_authority,1,Far North District,2025-09-01,6,12.994634871358718,15.035110766976313,2.3686718921449996
seasonal_naive,territorial_authority_1_median_rent,median_rent,territorial_authority,1,Far North District,2025-09-01,6,33.833333333333336,39.176949004910185,6.402469849059295
xgboost_pooled_recursive,territorial_authority_1_median_rent,median_rent,territorial_authority,1,Far North District,2025-09-01,6,14.915720621744791,18.065338005771398,2.7232410151844206
ets_additive_damped,territorial_authority_1_median_rent,median_rent,territorial_authority,1,Far North District,2025-10-01,6,13.782818413609371,15.887887350438836,2.5052616940818724
seasonal_naive,territorial_authority_1_median_rent,median_rent,territorial_authority,1,Far North District,2025-10-01,6,31.166666666666668,37.79109242489117,5.8656155601205135
xgboost_pooled_recursive,territorial_authority_1_median_rent,median_rent,territorial_authority,1,Far North District,2025-10-01,6,13.070780436197916,16.807239664799873,2.3831398154379824
ets_additive_damped,territorial_authority_1_median_rent,median_rent,territorial_authority,1,Far North District,2025-11-01,6,11.250210116179366,14.031329821228496,2.0361504279707416
seasonal_naive,territorial_authority_1_median_rent,median_rent,territorial_authority,1,Far North District,2025-11-01,6,22.0,30.397368307141328,4.111229595208233
xgboost_pooled_recursive,territorial_authority_1_median_rent,median_rent,territorial_authority,1,Far North District,2025-11-01,6,7.609334309895833,10.553751008688444,1.3719332116692775
ets_additive_damped,territorial_authority_1_median_rent,median_rent,territorial_authority,1,Far North District,2025-12-01,6,7.743201029328816,9.452320617905453,1.4010896169105926
seasonal_naive,territorial_authority_1_median_rent,median_rent,territorial_authority,1,Far North District,2025-12-01,6,21.166666666666668,29.913764947484182,3.964421993243681
xgboost_pooled_recursive,territorial_authority_1_median_rent,median_rent,territorial_authority,1,Far North District,2025-12-01,6,8.5421142578125,8.868703363682739,1.5394909418948264
ets_additive_damped,territorial_authority_1_median_rent,median_rent,territorial_authority,1,Far North District,2026-01-01,6,9.300114215110094,10.817328665684423,1.682143470546129
seasonal_naive,territorial_authority_1_median_rent,median_rent,territorial_authority,1,Far North District,2026-01-01,6,20.333333333333332,28.55987861785597,3.812527104506687
xgboost_pooled_recursive,territorial_authority_1_median_rent,median_rent,territorial_authority,1,Far North District,2026-01-01,6,7.931040445963542,9.889643858160857,1.4401137733755183
ets_additive_damped,territorial_authority_21_median_rent,median_rent,territorial_authority,21,Taupo District,2025-02-01,6,16.07668719332715,21.61291783468068,2.722946823620265
seasonal_naive,territorial_authority_21_median_rent,median_rent,territorial_authority,21,Taupo District,2025-02-01,6,17.5,22.453655975512465,2.908222059700829
xgboost_pooled_recursive,territorial_authority_21_median_rent,median_rent,territorial_authority,21,Taupo District,2025-02-01,6,12.312795003255209,18.19554403048756,2.0970058841612
ets_additive_damped,territorial_authority_21_median_rent,median_rent,territorial_authority,21,Taupo District,2025-03-01,6,19.682067161124962,24.726061682418326,3.3016628818960094
seasonal_naive,territorial_authority_21_median_rent,median_rent,territorial_authority,21,Taupo District,2025-03-01,6,20.0,27.23355773061365,3.2702402207447885
xgboost_pooled_recursive,territorial_authority_21_median_rent,median_rent,territorial_authority,21,Taupo District,2025-03-01,6,23.256642659505207,27.62851652799927,3.901130463401011
ets_additive_damped,territorial_authority_21_median_rent,median_rent,territorial_authority,21,Taupo District,2025-04-01,6,22.41240910572081,25.649801078630468,3.7478068333372883
seasonal_naive,territorial_authority_21_median_rent,median_rent,territorial_authority,21,Taupo District,2025-04-01,6,24.166666666666668,29.790938219532464,3.957216487789523
xgboost_pooled_recursive,territorial_authority_21_median_rent,median_rent,territorial_authority,21,Taupo District,2025-04-01,6,23.416158040364582,27.41213987933361,3.919890897872163
ets_additive_damped,territorial_authority_21_median_rent,median_rent,territorial_authority,21,Taupo District,2025-05-01,6,19.32434380790674,24.07393336242082,3.2417286444891897
seasonal_naive,territorial_authority_21_median_rent,median_rent,territorial_authority,21,Taupo District,2025-05-01,6,22.5,28.35783254528926,3.7347866643988024
xgboost_pooled_recursive,territorial_authority_21_median_rent,median_rent,territorial_authority,21,Taupo District,2025-05-01,6,21.730723063151043,25.632174482549217,3.642875154786692
ets_additive_damped,territorial_authority_21_median_rent,median_rent,territorial_authority,21,Taupo District,2025-06-01,6,18.98560113808685,22.661163094541546,3.132540140687485
seasonal_naive,territorial_authority_21_median_rent,median_rent,territorial_authority,21,Taupo District,2025-06-01,6,37.5,46.413001052147735,6.487080242380454
xgboost_pooled_recursive,territorial_authority_21_median_rent,median_rent,territorial_authority,21,Taupo District,2025-06-01,6,38.042460123697914,40.04050814396,6.412294312084095
ets_additive_damped,territorial_authority_21_median_rent,median_rent,territorial_authority,21,Taupo District,2025-07-01,6,20.58580567459804,22.953443430997417,3.37640345091764
seasonal_naive,territorial_authority_21_median_rent,median_rent,territorial_authority,21,Taupo District,2025-07-01,6,40.833333333333336,47.82781617427248,7.024606278797843
xgboost_pooled_recursive,territorial_authority_21_median_rent,median_rent,territorial_authority,21,Taupo District,2025-07-01,6,32.848114013671875,34.093848880584154,5.469890433225772
ets_additive_damped,territorial_authority_21_median_rent,median_rent,territorial_authority,21,Taupo District,2025-08-01,6,17.217047673595136,18.514605063406876,2.8084398518014337
seasonal_naive,territorial_authority_21_median_rent,median_rent,territorial_authority,21,Taupo District,2025-08-01,6,45.333333333333336,50.882216932834204,7.769721807744275
xgboost_pooled_recursive,territorial_authority_21_median_rent,median_rent,territorial_authority,21,Taupo District,2025-08-01,6,23.3189697265625,26.21803566798257,3.828445599575425
ets_additive_damped,territorial_authority_21_median_rent,median_rent,territorial_authority,21,Taupo District,2025-09-01,6,14.525454028394563,17.12852650572533,2.3520709916909888
seasonal_naive,territorial_authority_21_median_rent,median_rent,territorial_authority,21,Taupo District,2025-09-01,6,45.333333333333336,50.882216932834204,7.720840251088884
xgboost_pooled_recursive,territorial_authority_21_median_rent,median_rent,territorial_authority,21,Taupo District,2025-09-01,6,14.064361572265625,18.475392442324445,2.2589605202411387
ets_additive_damped,territorial_authority_21_median_rent,median_rent,territorial_authority,21,Taupo District,2025-10-01,6,13.92396291405396,17.348839658803563,2.25018825741663
seasonal_naive,territorial_authority_21_median_rent,median_rent,territorial_authority,21,Taupo District,2025-10-01,6,48.333333333333336,53.131911315140925,8.186801078336243
xgboost_pooled_recursive,territorial_authority_21_median_rent,median_rent,territorial_authority,21,Taupo District,2025-10-01,6,18.917989095052082,22.074112040713455,3.032731742843788
ets_additive_damped,territorial_authority_21_median_rent,median_rent,territorial_authority,21,Taupo District,2025-11-01,6,17.748445155918585,19.705235864312915,2.8487331285557445
seasonal_naive,territorial_authority_21_median_rent,median_rent,territorial_authority,21,Taupo District,2025-11-01,6,46.666666666666664,52.65928218272634,7.892832036950914
xgboost_pooled_recursive,territorial_authority_21_median_rent,median_rent,territorial_authority,21,Taupo District,2025-11-01,6,18.485137939453125,24.229049430021746,2.955718553325662
ets_additive_damped,territorial_authority_21_median_rent,median_rent,territorial_authority,21,Taupo District,2025-12-01,6,18.004202990601925,18.9756743174697,2.86934556451571
seasonal_naive,territorial_authority_21_median_rent,median_rent,territorial_authority,21,Taupo District,2025-12-01,6,45.0,49.89655966764308,7.400425464618982
xgboost_pooled_recursive,territorial_authority_21_median_rent,median_rent,territorial_authority,21,Taupo District,2025-12-01,6,26.044606526692707,29.734367450651597,4.19183306240454
ets_additive_damped,territorial_authority_21_median_rent,median_rent,territorial_authority,21,Taupo District,2026-01-01,6,16.000124582471624,17.38475573680789,2.5450040527952704
seasonal_naive,territorial_authority_21_median_rent,median_rent,territorial_authority,21,Taupo District,2026-01-01,6,42.5,48.756196187424905,6.998939968282536
xgboost_pooled_recursive,territorial_authority_21_median_rent,median_rent,territorial_authority,21,Taupo District,2026-01-01,6,28.263529459635418,31.651233255652773,4.568281495385819
ets_additive_damped,territorial_authority_22_median_rent,median_rent,territorial_authority,22,Western Bay of Plenty District,2025-02-01,6,12.210236741292135,15.56794047678538,1.9201546740094302
seasonal_naive,territorial_authority_22_median_rent,median_rent,territorial_authority,22,Western Bay of Plenty District,2025-02-01,6,33.833333333333336,38.446933124329526,5.441353414363611
xgboost_pooled_recursive,territorial_authority_22_median_rent,median_rent,territorial_authority,22,Western Bay of Plenty District,2025-02-01,6,14.610616048177084,20.38799832731559,2.2915746960712675
ets_additive_damped,territorial_authority_22_median_rent,median_rent,territorial_authority,22,Western Bay of Plenty District,2025-03-01,6,20.130993025563686,25.902015937615875,3.1870729134536946
seasonal_naive,territorial_authority_22_median_rent,median_rent,territorial_authority,22,Western Bay of Plenty District,2025-03-01,6,35.5,39.09177236537973,5.739658499109375
xgboost_pooled_recursive,territorial_authority_22_median_rent,median_rent,territorial_authority,22,Western Bay of Plenty District,2025-03-01,6,16.469340006510418,18.144533628265805,2.613036718018368
ets_additive_damped,territorial_authority_22_median_rent,median_rent,territorial_authority,22,Western Bay of Plenty District,2025-04-01,6,20.606316000907952,27.11392055406578,3.2593505878525906
seasonal_naive,territorial_authority_22_median_rent,median_rent,territorial_authority,22,Western Bay of Plenty District,2025-04-01,6,33.833333333333336,37.12366720391005,5.481593982980342
xgboost_pooled_recursive,territorial_authority_22_median_rent,median_rent,territorial_authority,22,Western Bay of Plenty District,2025-04-01,6,17.452565511067707,19.089219652668422,2.777516170042218
ets_additive_damped,territorial_authority_22_median_rent,median_rent,territorial_authority,22,Western Bay of Plenty District,2025-05-01,6,24.32623708343243,29.989721928508054,3.8371378945874266
seasonal_naive,territorial_authority_22_median_rent,median_rent,territorial_authority,22,Western Bay of Plenty District,2025-05-01,6,32.166666666666664,35.51760127035608,5.2364010548605835
xgboost_pooled_recursive,territorial_authority_22_median_rent,median_rent,territorial_authority,22,Western Bay of Plenty District,2025-05-01,6,13.3653564453125,15.823614134279309,2.1358188658020403
ets_additive_damped,territorial_authority_22_median_rent,median_rent,territorial_authority,22,Western Bay of Plenty District,2025-06-01,6,23.690476898532648,28.54812993360967,3.7268786177025186
seasonal_naive,territorial_authority_22_median_rent,median_rent,territorial_authority,22,Western Bay of Plenty District,2025-06-01,6,27.166666666666668,33.3391661563393,4.423392924779284
xgboost_pooled_recursive,territorial_authority_22_median_rent,median_rent,territorial_authority,22,Western Bay of Plenty District,2025-06-01,6,19.562062581380207,20.185573164143488,3.119291897915702
ets_additive_damped,territorial_authority_22_median_rent,median_rent,territorial_authority,22,Western Bay of Plenty District,2025-07-01,6,20.35691361504733,25.334928215075024,3.202318240766353
seasonal_naive,territorial_authority_22_median_rent,median_rent,territorial_authority,22,Western Bay of Plenty District,2025-07-01,6,29.166666666666668,34.46012188022556,4.719746695746313
xgboost_pooled_recursive,territorial_authority_22_median_rent,median_rent,territorial_authority,22,Western Bay of Plenty District,2025-07-01,6,21.824452718098957,22.859047764260374,3.4806152196211517
ets_additive_damped,territorial_authority_22_median_rent,median_rent,territorial_authority,22,Western Bay of Plenty District,2025-08-01,6,25.283634570627367,29.128586162620515,3.9631205351659267
seasonal_naive,territorial_authority_22_median_rent,median_rent,territorial_authority,22,Western Bay of Plenty District,2025-08-01,6,22.5,25.576682088704676,3.627676803273195
xgboost_pooled_recursive,territorial_authority_22_median_rent,median_rent,territorial_authority,22,Western Bay of Plenty District,2025-08-01,6,13.794189453125,15.67555891263189,2.188448787634219
ets_additive_damped,territorial_authority_22_median_rent,median_rent,territorial_authority,22,Western Bay of Plenty District,2025-09-01,6,10.975671399296042,14.277495970910634,1.7152810505225244
seasonal_naive,territorial_authority_22_median_rent,median_rent,territorial_authority,22,Western Bay of Plenty District,2025-09-01,6,22.5,25.576682088704676,3.5835383851940987
xgboost_pooled_recursive,territorial_authority_22_median_rent,median_rent,territorial_authority,22,Western Bay of Plenty District,2025-09-01,6,15.741373697916666,16.49788892950436,2.4880826988331726
ets_additive_damped,territorial_authority_22_median_rent,median_rent,territorial_authority,22,Western Bay of Plenty District,2025-10-01,6,17.469695301694117,21.590396332622504,2.7297730118217856
seasonal_naive,territorial_authority_22_median_rent,median_rent,territorial_authority,22,Western Bay of Plenty District,2025-10-01,6,20.833333333333332,23.18404623873926,3.2956711427929477
xgboost_pooled_recursive,territorial_authority_22_median_rent,median_rent,territorial_authority,22,Western Bay of Plenty District,2025-10-01,6,14.750803629557291,15.310502827466587,2.3213601465840923
ets_additive_damped,territorial_authority_22_median_rent,median_rent,territorial_authority,22,Western Bay of Plenty District,2025-11-01,6,16.575176798823197,20.58151080673329,2.5804047181529417
seasonal_naive,territorial_authority_22_median_rent,median_rent,territorial_authority,22,Western Bay of Plenty District,2025-11-01,6,19.166666666666668,21.31118642090737,2.987713517762151
xgboost_pooled_recursive,territorial_authority_22_median_rent,median_rent,territorial_authority,22,Western Bay of Plenty District,2025-11-01,6,16.28692626953125,18.06140201679388,2.5375506315773873
ets_additive_damped,territorial_authority_22_median_rent,median_rent,territorial_authority,22,Western Bay of Plenty District,2025-12-01,6,21.623653742185713,24.7218187899026,3.3749617773420817
seasonal_naive,territorial_authority_22_median_rent,median_rent,territorial_authority,22,Western Bay of Plenty District,2025-12-01,6,20.833333333333332,21.698694277152562,3.254380184428818
xgboost_pooled_recursive,territorial_authority_22_median_rent,median_rent,territorial_authority,22,Western Bay of Plenty District,2025-12-01,6,19.474344889322918,20.61795139047977,3.043282037391351
ets_additive_damped,territorial_authority_22_median_rent,median_rent,territorial_authority,22,Western Bay of Plenty District,2026-01-01,6,16.526638260858306,20.133594244744884,2.578422538613319
seasonal_naive,territorial_authority_22_median_rent,median_rent,territorial_authority,22,Western Bay of Plenty District,2026-01-01,6,22.833333333333332,24.389205262437997,3.5772963659449717
xgboost_pooled_recursive,territorial_authority_22_median_rent,median_rent,territorial_authority,22,Western Bay of Plenty District,2026-01-01,6,19.423838297526043,21.04907212538214,3.033625002742323
ets_additive_damped,territorial_authority_23_median_rent,median_rent,territorial_authority,23,Tauranga City,2025-02-01,6,13.786345665848026,15.91147326220012,1.9792404957656158
seasonal_naive,territorial_authority_23_median_rent,median_rent,territorial_authority,23,Tauranga City,2025-02-01,6,5.833333333333333,7.359800721939872,0.8441373626528152
xgboost_pooled_recursive,territorial_authority_23_median_rent,median_rent,territorial_authority,23,Tauranga City,2025-02-01,6,7.413960774739583,8.571078643166016,1.0730458512215957
ets_additive_damped,territorial_authority_23_median_rent,median_rent,territorial_authority,23,Tauranga City,2025-03-01,6,16.368399828547826,18.737147676412306,2.3603708925273805
seasonal_naive,territorial_authority_23_median_rent,median_rent,territorial_authority,23,Tauranga City,2025-03-01,6,7.5,8.416254115301731,1.0892354018685013
xgboost_pooled_recursive,territorial_authority_23_median_rent,median_rent,territorial_authority,23,Tauranga City,2025-03-01,6,6.666422526041667,7.593531779763078,0.9693819375501489
ets_additive_damped,territorial_authority_23_median_rent,median_rent,territorial_authority,23,Tauranga City,2025-04-01,6,18.154969572119228,19.642090892839708,2.6234719610710404
seasonal_naive,territorial_authority_23_median_rent,median_rent,territorial_authority,23,Tauranga City,2025-04-01,6,8.333333333333334,9.574271077563381,1.213063612027647
xgboost_pooled_recursive,territorial_authority_23_median_rent,median_rent,territorial_authority,23,Tauranga City,2025-04-01,6,4.385548909505208,5.174370631219741,0.6402355760279143
ets_additive_damped,territorial_authority_23_median_rent,median_rent,territorial_authority,23,Tauranga City,2025-05-01,6,14.845072720032874,16.821750417384376,2.1508563495695157
seasonal_naive,territorial_authority_23_median_rent,median_rent,territorial_authority,23,Tauranga City,2025-05-01,6,8.333333333333334,9.574271077563381,1.2130636120276468
xgboost_pooled_recursive,territorial_authority_23_median_rent,median_rent,territorial_authority,23,Tauranga City,2025-05-01,6,6.522450764973958,8.453893670289625,0.9503850410881179
ets_additive_damped,territorial_authority_23_median_rent,median_rent,territorial_authority,23,Tauranga City,2025-06-01,6,12.194468041594064,13.646735552038209,1.7701565294598351
seasonal_naive,territorial_authority_23_median_rent,median_rent,territorial_authority,23,Tauranga City,2025-06-01,6,7.5,8.897565210026093,1.0900915530361934
xgboost_pooled_recursive,territorial_authority_23_median_rent,median_rent,territorial_authority,23,Tauranga City,2025-06-01,6,8.000732421875,10.723626481881627,1.1655762836354522
ets_additive_damped,territorial_authority_23_median_rent,median_rent,territorial_authority,23,Tauranga City,2025-07-01,6,13.732942743253375,17.036354218146986,1.9694886680117447
seasonal_naive,territorial_authority_23_median_rent,median_rent,territorial_authority,23,Tauranga City,2025-07-01,6,9.166666666666666,11.36515141415488,1.3115086222793495
xgboost_pooled_recursive,territorial_authority_23_median_rent,median_rent,territorial_authority,23,Tauranga City,2025-07-01,6,13.190989176432291,18.40391591193712,1.8893166593942468
ets_additive_damped,territorial_authority_23_median_rent,median_rent,territorial_authority,23,Tauranga City,2025-08-01,6,16.014516597860297,19.596010250899567,2.296360272665533
seasonal_naive,territorial_authority_23_median_rent,median_rent,territorial_authority,23,Tauranga City,2025-08-01,6,9.166666666666666,11.36515141415488,1.3115086222793495
xgboost_pooled_recursive,territorial_authority_23_median_rent,median_rent,territorial_authority,23,Tauranga City,2025-08-01,6,13.555898030598959,16.816492429908244,1.9412639881354627
ets_additive_damped,territorial_authority_23_median_rent,median_rent,territorial_authority,23,Tauranga City,2025-09-01,6,24.169988517230138,28.736461481685264,3.4654082162962174
seasonal_naive,territorial_authority_23_median_rent,median_rent,territorial_authority,23,Tauranga City,2025-09-01,6,10.833333333333334,13.385315336840842,1.5358941511387807
xgboost_pooled_recursive,territorial_authority_23_median_rent,median_rent,territorial_authority,23,Tauranga City,2025-09-01,6,16.557047526041668,19.674805905670937,2.3571963213752394
ets_additive_damped,territorial_authority_23_median_rent,median_rent,territorial_authority,23,Tauranga City,2025-10-01,6,30.300047619408588,32.639190547717966,4.351336220376389
seasonal_naive,territorial_authority_23_median_rent,median_rent,territorial_authority,23,Tauranga City,2025-10-01,6,10.0,12.583057392117917,1.4086644068877598
xgboost_pooled_recursive,territorial_authority_23_median_rent,median_rent,territorial_authority,23,Tauranga City,2025-10-01,6,20.287821451822918,22.399144634185276,2.88978122375453
ets_additive_damped,territorial_authority_23_median_rent,median_rent,territorial_authority,23,Tauranga City,2025-11-01,6,21.432488997616968,24.128374235413396,3.053827482889371
seasonal_naive,territorial_authority_23_median_rent,median_rent,territorial_authority,23,Tauranga City,2025-11-01,6,10.0,12.583057392117917,1.4086644068877596
xgboost_pooled_recursive,territorial_authority_23_median_rent,median_rent,territorial_authority,23,Tauranga City,2025-11-01,6,19.233235677083332,21.715496202254485,2.736007195883084
ets_additive_damped,territorial_authority_23_median_rent,median_rent,territorial_authority,23,Tauranga City,2025-12-01,6,20.50047349857571,22.47229880518154,2.9170635821036406
seasonal_naive,territorial_authority_23_median_rent,median_rent,territorial_authority,23,Tauranga City,2025-12-01,6,10.833333333333334,13.070322617798436,1.5281356169233415
xgboost_pooled_recursive,territorial_authority_23_median_rent,median_rent,territorial_authority,23,Tauranga City,2025-12-01,6,19.069671630859375,21.64094296428651,2.709965575548219
ets_additive_damped,territorial_authority_23_median_rent,median_rent,territorial_authority,23,Tauranga City,2026-01-01,6,8.585281233423492,10.498563744487395,1.2185074177194195
seasonal_naive,territorial_authority_23_median_rent,median_rent,territorial_authority,23,Tauranga City,2026-01-01,6,8.333333333333334,10.408329997330663,1.1863847751724996
xgboost_pooled_recursive,territorial_authority_23_median_rent,median_rent,territorial_authority,23,Tauranga City,2026-01-01,6,10.446177164713541,13.07491857442531,1.4883837461867953
ets_additive_damped,territorial_authority_24_median_rent,median_rent,territorial_authority,24,Rotorua District,2025-02-01,6,12.852636843594572,15.997663850925369,2.220166103688877
seasonal_naive,territorial_authority_24_median_rent,median_rent,territorial_authority,24,Rotorua District,2025-02-01,6,6.666666666666667,8.246211251235321,1.1673619367564447
xgboost_pooled_recursive,territorial_authority_24_median_rent,median_rent,territorial_authority,24,Rotorua District,2025-02-01,6,7.222890218098958,9.358330555937377,1.2571495539721256
ets_additive_damped,territorial_authority_24_median_rent,median_rent,territorial_authority,24,Rotorua District,2025-03-01,6,14.68140836416103,16.632428995769764,2.532275815544356
seasonal_naive,territorial_authority_24_median_rent,median_rent,territorial_authority,24,Rotorua District,2025-03-01,6,8.333333333333334,10.862780491200215,1.442478615705106
xgboost_pooled_recursive,territorial_authority_24_median_rent,median_rent,territorial_authority,24,Rotorua District,2025-03-01,6,8.435689290364584,10.55176523529926,1.4655689290127896
ets_additive_damped,territorial_authority_24_median_rent,median_rent,territorial_authority,24,Rotorua District,2025-04-01,6,18.840962341844016,22.38703383069275,3.274078170233615
seasonal_naive,territorial_authority_24_median_rent,median_rent,territorial_authority,24,Rotorua District,2025-04-01,6,10.0,11.604596790352806,1.7427789160054064
xgboost_pooled_recursive,territorial_authority_24_median_rent,median_rent,territorial_authority,24,Rotorua District,2025-04-01,6,10.5369873046875,14.34862302374237,1.8521999423592155
ets_additive_damped,territorial_authority_24_median_rent,median_rent,territorial_authority,24,Rotorua District,2025-05-01,6,16.847560964844586,20.668553501524,2.9372114931763473
seasonal_naive,territorial_authority_24_median_rent,median_rent,territorial_authority,24,Rotorua District,2025-05-01,6,12.0,13.366625103842281,2.104529758809288
xgboost_pooled_recursive,territorial_authority_24_median_rent,median_rent,territorial_authority,24,Rotorua District,2025-05-01,6,7.864654541015625,11.124437194382825,1.3903335738377978
ets_additive_damped,territorial_authority_24_median_rent,median_rent,territorial_authority,24,Rotorua District,2025-06-01,6,14.373096561599786,18.597949019049928,2.5094348664628923
seasonal_naive,territorial_authority_24_median_rent,median_rent,territorial_authority,24,Rotorua District,2025-06-01,6,13.666666666666666,15.663120165960974,2.3793087067084264
xgboost_pooled_recursive,territorial_authority_24_median_rent,median_rent,territorial_authority,24,Rotorua District,2025-06-01,6,10.407847086588541,13.151441619939824,1.8226813754973203
ets_additive_damped,territorial_authority_24_median_rent,median_rent,territorial_authority,24,Rotorua District,2025-07-01,6,17.63200369260835,20.281790500382012,3.0712943814649423
seasonal_naive,territorial_authority_24_median_rent,median_rent,territorial_authority,24,Rotorua District,2025-07-01,6,15.0,16.57307052620807,2.6098385122599153
xgboost_pooled_recursive,territorial_authority_24_median_rent,median_rent,territorial_authority,24,Rotorua District,2025-07-01,6,13.462880452473959,16.027193771460617,2.3473007003130775
ets_additive_damped,territorial_authority_24_median_rent,median_rent,territorial_authority,24,Rotorua District,2025-08-01,6,13.227763255672508,15.27413757438722,2.302191766447841
seasonal_naive,territorial_authority_24_median_rent,median_rent,territorial_authority,24,Rotorua District,2025-08-01,6,16.166666666666668,17.024492160805657,2.8056916021468425
xgboost_pooled_recursive,territorial_authority_24_median_rent,median_rent,territorial_authority,24,Rotorua District,2025-08-01,6,11.482086181640625,13.85163752556058,1.9947695252940953
ets_additive_damped,territorial_authority_24_median_rent,median_rent,territorial_authority,24,Rotorua District,2025-09-01,6,17.992059603472967,19.78854807169557,3.1463726569395867
seasonal_naive,territorial_authority_24_median_rent,median_rent,territorial_authority,24,Rotorua District,2025-09-01,6,17.833333333333332,19.31752227038102,3.125675602946803
xgboost_pooled_recursive,territorial_authority_24_median_rent,median_rent,territorial_authority,24,Rotorua District,2025-09-01,6,17.29449462890625,20.39851200824188,3.017928536263242
ets_additive_damped,territorial_authority_24_median_rent,median_rent,territorial_authority,24,Rotorua District,2025-10-01,6,15.200868940457402,16.751026973962997,2.636220595762619
seasonal_naive,territorial_authority_24_median_rent,median_rent,territorial_authority,24,Rotorua District,2025-10-01,6,18.666666666666668,19.849433241279208,3.2509072175401195
xgboost_pooled_recursive,territorial_authority_24_median_rent,median_rent,territorial_authority,24,Rotorua District,2025-10-01,6,15.111226399739584,17.938617887003765,2.6191993003211334
ets_additive_damped,territorial_authority_24_median_rent,median_rent,territorial_authority,24,Rotorua District,2025-11-01,6,17.982950309541195,19.333620311015192,3.113741938292716
seasonal_naive,territorial_authority_24_median_rent,median_rent,territorial_authority,24,Rotorua District,2025-11-01,6,19.166666666666668,20.310096011589902,3.3183086108452575
xgboost_pooled_recursive,territorial_authority_24_median_rent,median_rent,territorial_authority,24,Rotorua District,2025-11-01,6,16.628031412760418,18.23978509770708,2.8781016836021625
ets_additive_damped,territorial_authority_24_median_rent,median_rent,territorial_authority,24,Rotorua District,2025-12-01,6,12.475652327819716,14.457857836318647,2.165838410686959
seasonal_naive,territorial_authority_24_median_rent,median_rent,territorial_authority,24,Rotorua District,2025-12-01,6,15.833333333333334,17.67766952966369,2.7473011728850296
xgboost_pooled_recursive,territorial_authority_24_median_rent,median_rent,territorial_authority,24,Rotorua District,2025-12-01,6,13.55157470703125,18.966637358460986,2.3476960629610777
ets_additive_damped,territorial_authority_24_median_rent,median_rent,territorial_authority,24,Rotorua District,2026-01-01,6,15.888555753324132,16.944426907465505,2.749780670774238
seasonal_naive,territorial_authority_24_median_rent,median_rent,territorial_authority,24,Rotorua District,2026-01-01,6,15.5,17.411681902293836,2.683823871556066
xgboost_pooled_recursive,territorial_authority_24_median_rent,median_rent,territorial_authority,24,Rotorua District,2026-01-01,6,14.823588053385416,17.10089950269682,2.5649381579358215
ets_additive_damped,territorial_authority_25_median_rent,median_rent,territorial_authority,25,Whakatane District,2025-02-01,6,32.4550776002794,35.751866670359185,5.582474766973836
seasonal_naive,territorial_authority_25_median_rent,median_rent,territorial_authority,25,Whakatane District,2025-02-01,6,18.333333333333332,23.302360395462088,3.291319797529075
xgboost_pooled_recursive,territorial_authority_25_median_rent,median_rent,territorial_authority,25,Whakatane District,2025-02-01,6,11.477742513020834,15.90627289702779,2.025612153235902
ets_additive_damped,territorial_authority_25_median_rent,median_rent,territorial_authority,25,Whakatane District,2025-03-01,6,31.284621605119145,34.00843574872118,5.38246230824809
seasonal_naive,territorial_authority_25_median_rent,median_rent,territorial_authority,25,Whakatane District,2025-03-01,6,13.0,14.571661996262929,2.2964830209751246
xgboost_pooled_recursive,territorial_authority_25_median_rent,median_rent,territorial_authority,25,Whakatane District,2025-03-01,6,13.811391194661459,17.623524850039725,2.4268708311919527
ets_additive_damped,territorial_authority_25_median_rent,median_rent,territorial_authority,25,Whakatane District,2025-04-01,6,32.61412229067533,35.17052665551658,5.630898813977288
seasonal_naive,territorial_authority_25_median_rent,median_rent,territorial_authority,25,Whakatane District,2025-04-01,6,14.666666666666666,17.194960502038576,2.581252916729002
xgboost_pooled_recursive,territorial_authority_25_median_rent,median_rent,territorial_authority,25,Whakatane District,2025-04-01,6,14.116546630859375,17.538743439709076,2.490158541829617
ets_additive_damped,territorial_authority_25_median_rent,median_rent,territorial_authority,25,Whakatane District,2025-05-01,6,31.225816302796602,33.25161354892584,5.404824415722595
seasonal_naive,territorial_authority_25_median_rent,median_rent,territorial_authority,25,Whakatane District,2025-05-01,6,19.666666666666668,21.11081871142535,3.435953771429857
xgboost_pooled_recursive,territorial_authority_25_median_rent,median_rent,territorial_authority,25,Whakatane District,2025-05-01,6,12.403035481770834,15.110917137838205,2.194057780176375
ets_additive_damped,territorial_authority_25_median_rent,median_rent,territorial_authority,25,Whakatane District,2025-06-01,6,26.034976132876768,29.6077240669147,4.530402442054574
seasonal_naive,territorial_authority_25_median_rent,median_rent,territorial_authority,25,Whakatane District,2025-06-01,6,20.5,21.598611066455177,3.5785738671498826
xgboost_pooled_recursive,territorial_authority_25_median_rent,median_rent,territorial_authority,25,Whakatane District,2025-06-01,6,10.128631591796875,11.595242493378114,1.7969194690312413
ets_additive_damped,territorial_authority_25_median_rent,median_rent,territorial_authority,25,Whakatane District,2025-07-01,6,25.774051812874102,28.591975410812957,4.469941051217354
seasonal_naive,territorial_authority_25_median_rent,median_rent,territorial_authority,25,Whakatane District,2025-07-01,6,22.166666666666668,23.305936296717768,3.8257352117075976
xgboost_pooled_recursive,territorial_authority_25_median_rent,median_rent,territorial_authority,25,Whakatane District,2025-07-01,6,13.824595133463541,15.490917014026751,2.408152559923893
ets_additive_damped,territorial_authority_25_median_rent,median_rent,territorial_authority,25,Whakatane District,2025-08-01,6,15.843523337040645,20.116300758198395,2.7399915830853248
seasonal_naive,territorial_authority_25_median_rent,median_rent,territorial_authority,25,Whakatane District,2025-08-01,6,22.166666666666668,23.305936296717768,3.806489267790277
xgboost_pooled_recursive,territorial_authority_25_median_rent,median_rent,territorial_authority,25,Whakatane District,2025-08-01,6,14.743693033854166,17.071606892315447,2.546263809162025
ets_additive_damped,territorial_authority_25_median_rent,median_rent,territorial_authority,25,Whakatane District,2025-09-01,6,15.967952182288665,20.056915865500194,2.760572458341699
seasonal_naive,territorial_authority_25_median_rent,median_rent,territorial_authority,25,Whakatane District,2025-09-01,6,22.166666666666668,23.305936296717768,3.810141902252883
xgboost_pooled_recursive,territorial_authority_25_median_rent,median_rent,territorial_authority,25,Whakatane District,2025-09-01,6,13.323232014973959,15.453680097127013,2.303255261751419
ets_additive_damped,territorial_authority_25_median_rent,median_rent,territorial_authority,25,Whakatane District,2025-10-01,6,15.670863675211384,19.086212241017204,2.6869048263364568
seasonal_naive,territorial_authority_25_median_rent,median_rent,territorial_authority,25,Whakatane District,2025-10-01,6,20.5,21.443724800820714,3.5055484362740086
xgboost_pooled_recursive,territorial_authority_25_median_rent,median_rent,territorial_authority,25,Whakatane District,2025-10-01,6,16.051991780598957,18.22740584315509,2.750728427405621
ets_additive_damped,territorial_authority_25_median_rent,median_rent,territorial_authority,25,Whakatane District,2025-11-01,6,18.352796291372062,20.43057520673583,3.1383949604491868
seasonal_naive,territorial_authority_25_median_rent,median_rent,territorial_authority,25,Whakatane District,2025-11-01,6,19.666666666666668,20.346989949375804,3.3600674397291823
xgboost_pooled_recursive,territorial_authority_25_median_rent,median_rent,territorial_authority,25,Whakatane District,2025-11-01,6,17.27294921875,18.54546559587831,2.951584015263384
ets_additive_damped,territorial_authority_25_median_rent,median_rent,territorial_authority,25,Whakatane District,2025-12-01,6,23.780927465496102,25.055760248490714,4.074969050125016
seasonal_naive,territorial_authority_25_median_rent,median_rent,territorial_authority,25,Whakatane District,2025-12-01,6,17.166666666666668,19.403607911932255,2.9116369464556398
xgboost_pooled_recursive,territorial_authority_25_median_rent,median_rent,territorial_authority,25,Whakatane District,2025-12-01,6,23.090260823567707,23.975152787604017,3.952784647145429
ets_additive_damped,territorial_authority_25_median_rent,median_rent,territorial_authority,25,Whakatane District,2026-01-01,6,15.688410337541995,18.402395278122167,2.7173729874381722
seasonal_naive,territorial_authority_25_median_rent,median_rent,territorial_authority,25,Whakatane District,2026-01-01,6,14.666666666666666,16.55294535724685,2.5150261392900246
xgboost_pooled_recursive,territorial_authority_25_median_rent,median_rent,territorial_authority,25,Whakatane District,2026-01-01,6,11.999623616536459,15.38778668066799,2.0855736146774366
ets_additive_damped,territorial_authority_28_median_rent,median_rent,territorial_authority,28,Gisborne District,2025-02-01,6,36.08758153722681,39.420912877631366,5.738912026147114
seasonal_naive,territorial_authority_28_median_rent,median_rent,territorial_authority,28,Gisborne District,2025-02-01,6,23.0,27.54995462791182,3.715997731415216
xgboost_pooled_recursive,territorial_authority_28_median_rent,median_rent,territorial_authority,28,Gisborne District,2025-02-01,6,23.4404296875,25.08682676244655,3.7692397581149764
ets_additive_damped,territorial_authority_28_median_rent,median_rent,territorial_authority,28,Gisborne District,2025-03-01,6,41.06409597773459,42.65980220974824,6.508983585633985
seasonal_naive,territorial_authority_28_median_rent,median_rent,territorial_authority,28,Gisborne District,2025-03-01,6,14.666666666666666,18.502252115170556,2.3826643980818822
xgboost_pooled_recursive,territorial_authority_28_median_rent,median_rent,territorial_authority,28,Gisborne District,2025-03-01,6,19.259033203125,22.488841114625583,3.1138364953098367
ets_additive_damped,territorial_authority_28_median_rent,median_rent,territorial_authority,28,Gisborne District,2025-04-01,6,30.982206617985184,33.88612184545499,4.955455093402938
seasonal_naive,territorial_authority_28_median_rent,median_rent,territorial_authority,28,Gisborne District,2025-04-01,6,16.333333333333332,20.223748416156685,2.6409955786553776
xgboost_pooled_recursive,territorial_authority_28_median_rent,median_rent,territorial_authority,28,Gisborne District,2025-04-01,6,25.716512044270832,27.778645784757067,4.131021181654945
ets_additive_damped,territorial_authority_28_median_rent,median_rent,territorial_authority,28,Gisborne District,2025-05-01,6,30.31028912928923,33.47336794424572,4.87735161444152
seasonal_naive,territorial_authority_28_median_rent,median_rent,territorial_authority,28,Gisborne District,2025-05-01,6,18.0,22.92742171869019,2.9288628210565286
xgboost_pooled_recursive,territorial_authority_28_median_rent,median_rent,territorial_authority,28,Gisborne District,2025-05-01,6,15.469502766927084,17.396529085104632,2.526735434129841
ets_additive_damped,territorial_authority_28_median_rent,median_rent,territorial_authority,28,Gisborne District,2025-06-01,6,29.023954222778286,36.827795387444866,4.774366649639058
seasonal_naive,territorial_authority_28_median_rent,median_rent,territorial_authority,28,Gisborne District,2025-06-01,6,20.5,23.731132856791028,3.3693914554177624
xgboost_pooled_recursive,territorial_authority_28_median_rent,median_rent,territorial_authority,28,Gisborne District,2025-06-01,6,23.98065185546875,28.89236113380559,3.9753489729244094
ets_additive_damped,territorial_authority_28_median_rent,median_rent,territorial_authority,28,Gisborne District,2025-07-01,6,23.337170523035372,29.30282830737334,3.847975082225399
seasonal_naive,territorial_authority_28_median_rent,median_rent,territorial_authority,28,Gisborne District,2025-07-01,6,18.833333333333332,22.653182263573182,3.079353624396325
xgboost_pooled_recursive,territorial_authority_28_median_rent,median_rent,territorial_authority,28,Gisborne District,2025-07-01,6,20.008616129557293,24.50879086827581,3.317789170695231
ets_additive_damped,territorial_authority_28_median_rent,median_rent,territorial_authority,28,Gisborne District,2025-08-01,6,27.799774542522965,31.826628398209397,4.548800789133123
seasonal_naive,territorial_authority_28_median_rent,median_rent,territorial_authority,28,Gisborne District,2025-08-01,6,15.0,20.615528128088304,2.4524798168193285
xgboost_pooled_recursive,territorial_authority_28_median_rent,median_rent,territorial_authority,28,Gisborne District,2025-08-01,6,19.501210530598957,24.73967963079065,3.226338946806121
ets_additive_damped,territorial_authority_28_median_rent,median_rent,territorial_authority,28,Gisborne District,2025-09-01,6,30.342080112069954,33.61025012953484,4.942637280494181
seasonal_naive,territorial_authority_28_median_rent,median_rent,territorial_authority,28,Gisborne District,2025-09-01,6,15.0,20.615528128088304,2.4524798168193285
xgboost_pooled_recursive,territorial_authority_28_median_rent,median_rent,territorial_authority,28,Gisborne District,2025-09-01,6,23.797190348307293,25.940917358935998,3.890391721711766
ets_additive_damped,territorial_authority_28_median_rent,median_rent,territorial_authority,28,Gisborne District,2025-10-01,6,28.950880875662524,32.8004143895769,4.70918721874684
seasonal_naive,territorial_authority_28_median_rent,median_rent,territorial_authority,28,Gisborne District,2025-10-01,6,14.666666666666666,20.223748416156685,2.399081515552788
xgboost_pooled_recursive,territorial_authority_28_median_rent,median_rent,territorial_authority,28,Gisborne District,2025-10-01,6,20.057647705078125,24.22058698284982,3.2780721102912005
ets_additive_damped,territorial_authority_28_median_rent,median_rent,territorial_authority,28,Gisborne District,2025-11-01,6,29.865572769510663,33.98063223076203,4.855273450301662
seasonal_naive,territorial_authority_28_median_rent,median_rent,territorial_authority,28,Gisborne District,2025-11-01,6,10.5,13.410195126594294,1.7319759636546088
xgboost_pooled_recursive,territorial_authority_28_median_rent,median_rent,territorial_authority,28,Gisborne District,2025-11-01,6,22.1220703125,25.407697539673233,3.5974956390759045
ets_additive_damped,territorial_authority_28_median_rent,median_rent,territorial_authority,28,Gisborne District,2025-12-01,6,34.32645316912209,39.69761641331305,5.559024412277988
seasonal_naive,territorial_authority_28_median_rent,median_rent,territorial_authority,28,Gisborne District,2025-12-01,6,11.333333333333334,14.45683229480096,1.856419080705805
xgboost_pooled_recursive,territorial_authority_28_median_rent,median_rent,territorial_authority,28,Gisborne District,2025-12-01,6,23.326070149739582,26.150547013135792,3.7512880442145775
ets_additive_damped,territorial_authority_28_median_rent,median_rent,territorial_authority,28,Gisborne District,2026-01-01,6,22.47295884916245,26.910361569082045,3.6296173572449777
seasonal_naive,territorial_authority_28_median_rent,median_rent,territorial_authority,28,Gisborne District,2026-01-01,6,12.666666666666666,15.695009822658072,2.092619661733972
xgboost_pooled_recursive,territorial_authority_28_median_rent,median_rent,territorial_authority,28,Gisborne District,2026-01-01,6,16.039438883463543,17.65736345668432,2.593328724543275
ets_additive_damped,territorial_authority_2_median_rent,median_rent,territorial_authority,2,Whangarei District,2025-02-01,6,7.487067816268431,8.258066905166567,1.270559498055366
seasonal_naive,territorial_authority_2_median_rent,median_rent,territorial_authority,2,Whangarei District,2025-02-01,6,8.166666666666666,9.65228815704684,1.3917909949678517
xgboost_pooled_recursive,territorial_authority_2_median_rent,median_rent,territorial_authority,2,Whangarei District,2025-02-01,6,7.542246500651042,8.439697460760996,1.27819920955428
ets_additive_damped,territorial_authority_2_median_rent,median_rent,territorial_authority,2,Whangarei District,2025-03-01,6,8.052044058855907,8.8951517697208,1.367630781750888
seasonal_naive,territorial_authority_2_median_rent,median_rent,territorial_authority,2,Whangarei District,2025-03-01,6,9.333333333333334,10.408329997330663,1.5907067570822382
xgboost_pooled_recursive,territorial_authority_2_median_rent,median_rent,territorial_authority,2,Whangarei District,2025-03-01,6,6.135447184244792,8.107430762208965,1.039011453121799
ets_additive_damped,territorial_authority_2_median_rent,median_rent,territorial_authority,2,Whangarei District,2025-04-01,6,11.005365760964082,11.896815619417403,1.8710980722189314
seasonal_naive,territorial_authority_2_median_rent,median_rent,territorial_authority,2,Whangarei District,2025-04-01,6,8.166666666666666,9.40744386111339,1.3970679368339756
xgboost_pooled_recursive,territorial_authority_2_median_rent,median_rent,territorial_authority,2,Whangarei District,2025-04-01,6,6.268524169921875,6.762518750811172,1.0683547553084372
ets_additive_damped,territorial_authority_2_median_rent,median_rent,territorial_authority,2,Whangarei District,2025-05-01,6,15.270877875569303,17.40572962734096,2.616929209412895
seasonal_naive,territorial_authority_2_median_rent,median_rent,territorial_authority,2,Whangarei District,2025-05-01,6,9.833333333333334,11.76860229593982,1.7017512136534754
xgboost_pooled_recursive,territorial_authority_2_median_rent,median_rent,territorial_authority,2,Whangarei District,2025-05-01,6,6.53387451171875,9.450084359491116,1.1290506273627945
ets_additive_damped,territorial_authority_2_median_rent,median_rent,territorial_authority,2,Whangarei District,2025-06-01,6,19.645933751287146,21.17251111187747,3.3574772054452686
seasonal_naive,territorial_authority_2_median_rent,median_rent,territorial_authority,2,Whangarei District,2025-06-01,6,9.166666666666666,11.36515141415488,1.5924998621492843
xgboost_pooled_recursive,territorial_authority_2_median_rent,median_rent,territorial_authority,2,Whangarei District,2025-06-01,6,5.423919677734375,8.682588357083446,0.9443401749131624
ets_additive_damped,territorial_authority_2_median_rent,median_rent,territorial_authority,2,Whangarei District,2025-07-01,6,14.014665047890295,16.210615437782124,2.404700714990711
seasonal_naive,territorial_authority_2_median_rent,median_rent,territorial_authority,2,Whangarei District,2025-07-01,6,8.333333333333334,10.408329997330663,1.4359306842597876
xgboost_pooled_recursive,territorial_authority_2_median_rent,median_rent,territorial_authority,2,Whangarei District,2025-07-01,6,4.830718994140625,7.411933544730464,0.8371130721652986
ets_additive_damped,territorial_authority_2_median_rent,median_rent,territorial_authority,2,Whangarei District,2025-08-01,6,12.657760436281592,14.33010542416026,2.1745673004780297
seasonal_naive,territorial_authority_2_median_rent,median_rent,territorial_authority,2,Whangarei District,2025-08-01,6,8.833333333333334,10.480139948174992,1.5219152070456863
xgboost_pooled_recursive,territorial_authority_2_median_rent,median_rent,territorial_authority,2,Whangarei District,2025-08-01,6,6.612813313802083,8.719907429139788,1.144047844632824
ets_additive_damped,territorial_authority_2_median_rent,median_rent,territorial_authority,2,Whangarei District,2025-09-01,6,11.192982327522222,12.889105594817632,1.9227396459007422
seasonal_naive,territorial_authority_2_median_rent,median_rent,territorial_authority,2,Whangarei District,2025-09-01,6,9.166666666666666,10.824355254086345,1.5765734959993911
xgboost_pooled_recursive,territorial_authority_2_median_rent,median_rent,territorial_authority,2,Whangarei District,2025-09-01,6,7.737406412760417,9.186013951634735,1.3332393246662686
ets_additive_damped,territorial_authority_2_median_rent,median_rent,territorial_authority,2,Whangarei District,2025-10-01,6,10.802690596630157,12.693750049834414,1.8549224004670923
seasonal_naive,territorial_authority_2_median_rent,median_rent,territorial_authority,2,Whangarei District,2025-10-01,6,10.0,11.387127235025815,1.7136240243652439
xgboost_pooled_recursive,territorial_authority_2_median_rent,median_rent,territorial_authority,2,Whangarei District,2025-10-01,6,8.689717610677084,10.552030316878978,1.4956217946414898
ets_additive_damped,territorial_authority_2_median_rent,median_rent,territorial_authority,2,Whangarei District,2025-11-01,6,14.310203934327754,16.353800900173475,2.4512467728607334
seasonal_naive,territorial_authority_2_median_rent,median_rent,territorial_authority,2,Whangarei District,2025-11-01,6,6.666666666666667,7.937253933193772,1.1288287027278172
xgboost_pooled_recursive,territorial_authority_2_median_rent,median_rent,territorial_authority,2,Whangarei District,2025-11-01,6,4.055521647135417,4.510232035045726,0.6872947925055027
ets_additive_damped,territorial_authority_2_median_rent,median_rent,territorial_authority,2,Whangarei District,2025-12-01,6,13.749432156814047,15.388697197712036,2.3538748226925126
seasonal_naive,territorial_authority_2_median_rent,median_rent,territorial_authority,2,Whangarei District,2025-12-01,6,9.0,10.908712114635714,1.5229455860495622
xgboost_pooled_recursive,territorial_authority_2_median_rent,median_rent,territorial_authority,2,Whangarei District,2025-12-01,6,4.990244547526042,5.418883433652939,0.8466052613463408
ets_additive_damped,territorial_authority_2_median_rent,median_rent,territorial_authority,2,Whangarei District,2026-01-01,6,6.595863377875787,7.233078067325832,1.1248240698738337
seasonal_naive,territorial_authority_2_median_rent,median_rent,territorial_authority,2,Whangarei District,2026-01-01,6,9.0,10.908712114635714,1.5277338261319198
xgboost_pooled_recursive,territorial_authority_2_median_rent,median_rent,territorial_authority,2,Whangarei District,2026-01-01,6,4.104268391927083,4.678572203001124,0.6996117507290994
ets_additive_damped,territorial_authority_30_median_rent,median_rent,territorial_authority,30,Hastings District,2025-02-01,6,11.127439057984342,12.729209189022823,1.8280318971146718
seasonal_naive,territorial_authority_30_median_rent,median_rent,territorial_authority,30,Hastings District,2025-02-01,6,10.0,12.909944487358056,1.6438603621912118
xgboost_pooled_recursive,territorial_authority_30_median_rent,median_rent,territorial_authority,30,Hastings District,2025-02-01,6,14.163533528645834,15.84196231920886,2.3213179196226887
ets_additive_damped,territorial_authority_30_median_rent,median_rent,territorial_authority,30,Hastings District,2025-03-01,6,10.587339785981461,11.619996069310288,1.741266218110991
seasonal_naive,territorial_authority_30_median_rent,median_rent,territorial_authority,30,Hastings District,2025-03-01,6,10.0,12.909944487358056,1.6438603621912118
xgboost_pooled_recursive,territorial_authority_30_median_rent,median_rent,territorial_authority,30,Hastings District,2025-03-01,6,13.960673014322916,15.160729608052664,2.289084950674257
ets_additive_damped,territorial_authority_30_median_rent,median_rent,territorial_authority,30,Hastings District,2025-04-01,6,8.854665478719957,9.221905396075146,1.4589398733192862
seasonal_naive,territorial_authority_30_median_rent,median_rent,territorial_authority,30,Hastings District,2025-04-01,6,6.666666666666667,10.0,1.0974122747595179
xgboost_pooled_recursive,territorial_authority_30_median_rent,median_rent,territorial_authority,30,Hastings District,2025-04-01,6,10.061747233072916,11.133817197013922,1.6554546026421788
ets_additive_damped,territorial_authority_30_median_rent,median_rent,territorial_authority,30,Hastings District,2025-05-01,6,11.178609933658228,11.300083361184997,1.841143444211495
seasonal_naive,territorial_authority_30_median_rent,median_rent,territorial_authority,30,Hastings District,2025-05-01,6,5.833333333333333,9.354143466934854,0.9614001950426073
xgboost_pooled_recursive,territorial_authority_30_median_rent,median_rent,territorial_authority,30,Hastings District,2025-05-01,6,7.96563720703125,8.224906312780085,1.3138646827250278
ets_additive_damped,territorial_authority_30_median_rent,median_rent,territorial_authority,30,Hastings District,2025-06-01,6,16.557175276471714,16.989908720645833,2.720043203174639
seasonal_naive,territorial_authority_30_median_rent,median_rent,territorial_authority,30,Hastings District,2025-06-01,6,5.833333333333333,9.354143466934854,0.9614001950426073
xgboost_pooled_recursive,territorial_authority_30_median_rent,median_rent,territorial_authority,30,Hastings District,2025-06-01,6,8.948872884114584,9.326794373073923,1.4795005742030243
ets_additive_damped,territorial_authority_30_median_rent,median_rent,territorial_authority,30,Hastings District,2025-07-01,6,14.829958388071285,16.578522071203995,2.4474116017304244
seasonal_naive,territorial_authority_30_median_rent,median_rent,territorial_authority,30,Hastings District,2025-07-01,6,5.833333333333333,9.354143466934854,0.9660301461966225
xgboost_pooled_recursive,territorial_authority_30_median_rent,median_rent,territorial_authority,30,Hastings District,2025-07-01,6,7.013224283854167,11.275795583557944,1.1639205516674536
ets_additive_damped,territorial_authority_30_median_rent,median_rent,territorial_authority,30,Hastings District,2025-08-01,6,14.960933526324709,16.910014320398016,2.4773521480993264
seasonal_naive,territorial_authority_30_median_rent,median_rent,territorial_authority,30,Hastings District,2025-08-01,6,4.166666666666667,6.123724356957945,0.6996941035828558
xgboost_pooled_recursive,territorial_authority_30_median_rent,median_rent,territorial_authority,30,Hastings District,2025-08-01,6,5.701772054036458,8.936942792193598,0.9532460885421121
ets_additive_damped,territorial_authority_30_median_rent,median_rent,territorial_authority,30,Hastings District,2025-09-01,6,17.87418293716824,20.253806668443413,2.9744621616867954
seasonal_naive,territorial_authority_30_median_rent,median_rent,territorial_authority,30,Hastings District,2025-09-01,6,7.5,10.206207261596576,1.2646658549952852
xgboost_pooled_recursive,territorial_authority_30_median_rent,median_rent,territorial_authority,30,Hastings District,2025-09-01,6,16.30841064453125,21.413792653206148,2.712328767918054
ets_additive_damped,territorial_authority_30_median_rent,median_rent,territorial_authority,30,Hastings District,2025-10-01,6,14.61493280302964,17.613136589110276,2.437777324328189
seasonal_naive,territorial_authority_30_median_rent,median_rent,territorial_authority,30,Hastings District,2025-10-01,6,10.833333333333334,13.070322617798436,1.8111139424269795
xgboost_pooled_recursive,territorial_authority_30_median_rent,median_rent,territorial_authority,30,Hastings District,2025-10-01,6,15.601206461588541,19.568182265055775,2.5967397033357433
ets_additive_damped,territorial_authority_30_median_rent,median_rent,territorial_authority,30,Hastings District,2025-11-01,6,14.662555226367752,16.71013553121615,2.4454608336047423
seasonal_naive,territorial_authority_30_median_rent,median_rent,territorial_authority,30,Hastings District,2025-11-01,6,11.666666666666666,13.5400640077266,1.9471260221438895
xgboost_pooled_recursive,territorial_authority_30_median_rent,median_rent,territorial_authority,30,Hastings District,2025-11-01,6,19.397603352864582,23.161977715941937,3.2184780525556462
ets_additive_damped,territorial_authority_30_median_rent,median_rent,territorial_authority,30,Hastings District,2025-12-01,6,12.83735192269459,14.421735192043473,2.1438131735273083
seasonal_naive,territorial_authority_30_median_rent,median_rent,territorial_authority,30,Hastings District,2025-12-01,6,15.0,15.811388300841896,2.4935741095755835
xgboost_pooled_recursive,territorial_authority_30_median_rent,median_rent,territorial_authority,30,Hastings District,2025-12-01,6,16.390970865885418,19.519972649709057,2.7254231886583713
ets_additive_damped,territorial_authority_30_median_rent,median_rent,territorial_authority,30,Hastings District,2026-01-01,6,7.431719413148812,10.324173236134666,1.2420379632204885
seasonal_naive,territorial_authority_30_median_rent,median_rent,territorial_authority,30,Hastings District,2026-01-01,6,13.333333333333334,15.275252316519467,2.2134620647576564
xgboost_pooled_recursive,territorial_authority_30_median_rent,median_rent,territorial_authority,30,Hastings District,2026-01-01,6,11.011698404947916,12.645081595997807,1.8412580361217248
ets_additive_damped,territorial_authority_31_median_rent,median_rent,territorial_authority,31,Napier City,2025-02-01,6,20.362059020529557,22.4845771384847,3.1284385638198096
seasonal_naive,territorial_authority_31_median_rent,median_rent,territorial_authority,31,Napier City,2025-02-01,6,13.333333333333334,18.027756377319946,2.0717272235133737
xgboost_pooled_recursive,territorial_authority_31_median_rent,median_rent,territorial_authority,31,Napier City,2025-02-01,6,26.981048583984375,29.200809237829002,4.116762421433392
ets_additive_damped,territorial_authority_31_median_rent,median_rent,territorial_authority,31,Napier City,2025-03-01,6,32.003784205374664,36.946168772963944,4.96263332113791
seasonal_naive,territorial_authority_31_median_rent,median_rent,territorial_authority,31,Napier City,2025-03-01,6,16.666666666666668,24.324199198877373,2.6417017782207526
xgboost_pooled_recursive,territorial_authority_31_median_rent,median_rent,territorial_authority,31,Napier City,2025-03-01,6,31.533447265625,36.086691685737776,4.889886474764684
ets_additive_damped,territorial_authority_31_median_rent,median_rent,territorial_authority,31,Napier City,2025-04-01,6,30.199965726313092,35.23811057337866,4.7091175449109
seasonal_naive,territorial_authority_31_median_rent,median_rent,territorial_authority,31,Napier City,2025-04-01,6,18.333333333333332,25.331140255951105,2.908238228606315
xgboost_pooled_recursive,territorial_authority_31_median_rent,median_rent,territorial_authority,31,Napier City,2025-04-01,6,32.322052001953125,36.834462044547884,5.028234919797578
ets_additive_damped,territorial_authority_31_median_rent,median_rent,territorial_authority,31,Napier City,2025-05-01,6,28.98592760630142,33.60187297270951,4.52559512835462
seasonal_naive,territorial_authority_31_median_rent,median_rent,territorial_authority,31,Napier City,2025-05-01,6,18.333333333333332,25.331140255951105,2.908238228606315
xgboost_pooled_recursive,territorial_authority_31_median_rent,median_rent,territorial_authority,31,Napier City,2025-05-01,6,26.39398193359375,32.063219641538176,4.131169130642481
ets_additive_damped,territorial_authority_31_median_rent,median_rent,territorial_authority,31,Napier City,2025-06-01,6,30.679453154984895,34.29286803928648,4.797680363881994
seasonal_naive,territorial_authority_31_median_rent,median_rent,territorial_authority,31,Napier City,2025-06-01,6,22.833333333333332,28.428272312377104,3.6076954498026668
xgboost_pooled_recursive,territorial_authority_31_median_rent,median_rent,territorial_authority,31,Napier City,2025-06-01,6,26.689229329427082,31.23802281461974,4.189291622992357
ets_additive_damped,territorial_authority_31_median_rent,median_rent,territorial_authority,31,Napier City,2025-07-01,6,20.651766659949242,26.044568471810816,3.2517920979113177
seasonal_naive,territorial_authority_31_median_rent,median_rent,territorial_authority,31,Napier City,2025-07-01,6,22.833333333333332,28.428272312377104,3.6025267699351917
xgboost_pooled_recursive,territorial_authority_31_median_rent,median_rent,territorial_authority,31,Napier City,2025-07-01,6,11.695770263671875,16.352609532510918,1.863905142071643
ets_additive_damped,territorial_authority_31_median_rent,median_rent,territorial_authority,31,Napier City,2025-08-01,6,17.981480408024424,24.03126365550037,2.8401662824749003
seasonal_naive,territorial_authority_31_median_rent,median_rent,territorial_authority,31,Napier City,2025-08-01,6,22.833333333333332,28.428272312377104,3.6025267699351917
xgboost_pooled_recursive,territorial_authority_31_median_rent,median_rent,territorial_authority,31,Napier City,2025-08-01,6,11.742431640625,17.44502042988423,1.868387092711496
ets_additive_damped,territorial_authority_31_median_rent,median_rent,territorial_authority,31,Napier City,2025-09-01,6,12.637254550728017,13.233834389240592,1.9776496924305949
seasonal_naive,territorial_authority_31_median_rent,median_rent,territorial_authority,31,Napier City,2025-09-01,6,17.833333333333332,21.404828115793563,2.774243941652364
xgboost_pooled_recursive,territorial_authority_31_median_rent,median_rent,territorial_authority,31,Napier City,2025-09-01,6,14.280548095703125,18.56447590947446,2.243946382933849
ets_additive_damped,territorial_authority_31_median_rent,median_rent,territorial_authority,31,Napier City,2025-10-01,6,14.450274210623283,15.826451103680716,2.266855011760965
seasonal_naive,territorial_authority_31_median_rent,median_rent,territorial_authority,31,Napier City,2025-10-01,6,17.833333333333332,21.404828115793563,2.7784100875507924
xgboost_pooled_recursive,territorial_authority_31_median_rent,median_rent,territorial_authority,31,Napier City,2025-10-01,6,18.987782796223957,20.9495963341865,2.9945488560815603
ets_additive_damped,territorial_authority_31_median_rent,median_rent,territorial_authority,31,Napier City,2025-11-01,6,10.860574203515378,12.01226911764743,1.7057508538862387
seasonal_naive,territorial_authority_31_median_rent,median_rent,territorial_authority,31,Napier City,2025-11-01,6,16.166666666666668,19.360612937955587,2.5118418460809764
xgboost_pooled_recursive,territorial_authority_31_median_rent,median_rent,territorial_authority,31,Napier City,2025-11-01,6,9.792348225911459,12.204305578442847,1.5372429020872613
ets_additive_damped,territorial_authority_31_median_rent,median_rent,territorial_authority,31,Napier City,2025-12-01,6,10.472370228036558,12.324703656183218,1.6463124905849797
seasonal_naive,territorial_authority_31_median_rent,median_rent,territorial_authority,31,Napier City,2025-12-01,6,15.0,17.55942292142123,2.342446024511242
xgboost_pooled_recursive,territorial_authority_31_median_rent,median_rent,territorial_authority,31,Napier City,2025-12-01,6,9.859415690104166,11.328144580012971,1.5518573383810397
ets_additive_damped,territorial_authority_31_median_rent,median_rent,territorial_authority,31,Napier City,2026-01-01,6,12.504936274716101,13.53105809943451,1.9682122628459147
seasonal_naive,territorial_authority_31_median_rent,median_rent,territorial_authority,31,Napier City,2026-01-01,6,17.5,19.257033347152237,2.738680279013213
xgboost_pooled_recursive,territorial_authority_31_median_rent,median_rent,territorial_authority,31,Napier City,2026-01-01,6,12.703094482421875,13.530682998891141,2.001495064851089
ets_additive_damped,territorial_authority_33_median_rent,median_rent,territorial_authority,33,New Plymouth District,2025-02-01,6,10.294200791986972,12.16391803084235,1.7576094592509268
seasonal_naive,territorial_authority_33_median_rent,median_rent,territorial_authority,33,New Plymouth District,2025-02-01,6,20.0,26.614532371118855,3.369642866897092
xgboost_pooled_recursive,territorial_authority_33_median_rent,median_rent,territorial_authority,33,New Plymouth District,2025-02-01,6,15.355560302734375,16.971255648186155,2.6159173531792304
ets_additive_damped,territorial_authority_33_median_rent,median_rent,territorial_authority,33,New Plymouth District,2025-03-01,6,13.09994421739458,16.816831055650947,2.2335209751607414
seasonal_naive,territorial_authority_33_median_rent,median_rent,territorial_authority,33,New Plymouth District,2025-03-01,6,13.333333333333334,17.55942292142123,2.2491946876253834
xgboost_pooled_recursive,territorial_authority_33_median_rent,median_rent,territorial_authority,33,New Plymouth District,2025-03-01,6,13.220184326171875,14.057380826989625,2.245319359274685
ets_additive_damped,territorial_authority_33_median_rent,median_rent,territorial_authority,33,New Plymouth District,2025-04-01,6,10.460891296622114,13.181749550692754,1.7791813157096148
seasonal_naive,territorial_authority_33_median_rent,median_rent,territorial_authority,33,New Plymouth District,2025-04-01,6,13.333333333333334,17.55942292142123,2.2491946876253834
xgboost_pooled_recursive,territorial_authority_33_median_rent,median_rent,territorial_authority,33,New Plymouth District,2025-04-01,6,13.663350423177084,14.015675711167919,2.321605105619638
ets_additive_damped,territorial_authority_33_median_rent,median_rent,territorial_authority,33,New Plymouth District,2025-05-01,6,13.347631866417373,15.4278118631574,2.275764159599067
seasonal_naive,territorial_authority_33_median_rent,median_rent,territorial_authority,33,New Plymouth District,2025-05-01,6,10.0,15.545631755148024,1.684222936212954
xgboost_pooled_recursive,territorial_authority_33_median_rent,median_rent,territorial_authority,33,New Plymouth District,2025-05-01,6,13.308664957682291,15.276497973265679,2.26786354832174
ets_additive_damped,territorial_authority_33_median_rent,median_rent,territorial_authority,33,New Plymouth District,2025-06-01,6,16.354063091777732,17.352471009562453,2.7841097707900953
seasonal_naive,territorial_authority_33_median_rent,median_rent,territorial_authority,33,New Plymouth District,2025-06-01,6,16.166666666666668,21.675639167815405,2.744698717239036
xgboost_pooled_recursive,territorial_authority_33_median_rent,median_rent,territorial_authority,33,New Plymouth District,2025-06-01,6,15.473795572916666,16.21437512575772,2.6308009861621824
ets_additive_damped,territorial_authority_33_median_rent,median_rent,territorial_authority,33,New Plymouth District,2025-07-01,6,20.57782268346843,20.697862311170894,3.5030835911576066
seasonal_naive,territorial_authority_33_median_rent,median_rent,territorial_authority,33,New Plymouth District,2025-07-01,6,10.333333333333334,16.299284237863535,1.7601698846089378
xgboost_pooled_recursive,territorial_authority_33_median_rent,median_rent,territorial_authority,33,New Plymouth District,2025-07-01,6,18.443389892578125,19.85861055509263,3.1410317591070935
ets_additive_damped,territorial_authority_33_median_rent,median_rent,territorial_authority,33,New Plymouth District,2025-08-01,6,14.108740378679935,14.368476195853905,2.3924348806322326
seasonal_naive,territorial_authority_33_median_rent,median_rent,territorial_authority,33,New Plymouth District,2025-08-01,6,12.833333333333334,18.792729090439916,2.195365422051383
xgboost_pooled_recursive,territorial_authority_33_median_rent,median_rent,territorial_authority,33,New Plymouth District,2025-08-01,6,11.511149088541666,12.60745425398668,1.9492452726800165
ets_additive_damped,territorial_authority_33_median_rent,median_rent,territorial_authority,33,New Plymouth District,2025-09-01,6,7.482181068479993,7.738873943173697,1.2616966276706656
seasonal_naive,territorial_authority_33_median_rent,median_rent,territorial_authority,33,New Plymouth District,2025-09-01,6,16.166666666666668,22.056745000112777,2.7699542319343102
xgboost_pooled_recursive,territorial_authority_33_median_rent,median_rent,territorial_authority,33,New Plymouth District,2025-09-01,6,4.79620361328125,5.523266715354968,0.8064887468964709
ets_additive_damped,territorial_authority_33_median_rent,median_rent,territorial_authority,33,New Plymouth District,2025-10-01,6,8.538457544222675,11.002137410291803,1.4475126026381344
seasonal_naive,territorial_authority_33_median_rent,median_rent,territorial_authority,33,New Plymouth District,2025-10-01,6,19.833333333333332,24.573020435700073,3.397747645097283
xgboost_pooled_recursive,territorial_authority_33_median_rent,median_rent,territorial_authority,33,New Plymouth District,2025-10-01,6,9.977488199869791,14.79450106944549,1.6818355069676538
ets_additive_damped,territorial_authority_33_median_rent,median_rent,territorial_authority,33,New Plymouth District,2025-11-01,6,9.613916915205968,12.138340836888192,1.6320149708229408
seasonal_naive,territorial_authority_33_median_rent,median_rent,territorial_authority,33,New Plymouth District,2025-11-01,6,19.833333333333332,24.573020435700073,3.397747645097283
xgboost_pooled_recursive,territorial_authority_33_median_rent,median_rent,territorial_authority,33,New Plymouth District,2025-11-01,6,10.802530924479166,13.114487949489819,1.8309927018764784
ets_additive_damped,territorial_authority_33_median_rent,median_rent,territorial_authority,33,New Plymouth District,2025-12-01,6,13.880777605825168,18.72518171672422,2.378928189372692
seasonal_naive,territorial_authority_33_median_rent,median_rent,territorial_authority,33,New Plymouth District,2025-12-01,6,17.0,21.031722072463143,2.922067185708628
xgboost_pooled_recursive,territorial_authority_33_median_rent,median_rent,territorial_authority,33,New Plymouth District,2025-12-01,6,17.173055013020832,21.943418937390625,2.9245621369367774
ets_additive_damped,territorial_authority_33_median_rent,median_rent,territorial_authority,33,New Plymouth District,2026-01-01,6,18.8763487390342,22.800793484314415,3.24038690224235
seasonal_naive,territorial_authority_33_median_rent,median_rent,territorial_authority,33,New Plymouth District,2026-01-01,6,18.666666666666668,21.42428528562855,3.2144648465273407
xgboost_pooled_recursive,territorial_authority_33_median_rent,median_rent,territorial_authority,33,New Plymouth District,2026-01-01,6,14.65582275390625,17.05599984338018,2.5262187815149386
ets_additive_damped,territorial_authority_35_median_rent,median_rent,territorial_authority,35,South Taranaki District,2025-02-01,6,20.832582983513777,25.650963994831482,4.006897839773237
seasonal_naive,territorial_authority_35_median_rent,median_rent,territorial_authority,35,South Taranaki District,2025-02-01,6,34.666666666666664,45.33946037026319,6.789065372539599
xgboost_pooled_recursive,territorial_authority_35_median_rent,median_rent,territorial_authority,35,South Taranaki District,2025-02-01,6,23.456614176432293,26.32462418755996,4.502000578132894
ets_additive_damped,territorial_authority_35_median_rent,median_rent,territorial_authority,35,South Taranaki District,2025-03-01,6,21.769424144637373,26.830422283301548,4.185984370935246
seasonal_naive,territorial_authority_35_median_rent,median_rent,territorial_authority,35,South Taranaki District,2025-03-01,6,33.0,45.155287619502545,6.459032369239269
xgboost_pooled_recursive,territorial_authority_35_median_rent,median_rent,territorial_authority,35,South Taranaki District,2025-03-01,6,22.296518961588543,25.575349624652137,4.286699451401162
ets_additive_damped,territorial_authority_35_median_rent,median_rent,territorial_authority,35,South Taranaki District,2025-04-01,6,25.389215751163288,30.414608803431484,4.903282787049303
seasonal_naive,territorial_authority_35_median_rent,median_rent,territorial_authority,35,South Taranaki District,2025-04-01,6,25.5,35.37654590261746,4.9908817654031346
xgboost_pooled_recursive,territorial_authority_35_median_rent,median_rent,territorial_authority,35,South Taranaki District,2025-04-01,6,25.78289794921875,28.89538647488045,4.978022525979244
ets_additive_damped,territorial_authority_35_median_rent,median_rent,territorial_authority,35,South Taranaki District,2025-05-01,6,30.23386723613849,33.209699694772084,5.842462036651983
seasonal_naive,territorial_authority_35_median_rent,median_rent,territorial_authority,35,South Taranaki District,2025-05-01,6,23.833333333333332,35.14019540829751,4.673421447942816
xgboost_pooled_recursive,territorial_authority_35_median_rent,median_rent,territorial_authority,35,South Taranaki District,2025-05-01,6,23.651112874348957,25.599665127487807,4.598531178697962
ets_additive_damped,territorial_authority_35_median_rent,median_rent,territorial_authority,35,South Taranaki District,2025-06-01,6,34.23323310215894,35.05370847770837,6.6028731611234805
seasonal_naive,territorial_authority_35_median_rent,median_rent,territorial_authority,35,South Taranaki District,2025-06-01,6,18.0,31.182259913824932,3.5042917270889573
xgboost_pooled_recursive,territorial_authority_35_median_rent,median_rent,territorial_authority,35,South Taranaki District,2025-06-01,6,26.463582356770832,26.88746424374467,5.138670378367773
ets_additive_damped,territorial_authority_35_median_rent,median_rent,territorial_authority,35,South Taranaki District,2025-07-01,6,36.7825832195828,38.30403204159032,7.0779090253265995
seasonal_naive,territorial_authority_35_median_rent,median_rent,territorial_authority,35,South Taranaki District,2025-07-01,6,11.333333333333334,17.483325389257807,2.2097933452119345
xgboost_pooled_recursive,territorial_authority_35_median_rent,median_rent,territorial_authority,35,South Taranaki District,2025-07-01,6,24.9468994140625,25.89578501249484,4.859023761993136
ets_additive_damped,territorial_authority_35_median_rent,median_rent,territorial_authority,35,South Taranaki District,2025-08-01,6,22.547283320160677,24.712703130161646,4.344052643228096
seasonal_naive,territorial_authority_35_median_rent,median_rent,territorial_authority,35,South Taranaki District,2025-08-01,6,15.0,20.207259421636902,2.881144983744621
xgboost_pooled_recursive,territorial_authority_35_median_rent,median_rent,territorial_authority,35,South Taranaki District,2025-08-01,6,15.67449951171875,16.25231867216639,3.0279622511112203
ets_additive_damped,territorial_authority_35_median_rent,median_rent,territorial_authority,35,South Taranaki District,2025-09-01,6,17.330944769163807,19.098845231180178,3.3417805405158605
seasonal_naive,territorial_authority_35_median_rent,median_rent,territorial_authority,35,South Taranaki District,2025-09-01,6,17.5,21.11476576553321,3.3737558211830443
xgboost_pooled_recursive,territorial_authority_35_median_rent,median_rent,territorial_authority,35,South Taranaki District,2025-09-01,6,14.84063720703125,15.404209018576204,2.8606463994506806
ets_additive_damped,territorial_authority_35_median_rent,median_rent,territorial_authority,35,South Taranaki District,2025-10-01,6,14.00548494737283,15.230473321222672,2.6769023810986847
seasonal_naive,territorial_authority_35_median_rent,median_rent,territorial_authority,35,South Taranaki District,2025-10-01,6,12.5,17.19980620045858,2.4028820347752777
xgboost_pooled_recursive,territorial_authority_35_median_rent,median_rent,territorial_authority,35,South Taranaki District,2025-10-01,6,10.811386108398438,11.658668863888185,2.06442987769643
ets_additive_damped,territorial_authority_35_median_rent,median_rent,territorial_authority,35,South Taranaki District,2025-11-01,6,12.545007745305156,14.459738316201255,2.3885805039606285
seasonal_naive,territorial_authority_35_median_rent,median_rent,territorial_authority,35,South Taranaki District,2025-11-01,6,14.166666666666666,17.67766952966369,2.7265066302445335
xgboost_pooled_recursive,territorial_authority_35_median_rent,median_rent,territorial_authority,35,South Taranaki District,2025-11-01,6,8.848175048828125,11.363675954514274,1.6823478372570069
ets_additive_damped,territorial_authority_35_median_rent,median_rent,territorial_authority,35,South Taranaki District,2025-12-01,6,13.082185357309413,15.231060621158166,2.4966059782079264
seasonal_naive,territorial_authority_35_median_rent,median_rent,territorial_authority,35,South Taranaki District,2025-12-01,6,15.833333333333334,18.596594670351163,3.050107895813839
xgboost_pooled_recursive,territorial_authority_35_median_rent,median_rent,territorial_authority,35,South Taranaki District,2025-12-01,6,11.817972819010416,14.246474332923492,2.2559360287203676
ets_additive_damped,territorial_authority_35_median_rent,median_rent,territorial_authority,35,South Taranaki District,2026-01-01,6,11.922535017493507,14.615672613372617,2.274039533211443
seasonal_naive,territorial_authority_35_median_rent,median_rent,territorial_authority,35,South Taranaki District,2026-01-01,6,14.166666666666666,16.20185174601965,2.696518060023356
xgboost_pooled_recursive,territorial_authority_35_median_rent,median_rent,territorial_authority,35,South Taranaki District,2026-01-01,6,9.431152343750009,13.318878333222168,1.790685769105027
ets_additive_damped,territorial_authority_37_median_rent,median_rent,territorial_authority,37,Whanganui District,2025-02-01,6,12.298100186846852,18.558245146212826,2.437752430088394
seasonal_naive,territorial_authority_37_median_rent,median_rent,territorial_authority,37,Whanganui District,2025-02-01,6,16.666666666666668,18.484227510682363,3.3213002265450826
xgboost_pooled_recursive,territorial_authority_37_median_rent,median_rent,territorial_authority,37,Whanganui District,2025-02-01,6,14.741739908854166,21.241645820374657,2.901752865797914
ets_additive_damped,territorial_authority_37_median_rent,median_rent,territorial_authority,37,Whanganui District,2025-03-01,6,18.600569983811244,25.814379047403026,3.6991334882198736
seasonal_naive,territorial_authority_37_median_rent,median_rent,territorial_authority,37,Whanganui District,2025-03-01,6,13.333333333333334,16.583123951777,2.6677054553032526
xgboost_pooled_recursive,territorial_authority_37_median_rent,median_rent,territorial_authority,37,Whanganui District,2025-03-01,6,17.538411458333332,24.262893388113273,3.493782146546551
ets_additive_damped,territorial_authority_37_median_rent,median_rent,territorial_authority,37,Whanganui District,2025-04-01,6,20.1748763460166,26.421384761590346,4.001588974715125
seasonal_naive,territorial_authority_37_median_rent,median_rent,territorial_authority,37,Whanganui District,2025-04-01,6,12.5,15.67907310185565,2.506721521499846
xgboost_pooled_recursive,territorial_authority_37_median_rent,median_rent,territorial_authority,37,Whanganui District,2025-04-01,6,20.985158284505207,26.096757040853806,4.155689509814631
ets_additive_damped,territorial_authority_37_median_rent,median_rent,territorial_authority,37,Whanganui District,2025-05-01,6,20.913333119674274,26.615551301523073,4.141359434617342
seasonal_naive,territorial_authority_37_median_rent,median_rent,territorial_authority,37,Whanganui District,2025-05-01,6,15.0,20.207259421636902,2.9928930015861335
xgboost_pooled_recursive,territorial_authority_37_median_rent,median_rent,territorial_authority,37,Whanganui District,2025-05-01,6,18.212473551432293,23.149223317128396,3.6212844733054537
ets_additive_damped,territorial_authority_37_median_rent,median_rent,territorial_authority,37,Whanganui District,2025-06-01,6,16.517591230907954,22.003954168345032,3.2770860767498773
seasonal_naive,territorial_authority_37_median_rent,median_rent,territorial_authority,37,Whanganui District,2025-06-01,6,15.833333333333334,20.91650066335189,3.140138495366281
xgboost_pooled_recursive,territorial_authority_37_median_rent,median_rent,territorial_authority,37,Whanganui District,2025-06-01,6,14.254689534505209,18.579724007162266,2.838545780603134
ets_additive_damped,territorial_authority_37_median_rent,median_rent,territorial_authority,37,Whanganui District,2025-07-01,6,10.512136233246139,15.253735080114696,2.0740576731058025
seasonal_naive,territorial_authority_37_median_rent,median_rent,territorial_authority,37,Whanganui District,2025-07-01,6,13.333333333333334,19.364916731037084,2.622468012539004
xgboost_pooled_recursive,territorial_authority_37_median_rent,median_rent,territorial_authority,37,Whanganui District,2025-07-01,6,20.191431681315105,23.246606422285645,3.9965031207834087
ets_additive_damped,territorial_authority_37_median_rent,median_rent,territorial_authority,37,Whanganui District,2025-08-01,6,9.598336214466599,15.03788777735081,1.8957758407757426
seasonal_naive,territorial_authority_37_median_rent,median_rent,territorial_authority,37,Whanganui District,2025-08-01,6,15.0,19.790570145063196,2.9399283299993213
xgboost_pooled_recursive,territorial_authority_37_median_rent,median_rent,territorial_authority,37,Whanganui District,2025-08-01,6,12.612787882486979,15.030969447545582,2.469477661138054
ets_additive_damped,territorial_authority_37_median_rent,median_rent,territorial_authority,37,Whanganui District,2025-09-01,6,10.202927049905497,11.934096585098263,1.9777829032641308
seasonal_naive,territorial_authority_37_median_rent,median_rent,territorial_authority,37,Whanganui District,2025-09-01,6,15.5,19.828430766620606,3.035805607084652
xgboost_pooled_recursive,territorial_authority_37_median_rent,median_rent,territorial_authority,37,Whanganui District,2025-09-01,6,16.196746826171864,19.97339725398222,3.1794495270867107
ets_additive_damped,territorial_authority_37_median_rent,median_rent,territorial_authority,37,Whanganui District,2025-10-01,6,8.871693101401348,10.821931150202552,1.716483013614408
seasonal_naive,territorial_authority_37_median_rent,median_rent,territorial_authority,37,Whanganui District,2025-10-01,6,14.666666666666666,19.295940851208403,2.8668193651154845
xgboost_pooled_recursive,territorial_authority_37_median_rent,median_rent,territorial_authority,37,Whanganui District,2025-10-01,6,10.964085896809886,14.333979171486746,2.116632582844931
ets_additive_damped,territorial_authority_37_median_rent,median_rent,territorial_authority,37,Whanganui District,2025-11-01,6,3.8391175910001607,5.445686070496507,0.7420977035044285
seasonal_naive,territorial_authority_37_median_rent,median_rent,territorial_authority,37,Whanganui District,2025-11-01,6,8.0,10.279429296739517,1.5596298226318241
xgboost_pooled_recursive,territorial_authority_37_median_rent,median_rent,territorial_authority,37,Whanganui District,2025-11-01,6,8.199300130208334,11.011004797037526,1.5721386242350466
ets_additive_damped,territorial_authority_37_median_rent,median_rent,territorial_authority,37,Whanganui District,2025-12-01,6,6.955851850663048,9.546963244095444,1.3291650902578847
seasonal_naive,territorial_authority_37_median_rent,median_rent,territorial_authority,37,Whanganui District,2025-12-01,6,12.166666666666666,19.403607911932255,2.3488391783500044
xgboost_pooled_recursive,territorial_authority_37_median_rent,median_rent,territorial_authority,37,Whanganui District,2025-12-01,6,11.987681070963541,13.869902350513442,2.28808238052689
ets_additive_damped,territorial_authority_37_median_rent,median_rent,territorial_authority,37,Whanganui District,2026-01-01,6,6.9857485685379475,9.61288574445183,1.3347288997488822
seasonal_naive,territorial_authority_37_median_rent,median_rent,territorial_authority,37,Whanganui District,2026-01-01,6,18.0,25.278449319529077,3.519570885667078
xgboost_pooled_recursive,territorial_authority_37_median_rent,median_rent,territorial_authority,37,Whanganui District,2026-01-01,6,14.573750813802084,18.595110242597993,2.8202792766747504
ets_additive_damped,territorial_authority_38_median_rent,median_rent,territorial_authority,38,Rangitikei District,2025-02-01,6,28.049864301647006,34.57602075095203,5.852815132513942
seasonal_naive,territorial_authority_38_median_rent,median_rent,territorial_authority,38,Rangitikei District,2025-02-01,6,37.0,45.59605246071199,7.61415995116345
xgboost_pooled_recursive,territorial_authority_38_median_rent,median_rent,territorial_authority,38,Rangitikei District,2025-02-01,6,30.586318969726562,37.477352533299054,6.358322431487366
ets_additive_damped,territorial_authority_38_median_rent,median_rent,territorial_authority,38,Rangitikei District,2025-03-01,6,28.230569226986216,33.391377663222464,5.876833827220813
seasonal_naive,territorial_authority_38_median_rent,median_rent,territorial_authority,38,Rangitikei District,2025-03-01,6,41.166666666666664,47.60777247467056,8.447715922309591
xgboost_pooled_recursive,territorial_authority_38_median_rent,median_rent,territorial_authority,38,Rangitikei District,2025-03-01,6,32.9183349609375,42.26284678056133,6.7980907705893765
ets_additive_damped,territorial_authority_38_median_rent,median_rent,territorial_authority,38,Rangitikei District,2025-04-01,6,27.17671384265721,36.29590561129139,5.675859502301684
seasonal_naive,territorial_authority_38_median_rent,median_rent,territorial_authority,38,Rangitikei District,2025-04-01,6,39.833333333333336,47.157537396829085,8.198979450662904
xgboost_pooled_recursive,territorial_authority_38_median_rent,median_rent,territorial_authority,38,Rangitikei District,2025-04-01,6,31.687774658203136,41.10367688809147,6.563134232564284
ets_additive_damped,territorial_authority_38_median_rent,median_rent,territorial_authority,38,Rangitikei District,2025-05-01,6,20.775177186941097,24.660070314623727,4.321860669604194
seasonal_naive,territorial_authority_38_median_rent,median_rent,territorial_authority,38,Rangitikei District,2025-05-01,6,33.166666666666664,42.706361743109575,6.774626489050953
xgboost_pooled_recursive,territorial_authority_38_median_rent,median_rent,territorial_authority,38,Rangitikei District,2025-05-01,6,25.88952128092448,29.523288764209983,5.371659158385667
ets_additive_damped,territorial_authority_38_median_rent,median_rent,territorial_authority,38,Rangitikei District,2025-06-01,6,23.000526505760945,25.07709737823125,4.7653604281616655
seasonal_naive,territorial_authority_38_median_rent,median_rent,territorial_authority,38,Rangitikei District,2025-06-01,6,34.0,43.81400080643934,7.059739999867447
xgboost_pooled_recursive,territorial_authority_38_median_rent,median_rent,territorial_authority,38,Rangitikei District,2025-06-01,6,23.87506612141927,26.942284049706185,4.944658792070661
ets_additive_damped,territorial_authority_38_median_rent,median_rent,territorial_authority,38,Rangitikei District,2025-07-01,6,27.77194224185296,29.244405410621376,5.723576123366826
seasonal_naive,territorial_authority_38_median_rent,median_rent,territorial_authority,38,Rangitikei District,2025-07-01,6,27.333333333333332,33.46142057155773,5.670851110978557
xgboost_pooled_recursive,territorial_authority_38_median_rent,median_rent,territorial_authority,38,Rangitikei District,2025-07-01,6,32.722320556640625,33.53746811110778,6.778036251729979
ets_additive_damped,territorial_authority_38_median_rent,median_rent,territorial_authority,38,Rangitikei District,2025-08-01,6,24.387132966347565,24.96595485523767,5.080288566579253
seasonal_naive,territorial_authority_38_median_rent,median_rent,territorial_authority,38,Rangitikei District,2025-08-01,6,31.166666666666668,35.51760127035608,6.534774029282139
xgboost_pooled_recursive,territorial_authority_38_median_rent,median_rent,territorial_authority,38,Rangitikei District,2025-08-01,6,31.504404703776032,32.300237475903124,6.559717324046961
ets_additive_damped,territorial_authority_38_median_rent,median_rent,territorial_authority,38,Rangitikei District,2025-09-01,6,22.565371507618124,24.82384875454455,4.749895699892825
seasonal_naive,territorial_authority_38_median_rent,median_rent,territorial_authority,38,Rangitikei District,2025-09-01,6,28.666666666666668,33.52610922848042,6.0595607233095725
xgboost_pooled_recursive,territorial_authority_38_median_rent,median_rent,territorial_authority,38,Rangitikei District,2025-09-01,6,27.82002258300783,30.4482007663647,5.826115300551226
ets_additive_damped,territorial_authority_38_median_rent,median_rent,territorial_authority,38,Rangitikei District,2025-10-01,6,29.5539971128667,33.4488262710078,6.234138932414042
seasonal_naive,territorial_authority_38_median_rent,median_rent,territorial_authority,38,Rangitikei District,2025-10-01,6,38.333333333333336,43.77975178854566,8.060200705501371
xgboost_pooled_recursive,territorial_authority_38_median_rent,median_rent,territorial_authority,38,Rangitikei District,2025-10-01,6,33.48704528808594,37.9357290207004,7.031369880797926
ets_additive_damped,territorial_authority_38_median_rent,median_rent,territorial_authority,38,Rangitikei District,2025-11-01,6,34.20329342039241,37.746532888424355,7.18798906516291
seasonal_naive,territorial_authority_38_median_rent,median_rent,territorial_authority,38,Rangitikei District,2025-11-01,6,40.5,44.5888625854783,8.560792476487789
xgboost_pooled_recursive,territorial_authority_38_median_rent,median_rent,territorial_authority,38,Rangitikei District,2025-11-01,6,36.20646667480469,40.38539275202607,7.590810248070011
ets_additive_damped,territorial_authority_38_median_rent,median_rent,territorial_authority,38,Rangitikei District,2025-12-01,6,42.17414469976402,43.18186498640031,8.836438208040816
seasonal_naive,territorial_authority_38_median_rent,median_rent,territorial_authority,38,Rangitikei District,2025-12-01,6,32.166666666666664,37.481106351511734,6.7915558410878045
xgboost_pooled_recursive,territorial_authority_38_median_rent,median_rent,territorial_authority,38,Rangitikei District,2025-12-01,6,47.783981323242195,49.22618466410922,9.95222195172148
ets_additive_damped,territorial_authority_38_median_rent,median_rent,territorial_authority,38,Rangitikei District,2026-01-01,6,29.090461518652035,31.72874687429574,6.153410301034001
seasonal_naive,territorial_authority_38_median_rent,median_rent,territorial_authority,38,Rangitikei District,2026-01-01,6,35.5,41.6913260363192,7.5303265266669985
xgboost_pooled_recursive,territorial_authority_38_median_rent,median_rent,territorial_authority,38,Rangitikei District,2026-01-01,6,22.855239868164062,27.03487522094709,4.867902422270575
ets_additive_damped,territorial_authority_39_median_rent,median_rent,territorial_authority,39,Manawatu District,2025-02-01,6,16.482702211546137,18.955847646253183,2.968646688014723
seasonal_naive,territorial_authority_39_median_rent,median_rent,territorial_authority,39,Manawatu District,2025-02-01,6,15.833333333333334,19.895560643855536,2.857842396583003
xgboost_pooled_recursive,territorial_authority_39_median_rent,median_rent,territorial_authority,39,Manawatu District,2025-02-01,6,17.091634114583332,18.561530284566235,3.077491156227109
ets_additive_damped,territorial_authority_39_median_rent,median_rent,territorial_authority,39,Manawatu District,2025-03-01,6,18.040881291203277,21.514705721783038,3.2138918732200232
seasonal_naive,territorial_authority_39_median_rent,median_rent,territorial_authority,39,Manawatu District,2025-03-01,6,15.833333333333334,19.895560643855536,2.8264944342005576
xgboost_pooled_recursive,territorial_authority_39_median_rent,median_rent,territorial_authority,39,Manawatu District,2025-03-01,6,16.901967366536457,18.927153543871697,3.0103696009287155
ets_additive_damped,territorial_authority_39_median_rent,median_rent,territorial_authority,39,Manawatu District,2025-04-01,6,21.27690993882381,24.78309210854777,3.7602822896318036
seasonal_naive,territorial_authority_39_median_rent,median_rent,territorial_authority,39,Manawatu District,2025-04-01,6,18.333333333333332,21.40872096444188,3.2471660413128425
xgboost_pooled_recursive,territorial_authority_39_median_rent,median_rent,territorial_authority,39,Manawatu District,2025-04-01,6,18.910013834635418,20.807740282632246,3.3441018708118415
ets_additive_damped,territorial_authority_39_median_rent,median_rent,territorial_authority,39,Manawatu District,2025-05-01,6,22.39921259888075,26.176946924539187,3.968888478076356
seasonal_naive,territorial_authority_39_median_rent,median_rent,territorial_authority,39,Manawatu District,2025-05-01,6,20.0,21.79449471770337,3.55297643886636
xgboost_pooled_recursive,territorial_authority_39_median_rent,median_rent,territorial_authority,39,Manawatu District,2025-05-01,6,21.420430501302082,24.38891129363341,3.7936563562870362
ets_additive_damped,territorial_authority_39_median_rent,median_rent,territorial_authority,39,Manawatu District,2025-06-01,6,26.250583742582894,28.470610634910077,4.646475272566537
seasonal_naive,territorial_authority_39_median_rent,median_rent,territorial_authority,39,Manawatu District,2025-06-01,6,17.5,19.685019685029527,3.108617120728072
xgboost_pooled_recursive,territorial_authority_39_median_rent,median_rent,territorial_authority,39,Manawatu District,2025-06-01,6,24.643259684244793,27.78007905460302,4.3540876766194225
ets_additive_damped,territorial_authority_39_median_rent,median_rent,territorial_authority,39,Manawatu District,2025-07-01,6,29.70521919353634,30.59686681894613,5.233839207562444
seasonal_naive,territorial_authority_39_median_rent,median_rent,territorial_authority,39,Manawatu District,2025-07-01,6,22.5,29.790938219532464,3.9787361084941186
xgboost_pooled_recursive,territorial_authority_39_median_rent,median_rent,territorial_authority,39,Manawatu District,2025-07-01,6,29.500803629557293,32.363552970557066,5.196982196332825
ets_additive_damped,territorial_authority_39_median_rent,median_rent,territorial_authority,39,Manawatu District,2025-08-01,6,31.47109217890854,34.0580900938349,5.528745071685362
seasonal_naive,territorial_authority_39_median_rent,median_rent,territorial_authority,39,Manawatu District,2025-08-01,6,20.833333333333332,29.50988534937629,3.6612757910338014
xgboost_pooled_recursive,territorial_authority_39_median_rent,median_rent,territorial_authority,39,Manawatu District,2025-08-01,6,28.788096110026043,32.73158732204742,5.0426702232744205
ets_additive_damped,territorial_authority_39_median_rent,median_rent,territorial_authority,39,Manawatu District,2025-09-01,6,30.124818471945428,34.176037813449575,5.405969959041313
seasonal_naive,territorial_authority_39_median_rent,median_rent,territorial_authority,39,Manawatu District,2025-09-01,6,24.166666666666668,32.723589860119766,4.3686144294069225
xgboost_pooled_recursive,territorial_authority_39_median_rent,median_rent,territorial_authority,39,Manawatu District,2025-09-01,6,25.048675537109375,33.354924820013494,4.509428649466646
ets_additive_damped,territorial_authority_39_median_rent,median_rent,territorial_authority,39,Manawatu District,2025-10-01,6,26.775848884609577,34.375835555316776,4.81504146384773
seasonal_naive,territorial_authority_39_median_rent,median_rent,territorial_authority,39,Manawatu District,2025-10-01,6,24.166666666666668,32.723589860119766,4.3686144294069225
xgboost_pooled_recursive,territorial_authority_39_median_rent,median_rent,territorial_authority,39,Manawatu District,2025-10-01,6,25.544036865234375,34.71057498818463,4.600288911854263
ets_additive_damped,territorial_authority_39_median_rent,median_rent,territorial_authority,39,Manawatu District,2025-11-01,6,26.222232739710364,32.68229474077655,4.699033691233753
seasonal_naive,territorial_authority_39_median_rent,median_rent,territorial_authority,39,Manawatu District,2025-11-01,6,24.166666666666668,32.723589860119766,4.363104332153705
xgboost_pooled_recursive,territorial_authority_39_median_rent,median_rent,territorial_authority,39,Manawatu District,2025-11-01,6,20.933807373046875,30.668295343865807,3.7726913618903812
ets_additive_damped,territorial_authority_39_median_rent,median_rent,territorial_authority,39,Manawatu District,2025-12-01,6,25.84992066880731,33.17688137871739,4.643978458448633
seasonal_naive,territorial_authority_39_median_rent,median_rent,territorial_authority,39,Manawatu District,2025-12-01,6,23.333333333333332,32.53203549323856,4.224078822284206
xgboost_pooled_recursive,territorial_authority_39_median_rent,median_rent,territorial_authority,39,Manawatu District,2025-12-01,6,23.081878662109375,32.153835241364995,4.16158314505514
ets_additive_damped,territorial_authority_39_median_rent,median_rent,territorial_authority,39,Manawatu District,2026-01-01,6,24.881599736175417,34.46754610194509,4.485274986310009
seasonal_naive,territorial_authority_39_median_rent,median_rent,territorial_authority,39,Manawatu District,2026-01-01,6,14.166666666666666,19.257033347152237,2.5880079688220485
xgboost_pooled_recursive,territorial_authority_39_median_rent,median_rent,territorial_authority,39,Manawatu District,2026-01-01,6,23.378204345703125,32.41367850044971,4.223371993479238
ets_additive_damped,territorial_authority_3_median_rent,median_rent,territorial_authority,3,Kaipara District,2025-02-01,6,54.92130448151469,57.83681233315138,10.218402802532655
seasonal_naive,territorial_authority_3_median_rent,median_rent,territorial_authority,3,Kaipara District,2025-02-01,6,32.5,39.31708704028483,5.893240611791911
xgboost_pooled_recursive,territorial_authority_3_median_rent,median_rent,territorial_authority,3,Kaipara District,2025-02-01,6,61.49408467610676,67.75300185977933,11.548634459797606
ets_additive_damped,territorial_authority_3_median_rent,median_rent,territorial_authority,3,Kaipara District,2025-03-01,6,53.366265157198846,54.38666051522511,9.857389899147233
seasonal_naive,territorial_authority_3_median_rent,median_rent,territorial_authority,3,Kaipara District,2025-03-01,6,26.333333333333332,32.155870381627054,4.751728402318537
xgboost_pooled_recursive,territorial_authority_3_median_rent,median_rent,territorial_authority,3,Kaipara District,2025-03-01,6,68.18384806315105,71.87843940613595,12.84627510553134
ets_additive_damped,territorial_authority_3_median_rent,median_rent,territorial_authority,3,Kaipara District,2025-04-01,6,34.9733489246417,36.31498588244771,6.348250652513834
seasonal_naive,territorial_authority_3_median_rent,median_rent,territorial_authority,3,Kaipara District,2025-04-01,6,23.0,30.011109054259666,4.156627722569916
xgboost_pooled_recursive,territorial_authority_3_median_rent,median_rent,territorial_authority,3,Kaipara District,2025-04-01,6,39.95416259765625,42.09132067081291,7.292464309077104
ets_additive_damped,territorial_authority_3_median_rent,median_rent,territorial_authority,3,Kaipara District,2025-05-01,6,28.438815613651077,30.19816790128863,5.1298993123408865
seasonal_naive,territorial_authority_3_median_rent,median_rent,territorial_authority,3,Kaipara District,2025-05-01,6,34.666666666666664,45.467937421146935,6.397807290763701
xgboost_pooled_recursive,territorial_authority_3_median_rent,median_rent,territorial_authority,3,Kaipara District,2025-05-01,6,33.35112508138021,36.970625800257565,6.061393614745101
ets_additive_damped,territorial_authority_3_median_rent,median_rent,territorial_authority,3,Kaipara District,2025-06-01,6,20.027772477794922,23.903588951775504,3.591877860293275
seasonal_naive,territorial_authority_3_median_rent,median_rent,territorial_authority,3,Kaipara District,2025-06-01,6,40.833333333333336,49.80461825975579,7.603320817846393
xgboost_pooled_recursive,territorial_authority_3_median_rent,median_rent,territorial_authority,3,Kaipara District,2025-06-01,6,25.148488362630207,29.361317866713584,4.5549356585266985
ets_additive_damped,territorial_authority_3_median_rent,median_rent,territorial_authority,3,Kaipara District,2025-07-01,6,20.375564414049904,23.577831884578245,3.6506310666081676
seasonal_naive,territorial_authority_3_median_rent,median_rent,territorial_authority,3,Kaipara District,2025-07-01,6,79.0,109.47145746723207,16.244285014366145
xgboost_pooled_recursive,territorial_authority_3_median_rent,median_rent,territorial_authority,3,Kaipara District,2025-07-01,6,42.98138936360677,47.448469073682354,7.918186930866063
ets_additive_damped,territorial_authority_3_median_rent,median_rent,territorial_authority,3,Kaipara District,2025-08-01,6,13.277777288557294,15.381604322533715,2.3579268486496296
seasonal_naive,territorial_authority_3_median_rent,median_rent,territorial_authority,3,Kaipara District,2025-08-01,6,73.16666666666667,106.91039862115066,15.132312963199118
xgboost_pooled_recursive,territorial_authority_3_median_rent,median_rent,territorial_authority,3,Kaipara District,2025-08-01,6,20.281280517578125,23.514937414911042,3.6322550277585073
ets_additive_damped,territorial_authority_3_median_rent,median_rent,territorial_authority,3,Kaipara District,2025-09-01,6,23.7027809060869,29.892701738443776,4.11364208797692
seasonal_naive,territorial_authority_3_median_rent,median_rent,territorial_authority,3,Kaipara District,2025-09-01,6,86.83333333333333,114.80055168276269,17.51241191344264
xgboost_pooled_recursive,territorial_authority_3_median_rent,median_rent,territorial_authority,3,Kaipara District,2025-09-01,6,40.8438720703125,47.86073893615284,7.265550384789836
ets_additive_damped,territorial_authority_3_median_rent,median_rent,territorial_authority,3,Kaipara District,2025-10-01,6,24.330402267468383,31.06306933421012,4.152698563043052
seasonal_naive,territorial_authority_3_median_rent,median_rent,territorial_authority,3,Kaipara District,2025-10-01,6,91.83333333333333,115.88428136148002,18.333667952089982
xgboost_pooled_recursive,territorial_authority_3_median_rent,median_rent,territorial_authority,3,Kaipara District,2025-10-01,6,38.16307576497396,47.60516320934032,6.64762095247675
ets_additive_damped,territorial_authority_3_median_rent,median_rent,territorial_authority,3,Kaipara District,2025-11-01,6,22.67940589771331,29.28598776417925,3.842533445918756
seasonal_naive,territorial_authority_3_median_rent,median_rent,territorial_authority,3,Kaipara District,2025-11-01,6,82.66666666666667,111.24297730643494,16.50274479415261
xgboost_pooled_recursive,territorial_authority_3_median_rent,median_rent,territorial_authority,3,Kaipara District,2025-11-01,6,28.572743733723957,35.283754680504295,4.869965004930906
ets_additive_damped,territorial_authority_3_median_rent,median_rent,territorial_authority,3,Kaipara District,2025-12-01,6,25.13523789530105,31.72829177105876,4.251907557824716
seasonal_naive,territorial_authority_3_median_rent,median_rent,territorial_authority,3,Kaipara District,2025-12-01,6,78.16666666666667,109.67451846258547,15.570301495297093
xgboost_pooled_recursive,territorial_authority_3_median_rent,median_rent,territorial_authority,3,Kaipara District,2025-12-01,6,41.183003743489586,45.456109521148335,7.093854387816667
ets_additive_damped,territorial_authority_3_median_rent,median_rent,territorial_authority,3,Kaipara District,2026-01-01,6,30.143641996319484,36.894591933378344,5.165303624955355
seasonal_naive,territorial_authority_3_median_rent,median_rent,territorial_authority,3,Kaipara District,2026-01-01,6,43.333333333333336,51.55902766086007,7.546468191137591
xgboost_pooled_recursive,territorial_authority_3_median_rent,median_rent,territorial_authority,3,Kaipara District,2026-01-01,6,39.29656982421875,42.522286373091674,6.775452936789768
ets_additive_damped,territorial_authority_40_median_rent,median_rent,territorial_authority,40,Palmerston North City,2025-02-01,6,16.85808039642338,24.26503245791496,3.155537795926153
seasonal_naive,territorial_authority_40_median_rent,median_rent,territorial_authority,40,Palmerston North City,2025-02-01,6,22.833333333333332,26.922728935480023,4.257427982976208
xgboost_pooled_recursive,territorial_authority_40_median_rent,median_rent,territorial_authority,40,Palmerston North City,2025-02-01,6,15.503011067708334,22.157718337494256,2.9107671194313762
ets_additive_damped,territorial_authority_40_median_rent,median_rent,territorial_authority,40,Palmerston North City,2025-03-01,6,20.77764933319649,26.497992900039723,3.8925070723712256
seasonal_naive,territorial_authority_40_median_rent,median_rent,territorial_authority,40,Palmerston North City,2025-03-01,6,22.0,26.689573494781317,4.111107218596534
xgboost_pooled_recursive,territorial_authority_40_median_rent,median_rent,territorial_authority,40,Palmerston North City,2025-03-01,6,19.044698079427082,24.639242418537318,3.5769384046402597
ets_additive_damped,territorial_authority_40_median_rent,median_rent,territorial_authority,40,Palmerston North City,2025-04-01,6,23.156096256824316,27.755676186458764,4.325845626922111
seasonal_naive,territorial_authority_40_median_rent,median_rent,territorial_authority,40,Palmerston North City,2025-04-01,6,22.0,26.689573494781317,4.122754085589313
xgboost_pooled_recursive,territorial_authority_40_median_rent,median_rent,territorial_authority,40,Palmerston North City,2025-04-01,6,20.503631591796875,26.095025059759287,3.8440691761697456
ets_additive_damped,territorial_authority_40_median_rent,median_rent,territorial_authority,40,Palmerston North City,2025-05-01,6,19.999942057409896,24.576226287461655,3.7226389758617593
seasonal_naive,territorial_authority_40_median_rent,median_rent,territorial_authority,40,Palmerston North City,2025-05-01,6,18.333333333333332,23.629078131263043,3.442662229026868
xgboost_pooled_recursive,territorial_authority_40_median_rent,median_rent,territorial_authority,40,Palmerston North City,2025-05-01,6,13.988840738932291,20.889361447949653,2.6440928811503674
ets_additive_damped,territorial_authority_40_median_rent,median_rent,territorial_authority,40,Palmerston North City,2025-06-01,6,9.627525494593328,11.337096788449431,1.7770229015872119
seasonal_naive,territorial_authority_40_median_rent,median_rent,territorial_authority,40,Palmerston North City,2025-06-01,6,10.0,11.902380714238083,1.8553606417252813
xgboost_pooled_recursive,territorial_authority_40_median_rent,median_rent,territorial_authority,40,Palmerston North City,2025-06-01,6,6.770284016927083,9.135304249825216,1.2592456196623862
ets_additive_damped,territorial_authority_40_median_rent,median_rent,territorial_authority,40,Palmerston North City,2025-07-01,6,9.313189804356872,11.493629302161102,1.7088832894109593
seasonal_naive,territorial_authority_40_median_rent,median_rent,territorial_authority,40,Palmerston North City,2025-07-01,6,7.5,10.206207261596576,1.3945311486377236
xgboost_pooled_recursive,territorial_authority_40_median_rent,median_rent,territorial_authority,40,Palmerston North City,2025-07-01,6,6.4324951171875,7.3661999724918985,1.1976402135488071
ets_additive_damped,territorial_authority_40_median_rent,median_rent,territorial_authority,40,Palmerston North City,2025-08-01,6,10.975813987098528,12.461889146575642,2.0190313848972457
seasonal_naive,territorial_authority_40_median_rent,median_rent,territorial_authority,40,Palmerston North City,2025-08-01,6,7.5,10.206207261596576,1.3945311486377236
xgboost_pooled_recursive,territorial_authority_40_median_rent,median_rent,territorial_authority,40,Palmerston North City,2025-08-01,6,6.060251871744792,8.323644460909287,1.1312845974691499
ets_additive_damped,territorial_authority_40_median_rent,median_rent,territorial_authority,40,Palmerston North City,2025-09-01,6,10.691470799008394,12.209777243005137,1.968048626613376
seasonal_naive,territorial_authority_40_median_rent,median_rent,territorial_authority,40,Palmerston North City,2025-09-01,6,8.333333333333334,10.801234497346433,1.540851913017397
xgboost_pooled_recursive,territorial_authority_40_median_rent,median_rent,territorial_authority,40,Palmerston North City,2025-09-01,6,7.422627766927083,8.638345804298433,1.3705343452537446
ets_additive_damped,territorial_authority_40_median_rent,median_rent,territorial_authority,40,Palmerston North City,2025-10-01,6,14.728464182720396,15.805913062005883,2.70468805155014
seasonal_naive,territorial_authority_40_median_rent,median_rent,territorial_authority,40,Palmerston North City,2025-10-01,6,6.666666666666667,8.16496580927726,1.2122213957076342
xgboost_pooled_recursive,territorial_authority_40_median_rent,median_rent,territorial_authority,40,Palmerston North City,2025-10-01,6,7.266733805338542,9.515807158239605,1.3282944334167621
ets_additive_damped,territorial_authority_40_median_rent,median_rent,territorial_authority,40,Palmerston North City,2025-11-01,6,16.1290393776967,17.923586812601386,2.990971162375011
seasonal_naive,territorial_authority_40_median_rent,median_rent,territorial_authority,40,Palmerston North City,2025-11-01,6,7.833333333333333,9.9079092984679,1.4400354166251037
xgboost_pooled_recursive,territorial_authority_40_median_rent,median_rent,territorial_authority,40,Palmerston North City,2025-11-01,6,6.729075113932292,8.59162975710823,1.230817114771061
ets_additive_damped,territorial_authority_40_median_rent,median_rent,territorial_authority,40,Palmerston North City,2025-12-01,6,19.606082681097842,20.400821895102162,3.648918293175444
seasonal_naive,territorial_authority_40_median_rent,median_rent,territorial_authority,40,Palmerston North City,2025-12-01,6,15.0,20.15771151032114,2.8142763881815114
xgboost_pooled_recursive,territorial_authority_40_median_rent,median_rent,territorial_authority,40,Palmerston North City,2025-12-01,6,9.902872721354166,10.71347688504045,1.8193732243265963
ets_additive_damped,territorial_authority_40_median_rent,median_rent,territorial_authority,40,Palmerston North City,2026-01-01,6,16.41199674092572,17.465101099600165,3.050563878458047
seasonal_naive,territorial_authority_40_median_rent,median_rent,territorial_authority,40,Palmerston North City,2026-01-01,6,20.0,23.58671942711265,3.748855827433848
xgboost_pooled_recursive,territorial_authority_40_median_rent,median_rent,territorial_authority,40,Palmerston North City,2026-01-01,6,11.172688802083334,12.28065968264409,2.067601264203566
ets_additive_damped,territorial_authority_41_median_rent,median_rent,territorial_authority,41,Tararua District,2025-02-01,6,21.062977286877423,22.63805750030511,4.486647589676208
seasonal_naive,territorial_authority_41_median_rent,median_rent,territorial_authority,41,Tararua District,2025-02-01,6,26.333333333333332,30.69744831958079,5.662990165636742
xgboost_pooled_recursive,territorial_authority_41_median_rent,median_rent,territorial_authority,41,Tararua District,2025-02-01,6,21.050059000651043,24.46480120151614,4.486223789852472
ets_additive_damped,territorial_authority_41_median_rent,median_rent,territorial_authority,41,Tararua District,2025-03-01,6,15.812390276929904,18.263397095852046,3.3632727549430905
seasonal_naive,territorial_authority_41_median_rent,median_rent,territorial_authority,41,Tararua District,2025-03-01,6,29.666666666666668,32.79735761714146,6.36372714763505
xgboost_pooled_recursive,territorial_authority_41_median_rent,median_rent,territorial_authority,41,Tararua District,2025-03-01,6,13.853302001953125,17.02623865923966,2.9552841859548717
ets_additive_damped,territorial_authority_41_median_rent,median_rent,territorial_authority,41,Tararua District,2025-04-01,6,17.487025467576007,19.761409767530857,3.700252963021534
seasonal_naive,territorial_authority_41_median_rent,median_rent,territorial_authority,41,Tararua District,2025-04-01,6,33.0,37.978063843926186,7.076739625353411
xgboost_pooled_recursive,territorial_authority_41_median_rent,median_rent,territorial_authority,41,Tararua District,2025-04-01,6,16.653366088867188,20.685042247352737,3.526252106739892
ets_additive_damped,territorial_authority_41_median_rent,median_rent,territorial_authority,41,Tararua District,2025-05-01,6,20.67159147259788,28.737046956630593,4.454713381012466
seasonal_naive,territorial_authority_41_median_rent,median_rent,territorial_authority,41,Tararua District,2025-05-01,6,35.0,38.81151032017864,7.547061860807941
xgboost_pooled_recursive,territorial_authority_41_median_rent,median_rent,territorial_authority,41,Tararua District,2025-05-01,6,18.608250935872388,25.95830637151086,4.023543968705598
ets_additive_damped,territorial_authority_41_median_rent,median_rent,territorial_authority,41,Tararua District,2025-06-01,6,15.000631828306126,24.692497923350295,3.2394669771899567
seasonal_naive,territorial_authority_41_median_rent,median_rent,territorial_authority,41,Tararua District,2025-06-01,6,30.0,34.004901607464376,6.501895754051688
xgboost_pooled_recursive,territorial_authority_41_median_rent,median_rent,territorial_authority,41,Tararua District,2025-06-01,6,17.695103963216138,23.510105872731835,3.8141055395974455
ets_additive_damped,territorial_authority_41_median_rent,median_rent,territorial_authority,41,Tararua District,2025-07-01,6,20.353756447379528,28.14149442925488,4.387360864541056
seasonal_naive,territorial_authority_41_median_rent,median_rent,territorial_authority,41,Tararua District,2025-07-01,6,34.5,38.53353517824874,7.425656944677224
xgboost_pooled_recursive,territorial_authority_41_median_rent,median_rent,territorial_authority,41,Tararua District,2025-07-01,6,23.603764851888013,27.416461741045378,5.08503077857565
ets_additive_damped,territorial_authority_41_median_rent,median_rent,territorial_authority,41,Tararua District,2025-08-01,6,24.53652260273238,30.51485889830431,5.290246620016367
seasonal_naive,territorial_authority_41_median_rent,median_rent,territorial_authority,41,Tararua District,2025-08-01,6,39.5,42.834954573727906,8.455405228430084
xgboost_pooled_recursive,territorial_authority_41_median_rent,median_rent,territorial_authority,41,Tararua District,2025-08-01,6,29.158620198567707,32.933277549996156,6.255919947825419
ets_additive_damped,territorial_authority_41_median_rent,median_rent,territorial_authority,41,Tararua District,2025-09-01,6,24.678411776087007,30.58685369310865,5.31884222559377
seasonal_naive,territorial_authority_41_median_rent,median_rent,territorial_authority,41,Tararua District,2025-09-01,6,39.5,42.834954573727906,8.455405228430084
xgboost_pooled_recursive,territorial_authority_41_median_rent,median_rent,territorial_authority,41,Tararua District,2025-09-01,6,26.087631225585948,29.953042438718764,5.614982574842486
ets_additive_damped,territorial_authority_41_median_rent,median_rent,territorial_authority,41,Tararua District,2025-10-01,6,25.073290146100437,32.28238170576454,5.404556222173528
seasonal_naive,territorial_authority_41_median_rent,median_rent,territorial_authority,41,Tararua District,2025-10-01,6,28.666666666666668,33.62538723444931,6.138114675845413
xgboost_pooled_recursive,territorial_authority_41_median_rent,median_rent,territorial_authority,41,Tararua District,2025-10-01,6,28.354736328125,36.62813794060936,6.06821693746012
ets_additive_damped,territorial_authority_41_median_rent,median_rent,territorial_authority,41,Tararua District,2025-11-01,6,16.447981787106176,20.47842798265567,3.5238184828143204
seasonal_naive,territorial_authority_41_median_rent,median_rent,territorial_authority,41,Tararua District,2025-11-01,6,25.0,32.4037034920393,5.293260605184891
xgboost_pooled_recursive,territorial_authority_41_median_rent,median_rent,territorial_authority,41,Tararua District,2025-11-01,6,18.115000406901043,22.420147285641775,3.8672987938183785
ets_additive_damped,territorial_authority_41_median_rent,median_rent,territorial_authority,41,Tararua District,2025-12-01,6,17.321145989975957,20.89431018315403,3.702313857344381
seasonal_naive,territorial_authority_41_median_rent,median_rent,territorial_authority,41,Tararua District,2025-12-01,6,28.333333333333332,35.35533905932738,6.00248046334092
xgboost_pooled_recursive,territorial_authority_41_median_rent,median_rent,territorial_authority,41,Tararua District,2025-12-01,6,21.53313191731769,26.676484425800048,4.571041699035508
ets_additive_damped,territorial_authority_41_median_rent,median_rent,territorial_authority,41,Tararua District,2026-01-01,6,21.38870243332887,24.963831404676284,4.6114533776008155
seasonal_naive,territorial_authority_41_median_rent,median_rent,territorial_authority,41,Tararua District,2026-01-01,6,27.166666666666668,33.7860918130523,5.835396085730226
xgboost_pooled_recursive,territorial_authority_41_median_rent,median_rent,territorial_authority,41,Tararua District,2026-01-01,6,19.5018819173177,21.435374768905117,4.199607292520607
ets_additive_damped,territorial_authority_42_median_rent,median_rent,territorial_authority,42,Horowhenua District,2025-02-01,6,15.348120794606814,18.440095867593538,2.94092141815139
seasonal_naive,territorial_authority_42_median_rent,median_rent,territorial_authority,42,Horowhenua District,2025-02-01,6,18.166666666666668,20.440971927316305,3.535408068886784
xgboost_pooled_recursive,territorial_authority_42_median_rent,median_rent,territorial_authority,42,Horowhenua District,2025-02-01,6,18.3009033203125,21.79585807207233,3.4926765886268716
ets_additive_damped,territorial_authority_42_median_rent,median_rent,territorial_authority,42,Horowhenua District,2025-03-01,6,14.471281175031814,16.977125073282966,2.7769332160027065
seasonal_naive,territorial_authority_42_median_rent,median_rent,territorial_authority,42,Horowhenua District,2025-03-01,6,18.5,20.587212859766456,3.5984154601384497
xgboost_pooled_recursive,territorial_authority_42_median_rent,median_rent,territorial_authority,42,Horowhenua District,2025-03-01,6,17.502950032552082,20.503622727575653,3.344261367961602
ets_additive_damped,territorial_authority_42_median_rent,median_rent,territorial_authority,42,Horowhenua District,2025-04-01,6,20.224733253428496,22.39251196856071,3.8891970088809797
seasonal_naive,territorial_authority_42_median_rent,median_rent,territorial_authority,42,Horowhenua District,2025-04-01,6,17.166666666666668,18.614510468986285,3.346563958080351
xgboost_pooled_recursive,territorial_authority_42_median_rent,median_rent,territorial_authority,42,Horowhenua District,2025-04-01,6,24.926045735677082,26.69177375309517,4.767841616748356
ets_additive_damped,territorial_authority_42_median_rent,median_rent,territorial_authority,42,Horowhenua District,2025-05-01,6,23.73702028688753,26.314177804103338,4.600816492367029
seasonal_naive,territorial_authority_42_median_rent,median_rent,territorial_authority,42,Horowhenua District,2025-05-01,6,18.0,19.72308292331602,3.5230601023184307
xgboost_pooled_recursive,territorial_authority_42_median_rent,median_rent,territorial_authority,42,Horowhenua District,2025-05-01,6,20.740529378255207,23.679799929038552,4.034422519182912
ets_additive_damped,territorial_authority_42_median_rent,median_rent,territorial_authority,42,Horowhenua District,2025-06-01,6,21.396214118328732,23.931876765872122,4.1584823135801035
seasonal_naive,territorial_authority_42_median_rent,median_rent,territorial_authority,42,Horowhenua District,2025-06-01,6,17.166666666666668,19.403607911932255,3.358925140023019
xgboost_pooled_recursive,territorial_authority_42_median_rent,median_rent,territorial_authority,42,Horowhenua District,2025-06-01,6,24.99346923828125,27.373345274472012,4.8340010935221445
ets_additive_damped,territorial_authority_42_median_rent,median_rent,territorial_authority,42,Horowhenua District,2025-07-01,6,12.676236378109271,16.305555281314835,2.4846754105222453
seasonal_naive,territorial_authority_42_median_rent,median_rent,territorial_authority,42,Horowhenua District,2025-07-01,6,16.333333333333332,18.411952639521967,3.1869426509673593
xgboost_pooled_recursive,territorial_authority_42_median_rent,median_rent,territorial_authority,42,Horowhenua District,2025-07-01,6,16.094156901041668,19.950430482466757,3.128556522926365
ets_additive_damped,territorial_authority_42_median_rent,median_rent,territorial_authority,42,Horowhenua District,2025-08-01,6,13.011300704707518,16.594456568157742,2.534278787596192
seasonal_naive,territorial_authority_42_median_rent,median_rent,territorial_authority,42,Horowhenua District,2025-08-01,6,18.0,19.72308292331602,3.4858404652770916
xgboost_pooled_recursive,territorial_authority_42_median_rent,median_rent,territorial_authority,42,Horowhenua District,2025-08-01,6,17.130961100260418,21.67472465645307,3.3121958403910425
ets_additive_damped,territorial_authority_42_median_rent,median_rent,territorial_authority,42,Horowhenua District,2025-09-01,6,16.17644605152221,18.553151112858533,3.155443587790675
seasonal_naive,territorial_authority_42_median_rent,median_rent,territorial_authority,42,Horowhenua District,2025-09-01,6,19.666666666666668,20.952326839756964,3.821974919058604
xgboost_pooled_recursive,territorial_authority_42_median_rent,median_rent,territorial_authority,42,Horowhenua District,2025-09-01,6,22.157450358072918,25.05215662398129,4.286633970741538
ets_additive_damped,territorial_authority_42_median_rent,median_rent,territorial_authority,42,Horowhenua District,2025-10-01,6,14.430430737631164,17.074217797762266,2.817333242515557
seasonal_naive,territorial_authority_42_median_rent,median_rent,territorial_authority,42,Horowhenua District,2025-10-01,6,21.0,22.72296928953902,4.073826421116703
xgboost_pooled_recursive,territorial_authority_42_median_rent,median_rent,territorial_authority,42,Horowhenua District,2025-10-01,6,22.827718098958332,25.844656092436374,4.417226697723262
ets_additive_damped,territorial_authority_42_median_rent,median_rent,territorial_authority,42,Horowhenua District,2025-11-01,6,10.815650402667975,15.439694166188039,2.09657669081402
seasonal_naive,territorial_authority_42_median_rent,median_rent,territorial_authority,42,Horowhenua District,2025-11-01,6,18.5,20.342893927200556,3.567390653306299
xgboost_pooled_recursive,territorial_authority_42_median_rent,median_rent,territorial_authority,42,Horowhenua District,2025-11-01,6,17.474965413411457,18.976514610801626,3.375232086494636
ets_additive_damped,territorial_authority_42_median_rent,median_rent,territorial_authority,42,Horowhenua District,2025-12-01,6,10.485310201609906,14.839444304144115,2.0313340089209935
seasonal_naive,territorial_authority_42_median_rent,median_rent,territorial_authority,42,Horowhenua District,2025-12-01,6,17.666666666666668,20.24022397768035,3.4079010201324547
xgboost_pooled_recursive,territorial_authority_42_median_rent,median_rent,territorial_authority,42,Horowhenua District,2025-12-01,6,14.907541910807291,15.990018910151926,2.8856974082439795
ets_additive_damped,territorial_authority_42_median_rent,median_rent,territorial_authority,42,Horowhenua District,2026-01-01,6,14.331264702988506,17.79858362399238,2.773362299132043
seasonal_naive,territorial_authority_42_median_rent,median_rent,territorial_authority,42,Horowhenua District,2026-01-01,6,19.333333333333332,22.20360331117452,3.737749165514581
xgboost_pooled_recursive,territorial_authority_42_median_rent,median_rent,territorial_authority,42,Horowhenua District,2026-01-01,6,15.312321980794271,18.29635207244861,2.9668806756111077
ets_additive_damped,territorial_authority_43_median_rent,median_rent,territorial_authority,43,Kapiti Coast District,2025-02-01,6,9.906869318672799,10.504065160994614,1.6357949131201532
seasonal_naive,territorial_authority_43_median_rent,median_rent,territorial_authority,43,Kapiti Coast District,2025-02-01,6,25.666666666666668,29.58039891549808,4.2055540100800926
xgboost_pooled_recursive,territorial_authority_43_median_rent,median_rent,territorial_authority,43,Kapiti Coast District,2025-02-01,6,17.528249104817707,19.417091544204602,2.8781078749015543
ets_additive_damped,territorial_authority_43_median_rent,median_rent,territorial_authority,43,Kapiti Coast District,2025-03-01,6,13.782902523376947,14.03487195939892,2.2778613896506967
seasonal_naive,territorial_authority_43_median_rent,median_rent,territorial_authority,43,Kapiti Coast District,2025-03-01,6,19.833333333333332,24.748737341529164,3.2339129129159825
xgboost_pooled_recursive,territorial_authority_43_median_rent,median_rent,territorial_authority,43,Kapiti Coast District,2025-03-01,6,20.8118896484375,21.754714314686865,3.416524021562215
ets_additive_damped,territorial_authority_43_median_rent,median_rent,territorial_authority,43,Kapiti Coast District,2025-04-01,6,9.645108383479055,9.97516385653441,1.5996430670265092
seasonal_naive,territorial_authority_43_median_rent,median_rent,territorial_authority,43,Kapiti Coast District,2025-04-01,6,15.166666666666666,21.52130727132222,2.4765530855614486
xgboost_pooled_recursive,territorial_authority_43_median_rent,median_rent,territorial_authority,43,Kapiti Coast District,2025-04-01,6,16.519114176432293,18.034750412275336,2.7194170027210887
ets_additive_damped,territorial_authority_43_median_rent,median_rent,territorial_authority,43,Kapiti Coast District,2025-05-01,6,6.83308487754213,7.367064167156944,1.1360720905123058
seasonal_naive,territorial_authority_43_median_rent,median_rent,territorial_authority,43,Kapiti Coast District,2025-05-01,6,15.5,21.844144905824688,2.5526290501954025
xgboost_pooled_recursive,territorial_authority_43_median_rent,median_rent,territorial_authority,43,Kapiti Coast District,2025-05-01,6,6.306386311848958,7.943454660765378,1.0481615594122111
ets_additive_damped,territorial_authority_43_median_rent,median_rent,territorial_authority,43,Kapiti Coast District,2025-06-01,6,5.814249895870375,6.585666212425685,0.9690361149259256
seasonal_naive,territorial_authority_43_median_rent,median_rent,territorial_authority,43,Kapiti Coast District,2025-06-01,6,19.5,24.10739858770885,3.2401356872236367
xgboost_pooled_recursive,territorial_authority_43_median_rent,median_rent,territorial_authority,43,Kapiti Coast District,2025-06-01,6,9.874277750651041,10.782251277703274,1.6392102277035328
ets_additive_damped,territorial_authority_43_median_rent,median_rent,territorial_authority,43,Kapiti Coast District,2025-07-01,6,6.406583570244038,10.337742687646722,1.0744047530047163
seasonal_naive,territorial_authority_43_median_rent,median_rent,territorial_authority,43,Kapiti Coast District,2025-07-01,6,18.166666666666668,21.721724916160166,3.0507755293636762
xgboost_pooled_recursive,territorial_authority_43_median_rent,median_rent,territorial_authority,43,Kapiti Coast District,2025-07-01,6,12.8040771484375,14.923219789869325,2.161526768332418
ets_additive_damped,territorial_authority_43_median_rent,median_rent,territorial_authority,43,Kapiti Coast District,2025-08-01,6,8.816509901148303,12.052681904529814,1.4777536485765232
seasonal_naive,territorial_authority_43_median_rent,median_rent,territorial_authority,43,Kapiti Coast District,2025-08-01,6,16.833333333333332,20.844663585675832,2.83827673674318
xgboost_pooled_recursive,territorial_authority_43_median_rent,median_rent,territorial_authority,43,Kapiti Coast District,2025-08-01,6,10.555155436197916,13.939098364240781,1.7702701686199307
ets_additive_damped,territorial_authority_43_median_rent,median_rent,territorial_authority,43,Kapiti Coast District,2025-09-01,6,7.205323724363022,10.850210994741822,1.2096149501156053
seasonal_naive,territorial_authority_43_median_rent,median_rent,territorial_authority,43,Kapiti Coast District,2025-09-01,6,19.333333333333332,22.293496809607955,3.245254810227872
xgboost_pooled_recursive,territorial_authority_43_median_rent,median_rent,territorial_authority,43,Kapiti Coast District,2025-09-01,6,8.402974446614584,11.713676151447395,1.408725927226326
ets_additive_damped,territorial_authority_43_median_rent,median_rent,territorial_authority,43,Kapiti Coast District,2025-10-01,6,7.590034054995347,10.754911558428192,1.273570619723835
seasonal_naive,territorial_authority_43_median_rent,median_rent,territorial_authority,43,Kapiti Coast District,2025-10-01,6,19.0,22.27853974867593,3.1896065075011055
xgboost_pooled_recursive,territorial_authority_43_median_rent,median_rent,territorial_authority,43,Kapiti Coast District,2025-10-01,6,13.436258951822916,16.118027890290893,2.2378744504310872
ets_additive_damped,territorial_authority_43_median_rent,median_rent,territorial_authority,43,Kapiti Coast District,2025-11-01,6,8.649480554291358,11.421820073773125,1.450230070012812
seasonal_naive,territorial_authority_43_median_rent,median_rent,territorial_authority,43,Kapiti Coast District,2025-11-01,6,16.166666666666668,20.489834878137337,2.7065524693824585
xgboost_pooled_recursive,territorial_authority_43_median_rent,median_rent,territorial_authority,43,Kapiti Coast District,2025-11-01,6,19.492411295572918,21.486723174372667,3.229043205511796
ets_additive_damped,territorial_authority_43_median_rent,median_rent,territorial_authority,43,Kapiti Coast District,2025-12-01,6,11.553902317146518,14.83890019111811,1.9203234051268652
seasonal_naive,territorial_authority_43_median_rent,median_rent,territorial_authority,43,Kapiti Coast District,2025-12-01,6,16.166666666666668,20.489834878137337,2.671516995965624
xgboost_pooled_recursive,territorial_authority_43_median_rent,median_rent,territorial_authority,43,Kapiti Coast District,2025-12-01,6,16.60302734375,19.176467321047983,2.7521902252671944
ets_additive_damped,territorial_authority_43_median_rent,median_rent,territorial_authority,43,Kapiti Coast District,2026-01-01,6,9.70425906095638,14.312016756294668,1.6096477502806055
seasonal_naive,territorial_authority_43_median_rent,median_rent,territorial_authority,43,Kapiti Coast District,2026-01-01,6,10.833333333333334,13.994046353122222,1.7857722689871613
xgboost_pooled_recursive,territorial_authority_43_median_rent,median_rent,territorial_authority,43,Kapiti Coast District,2026-01-01,6,11.15325927734375,16.261272447700236,1.854476019829842
ets_additive_damped,territorial_authority_44_median_rent,median_rent,territorial_authority,44,Porirua City,2025-02-01,6,17.26555881734879,17.895593088424558,2.628874244452779
seasonal_naive,territorial_authority_44_median_rent,median_rent,territorial_authority,44,Porirua City,2025-02-01,6,25.5,26.67395733669828,3.8522542217680265
xgboost_pooled_recursive,territorial_authority_44_median_rent,median_rent,territorial_authority,44,Porirua City,2025-02-01,6,22.984181722005207,23.274448036550847,3.4841819359564394
ets_additive_damped,territorial_authority_44_median_rent,median_rent,territorial_authority,44,Porirua City,2025-03-01,6,17.978464774537503,19.130399794466424,2.7548493321503544
seasonal_naive,territorial_authority_44_median_rent,median_rent,territorial_authority,44,Porirua City,2025-03-01,6,31.333333333333332,33.896902513356586,4.741373551951995
xgboost_pooled_recursive,territorial_authority_44_median_rent,median_rent,territorial_authority,44,Porirua City,2025-03-01,6,20.432332356770832,21.70235482517858,3.124702358033393
ets_additive_damped,territorial_authority_44_median_rent,median_rent,territorial_authority,44,Porirua City,2025-04-01,6,15.246623405278134,16.637846839179215,2.35238218261246
seasonal_naive,territorial_authority_44_median_rent,median_rent,territorial_authority,44,Porirua City,2025-04-01,6,28.833333333333332,32.1947200640105,4.378598911069633
xgboost_pooled_recursive,territorial_authority_44_median_rent,median_rent,territorial_authority,44,Porirua City,2025-04-01,6,22.660369873046875,23.8336768188057,3.4732298003335598
ets_additive_damped,territorial_authority_44_median_rent,median_rent,territorial_authority,44,Porirua City,2025-05-01,6,18.075337398759206,21.034024785950688,2.8246995425678127
seasonal_naive,territorial_authority_44_median_rent,median_rent,territorial_authority,44,Porirua City,2025-05-01,6,29.166666666666668,32.59601202601324,4.49011337235988
xgboost_pooled_recursive,territorial_authority_44_median_rent,median_rent,territorial_authority,44,Porirua City,2025-05-01,6,22.494364420572918,26.257572259374268,3.4991020044970815
ets_additive_damped,territorial_authority_44_median_rent,median_rent,territorial_authority,44,Porirua City,2025-06-01,6,26.085897606842593,31.90026950475197,4.132968618513589
seasonal_naive,territorial_authority_44_median_rent,median_rent,territorial_authority,44,Porirua City,2025-06-01,6,30.5,33.56337289367682,4.757689798876703
xgboost_pooled_recursive,territorial_authority_44_median_rent,median_rent,territorial_authority,44,Porirua City,2025-06-01,6,23.005208333333332,28.339654614938915,3.6582456780836
ets_additive_damped,territorial_authority_44_median_rent,median_rent,territorial_authority,44,Porirua City,2025-07-01,6,25.123144926717675,30.671496617299077,3.96647354383458
seasonal_naive,territorial_authority_44_median_rent,median_rent,territorial_authority,44,Porirua City,2025-07-01,6,26.666666666666668,31.379398762032817,4.166787290267996
xgboost_pooled_recursive,territorial_authority_44_median_rent,median_rent,territorial_authority,44,Porirua City,2025-07-01,6,17.059041341145832,22.03809066799231,2.705037475956663
ets_additive_damped,territorial_authority_44_median_rent,median_rent,territorial_authority,44,Porirua City,2025-08-01,6,25.606420312512626,30.599965963397505,4.041228703050176
seasonal_naive,territorial_authority_44_median_rent,median_rent,territorial_authority,44,Porirua City,2025-08-01,6,29.166666666666668,33.1235062556286,4.538438852633986
xgboost_pooled_recursive,territorial_authority_44_median_rent,median_rent,territorial_authority,44,Porirua City,2025-08-01,6,17.639272054036457,22.089404565696206,2.7988885496577396
ets_additive_damped,territorial_authority_44_median_rent,median_rent,territorial_authority,44,Porirua City,2025-09-01,6,24.98976901794985,29.560238385421606,3.941908689922269
seasonal_naive,territorial_authority_44_median_rent,median_rent,territorial_authority,44,Porirua City,2025-09-01,6,20.0,24.351591323771842,3.144269017399511
xgboost_pooled_recursive,territorial_authority_44_median_rent,median_rent,territorial_authority,44,Porirua City,2025-09-01,6,19.138529459635418,22.31845789022133,3.0251805924772777
ets_additive_damped,territorial_authority_44_median_rent,median_rent,territorial_authority,44,Porirua City,2025-10-01,6,25.959085514950726,29.45082746954877,4.098617512303072
seasonal_naive,territorial_authority_44_median_rent,median_rent,territorial_authority,44,Porirua City,2025-10-01,6,21.666666666666668,25.68397684679432,3.408758730275583
xgboost_pooled_recursive,territorial_authority_44_median_rent,median_rent,territorial_authority,44,Porirua City,2025-10-01,6,19.692433675130207,22.05314489148417,3.1110237325403634
ets_additive_damped,territorial_authority_44_median_rent,median_rent,territorial_authority,44,Porirua City,2025-11-01,6,25.42027892140324,28.72275854595748,4.000789387274357
seasonal_naive,territorial_authority_44_median_rent,median_rent,territorial_authority,44,Porirua City,2025-11-01,6,15.833333333333334,19.92904078641686,2.4792578007746537
xgboost_pooled_recursive,territorial_authority_44_median_rent,median_rent,territorial_authority,44,Porirua City,2025-11-01,6,23.304911295572918,26.705627448543723,3.661505324406025
ets_additive_damped,territorial_authority_44_median_rent,median_rent,territorial_authority,44,Porirua City,2025-12-01,6,25.718030605639058,29.15491151677445,4.029464858077847
seasonal_naive,territorial_authority_44_median_rent,median_rent,territorial_authority,44,Porirua City,2025-12-01,6,15.333333333333334,19.252705437591537,2.360225640449155
xgboost_pooled_recursive,territorial_authority_44_median_rent,median_rent,territorial_authority,44,Porirua City,2025-12-01,6,24.862019856770832,31.230931851569956,3.8838768232938206
ets_additive_damped,territorial_authority_44_median_rent,median_rent,territorial_authority,44,Porirua City,2026-01-01,6,12.252882893418663,15.03163610467206,1.926504360843536
seasonal_naive,territorial_authority_44_median_rent,median_rent,territorial_authority,44,Porirua City,2026-01-01,6,17.5,20.716338157760088,2.716869899532438
xgboost_pooled_recursive,territorial_authority_44_median_rent,median_rent,territorial_authority,44,Porirua City,2026-01-01,6,8.033721923828125,9.994585903361655,1.266765221358479
ets_additive_damped,territorial_authority_45_median_rent,median_rent,territorial_authority,45,Upper Hutt City,2025-02-01,6,51.68794197125419,53.4562744451981,8.12230007244789
seasonal_naive,territorial_authority_45_median_rent,median_rent,territorial_authority,45,Upper Hutt City,2025-02-01,6,31.5,40.900285247579056,4.983479770394466
xgboost_pooled_recursive,territorial_authority_45_median_rent,median_rent,territorial_authority,45,Upper Hutt City,2025-02-01,6,56.056722005208336,57.57872365425086,8.778001266321981
ets_additive_damped,territorial_authority_45_median_rent,median_rent,territorial_authority,45,Upper Hutt City,2025-03-01,6,49.11225111377731,51.73247935740932,7.774886752947054
seasonal_naive,territorial_authority_45_median_rent,median_rent,territorial_authority,45,Upper Hutt City,2025-03-01,6,40.666666666666664,47.63052242697603,6.458070409755552
xgboost_pooled_recursive,territorial_authority_45_median_rent,median_rent,territorial_authority,45,Upper Hutt City,2025-03-01,6,49.30848185221354,53.08311361790215,7.801078912227459
ets_additive_damped,territorial_authority_45_median_rent,median_rent,territorial_authority,45,Upper Hutt City,2025-04-01,6,48.70142784907173,50.92660348782208,7.776475847078794
seasonal_naive,territorial_authority_45_median_rent,median_rent,territorial_authority,45,Upper Hutt City,2025-04-01,6,46.5,52.020829161660494,7.409793970665861
xgboost_pooled_recursive,territorial_authority_45_median_rent,median_rent,territorial_authority,45,Upper Hutt City,2025-04-01,6,37.04901123046875,40.988429727891,5.973806926226971
ets_additive_damped,territorial_authority_45_median_rent,median_rent,territorial_authority,45,Upper Hutt City,2025-05-01,6,54.01824939636028,54.49534138236524,8.650582750872331
seasonal_naive,territorial_authority_45_median_rent,median_rent,territorial_authority,45,Upper Hutt City,2025-05-01,6,53.5,56.41069638523058,8.536514206223679
xgboost_pooled_recursive,territorial_authority_45_median_rent,median_rent,territorial_authority,45,Upper Hutt City,2025-05-01,6,44.506591796875,44.94497240398309,7.180811087597133
ets_additive_damped,territorial_authority_45_median_rent,median_rent,territorial_authority,45,Upper Hutt City,2025-06-01,6,50.05844652116652,50.40796409845443,8.041861017272266
seasonal_naive,territorial_authority_45_median_rent,median_rent,territorial_authority,45,Upper Hutt City,2025-06-01,6,58.0,59.250879037079834,9.242973731980015
xgboost_pooled_recursive,territorial_authority_45_median_rent,median_rent,territorial_authority,45,Upper Hutt City,2025-06-01,6,29.07794189453125,29.85631719996853,4.751021112250683
ets_additive_damped,territorial_authority_45_median_rent,median_rent,territorial_authority,45,Upper Hutt City,2025-07-01,6,48.48688707473277,48.97791350426993,7.847575239064435
seasonal_naive,territorial_authority_45_median_rent,median_rent,territorial_authority,45,Upper Hutt City,2025-07-01,6,65.83333333333333,67.70401268265665,10.485486457970596
xgboost_pooled_recursive,territorial_authority_45_median_rent,median_rent,territorial_authority,45,Upper Hutt City,2025-07-01,6,26.73724365234375,30.41002711709874,4.39268084799551
ets_additive_damped,territorial_authority_45_median_rent,median_rent,territorial_authority,45,Upper Hutt City,2025-08-01,6,36.44069972130958,39.43137886851529,5.934818262449016
seasonal_naive,territorial_authority_45_median_rent,median_rent,territorial_authority,45,Upper Hutt City,2025-08-01,6,55.333333333333336,59.18051481132395,8.849915530456958
xgboost_pooled_recursive,territorial_authority_45_median_rent,median_rent,territorial_authority,45,Upper Hutt City,2025-08-01,6,25.82086181640625,28.994208332499646,4.236674867657332
ets_additive_damped,territorial_authority_45_median_rent,median_rent,territorial_authority,45,Upper Hutt City,2025-09-01,6,25.39779663640373,28.583343060464728,4.157314848039798
seasonal_naive,territorial_authority_45_median_rent,median_rent,territorial_authority,45,Upper Hutt City,2025-09-01,6,47.0,54.0277706369604,7.510236348366352
xgboost_pooled_recursive,territorial_authority_45_median_rent,median_rent,territorial_authority,45,Upper Hutt City,2025-09-01,6,17.392049153645832,22.710555542514914,2.8633262700672275
ets_additive_damped,territorial_authority_45_median_rent,median_rent,territorial_authority,45,Upper Hutt City,2025-10-01,6,20.622918875956316,23.664069092491026,3.3847272985003167
seasonal_naive,territorial_authority_45_median_rent,median_rent,territorial_authority,45,Upper Hutt City,2025-10-01,6,40.333333333333336,49.52103929981007,6.439285879825523
xgboost_pooled_recursive,territorial_authority_45_median_rent,median_rent,territorial_authority,45,Upper Hutt City,2025-10-01,6,14.33599853515625,19.78037089623045,2.3567196912633097
ets_additive_damped,territorial_authority_45_median_rent,median_rent,territorial_authority,45,Upper Hutt City,2025-11-01,6,18.1935666212547,20.577159842954842,2.997807141517652
seasonal_naive,territorial_authority_45_median_rent,median_rent,territorial_authority,45,Upper Hutt City,2025-11-01,6,35.833333333333336,45.59422478048435,5.720633132054687
xgboost_pooled_recursive,territorial_authority_45_median_rent,median_rent,territorial_authority,45,Upper Hutt City,2025-11-01,6,14.772715250651041,17.954285897660885,2.421768200483963
ets_additive_damped,territorial_authority_45_median_rent,median_rent,territorial_authority,45,Upper Hutt City,2025-12-01,6,24.106218191755847,26.178800831049465,3.987881143187784
seasonal_naive,territorial_authority_45_median_rent,median_rent,territorial_authority,45,Upper Hutt City,2025-12-01,6,31.333333333333332,41.83698523236746,5.014173606298348
xgboost_pooled_recursive,territorial_authority_45_median_rent,median_rent,territorial_authority,45,Upper Hutt City,2025-12-01,6,14.766499837239584,17.95601364175034,2.4197499226233803
ets_additive_damped,territorial_authority_45_median_rent,median_rent,territorial_authority,45,Upper Hutt City,2026-01-01,6,32.28261821862909,34.07358604096138,5.362488694304259
seasonal_naive,territorial_authority_45_median_rent,median_rent,territorial_authority,45,Upper Hutt City,2026-01-01,6,18.5,19.420779249728028,2.9846050221079166
xgboost_pooled_recursive,territorial_authority_45_median_rent,median_rent,territorial_authority,45,Upper Hutt City,2026-01-01,6,14.57012939453125,16.34469089354877,2.382022894695491
ets_additive_damped,territorial_authority_46_median_rent,median_rent,territorial_authority,46,Lower Hutt City,2025-02-01,6,25.90193265762385,26.48911920201471,4.23633826997896
seasonal_naive,territorial_authority_46_median_rent,median_rent,territorial_authority,46,Lower Hutt City,2025-02-01,6,31.666666666666668,34.03429642777023,5.138626597317059
xgboost_pooled_recursive,territorial_authority_46_median_rent,median_rent,territorial_authority,46,Lower Hutt City,2025-02-01,6,34.587310791015625,35.58284300288667,5.612677718738146
ets_additive_damped,territorial_authority_46_median_rent,median_rent,territorial_authority,46,Lower Hutt City,2025-03-01,6,18.17809510470757,18.815645037970334,2.997278022407218
seasonal_naive,territorial_authority_46_median_rent,median_rent,territorial_authority,46,Lower Hutt City,2025-03-01,6,28.333333333333332,32.53203549323856,4.597824502420524
xgboost_pooled_recursive,territorial_authority_46_median_rent,median_rent,territorial_authority,46,Lower Hutt City,2025-03-01,6,25.858601888020832,27.340494598789565,4.232898551504272
ets_additive_damped,territorial_authority_46_median_rent,median_rent,territorial_authority,46,Lower Hutt City,2025-04-01,6,18.89041586823426,19.97237355672098,3.1473971076833127
seasonal_naive,territorial_authority_46_median_rent,median_rent,territorial_authority,46,Lower Hutt City,2025-04-01,6,32.5,36.45773809037893,5.3154202193413855
xgboost_pooled_recursive,territorial_authority_46_median_rent,median_rent,territorial_authority,46,Lower Hutt City,2025-04-01,6,29.83404541015625,30.887542725217443,4.918278370860981
ets_additive_damped,territorial_authority_46_median_rent,median_rent,territorial_authority,46,Lower Hutt City,2025-05-01,6,15.304220408286028,16.808193813177706,2.5743354420812024
seasonal_naive,territorial_authority_46_median_rent,median_rent,territorial_authority,46,Lower Hutt City,2025-05-01,6,35.833333333333336,39.10456068883356,5.8800832430208025
xgboost_pooled_recursive,territorial_authority_46_median_rent,median_rent,territorial_authority,46,Lower Hutt City,2025-05-01,6,27.499521891276043,28.834381224459346,4.571285605720654
ets_additive_damped,territorial_authority_46_median_rent,median_rent,territorial_authority,46,Lower Hutt City,2025-06-01,6,9.098404638847853,11.46851523123685,1.5425612656605687
seasonal_naive,territorial_authority_46_median_rent,median_rent,territorial_authority,46,Lower Hutt City,2025-06-01,6,30.0,33.04037933599835,4.953974436208855
xgboost_pooled_recursive,territorial_authority_46_median_rent,median_rent,territorial_authority,46,Lower Hutt City,2025-06-01,6,21.4923095703125,23.98736391022792,3.587301344729882
ets_additive_damped,territorial_authority_46_median_rent,median_rent,territorial_authority,46,Lower Hutt City,2025-07-01,6,9.061590559181772,11.011576046198579,1.5367779692349828
seasonal_naive,territorial_authority_46_median_rent,median_rent,territorial_authority,46,Lower Hutt City,2025-07-01,6,24.166666666666668,28.795254238618327,4.018175632951556
xgboost_pooled_recursive,territorial_authority_46_median_rent,median_rent,territorial_authority,46,Lower Hutt City,2025-07-01,6,16.789398193359375,18.92023627412546,2.816885464781255
ets_additive_damped,territorial_authority_46_median_rent,median_rent,territorial_authority,46,Lower Hutt City,2025-08-01,6,7.7557968535385085,9.255933673628261,1.3171591913318828
seasonal_naive,territorial_authority_46_median_rent,median_rent,territorial_authority,46,Lower Hutt City,2025-08-01,6,25.833333333333332,30.754403478743225,4.266998169164121
xgboost_pooled_recursive,territorial_authority_46_median_rent,median_rent,territorial_authority,46,Lower Hutt City,2025-08-01,6,9.291768391927084,12.165605384361486,1.572254911845566
ets_additive_damped,territorial_authority_46_median_rent,median_rent,territorial_authority,46,Lower Hutt City,2025-09-01,6,8.64515461202806,9.774698279110053,1.4676234453486716
seasonal_naive,territorial_authority_46_median_rent,median_rent,territorial_authority,46,Lower Hutt City,2025-09-01,6,25.833333333333332,30.754403478743225,4.266998169164122
xgboost_pooled_recursive,territorial_authority_46_median_rent,median_rent,territorial_authority,46,Lower Hutt City,2025-09-01,6,10.551544189453125,11.006637088558994,1.7773622883042448
ets_additive_damped,territorial_authority_46_median_rent,median_rent,territorial_authority,46,Lower Hutt City,2025-10-01,6,10.135159420773524,10.815249970273815,1.7179647486397591
seasonal_naive,territorial_authority_46_median_rent,median_rent,territorial_authority,46,Lower Hutt City,2025-10-01,6,21.666666666666668,25.98076211353316,3.567323599196664
xgboost_pooled_recursive,territorial_authority_46_median_rent,median_rent,territorial_authority,46,Lower Hutt City,2025-10-01,6,4.228810628255208,6.483150651878424,0.713585258390394
ets_additive_damped,territorial_authority_46_median_rent,median_rent,territorial_authority,46,Lower Hutt City,2025-11-01,6,14.499128364589543,15.046135673823471,2.463888525393318
seasonal_naive,territorial_authority_46_median_rent,median_rent,territorial_authority,46,Lower Hutt City,2025-11-01,6,15.833333333333334,20.310096011589902,2.5956825020325547
xgboost_pooled_recursive,territorial_authority_46_median_rent,median_rent,territorial_authority,46,Lower Hutt City,2025-11-01,6,6.693430582682292,7.857512112940953,1.1219801046829383
ets_additive_damped,territorial_authority_46_median_rent,median_rent,territorial_authority,46,Lower Hutt City,2025-12-01,6,9.948904592129887,11.709038339150217,1.7047201564618804
seasonal_naive,territorial_authority_46_median_rent,median_rent,territorial_authority,46,Lower Hutt City,2025-12-01,6,18.333333333333332,23.45207879911715,3.0593354247018705
xgboost_pooled_recursive,territorial_authority_46_median_rent,median_rent,territorial_authority,46,Lower Hutt City,2025-12-01,6,14.358734130859375,18.067469935523874,2.4325644758508154
ets_additive_damped,territorial_authority_46_median_rent,median_rent,territorial_authority,46,Lower Hutt City,2026-01-01,6,10.032155020405847,11.739650432643034,1.7219612363107952
seasonal_naive,territorial_authority_46_median_rent,median_rent,territorial_authority,46,Lower Hutt City,2026-01-01,6,21.666666666666668,25.495097567963924,3.629085268910898
xgboost_pooled_recursive,territorial_authority_46_median_rent,median_rent,territorial_authority,46,Lower Hutt City,2026-01-01,6,10.723398844401041,14.536827486891882,1.8364707009583698
ets_additive_damped,territorial_authority_47_median_rent,median_rent,territorial_authority,47,Wellington City,2025-02-01,6,31.12518391182215,35.704157640819275,5.2529981269094215
seasonal_naive,territorial_authority_47_median_rent,median_rent,territorial_authority,47,Wellington City,2025-02-01,6,30.833333333333332,35.64874939367906,5.193990306918501
xgboost_pooled_recursive,territorial_authority_47_median_rent,median_rent,territorial_authority,47,Wellington City,2025-02-01,6,61.75519816080729,65.96754537425053,10.108857745131782
ets_additive_damped,territorial_authority_47_median_rent,median_rent,territorial_authority,47,Wellington City,2025-03-01,6,42.67625706118056,46.27288293363157,7.230929217520283
seasonal_naive,territorial_authority_47_median_rent,median_rent,territorial_authority,47,Wellington City,2025-03-01,6,38.333333333333336,44.53463071962462,6.508020192376958
xgboost_pooled_recursive,territorial_authority_47_median_rent,median_rent,territorial_authority,47,Wellington City,2025-03-01,6,57.86188761393229,59.86056246206077,9.667369492140294
ets_additive_damped,territorial_authority_47_median_rent,median_rent,territorial_authority,47,Wellington City,2025-04-01,6,43.24567227667014,47.148870787038646,7.409137963479353
seasonal_naive,territorial_authority_47_median_rent,median_rent,territorial_authority,47,Wellington City,2025-04-01,6,41.666666666666664,47.43416490252569,7.137623423548257
xgboost_pooled_recursive,territorial_authority_47_median_rent,median_rent,territorial_authority,47,Wellington City,2025-04-01,6,50.305440266927086,52.28339006599369,8.566132965360236
ets_additive_damped,territorial_authority_47_median_rent,median_rent,territorial_authority,47,Wellington City,2025-05-01,6,43.288729633850345,46.707805252675136,7.351208867536692
seasonal_naive,territorial_authority_47_median_rent,median_rent,territorial_authority,47,Wellington City,2025-05-01,6,50.0,54.772255750516614,8.409922013343179
xgboost_pooled_recursive,territorial_authority_47_median_rent,median_rent,territorial_authority,47,Wellington City,2025-05-01,6,43.552266438802086,47.36358299800277,7.431814286356859
ets_additive_damped,territorial_authority_47_median_rent,median_rent,territorial_authority,47,Wellington City,2025-06-01,6,42.151030013104695,44.48709468968004,7.146351265092004
seasonal_naive,territorial_authority_47_median_rent,median_rent,territorial_authority,47,Wellington City,2025-06-01,6,53.333333333333336,56.568542494923804,8.92021907913505
xgboost_pooled_recursive,territorial_authority_47_median_rent,median_rent,territorial_authority,47,Wellington City,2025-06-01,6,29.80987548828125,33.588165264242,5.153941787541269
ets_additive_damped,territorial_authority_47_median_rent,median_rent,territorial_authority,47,Wellington City,2025-07-01,6,36.89755806416002,40.41891624138928,6.259094199204269
seasonal_naive,territorial_authority_47_median_rent,median_rent,territorial_authority,47,Wellington City,2025-07-01,6,50.0,55.97618541248889,8.350418509334478
xgboost_pooled_recursive,territorial_authority_47_median_rent,median_rent,territorial_authority,47,Wellington City,2025-07-01,6,25.659962972005207,29.150958028401096,4.409593240799081
ets_additive_damped,territorial_authority_47_median_rent,median_rent,territorial_authority,47,Wellington City,2025-08-01,6,26.69437177618903,28.791721907154812,4.472322726642943
seasonal_naive,territorial_authority_47_median_rent,median_rent,territorial_authority,47,Wellington City,2025-08-01,6,45.0,50.82650227325635,7.3897082462986345
xgboost_pooled_recursive,territorial_authority_47_median_rent,median_rent,territorial_authority,47,Wellington City,2025-08-01,6,13.051971435546875,15.760647133654954,2.211958997153817
ets_additive_damped,territorial_authority_47_median_rent,median_rent,territorial_authority,47,Wellington City,2025-09-01,6,15.482384239008752,19.71341615837389,2.5634385016143217
seasonal_naive,territorial_authority_47_median_rent,median_rent,territorial_authority,47,Wellington City,2025-09-01,6,40.833333333333336,45.87119648174295,6.64021953000494
xgboost_pooled_recursive,territorial_authority_47_median_rent,median_rent,territorial_authority,47,Wellington City,2025-09-01,6,17.553181966145832,22.94903996448,2.9217132131934545
ets_additive_damped,territorial_authority_47_median_rent,median_rent,territorial_authority,47,Wellington City,2025-10-01,6,17.506099314431196,21.547082184118775,2.906005637258956
seasonal_naive,territorial_authority_47_median_rent,median_rent,territorial_authority,47,Wellington City,2025-10-01,6,33.333333333333336,41.12987559751022,5.331591143776112
xgboost_pooled_recursive,territorial_authority_47_median_rent,median_rent,territorial_authority,47,Wellington City,2025-10-01,6,16.672393798828125,19.450008183735797,2.7454032424279915
ets_additive_damped,territorial_authority_47_median_rent,median_rent,territorial_authority,47,Wellington City,2025-11-01,6,27.050531516205297,31.12489758841848,4.595341995012674
seasonal_naive,territorial_authority_47_median_rent,median_rent,territorial_authority,47,Wellington City,2025-11-01,6,23.333333333333332,29.860788111948196,3.7792210874690486
xgboost_pooled_recursive,territorial_authority_47_median_rent,median_rent,territorial_authority,47,Wellington City,2025-11-01,6,14.882375081380209,17.801209466155544,2.445035765863789
ets_additive_damped,territorial_authority_47_median_rent,median_rent,territorial_authority,47,Wellington City,2025-12-01,6,23.67348290077814,27.789231121379586,4.042352012427563
seasonal_naive,territorial_authority_47_median_rent,median_rent,territorial_authority,47,Wellington City,2025-12-01,6,20.0,26.299556396765833,3.2887475919021747
xgboost_pooled_recursive,territorial_authority_47_median_rent,median_rent,territorial_authority,47,Wellington City,2025-12-01,6,19.313374837239582,22.756728411527433,3.219346384452404
ets_additive_damped,territorial_authority_47_median_rent,median_rent,territorial_authority,47,Wellington City,2026-01-01,6,10.273988541391645,14.154530749686364,1.7649671978127928
seasonal_naive,territorial_authority_47_median_rent,median_rent,territorial_authority,47,Wellington City,2026-01-01,6,22.5,27.003086243366084,3.729276226263408
xgboost_pooled_recursive,territorial_authority_47_median_rent,median_rent,territorial_authority,47,Wellington City,2026-01-01,6,16.099385579427082,18.810514333397983,2.761773054860472
ets_additive_damped,territorial_authority_48_median_rent,median_rent,territorial_authority,48,Masterton District,2025-02-01,6,28.754974387501438,33.65069477537196,5.380273688164819
seasonal_naive,territorial_authority_48_median_rent,median_rent,territorial_authority,48,Masterton District,2025-02-01,6,15.833333333333334,19.257033347152237,3.013357118204407
xgboost_pooled_recursive,territorial_authority_48_median_rent,median_rent,territorial_authority,48,Masterton District,2025-02-01,6,30.32080078125,33.38786925626541,5.6626883777533115
ets_additive_damped,territorial_authority_48_median_rent,median_rent,territorial_authority,48,Masterton District,2025-03-01,6,18.300823116281265,22.16631751386562,3.4482444892519997
seasonal_naive,territorial_authority_48_median_rent,median_rent,territorial_authority,48,Masterton District,2025-03-01,6,15.833333333333334,19.257033347152237,3.0012590024859302
xgboost_pooled_recursive,territorial_authority_48_median_rent,median_rent,territorial_authority,48,Masterton District,2025-03-01,6,19.82958984375,24.811994803604087,3.7272945294518722
ets_additive_damped,territorial_authority_48_median_rent,median_rent,territorial_authority,48,Masterton District,2025-04-01,6,19.800986115540354,24.371864347993597,3.721844062760388
seasonal_naive,territorial_authority_48_median_rent,median_rent,territorial_authority,48,Masterton District,2025-04-01,6,16.666666666666668,19.364916731037084,3.153466004008
xgboost_pooled_recursive,territorial_authority_48_median_rent,median_rent,territorial_authority,48,Masterton District,2025-04-01,6,20.1298828125,25.14219250382431,3.7820147776030177
ets_additive_damped,territorial_authority_48_median_rent,median_rent,territorial_authority,48,Masterton District,2025-05-01,6,21.438621965162117,25.627477308092853,4.052671384329157
seasonal_naive,territorial_authority_48_median_rent,median_rent,territorial_authority,48,Masterton District,2025-05-01,6,17.5,20.1038968030247,3.31602274551211
xgboost_pooled_recursive,territorial_authority_48_median_rent,median_rent,territorial_authority,48,Masterton District,2025-05-01,6,20.1448974609375,24.513728876153742,3.813806277929261
ets_additive_damped,territorial_authority_48_median_rent,median_rent,territorial_authority,48,Masterton District,2025-06-01,6,12.832718493303824,14.77820085147897,2.4187315601240615
seasonal_naive,territorial_authority_48_median_rent,median_rent,territorial_authority,48,Masterton District,2025-06-01,6,15.0,17.07825127659933,2.8146325271794606
xgboost_pooled_recursive,territorial_authority_48_median_rent,median_rent,territorial_authority,48,Masterton District,2025-06-01,6,11.186543782552084,14.810298755782032,2.1089772325603957
ets_additive_damped,territorial_authority_48_median_rent,median_rent,territorial_authority,48,Masterton District,2025-07-01,6,17.665534235994,19.400228176568326,3.3584913999680643
seasonal_naive,territorial_authority_48_median_rent,median_rent,territorial_authority,48,Masterton District,2025-07-01,6,18.333333333333332,23.629078131263043,3.4673546752287114
xgboost_pooled_recursive,territorial_authority_48_median_rent,median_rent,territorial_authority,48,Masterton District,2025-07-01,6,18.261149088541668,23.602982294572634,3.456218604585473
ets_additive_damped,territorial_authority_48_median_rent,median_rent,territorial_authority,48,Masterton District,2025-08-01,6,17.764946619298087,20.443154201416082,3.3651372383642806
seasonal_naive,territorial_authority_48_median_rent,median_rent,territorial_authority,48,Masterton District,2025-08-01,6,16.666666666666668,23.27373340628157,3.161544277675194
xgboost_pooled_recursive,territorial_authority_48_median_rent,median_rent,territorial_authority,48,Masterton District,2025-08-01,6,16.886728922526043,24.25423059103535,3.191098215490569
ets_additive_damped,territorial_authority_48_median_rent,median_rent,territorial_authority,48,Masterton District,2025-09-01,6,19.529075865833914,20.961398061065356,3.7008527760092744
seasonal_naive,territorial_authority_48_median_rent,median_rent,territorial_authority,48,Masterton District,2025-09-01,6,16.666666666666668,23.27373340628157,3.173642393393671
xgboost_pooled_recursive,territorial_authority_48_median_rent,median_rent,territorial_authority,48,Masterton District,2025-09-01,6,20.860880533854168,25.190002787315464,3.940550204427462
ets_additive_damped,territorial_authority_48_median_rent,median_rent,territorial_authority,48,Masterton District,2025-10-01,6,19.831423735161838,23.315612222362777,3.7617394944290816
seasonal_naive,territorial_authority_48_median_rent,median_rent,territorial_authority,48,Masterton District,2025-10-01,6,20.0,25.331140255951105,3.7966291903212137
xgboost_pooled_recursive,territorial_authority_48_median_rent,median_rent,territorial_authority,48,Masterton District,2025-10-01,6,20.007273356119793,26.781257894229487,3.7878059361545042
ets_additive_damped,territorial_authority_48_median_rent,median_rent,territorial_authority,48,Masterton District,2025-11-01,6,15.118332278751174,17.50756211444307,2.8719133506506553
seasonal_naive,territorial_authority_48_median_rent,median_rent,territorial_authority,48,Masterton District,2025-11-01,6,18.333333333333332,24.324199198877373,3.4730638667558904
xgboost_pooled_recursive,territorial_authority_48_median_rent,median_rent,territorial_authority,48,Masterton District,2025-11-01,6,20.410685221354168,27.114764759869065,3.8473839221292048
ets_additive_damped,territorial_authority_48_median_rent,median_rent,territorial_authority,48,Masterton District,2025-12-01,6,18.43931624044988,20.27133988799166,3.505005525748881
seasonal_naive,territorial_authority_48_median_rent,median_rent,territorial_authority,48,Masterton District,2025-12-01,6,18.333333333333332,24.324199198877373,3.4961911361191964
xgboost_pooled_recursive,territorial_authority_48_median_rent,median_rent,territorial_authority,48,Masterton District,2025-12-01,6,24.158681233723957,29.2868190605455,4.5532162624957575
ets_additive_damped,territorial_authority_48_median_rent,median_rent,territorial_authority,48,Masterton District,2026-01-01,6,7.467770711881731,11.16942424381822,1.4071787093339665
seasonal_naive,territorial_authority_48_median_rent,median_rent,territorial_authority,48,Masterton District,2026-01-01,6,11.666666666666666,13.844373104863458,2.2263498662779266
xgboost_pooled_recursive,territorial_authority_48_median_rent,median_rent,territorial_authority,48,Masterton District,2026-01-01,6,7.956309000651042,11.177901474860542,1.4994532994542684
ets_additive_damped,territorial_authority_51_median_rent,median_rent,territorial_authority,51,Tasman District,2025-02-01,6,7.30942478890114,11.10452065668314,1.267255921775298
seasonal_naive,territorial_authority_51_median_rent,median_rent,territorial_authority,51,Tasman District,2025-02-01,6,21.666666666666668,27.012342857787562,3.8265876970246993
xgboost_pooled_recursive,territorial_authority_51_median_rent,median_rent,territorial_authority,51,Tasman District,2025-02-01,6,7.647816975911458,9.578629095238146,1.3255259584121781
ets_additive_damped,territorial_authority_51_median_rent,median_rent,territorial_authority,51,Tasman District,2025-03-01,6,7.060275550239301,10.835909216466884,1.2232799105873728
seasonal_naive,territorial_authority_51_median_rent,median_rent,territorial_authority,51,Tasman District,2025-03-01,6,22.5,27.456025446763654,3.979893305513136
xgboost_pooled_recursive,territorial_authority_51_median_rent,median_rent,territorial_authority,51,Tasman District,2025-03-01,6,6.876607259114583,10.075759792078266,1.19379965640186
ets_additive_damped,territorial_authority_51_median_rent,median_rent,territorial_authority,51,Tasman District,2025-04-01,6,8.735224686268813,11.89238266707759,1.5103370718654858
seasonal_naive,territorial_authority_51_median_rent,median_rent,territorial_authority,51,Tasman District,2025-04-01,6,24.5,30.295764280396252,4.368577520513575
xgboost_pooled_recursive,territorial_authority_51_median_rent,median_rent,territorial_authority,51,Tasman District,2025-04-01,6,7.84991455078125,11.540021555457063,1.3649924321715876
ets_additive_damped,territorial_authority_51_median_rent,median_rent,territorial_authority,51,Tasman District,2025-05-01,6,4.400722343815403,5.44747623761099,0.7581689499718418
seasonal_naive,territorial_authority_51_median_rent,median_rent,territorial_authority,51,Tasman District,2025-05-01,6,25.666666666666668,30.54504869860253,4.566886647339297
xgboost_pooled_recursive,territorial_authority_51_median_rent,median_rent,territorial_authority,51,Tasman District,2025-05-01,6,6.560943603515625,7.21742980028726,1.139310072279294
ets_additive_damped,territorial_authority_51_median_rent,median_rent,territorial_authority,51,Tasman District,2025-06-01,6,5.099709860593198,6.2602928780253855,0.8735690909211016
seasonal_naive,territorial_authority_51_median_rent,median_rent,territorial_authority,51,Tasman District,2025-06-01,6,25.666666666666668,30.54504869860253,4.5571436196934565
xgboost_pooled_recursive,territorial_authority_51_median_rent,median_rent,territorial_authority,51,Tasman District,2025-06-01,6,11.286539713541666,11.755831813267644,1.961665479444102
ets_additive_damped,territorial_authority_51_median_rent,median_rent,territorial_authority,51,Tasman District,2025-07-01,6,5.0370072294588795,6.370292137819443,0.8623557246707363
seasonal_naive,territorial_authority_51_median_rent,median_rent,territorial_authority,51,Tasman District,2025-07-01,6,19.833333333333332,23.53366383148475,3.481174033085572
xgboost_pooled_recursive,territorial_authority_51_median_rent,median_rent,territorial_authority,51,Tasman District,2025-07-01,6,8.207956949869791,8.99672313719279,1.4193552577905284
ets_additive_damped,territorial_authority_51_median_rent,median_rent,territorial_authority,51,Tasman District,2025-08-01,6,5.1753881974458595,6.629502373717417,0.8847346007759443
seasonal_naive,territorial_authority_51_median_rent,median_rent,territorial_authority,51,Tasman District,2025-08-01,6,18.666666666666668,22.700954458641895,3.2658018430196147
xgboost_pooled_recursive,territorial_authority_51_median_rent,median_rent,territorial_authority,51,Tasman District,2025-08-01,6,7.332183837890625,8.36541470252309,1.2611996278272886
ets_additive_damped,territorial_authority_51_median_rent,median_rent,territorial_authority,51,Tasman District,2025-09-01,6,6.219415099587138,7.6742061240205475,1.0517071767644417
seasonal_naive,territorial_authority_51_median_rent,median_rent,territorial_authority,51,Tasman District,2025-09-01,6,21.166666666666668,25.25536246687688,3.6678980456407517
xgboost_pooled_recursive,territorial_authority_51_median_rent,median_rent,territorial_authority,51,Tasman District,2025-09-01,6,9.343210856119791,11.395862981438716,1.5867825541073965
ets_additive_damped,territorial_authority_51_median_rent,median_rent,territorial_authority,51,Tasman District,2025-10-01,6,11.038751527534393,15.023577498587292,1.8758348285842121
seasonal_naive,territorial_authority_51_median_rent,median_rent,territorial_authority,51,Tasman District,2025-10-01,6,17.0,18.717193521821944,2.893566740465767
xgboost_pooled_recursive,territorial_authority_51_median_rent,median_rent,territorial_authority,51,Tasman District,2025-10-01,6,10.764414469401041,14.24459908688382,1.830346199406328
ets_additive_damped,territorial_authority_51_median_rent,median_rent,territorial_authority,51,Tasman District,2025-11-01,6,10.25775609709594,13.88179454236706,1.7393107936897907
seasonal_naive,territorial_authority_51_median_rent,median_rent,territorial_authority,51,Tasman District,2025-11-01,6,20.333333333333332,21.992422937608914,3.47577563601799
xgboost_pooled_recursive,territorial_authority_51_median_rent,median_rent,territorial_authority,51,Tasman District,2025-11-01,6,10.038798014322916,13.533311471318655,1.7056658258570587
ets_additive_damped,territorial_authority_51_median_rent,median_rent,territorial_authority,51,Tasman District,2025-12-01,6,14.659197461029407,18.07712149446475,2.5078898546341484
seasonal_naive,territorial_authority_51_median_rent,median_rent,territorial_authority,51,Tasman District,2025-12-01,6,22.0,23.101226518664905,3.78045891283749
xgboost_pooled_recursive,territorial_authority_51_median_rent,median_rent,territorial_authority,51,Tasman District,2025-12-01,6,13.941660563151041,17.48554164998333,2.387073067263415
ets_additive_damped,territorial_authority_51_median_rent,median_rent,territorial_authority,51,Tasman District,2026-01-01,6,15.552870937678486,18.8262513247086,2.657013903229689
seasonal_naive,territorial_authority_51_median_rent,median_rent,territorial_authority,51,Tasman District,2026-01-01,6,22.833333333333332,23.724108694181396,3.9198987493563022
xgboost_pooled_recursive,territorial_authority_51_median_rent,median_rent,territorial_authority,51,Tasman District,2026-01-01,6,16.887969970703125,18.483400035892416,2.886394971540658
ets_additive_damped,territorial_authority_52_median_rent,median_rent,territorial_authority,52,Nelson City,2025-02-01,6,22.76096833972959,28.831807624658857,4.132191550926015
seasonal_naive,territorial_authority_52_median_rent,median_rent,territorial_authority,52,Nelson City,2025-02-01,6,20.666666666666668,26.166135875720485,3.826178686489714
xgboost_pooled_recursive,territorial_authority_52_median_rent,median_rent,territorial_authority,52,Nelson City,2025-02-01,6,17.753448486328125,23.54905589989032,3.2496429676613827
ets_additive_damped,territorial_authority_52_median_rent,median_rent,territorial_authority,52,Nelson City,2025-03-01,6,26.427899471657195,32.76008064093983,4.831577940173214
seasonal_naive,territorial_authority_52_median_rent,median_rent,territorial_authority,52,Nelson City,2025-03-01,6,22.333333333333332,26.482698754721607,4.143639003950032
xgboost_pooled_recursive,territorial_authority_52_median_rent,median_rent,territorial_authority,52,Nelson City,2025-03-01,6,20.028025309244793,24.827928769768288,3.697212940832769
ets_additive_damped,territorial_authority_52_median_rent,median_rent,territorial_authority,52,Nelson City,2025-04-01,6,24.888478393697522,30.517900297904553,4.572555251648188
seasonal_naive,territorial_authority_52_median_rent,median_rent,territorial_authority,52,Nelson City,2025-04-01,6,23.166666666666668,26.56124997058685,4.2986777636399545
xgboost_pooled_recursive,territorial_authority_52_median_rent,median_rent,territorial_authority,52,Nelson City,2025-04-01,6,19.534027099609375,21.54824983573206,3.6131958183358357
ets_additive_damped,territorial_authority_52_median_rent,median_rent,territorial_authority,52,Nelson City,2025-05-01,6,35.93604359124638,41.00205385809838,6.644308386492457
seasonal_naive,territorial_authority_52_median_rent,median_rent,territorial_authority,52,Nelson City,2025-05-01,6,27.333333333333332,31.906112267087632,5.124944343331191
xgboost_pooled_recursive,territorial_authority_52_median_rent,median_rent,territorial_authority,52,Nelson City,2025-05-01,6,28.358907063802082,32.11392140323697,5.29064333685948
ets_additive_damped,territorial_authority_52_median_rent,median_rent,territorial_authority,52,Nelson City,2025-06-01,6,41.982559442112326,43.950247826187734,7.727473590527099
seasonal_naive,territorial_authority_52_median_rent,median_rent,territorial_authority,52,Nelson City,2025-06-01,6,24.833333333333332,28.818396901979124,4.6382411739268194
xgboost_pooled_recursive,territorial_authority_52_median_rent,median_rent,territorial_authority,52,Nelson City,2025-06-01,6,28.312296549479168,31.377676054023723,5.2876527232685255
ets_additive_damped,territorial_authority_52_median_rent,median_rent,territorial_authority,52,Nelson City,2025-07-01,6,27.88361795268982,32.94454604141487,5.180320520359174
seasonal_naive,territorial_authority_52_median_rent,median_rent,territorial_authority,52,Nelson City,2025-07-01,6,22.0,26.938200880286466,4.089326442103542
xgboost_pooled_recursive,territorial_authority_52_median_rent,median_rent,territorial_authority,52,Nelson City,2025-07-01,6,12.823496500651041,17.194351981395975,2.4338345965725887
ets_additive_damped,territorial_authority_52_median_rent,median_rent,territorial_authority,52,Nelson City,2025-08-01,6,21.964932959322653,26.366395017681388,4.089181823042887
seasonal_naive,territorial_authority_52_median_rent,median_rent,territorial_authority,52,Nelson City,2025-08-01,6,19.166666666666668,24.916527312876756,3.556367035370014
xgboost_pooled_recursive,territorial_authority_52_median_rent,median_rent,territorial_authority,52,Nelson City,2025-08-01,6,15.083485921223959,19.819052524377604,2.8357205723473373
ets_additive_damped,territorial_authority_52_median_rent,median_rent,territorial_authority,52,Nelson City,2025-09-01,6,13.205062575689547,19.229660066188586,2.4672649000006026
seasonal_naive,territorial_authority_52_median_rent,median_rent,territorial_authority,52,Nelson City,2025-09-01,6,17.5,24.579802006254376,3.238906717909696
xgboost_pooled_recursive,territorial_authority_52_median_rent,median_rent,territorial_authority,52,Nelson City,2025-09-01,6,12.278330485026041,17.464466600921913,2.308200085757457
ets_additive_damped,territorial_authority_52_median_rent,median_rent,territorial_authority,52,Nelson City,2025-10-01,6,16.72287564811967,21.224917251254354,3.0839640687054017
seasonal_naive,territorial_authority_52_median_rent,median_rent,territorial_authority,52,Nelson City,2025-10-01,6,21.666666666666668,27.386127875258307,3.968823710432163
xgboost_pooled_recursive,territorial_authority_52_median_rent,median_rent,territorial_authority,52,Nelson City,2025-10-01,6,16.225565592447918,20.303961369152216,2.9957821448876887
ets_additive_damped,territorial_authority_52_median_rent,median_rent,territorial_authority,52,Nelson City,2025-11-01,6,26.536387429249128,30.370160490274838,4.849962045871906
seasonal_naive,territorial_authority_52_median_rent,median_rent,territorial_authority,52,Nelson City,2025-11-01,6,13.333333333333334,18.257418583505537,2.381522123130575
xgboost_pooled_recursive,territorial_authority_52_median_rent,median_rent,territorial_authority,52,Nelson City,2025-11-01,6,11.940663655598959,15.435201254654984,2.1395486533142827
ets_additive_damped,territorial_authority_52_median_rent,median_rent,territorial_authority,52,Nelson City,2025-12-01,6,30.29680740266978,32.834118030319026,5.528529884378431
seasonal_naive,territorial_authority_52_median_rent,median_rent,territorial_authority,52,Nelson City,2025-12-01,6,8.666666666666666,13.564659966250536,1.53972287707601
xgboost_pooled_recursive,territorial_authority_52_median_rent,median_rent,territorial_authority,52,Nelson City,2025-12-01,6,10.002471923828125,12.253701041073768,1.78576427465013
ets_additive_damped,territorial_authority_52_median_rent,median_rent,territorial_authority,52,Nelson City,2026-01-01,6,21.422978765898353,24.579824313785128,3.896892348125892
seasonal_naive,territorial_authority_52_median_rent,median_rent,territorial_authority,52,Nelson City,2026-01-01,6,11.5,16.99509733227007,2.0886376088992877
xgboost_pooled_recursive,territorial_authority_52_median_rent,median_rent,territorial_authority,52,Nelson City,2026-01-01,6,11.518147786458334,14.510550846955727,2.065395124145339
ets_additive_damped,territorial_authority_53_median_rent,median_rent,territorial_authority,53,Marlborough District,2025-02-01,6,20.77766994827554,23.067875792860065,3.687332275769062
seasonal_naive,territorial_authority_53_median_rent,median_rent,territorial_authority,53,Marlborough District,2025-02-01,6,18.333333333333332,22.9128784747792,3.317435213403816
xgboost_pooled_recursive,territorial_authority_53_median_rent,median_rent,territorial_authority,53,Marlborough District,2025-02-01,6,16.23046875,18.966542638905903,2.889008932043184
ets_additive_damped,territorial_authority_53_median_rent,median_rent,territorial_authority,53,Marlborough District,2025-03-01,6,22.669052807989488,25.04308821403397,4.021150907178668
seasonal_naive,territorial_authority_53_median_rent,median_rent,territorial_authority,53,Marlborough District,2025-03-01,6,26.666666666666668,37.969285832981726,4.996582025293991
xgboost_pooled_recursive,territorial_authority_53_median_rent,median_rent,territorial_authority,53,Marlborough District,2025-03-01,6,14.883107503255209,16.609507807906873,2.659210795804351
ets_additive_damped,territorial_authority_53_median_rent,median_rent,territorial_authority,53,Marlborough District,2025-04-01,6,22.533690931534085,24.911113256310564,3.9955961769341948
seasonal_naive,territorial_authority_53_median_rent,median_rent,territorial_authority,53,Marlborough District,2025-04-01,6,25.833333333333332,37.13713325859532,4.837282941263724
xgboost_pooled_recursive,territorial_authority_53_median_rent,median_rent,territorial_authority,53,Marlborough District,2025-04-01,6,16.290903727213543,19.179201204893587,2.905291070103476
ets_additive_damped,territorial_authority_53_median_rent,median_rent,territorial_authority,53,Marlborough District,2025-05-01,6,25.937785326467367,28.113148352039143,4.586546189892053
seasonal_naive,territorial_authority_53_median_rent,median_rent,territorial_authority,53,Marlborough District,2025-05-01,6,26.666666666666668,37.30504880933232,4.990424220369983
xgboost_pooled_recursive,territorial_authority_53_median_rent,median_rent,territorial_authority,53,Marlborough District,2025-05-01,6,13.954203287760416,18.797693836753314,2.503339631388184
ets_additive_damped,territorial_authority_53_median_rent,median_rent,territorial_authority,53,Marlborough District,2025-06-01,6,20.695075710691565,23.622885160868005,3.6662965667136103
seasonal_naive,territorial_authority_53_median_rent,median_rent,territorial_authority,53,Marlborough District,2025-06-01,6,28.333333333333332,37.52776749732568,5.290724520670282
xgboost_pooled_recursive,territorial_authority_53_median_rent,median_rent,territorial_authority,53,Marlborough District,2025-06-01,6,12.974375406901041,15.248766773619613,2.3377201949516726
ets_additive_damped,territorial_authority_53_median_rent,median_rent,territorial_authority,53,Marlborough District,2025-07-01,6,13.925258080903651,16.193637060019565,2.456596606945794
seasonal_naive,territorial_authority_53_median_rent,median_rent,territorial_authority,53,Marlborough District,2025-07-01,6,29.166666666666668,37.914377220257755,5.41469034922015
xgboost_pooled_recursive,territorial_authority_53_median_rent,median_rent,territorial_authority,53,Marlborough District,2025-07-01,6,16.333241780598957,19.32053717751432,2.9628889058565977
ets_additive_damped,territorial_authority_53_median_rent,median_rent,territorial_authority,53,Marlborough District,2025-08-01,6,7.340852898155276,8.88162997993568,1.297491368228709
seasonal_naive,territorial_authority_53_median_rent,median_rent,territorial_authority,53,Marlborough District,2025-08-01,6,28.833333333333332,37.74696455787317,5.346693027268524
xgboost_pooled_recursive,territorial_authority_53_median_rent,median_rent,territorial_authority,53,Marlborough District,2025-08-01,6,13.96331787109375,16.975623387714553,2.527878880380406
ets_additive_damped,territorial_authority_53_median_rent,median_rent,territorial_authority,53,Marlborough District,2025-09-01,6,11.425068569943297,13.495542405890328,2.0236326940589704
seasonal_naive,territorial_authority_53_median_rent,median_rent,territorial_authority,53,Marlborough District,2025-09-01,6,20.5,22.542552354750487,3.6675462153783487
xgboost_pooled_recursive,territorial_authority_53_median_rent,median_rent,territorial_authority,53,Marlborough District,2025-09-01,6,12.37677001953125,13.974445470101537,2.2197618690428107
ets_additive_damped,territorial_authority_53_median_rent,median_rent,territorial_authority,53,Marlborough District,2025-10-01,6,13.38155980260988,15.149534350947642,2.3759339809105717
seasonal_naive,territorial_authority_53_median_rent,median_rent,territorial_authority,53,Marlborough District,2025-10-01,6,16.333333333333332,17.90716802475106,2.892577698474348
xgboost_pooled_recursive,territorial_authority_53_median_rent,median_rent,territorial_authority,53,Marlborough District,2025-10-01,6,14.999155680338541,16.096193835146774,2.6607331976570325
ets_additive_damped,territorial_authority_53_median_rent,median_rent,territorial_authority,53,Marlborough District,2025-11-01,6,14.03676757675214,15.903085512730785,2.4887877139820076
seasonal_naive,territorial_authority_53_median_rent,median_rent,territorial_authority,53,Marlborough District,2025-11-01,6,16.333333333333332,17.90716802475106,2.882492732637169
xgboost_pooled_recursive,territorial_authority_53_median_rent,median_rent,territorial_authority,53,Marlborough District,2025-11-01,6,13.668039957682291,16.210116123643466,2.4198104198807284
ets_additive_damped,territorial_authority_53_median_rent,median_rent,territorial_authority,53,Marlborough District,2025-12-01,6,15.424448524160008,16.911814606424574,2.7398751725127357
seasonal_naive,territorial_authority_53_median_rent,median_rent,territorial_authority,53,Marlborough District,2025-12-01,6,14.666666666666666,17.435595774162696,2.582192432336869
xgboost_pooled_recursive,territorial_authority_53_median_rent,median_rent,territorial_authority,53,Marlborough District,2025-12-01,6,14.918589274088541,16.1094951305842,2.6498756448234673
ets_additive_damped,territorial_authority_53_median_rent,median_rent,territorial_authority,53,Marlborough District,2026-01-01,6,14.703872999356841,15.602872263686987,2.6049397431060854
seasonal_naive,territorial_authority_53_median_rent,median_rent,territorial_authority,53,Marlborough District,2026-01-01,6,19.666666666666668,25.573423705088842,3.4854923487946805
xgboost_pooled_recursive,territorial_authority_53_median_rent,median_rent,territorial_authority,53,Marlborough District,2026-01-01,6,13.127421061197916,15.975863082292555,2.326010977934821
ets_additive_damped,territorial_authority_55_median_rent,median_rent,territorial_authority,55,Buller District,2025-02-01,6,22.010070638276705,24.827953459055955,5.023041450971549
seasonal_naive,territorial_authority_55_median_rent,median_rent,territorial_authority,55,Buller District,2025-02-01,6,20.0,22.54624876411447,4.556129628398883
xgboost_pooled_recursive,territorial_authority_55_median_rent,median_rent,territorial_authority,55,Buller District,2025-02-01,6,26.040064493815105,28.427054844636775,5.921667570139954
ets_additive_damped,territorial_authority_55_median_rent,median_rent,territorial_authority,55,Buller District,2025-03-01,6,23.635752188729686,25.178487908494784,5.398403445640312
seasonal_naive,territorial_authority_55_median_rent,median_rent,territorial_authority,55,Buller District,2025-03-01,6,20.833333333333332,23.363076281460312,4.750934823204078
xgboost_pooled_recursive,territorial_authority_55_median_rent,median_rent,territorial_authority,55,Buller District,2025-03-01,6,24.01342773437499,25.974023219862197,5.482228597664369
ets_additive_damped,territorial_authority_55_median_rent,median_rent,territorial_authority,55,Buller District,2025-04-01,6,20.42204272368379,22.978308402965176,4.663867480695669
seasonal_naive,territorial_authority_55_median_rent,median_rent,territorial_authority,55,Buller District,2025-04-01,6,16.666666666666668,20.0,3.7987481946248765
xgboost_pooled_recursive,territorial_authority_55_median_rent,median_rent,territorial_authority,55,Buller District,2025-04-01,6,19.358779907226562,21.762410846435433,4.420550869755349
ets_additive_damped,territorial_authority_55_median_rent,median_rent,territorial_authority,55,Buller District,2025-05-01,6,15.110434832061335,22.988834787085455,3.419681132240029
seasonal_naive,territorial_authority_55_median_rent,median_rent,territorial_authority,55,Buller District,2025-05-01,6,15.833333333333334,19.47220240924654,3.6015522251181062
xgboost_pooled_recursive,territorial_authority_55_median_rent,median_rent,territorial_authority,55,Buller District,2025-05-01,6,13.968358357747405,22.65250249159193,3.151858082157933
ets_additive_damped,territorial_authority_55_median_rent,median_rent,territorial_authority,55,Buller District,2025-06-01,6,24.124139022680094,27.164063931563142,5.5971701729793235
seasonal_naive,territorial_authority_55_median_rent,median_rent,territorial_authority,55,Buller District,2025-06-01,6,21.666666666666668,29.58039891549808,5.026232719566043
xgboost_pooled_recursive,territorial_authority_55_median_rent,median_rent,territorial_authority,55,Buller District,2025-06-01,6,22.588724772135425,26.467732487437505,5.250083859838957
ets_additive_damped,territorial_authority_55_median_rent,median_rent,territorial_authority,55,Buller District,2025-07-01,6,25.303506553025795,29.467269714328197,5.859655155552208
seasonal_naive,territorial_authority_55_median_rent,median_rent,territorial_authority,55,Buller District,2025-07-01,6,26.666666666666668,32.01562118716424,6.175658006922365
xgboost_pooled_recursive,territorial_authority_55_median_rent,median_rent,territorial_authority,55,Buller District,2025-07-01,6,27.55059814453125,31.656071326006966,6.351711149120372
ets_additive_damped,territorial_authority_55_median_rent,median_rent,territorial_authority,55,Buller District,2025-08-01,6,25.92768444758688,31.955264203134536,5.851203717214175
seasonal_naive,territorial_authority_55_median_rent,median_rent,territorial_authority,55,Buller District,2025-08-01,6,33.333333333333336,41.12987559751022,7.535193293042745
xgboost_pooled_recursive,territorial_authority_55_median_rent,median_rent,territorial_authority,55,Buller District,2025-08-01,6,23.627695719401043,31.171343422930764,5.332157008404293
ets_additive_damped,territorial_authority_55_median_rent,median_rent,territorial_authority,55,Buller District,2025-09-01,6,23.66228823181343,32.121386276177944,5.327064692439451
seasonal_naive,territorial_authority_55_median_rent,median_rent,territorial_authority,55,Buller District,2025-09-01,6,29.166666666666668,39.84344362627307,6.5828123406617935
xgboost_pooled_recursive,territorial_authority_55_median_rent,median_rent,territorial_authority,55,Buller District,2025-09-01,6,24.274953206380207,32.20272237553047,5.471695441433655
ets_additive_damped,territorial_authority_55_median_rent,median_rent,territorial_authority,55,Buller District,2025-10-01,6,29.729397925200363,37.21104930953377,6.633005182149303
seasonal_naive,territorial_authority_55_median_rent,median_rent,territorial_authority,55,Buller District,2025-10-01,6,38.333333333333336,46.726152562920625,8.607795904106895
xgboost_pooled_recursive,territorial_authority_55_median_rent,median_rent,territorial_authority,55,Buller District,2025-10-01,6,28.226145426432293,35.68415292893935,6.2906077428118286
ets_additive_damped,territorial_authority_55_median_rent,median_rent,territorial_authority,55,Buller District,2025-11-01,6,31.887620403305572,39.189605613012496,7.1123998809882325
seasonal_naive,territorial_authority_55_median_rent,median_rent,territorial_authority,55,Buller District,2025-11-01,6,43.333333333333336,49.32882862316247,9.756577075303309
xgboost_pooled_recursive,territorial_authority_55_median_rent,median_rent,territorial_authority,55,Buller District,2025-11-01,6,27.976175944010407,34.494473122889275,6.215336421976794
ets_additive_damped,territorial_authority_55_median_rent,median_rent,territorial_authority,55,Buller District,2025-12-01,6,39.18266150920618,46.06733821932991,8.826965375032238
seasonal_naive,territorial_authority_55_median_rent,median_rent,territorial_authority,55,Buller District,2025-12-01,6,45.833333333333336,52.638705657845854,10.288138537097328
xgboost_pooled_recursive,territorial_authority_55_median_rent,median_rent,territorial_authority,55,Buller District,2025-12-01,6,34.2781982421875,41.117574812343726,7.669346294716877
ets_additive_damped,territorial_authority_55_median_rent,median_rent,territorial_authority,55,Buller District,2026-01-01,6,33.7990519325944,40.54745744416244,7.6158251021818595
seasonal_naive,territorial_authority_55_median_rent,median_rent,territorial_authority,55,Buller District,2026-01-01,6,49.166666666666664,55.113519212621505,11.099497563466498
xgboost_pooled_recursive,territorial_authority_55_median_rent,median_rent,territorial_authority,55,Buller District,2026-01-01,6,34.84248352050781,40.75929777673074,7.858075270704627
ets_additive_damped,territorial_authority_59_median_rent,median_rent,territorial_authority,59,Waimakariri District,2025-02-01,6,5.169232737836448,6.588545858113786,0.8705808080676999
seasonal_naive,territorial_authority_59_median_rent,median_rent,territorial_authority,59,Waimakariri District,2025-02-01,6,30.0,32.57811126098831,5.171122511913571
xgboost_pooled_recursive,territorial_authority_59_median_rent,median_rent,territorial_authority,59,Waimakariri District,2025-02-01,6,7.087961832682292,9.209381361508974,1.1910538027100044
ets_additive_damped,territorial_authority_59_median_rent,median_rent,territorial_authority,59,Waimakariri District,2025-03-01,6,6.424761503104112,7.983109854280566,1.080359589882104
seasonal_naive,territorial_authority_59_median_rent,median_rent,territorial_authority,59,Waimakariri District,2025-03-01,6,25.5,27.070894579480253,4.381061824286618
xgboost_pooled_recursive,territorial_authority_59_median_rent,median_rent,territorial_authority,59,Waimakariri District,2025-03-01,6,9.822998046875,11.493805786123705,1.6514870540372466
ets_additive_damped,territorial_authority_59_median_rent,median_rent,territorial_authority,59,Waimakariri District,2025-04-01,6,7.091306994919667,8.599656104582234,1.1926834522517498
seasonal_naive,territorial_authority_59_median_rent,median_rent,territorial_authority,59,Waimakariri District,2025-04-01,6,29.166666666666668,32.48845948948642,5.05665849641408
xgboost_pooled_recursive,territorial_authority_59_median_rent,median_rent,territorial_authority,59,Waimakariri District,2025-04-01,6,7.686075846354167,9.767467987994676,1.293048790739567
ets_additive_damped,territorial_authority_59_median_rent,median_rent,territorial_authority,59,Waimakariri District,2025-05-01,6,10.467286885814511,16.90259751886353,1.7882513506749564
seasonal_naive,territorial_authority_59_median_rent,median_rent,territorial_authority,59,Waimakariri District,2025-05-01,6,30.833333333333332,33.49875619581519,5.362519605989744
xgboost_pooled_recursive,territorial_authority_59_median_rent,median_rent,territorial_authority,59,Waimakariri District,2025-05-01,6,12.712351481119791,13.952584687450509,2.1784676000393284
ets_additive_damped,territorial_authority_59_median_rent,median_rent,territorial_authority,59,Waimakariri District,2025-06-01,6,10.160745450388788,16.21076368032387,1.735857928009994
seasonal_naive,territorial_authority_59_median_rent,median_rent,territorial_authority,59,Waimakariri District,2025-06-01,6,28.333333333333332,32.93427798915086,4.933335056633521
xgboost_pooled_recursive,territorial_authority_59_median_rent,median_rent,territorial_authority,59,Waimakariri District,2025-06-01,6,16.751424153645832,17.23572449899643,2.868539082592175
ets_additive_damped,territorial_authority_59_median_rent,median_rent,territorial_authority,59,Waimakariri District,2025-07-01,6,12.56710635073955,17.797632945741974,2.1352966081482014
seasonal_naive,territorial_authority_59_median_rent,median_rent,territorial_authority,59,Waimakariri District,2025-07-01,6,24.666666666666668,31.10198278781167,4.305541643470548
xgboost_pooled_recursive,territorial_authority_59_median_rent,median_rent,territorial_authority,59,Waimakariri District,2025-07-01,6,15.214691162109375,16.759840013895147,2.613400242024122
ets_additive_damped,territorial_authority_59_median_rent,median_rent,territorial_authority,59,Waimakariri District,2025-08-01,6,15.405242544935504,19.71541857552315,2.6054528286285805
seasonal_naive,territorial_authority_59_median_rent,median_rent,territorial_authority,59,Waimakariri District,2025-08-01,6,18.833333333333332,26.548697394285345,3.295586370061227
xgboost_pooled_recursive,territorial_authority_59_median_rent,median_rent,territorial_authority,59,Waimakariri District,2025-08-01,6,9.15972900390625,12.552617051637895,1.5726043260666729
ets_additive_damped,territorial_authority_59_median_rent,median_rent,territorial_authority,59,Waimakariri District,2025-09-01,6,19.55137778537886,23.122525359401013,3.302615421893556
seasonal_naive,territorial_authority_59_median_rent,median_rent,territorial_authority,59,Waimakariri District,2025-09-01,6,18.333333333333332,26.14064523559687,3.201343446781767
xgboost_pooled_recursive,territorial_authority_59_median_rent,median_rent,territorial_authority,59,Waimakariri District,2025-09-01,6,12.3372802734375,16.862480709037733,2.1022828293841487
ets_additive_damped,territorial_authority_59_median_rent,median_rent,territorial_authority,59,Waimakariri District,2025-10-01,6,17.69440728162785,21.265032671026542,2.987653372664322
seasonal_naive,territorial_authority_59_median_rent,median_rent,territorial_authority,59,Waimakariri District,2025-10-01,6,13.666666666666666,17.339742404853272,2.3136758946459555
xgboost_pooled_recursive,territorial_authority_59_median_rent,median_rent,territorial_authority,59,Waimakariri District,2025-10-01,6,14.663777669270834,18.052152134526118,2.481609743754928
ets_additive_damped,territorial_authority_59_median_rent,median_rent,territorial_authority,59,Waimakariri District,2025-11-01,6,8.838065686531612,12.221391778889602,1.4762344621030874
seasonal_naive,territorial_authority_59_median_rent,median_rent,territorial_authority,59,Waimakariri District,2025-11-01,6,12.0,15.297058540778355,2.007814785070291
xgboost_pooled_recursive,territorial_authority_59_median_rent,median_rent,territorial_authority,59,Waimakariri District,2025-11-01,6,12.760304768880209,15.127867645721054,2.142835584650373
ets_additive_damped,territorial_authority_59_median_rent,median_rent,territorial_authority,59,Waimakariri District,2025-12-01,6,13.52939375422244,18.31167079723264,2.236158057312862
seasonal_naive,territorial_authority_59_median_rent,median_rent,territorial_authority,59,Waimakariri District,2025-12-01,6,18.666666666666668,22.37558192911788,3.100710959933679
xgboost_pooled_recursive,territorial_authority_59_median_rent,median_rent,territorial_authority,59,Waimakariri District,2025-12-01,6,15.330454508463541,19.415817618667507,2.53693927736777
ets_additive_damped,territorial_authority_59_median_rent,median_rent,territorial_authority,59,Waimakariri District,2026-01-01,6,16.78494982265001,20.315241096760047,2.7741787167556256
seasonal_naive,territorial_authority_59_median_rent,median_rent,territorial_authority,59,Waimakariri District,2026-01-01,6,20.333333333333332,23.108440016582687,3.372763579731534
xgboost_pooled_recursive,territorial_authority_59_median_rent,median_rent,territorial_authority,59,Waimakariri District,2026-01-01,6,21.590901692708332,25.200055995517378,3.58677422151372
ets_additive_damped,territorial_authority_60_median_rent,median_rent,territorial_authority,60,Christchurch City,2025-02-01,6,4.607283795191734,5.951874016079515,0.8512021962435566
seasonal_naive,territorial_authority_60_median_rent,median_rent,territorial_authority,60,Christchurch City,2025-02-01,6,7.0,8.888194417315589,1.2928244507353062
xgboost_pooled_recursive,territorial_authority_60_median_rent,median_rent,territorial_authority,60,Christchurch City,2025-02-01,6,16.323832194010418,17.76124567537651,2.9934493993088536
ets_additive_damped,territorial_authority_60_median_rent,median_rent,territorial_authority,60,Christchurch City,2025-03-01,6,5.989534288448567,6.821272176463537,1.112808941088557
seasonal_naive,territorial_authority_60_median_rent,median_rent,territorial_authority,60,Christchurch City,2025-03-01,6,8.5,9.617692030835672,1.573460559247935
xgboost_pooled_recursive,territorial_authority_60_median_rent,median_rent,territorial_authority,60,Christchurch City,2025-03-01,6,14.022878011067709,15.721467274496753,2.582871470904915
ets_additive_damped,territorial_authority_60_median_rent,median_rent,territorial_authority,60,Christchurch City,2025-04-01,6,7.812141736867223,8.852553260584742,1.4500357892292122
seasonal_naive,territorial_authority_60_median_rent,median_rent,territorial_authority,60,Christchurch City,2025-04-01,6,7.666666666666667,8.94427190999916,1.4212599927236038
xgboost_pooled_recursive,territorial_authority_60_median_rent,median_rent,territorial_authority,60,Christchurch City,2025-04-01,6,13.901326497395834,14.796371716717047,2.5629826834806257
ets_additive_damped,territorial_authority_60_median_rent,median_rent,territorial_authority,60,Christchurch City,2025-05-01,6,7.56717330133542,9.306357567446588,1.3874101882322463
seasonal_naive,territorial_authority_60_median_rent,median_rent,territorial_authority,60,Christchurch City,2025-05-01,6,9.833333333333334,11.76860229593982,1.8018400076182464
xgboost_pooled_recursive,territorial_authority_60_median_rent,median_rent,territorial_authority,60,Christchurch City,2025-05-01,6,13.504954020182291,14.483220827435463,2.4775620982104662
ets_additive_damped,territorial_authority_60_median_rent,median_rent,territorial_authority,60,Christchurch City,2025-06-01,6,9.894760422815978,12.309961041046824,1.784752206756444
seasonal_naive,territorial_authority_60_median_rent,median_rent,territorial_authority,60,Christchurch City,2025-06-01,6,8.166666666666666,10.25508004194344,1.485310658830833
xgboost_pooled_recursive,territorial_authority_60_median_rent,median_rent,territorial_authority,60,Christchurch City,2025-06-01,6,11.513621012369791,14.761652360192135,2.077932003714596
ets_additive_damped,territorial_authority_60_median_rent,median_rent,territorial_authority,60,Christchurch City,2025-07-01,6,15.021612910862322,17.673185704884837,2.6896069342229434
seasonal_naive,territorial_authority_60_median_rent,median_rent,territorial_authority,60,Christchurch City,2025-07-01,6,13.166666666666666,15.97393710600698,2.370266411043222
xgboost_pooled_recursive,territorial_authority_60_median_rent,median_rent,territorial_authority,60,Christchurch City,2025-07-01,6,16.719167073567707,20.95548333973468,2.998474890748365
ets_additive_damped,territorial_authority_60_median_rent,median_rent,territorial_authority,60,Christchurch City,2025-08-01,6,17.759036578480977,20.742314997008528,3.186689641569509
seasonal_naive,territorial_authority_60_median_rent,median_rent,territorial_authority,60,Christchurch City,2025-08-01,6,11.666666666666666,15.44884030167529,2.089070534871454
xgboost_pooled_recursive,territorial_authority_60_median_rent,median_rent,territorial_authority,60,Christchurch City,2025-08-01,6,14.350819905598959,19.190688401584655,2.556722941414404
ets_additive_damped,territorial_authority_60_median_rent,median_rent,territorial_authority,60,Christchurch City,2025-09-01,6,14.007022962240947,17.243459476945432,2.4950493017996083
seasonal_naive,territorial_authority_60_median_rent,median_rent,territorial_authority,60,Christchurch City,2025-09-01,6,10.166666666666666,15.005554527129833,1.8084344263588261
xgboost_pooled_recursive,territorial_authority_60_median_rent,median_rent,territorial_authority,60,Christchurch City,2025-09-01,6,15.907073974609375,20.170345221965196,2.842485450390943
ets_additive_damped,territorial_authority_60_median_rent,median_rent,territorial_authority,60,Christchurch City,2025-10-01,6,14.085643414401753,16.40351677539304,2.5090784899104017
seasonal_naive,territorial_authority_60_median_rent,median_rent,territorial_authority,60,Christchurch City,2025-10-01,6,9.333333333333334,14.866068747318506,1.6548245953296399
xgboost_pooled_recursive,territorial_authority_60_median_rent,median_rent,territorial_authority,60,Christchurch City,2025-10-01,6,14.909657796223959,19.879956509661753,2.655179947201527
ets_additive_damped,territorial_authority_60_median_rent,median_rent,territorial_authority,60,Christchurch City,2025-11-01,6,8.301294142581773,9.712499336221214,1.4718219829103443
seasonal_naive,territorial_authority_60_median_rent,median_rent,territorial_authority,60,Christchurch City,2025-11-01,6,7.666666666666667,13.076696830622021,1.3653968976450617
xgboost_pooled_recursive,territorial_authority_60_median_rent,median_rent,territorial_authority,60,Christchurch City,2025-11-01,6,10.82623291015625,12.736724648106433,1.9229625744762626
ets_additive_damped,territorial_authority_60_median_rent,median_rent,territorial_authority,60,Christchurch City,2025-12-01,6,10.299637278037912,10.92444730618497,1.8417440560889429
seasonal_naive,territorial_authority_60_median_rent,median_rent,territorial_authority,60,Christchurch City,2025-12-01,6,9.333333333333334,14.294521094927712,1.6819262464324751
xgboost_pooled_recursive,territorial_authority_60_median_rent,median_rent,territorial_authority,60,Christchurch City,2025-12-01,6,11.29443359375,11.612202932172723,2.019841722549832
ets_additive_damped,territorial_authority_60_median_rent,median_rent,territorial_authority,60,Christchurch City,2026-01-01,6,15.573762356675294,15.967366952530279,2.790101288269151
seasonal_naive,territorial_authority_60_median_rent,median_rent,territorial_authority,60,Christchurch City,2026-01-01,6,7.666666666666667,11.0,1.4142544448373697
xgboost_pooled_recursive,territorial_authority_60_median_rent,median_rent,territorial_authority,60,Christchurch City,2026-01-01,6,9.283477783203125,10.099350527610653,1.6712293241706695
ets_additive_damped,territorial_authority_62_median_rent,median_rent,territorial_authority,62,Selwyn District,2025-02-01,6,7.386876454177013,9.058225994167108,1.1858454891184427
seasonal_naive,territorial_authority_62_median_rent,median_rent,territorial_authority,62,Selwyn District,2025-02-01,6,16.166666666666668,20.203135070247555,2.607065723411287
xgboost_pooled_recursive,territorial_authority_62_median_rent,median_rent,territorial_authority,62,Selwyn District,2025-02-01,6,7.67242431640625,9.982680859742414,1.2196931904124355
ets_additive_damped,territorial_authority_62_median_rent,median_rent,territorial_authority,62,Selwyn District,2025-03-01,6,6.80182426420771,8.196615056711277,1.0891745723442128
seasonal_naive,territorial_authority_62_median_rent,median_rent,territorial_authority,62,Selwyn District,2025-03-01,6,23.666666666666668,28.647280266487194,3.8506073831632426
xgboost_pooled_recursive,territorial_authority_62_median_rent,median_rent,territorial_authority,62,Selwyn District,2025-03-01,6,8.47796630859375,9.760107315417859,1.357278782759113
ets_additive_damped,territorial_authority_62_median_rent,median_rent,territorial_authority,62,Selwyn District,2025-04-01,6,6.060750475344871,7.344745314360735,0.9709228426112269
seasonal_naive,territorial_authority_62_median_rent,median_rent,territorial_authority,62,Selwyn District,2025-04-01,6,25.333333333333332,29.507061301774304,4.1345882789938875
xgboost_pooled_recursive,territorial_authority_62_median_rent,median_rent,territorial_authority,62,Selwyn District,2025-04-01,6,12.2208251953125,13.359262535344984,1.9620463169406583
ets_additive_damped,territorial_authority_62_median_rent,median_rent,territorial_authority,62,Selwyn District,2025-05-01,6,6.487923428954256,7.834774179843188,1.038730700031631
seasonal_naive,territorial_authority_62_median_rent,median_rent,territorial_authority,62,Selwyn District,2025-05-01,6,26.333333333333332,29.60855732160327,4.294332687939574
xgboost_pooled_recursive,territorial_authority_62_median_rent,median_rent,territorial_authority,62,Selwyn District,2025-05-01,6,13.8189697265625,15.479358264357485,2.229441279905969
ets_additive_damped,territorial_authority_62_median_rent,median_rent,territorial_authority,62,Selwyn District,2025-06-01,6,8.860001112404765,10.036969914068823,1.4134088354809564
seasonal_naive,territorial_authority_62_median_rent,median_rent,territorial_authority,62,Selwyn District,2025-06-01,6,24.666666666666668,28.751811537130433,4.027699350440094
xgboost_pooled_recursive,territorial_authority_62_median_rent,median_rent,territorial_authority,62,Selwyn District,2025-06-01,6,20.113993326822918,20.479931395736063,3.2446262540294972
ets_additive_damped,territorial_authority_62_median_rent,median_rent,territorial_authority,62,Selwyn District,2025-07-01,6,7.0563973902707176,7.849851371346073,1.124641254524817
seasonal_naive,territorial_authority_62_median_rent,median_rent,territorial_authority,62,Selwyn District,2025-07-01,6,23.0,27.26414006223804,3.743791749459323
xgboost_pooled_recursive,territorial_authority_62_median_rent,median_rent,territorial_authority,62,Selwyn District,2025-07-01,6,17.747945149739582,19.18878114751636,2.8605372864264367
ets_additive_damped,territorial_authority_62_median_rent,median_rent,territorial_authority,62,Selwyn District,2025-08-01,6,6.123169950435738,7.089684851964724,0.9742152277773771
seasonal_naive,territorial_authority_62_median_rent,median_rent,territorial_authority,62,Selwyn District,2025-08-01,6,22.666666666666668,26.8824602048746,3.675170685398519
xgboost_pooled_recursive,territorial_authority_62_median_rent,median_rent,territorial_authority,62,Selwyn District,2025-08-01,6,13.706451416015625,15.195898250041989,2.1896725394407515
ets_additive_damped,territorial_authority_62_median_rent,median_rent,territorial_authority,62,Selwyn District,2025-09-01,6,6.45789938159398,7.903980199140335,1.0246525525705414
seasonal_naive,territorial_authority_62_median_rent,median_rent,territorial_authority,62,Selwyn District,2025-09-01,6,16.833333333333332,18.533752992850637,2.6930171340750073
xgboost_pooled_recursive,territorial_authority_62_median_rent,median_rent,territorial_authority,62,Selwyn District,2025-09-01,6,9.632670084635416,11.279694713935989,1.5263197168115958
ets_additive_damped,territorial_authority_62_median_rent,median_rent,territorial_authority,62,Selwyn District,2025-10-01,6,6.900077466105188,8.286222257597387,1.0919250639333797
seasonal_naive,territorial_authority_62_median_rent,median_rent,territorial_authority,62,Selwyn District,2025-10-01,6,13.5,16.638309208971123,2.1465690466433136
xgboost_pooled_recursive,territorial_authority_62_median_rent,median_rent,territorial_authority,62,Selwyn District,2025-10-01,6,9.990987141927084,11.129714447530478,1.5842519741783245
ets_additive_damped,territorial_authority_62_median_rent,median_rent,territorial_authority,62,Selwyn District,2025-11-01,6,7.315741556178144,8.358486455798968,1.157700664443298
seasonal_naive,territorial_authority_62_median_rent,median_rent,territorial_authority,62,Selwyn District,2025-11-01,6,14.166666666666666,16.95582495781317,2.253491304364293
xgboost_pooled_recursive,territorial_authority_62_median_rent,median_rent,territorial_authority,62,Selwyn District,2025-11-01,6,10.438517252604166,11.913236708502229,1.6522095946937936
ets_additive_damped,territorial_authority_62_median_rent,median_rent,territorial_authority,62,Selwyn District,2025-12-01,6,6.849242689427001,7.949561136372667,1.0846692908732753
seasonal_naive,territorial_authority_62_median_rent,median_rent,territorial_authority,62,Selwyn District,2025-12-01,6,14.166666666666666,16.95582495781317,2.2576907794299097
xgboost_pooled_recursive,territorial_authority_62_median_rent,median_rent,territorial_authority,62,Selwyn District,2025-12-01,6,8.195363362630209,9.773462559297903,1.2985046080608924
ets_additive_damped,territorial_authority_62_median_rent,median_rent,territorial_authority,62,Selwyn District,2026-01-01,6,5.153614461226539,6.514030261420815,0.8149829286953693
seasonal_naive,territorial_authority_62_median_rent,median_rent,territorial_authority,62,Selwyn District,2026-01-01,6,11.666666666666666,15.0,1.8613923751633783
xgboost_pooled_recursive,territorial_authority_62_median_rent,median_rent,territorial_authority,62,Selwyn District,2026-01-01,6,13.076456705729166,13.308497750917905,2.090496296264997
ets_additive_damped,territorial_authority_63_median_rent,median_rent,territorial_authority,63,Ashburton District,2025-02-01,6,22.832013530394534,28.892640436416585,4.656524281748257
seasonal_naive,territorial_authority_63_median_rent,median_rent,territorial_authority,63,Ashburton District,2025-02-01,6,28.333333333333332,31.490739379485305,5.80219111397306
xgboost_pooled_recursive,territorial_authority_63_median_rent,median_rent,territorial_authority,63,Ashburton District,2025-02-01,6,18.98626708984376,22.72936110264436,3.8916006350935053
ets_additive_damped,territorial_authority_63_median_rent,median_rent,territorial_authority,63,Ashburton District,2025-03-01,6,26.129970397583055,30.31060475400174,5.315155024722776
seasonal_naive,territorial_authority_63_median_rent,median_rent,territorial_authority,63,Ashburton District,2025-03-01,6,24.5,29.151901024347165,5.011071432398731
xgboost_pooled_recursive,territorial_authority_63_median_rent,median_rent,territorial_authority,63,Ashburton District,2025-03-01,6,20.452631632486987,24.95186015854763,4.188790628352618
ets_additive_damped,territorial_authority_63_median_rent,median_rent,territorial_authority,63,Ashburton District,2025-04-01,6,35.87510183269021,39.54692053118847,7.278780783886791
seasonal_naive,territorial_authority_63_median_rent,median_rent,territorial_authority,63,Ashburton District,2025-04-01,6,18.666666666666668,23.0,3.8769570580339967
xgboost_pooled_recursive,territorial_authority_63_median_rent,median_rent,territorial_authority,63,Ashburton District,2025-04-01,6,27.068628946940123,31.685634001841443,5.55410733747492
ets_additive_damped,territorial_authority_63_median_rent,median_rent,territorial_authority,63,Ashburton District,2025-05-01,6,37.94768881357441,39.79348314263778,7.703501005030635
seasonal_naive,territorial_authority_63_median_rent,median_rent,territorial_authority,63,Ashburton District,2025-05-01,6,13.666666666666666,19.467922333931785,2.8460292229824504
xgboost_pooled_recursive,territorial_authority_63_median_rent,median_rent,territorial_authority,63,Ashburton District,2025-05-01,6,25.793370564778645,28.837466143076643,5.313204311270918
ets_additive_damped,territorial_authority_63_median_rent,median_rent,territorial_authority,63,Ashburton District,2025-06-01,6,15.72469657869047,17.28498427710842,3.2164909129711226
seasonal_naive,territorial_authority_63_median_rent,median_rent,territorial_authority,63,Ashburton District,2025-06-01,6,10.333333333333334,15.673757260678329,2.1144030174619983
xgboost_pooled_recursive,territorial_authority_63_median_rent,median_rent,territorial_authority,63,Ashburton District,2025-06-01,6,6.638356526692708,8.099516095709067,1.377929294491712
ets_additive_damped,territorial_authority_63_median_rent,median_rent,territorial_authority,63,Ashburton District,2025-07-01,6,8.82892671950386,11.428556189085219,1.816083549572425
seasonal_naive,territorial_authority_63_median_rent,median_rent,territorial_authority,63,Ashburton District,2025-07-01,6,9.5,13.838352503098047,1.9127474906369342
xgboost_pooled_recursive,territorial_authority_63_median_rent,median_rent,territorial_authority,63,Ashburton District,2025-07-01,6,4.102681477864593,5.171721491691589,0.8477384311223487
ets_additive_damped,territorial_authority_63_median_rent,median_rent,territorial_authority,63,Ashburton District,2025-08-01,6,8.597067823173631,10.86776311349121,1.763253007757941
seasonal_naive,territorial_authority_63_median_rent,median_rent,territorial_authority,63,Ashburton District,2025-08-01,6,16.166666666666668,21.404828115793563,3.3016363795258235
xgboost_pooled_recursive,territorial_authority_63_median_rent,median_rent,territorial_authority,63,Ashburton District,2025-08-01,6,7.689931233723958,8.207084519055147,1.5714484226171883
ets_additive_damped,territorial_authority_63_median_rent,median_rent,territorial_authority,63,Ashburton District,2025-09-01,6,10.53708542288613,11.898172974500719,2.155884098567956
seasonal_naive,territorial_authority_63_median_rent,median_rent,territorial_authority,63,Ashburton District,2025-09-01,6,15.0,21.213203435596427,3.061828226048605
xgboost_pooled_recursive,territorial_authority_63_median_rent,median_rent,territorial_authority,63,Ashburton District,2025-09-01,6,7.7662811279296875,9.917468458633259,1.5628051079882983
ets_additive_damped,territorial_authority_63_median_rent,median_rent,territorial_authority,63,Ashburton District,2025-10-01,6,14.338012651845284,15.943688852699621,2.92680323211372
seasonal_naive,territorial_authority_63_median_rent,median_rent,territorial_authority,63,Ashburton District,2025-10-01,6,17.5,23.18404623873926,3.5164134170618055
xgboost_pooled_recursive,territorial_authority_63_median_rent,median_rent,territorial_authority,63,Ashburton District,2025-10-01,6,7.576649983723968,8.42207613199762,1.5398150758439386
ets_additive_damped,territorial_authority_63_median_rent,median_rent,territorial_authority,63,Ashburton District,2025-11-01,6,14.076379042748338,15.67977233398315,2.8726959261485994
seasonal_naive,territorial_authority_63_median_rent,median_rent,territorial_authority,63,Ashburton District,2025-11-01,6,20.833333333333332,24.579802006254376,4.196685525905342
xgboost_pooled_recursive,territorial_authority_63_median_rent,median_rent,territorial_authority,63,Ashburton District,2025-11-01,6,7.195632934570303,8.884032670784144,1.4551217124505083
ets_additive_damped,territorial_authority_63_median_rent,median_rent,territorial_authority,63,Ashburton District,2025-12-01,6,14.402671023739137,15.153484533463834,2.9317735875080726
seasonal_naive,territorial_authority_63_median_rent,median_rent,territorial_authority,63,Ashburton District,2025-12-01,6,27.5,31.688588903052572,5.607428879133774
xgboost_pooled_recursive,territorial_authority_63_median_rent,median_rent,territorial_authority,63,Ashburton District,2025-12-01,6,8.461868286132804,9.893866647444348,1.7152161192217863
ets_additive_damped,territorial_authority_63_median_rent,median_rent,territorial_authority,63,Ashburton District,2026-01-01,6,11.52241229327071,11.604824221428803,2.3401557773632478
seasonal_naive,territorial_authority_63_median_rent,median_rent,territorial_authority,63,Ashburton District,2026-01-01,6,25.5,30.135803733543703,5.250052025241345
xgboost_pooled_recursive,territorial_authority_63_median_rent,median_rent,territorial_authority,63,Ashburton District,2026-01-01,6,14.709726969401032,16.076275282278765,3.002760355760246
ets_additive_damped,territorial_authority_64_median_rent,median_rent,territorial_authority,64,Timaru District,2025-02-01,6,21.61729699887935,26.655625223199024,4.497926568985647
seasonal_naive,territorial_authority_64_median_rent,median_rent,territorial_authority,64,Timaru District,2025-02-01,6,33.0,35.6931365951495,7.062445650821844
xgboost_pooled_recursive,territorial_authority_64_median_rent,median_rent,territorial_authority,64,Timaru District,2025-02-01,6,15.076044718424479,19.621778643825767,3.1695261600580427
ets_additive_damped,territorial_authority_64_median_rent,median_rent,territorial_authority,64,Timaru District,2025-03-01,6,29.592781588389823,34.22813676728989,6.143051404580799
seasonal_naive,territorial_authority_64_median_rent,median_rent,territorial_authority,64,Timaru District,2025-03-01,6,24.666666666666668,26.280537792569366,5.293209015421859
xgboost_pooled_recursive,territorial_authority_64_median_rent,median_rent,territorial_authority,64,Timaru District,2025-03-01,6,18.724583943684905,23.660894636638137,3.949459589783472
ets_additive_damped,territorial_authority_64_median_rent,median_rent,territorial_authority,64,Timaru District,2025-04-01,6,33.015242526424835,35.38986165725801,6.8373787460381
seasonal_naive,territorial_authority_64_median_rent,median_rent,territorial_authority,64,Timaru District,2025-04-01,6,18.333333333333332,21.213203435596427,3.9428181127921516
xgboost_pooled_recursive,territorial_authority_64_median_rent,median_rent,territorial_authority,64,Timaru District,2025-04-01,6,19.390589396158862,23.726248317974154,4.088136571645257
ets_additive_damped,territorial_authority_64_median_rent,median_rent,territorial_authority,64,Timaru District,2025-05-01,6,31.117932396484445,33.153250893154095,6.449911630033324
seasonal_naive,territorial_authority_64_median_rent,median_rent,territorial_authority,64,Timaru District,2025-05-01,6,17.5,20.1038968030247,3.7401496446279903
xgboost_pooled_recursive,territorial_authority_64_median_rent,median_rent,territorial_authority,64,Timaru District,2025-05-01,6,18.212122599283862,23.210177394762816,3.8448441161048805
ets_additive_damped,territorial_authority_64_median_rent,median_rent,territorial_authority,64,Timaru District,2025-06-01,6,25.586192108589785,28.680168522558045,5.328912561635515
seasonal_naive,territorial_authority_64_median_rent,median_rent,territorial_authority,64,Timaru District,2025-06-01,6,16.333333333333332,19.122412679017955,3.4904561208657405
xgboost_pooled_recursive,territorial_authority_64_median_rent,median_rent,territorial_authority,64,Timaru District,2025-06-01,6,14.699615478515634,19.502698533633133,3.1121024809508517
ets_additive_damped,territorial_authority_64_median_rent,median_rent,territorial_authority,64,Timaru District,2025-07-01,6,13.922740206082494,17.34200226542556,2.9044063539506637
seasonal_naive,territorial_authority_64_median_rent,median_rent,territorial_authority,64,Timaru District,2025-07-01,6,16.333333333333332,19.122412679017955,3.446090548549857
xgboost_pooled_recursive,territorial_authority_64_median_rent,median_rent,territorial_authority,64,Timaru District,2025-07-01,6,12.300806681315104,12.613215039932177,2.584327836089333
ets_additive_damped,territorial_authority_64_median_rent,median_rent,territorial_authority,64,Timaru District,2025-08-01,6,12.25593266089684,16.045168683835197,2.56151638468576
seasonal_naive,territorial_authority_64_median_rent,median_rent,territorial_authority,64,Timaru District,2025-08-01,6,13.833333333333334,15.911211979816832,2.8889564463714628
xgboost_pooled_recursive,territorial_authority_64_median_rent,median_rent,territorial_authority,64,Timaru District,2025-08-01,6,12.148732503255227,14.284515725126838,2.5343718962120287
ets_additive_damped,territorial_authority_64_median_rent,median_rent,territorial_authority,64,Timaru District,2025-09-01,6,10.068371146841239,12.102293516164897,2.0983665504752906
seasonal_naive,territorial_authority_64_median_rent,median_rent,territorial_authority,64,Timaru District,2025-09-01,6,17.166666666666668,19.6596032513375,3.561461342354909
xgboost_pooled_recursive,territorial_authority_64_median_rent,median_rent,territorial_authority,64,Timaru District,2025-09-01,6,12.373799641927093,13.555870989995045,2.5776090697535947
ets_additive_damped,territorial_authority_64_median_rent,median_rent,territorial_authority,64,Timaru District,2025-10-01,6,10.677258611137356,12.328251626110202,2.2227051158742626
seasonal_naive,territorial_authority_64_median_rent,median_rent,territorial_authority,64,Timaru District,2025-10-01,6,17.666666666666668,19.697715603592208,3.6642362652737166
xgboost_pooled_recursive,territorial_authority_64_median_rent,median_rent,territorial_authority,64,Timaru District,2025-10-01,6,11.696553548177073,13.980605748370357,2.4250910221434787
ets_additive_damped,territorial_authority_64_median_rent,median_rent,territorial_authority,64,Timaru District,2025-11-01,6,14.137165459761093,16.187846828428366,2.9396568679806596
seasonal_naive,territorial_authority_64_median_rent,median_rent,territorial_authority,64,Timaru District,2025-11-01,6,15.166666666666666,17.334935823359714,3.1425131092160337
xgboost_pooled_recursive,territorial_authority_64_median_rent,median_rent,territorial_authority,64,Timaru District,2025-11-01,6,11.72130839029947,13.35209798301151,2.4445565370503584
ets_additive_damped,territorial_authority_64_median_rent,median_rent,territorial_authority,64,Timaru District,2025-12-01,6,8.530588317246506,10.55996555284045,1.7735787230252857
seasonal_naive,territorial_authority_64_median_rent,median_rent,territorial_authority,64,Timaru District,2025-12-01,6,18.5,21.303364366534534,3.837236512492769
xgboost_pooled_recursive,territorial_authority_64_median_rent,median_rent,territorial_authority,64,Timaru District,2025-12-01,6,11.640523274739584,13.702499427984856,2.4100255189877187
ets_additive_damped,territorial_authority_64_median_rent,median_rent,territorial_authority,64,Timaru District,2026-01-01,6,10.030586566573456,11.48602060234921,2.0747202165847303
seasonal_naive,territorial_authority_64_median_rent,median_rent,territorial_authority,64,Timaru District,2026-01-01,6,23.5,28.351954665125533,4.9113503685615125
xgboost_pooled_recursive,territorial_authority_64_median_rent,median_rent,territorial_authority,64,Timaru District,2026-01-01,6,17.735992431640625,22.1447082282508,3.70190359832223
ets_additive_damped,territorial_authority_68_median_rent,median_rent,territorial_authority,68,Waitaki District,2025-02-01,6,24.84523654036253,25.088730624221355,5.373125332784599
seasonal_naive,territorial_authority_68_median_rent,median_rent,territorial_authority,68,Waitaki District,2025-02-01,6,45.833333333333336,48.03297478469001,10.190567968432795
xgboost_pooled_recursive,territorial_authority_68_median_rent,median_rent,territorial_authority,68,Waitaki District,2025-02-01,6,30.69940185546874,31.037246643724497,6.682116379209544
ets_additive_damped,territorial_authority_68_median_rent,median_rent,territorial_authority,68,Waitaki District,2025-03-01,6,17.66846545239046,18.36215047860183,3.7895254855146936
seasonal_naive,territorial_authority_68_median_rent,median_rent,territorial_authority,68,Waitaki District,2025-03-01,6,45.5,47.67773764207637,10.111275192510808
xgboost_pooled_recursive,territorial_authority_68_median_rent,median_rent,territorial_authority,68,Waitaki District,2025-03-01,6,23.215159098307293,23.77331559319141,5.011950953140714
ets_additive_damped,territorial_authority_68_median_rent,median_rent,territorial_authority,68,Waitaki District,2025-04-01,6,12.445616559167206,13.349937277045155,2.6607688285773685
seasonal_naive,territorial_authority_68_median_rent,median_rent,territorial_authority,68,Waitaki District,2025-04-01,6,52.166666666666664,54.83156025502101,11.830241631218092
xgboost_pooled_recursive,territorial_authority_68_median_rent,median_rent,territorial_authority,68,Waitaki District,2025-04-01,6,14.102925618489584,15.107412415435531,3.0217000540903047
ets_additive_damped,territorial_authority_68_median_rent,median_rent,territorial_authority,68,Waitaki District,2025-05-01,6,7.7726166564075925,9.66455105555221,1.6613819511646155
seasonal_naive,territorial_authority_68_median_rent,median_rent,territorial_authority,68,Waitaki District,2025-05-01,6,51.0,54.264782932088345,11.585597588300537
xgboost_pooled_recursive,territorial_authority_68_median_rent,median_rent,territorial_authority,68,Waitaki District,2025-05-01,6,8.373463948567698,9.433465673680963,1.788573168727498
ets_additive_damped,territorial_authority_68_median_rent,median_rent,territorial_authority,68,Waitaki District,2025-06-01,6,9.219769574430662,11.508297163016033,1.96823917900864
seasonal_naive,territorial_authority_68_median_rent,median_rent,territorial_authority,68,Waitaki District,2025-06-01,6,50.5,53.97375905629204,11.49103141064055
xgboost_pooled_recursive,territorial_authority_68_median_rent,median_rent,territorial_authority,68,Waitaki District,2025-06-01,6,9.857131958007804,10.955432985400426,2.1083113870594845
ets_additive_damped,territorial_authority_68_median_rent,median_rent,territorial_authority,68,Waitaki District,2025-07-01,6,9.409463714336775,11.781257758979617,2.003346227224209
seasonal_naive,territorial_authority_68_median_rent,median_rent,territorial_authority,68,Waitaki District,2025-07-01,6,44.666666666666664,49.756071656298055,10.151834136580563
xgboost_pooled_recursive,territorial_authority_68_median_rent,median_rent,territorial_authority,68,Waitaki District,2025-07-01,6,9.317433675130209,10.505026506057218,1.992604842720976
ets_additive_damped,territorial_authority_68_median_rent,median_rent,territorial_authority,68,Waitaki District,2025-08-01,6,10.885646122989641,12.98410183664343,2.304791877166726
seasonal_naive,territorial_authority_68_median_rent,median_rent,territorial_authority,68,Waitaki District,2025-08-01,6,36.333333333333336,41.541144262847006,8.239331148294648
xgboost_pooled_recursive,territorial_authority_68_median_rent,median_rent,territorial_authority,68,Waitaki District,2025-08-01,6,6.2796986897786455,8.181445126306711,1.334980190505883
ets_additive_damped,territorial_authority_68_median_rent,median_rent,territorial_authority,68,Waitaki District,2025-09-01,6,11.867385023365538,13.506066305448506,2.4947801479222247
seasonal_naive,territorial_authority_68_median_rent,median_rent,territorial_authority,68,Waitaki District,2025-09-01,6,33.0,38.19685850956856,7.397599807316231
xgboost_pooled_recursive,territorial_authority_68_median_rent,median_rent,territorial_authority,68,Waitaki District,2025-09-01,6,9.502370198567709,10.940990094670553,2.000781124237844
ets_additive_damped,territorial_authority_68_median_rent,median_rent,territorial_authority,68,Waitaki District,2025-10-01,6,7.124573822388442,10.206761834815232,1.483072323410732
seasonal_naive,territorial_authority_68_median_rent,median_rent,territorial_authority,68,Waitaki District,2025-10-01,6,23.0,23.643180835073778,4.921722546294234
xgboost_pooled_recursive,territorial_authority_68_median_rent,median_rent,territorial_authority,68,Waitaki District,2025-10-01,6,6.606547037760417,7.9891466463610765,1.3763107442379434
ets_additive_damped,territorial_authority_68_median_rent,median_rent,territorial_authority,68,Waitaki District,2025-11-01,6,14.115340078746831,20.136744454923345,2.966551099534147
seasonal_naive,territorial_authority_68_median_rent,median_rent,territorial_authority,68,Waitaki District,2025-11-01,6,24.166666666666668,24.916527312876756,5.166366589211789
xgboost_pooled_recursive,territorial_authority_68_median_rent,median_rent,territorial_authority,68,Waitaki District,2025-11-01,6,14.377731323242188,18.172050419675962,3.02578469433561
ets_additive_damped,territorial_authority_68_median_rent,median_rent,territorial_authority,68,Waitaki District,2025-12-01,6,13.850481613204161,19.41391470606414,2.9012705448534404
seasonal_naive,territorial_authority_68_median_rent,median_rent,territorial_authority,68,Waitaki District,2025-12-01,6,19.5,21.714050750608465,4.113844288995375
xgboost_pooled_recursive,territorial_authority_68_median_rent,median_rent,territorial_authority,68,Waitaki District,2025-12-01,6,11.368525187174479,15.278753516442013,2.3870153992382566
ets_additive_damped,territorial_authority_68_median_rent,median_rent,territorial_authority,68,Waitaki District,2026-01-01,6,16.147960645565927,20.368692102349378,3.3772286369837605
seasonal_naive,territorial_authority_68_median_rent,median_rent,territorial_authority,68,Waitaki District,2026-01-01,6,16.166666666666668,20.120470504770342,3.404624430839346
xgboost_pooled_recursive,territorial_authority_68_median_rent,median_rent,territorial_authority,68,Waitaki District,2026-01-01,6,15.125213623046875,17.515566677050426,3.1825922080554148
ets_additive_damped,territorial_authority_69_median_rent,median_rent,territorial_authority,69,Central Otago District,2025-02-01,6,19.606365797857602,23.842337151005307,3.1775165215518464
seasonal_naive,territorial_authority_69_median_rent,median_rent,territorial_authority,69,Central Otago District,2025-02-01,6,53.833333333333336,65.64932089011533,9.203769343180113
xgboost_pooled_recursive,territorial_authority_69_median_rent,median_rent,territorial_authority,69,Central Otago District,2025-02-01,6,22.584676106770832,24.695917103535788,3.6740396850455306
ets_additive_damped,territorial_authority_69_median_rent,median_rent,territorial_authority,69,Central Otago District,2025-03-01,6,26.895018887276365,31.078159792875265,4.38503543797524
seasonal_naive,territorial_authority_69_median_rent,median_rent,territorial_authority,69,Central Otago District,2025-03-01,6,49.666666666666664,63.55312738174259,8.51351096906953
xgboost_pooled_recursive,territorial_authority_69_median_rent,median_rent,territorial_authority,69,Central Otago District,2025-03-01,6,26.496144612630207,29.674390261870368,4.3298074673473135
ets_additive_damped,territorial_authority_69_median_rent,median_rent,territorial_authority,69,Central Otago District,2025-04-01,6,32.38925540186352,35.21529035126496,5.272534711799707
seasonal_naive,territorial_authority_69_median_rent,median_rent,territorial_authority,69,Central Otago District,2025-04-01,6,40.0,55.60275772537425,6.871351990431025
xgboost_pooled_recursive,territorial_authority_69_median_rent,median_rent,territorial_authority,69,Central Otago District,2025-04-01,6,23.951283772786457,26.695969326348298,3.923916434113312
ets_additive_damped,territorial_authority_69_median_rent,median_rent,territorial_authority,69,Central Otago District,2025-05-01,6,29.16009195804628,32.114986930034334,4.750718575482325
seasonal_naive,territorial_authority_69_median_rent,median_rent,territorial_authority,69,Central Otago District,2025-05-01,6,40.0,55.60275772537425,6.871351990431025
xgboost_pooled_recursive,territorial_authority_69_median_rent,median_rent,territorial_authority,69,Central Otago District,2025-05-01,6,19.117991129557293,25.576174895284076,3.132475057135345
ets_additive_damped,territorial_authority_69_median_rent,median_rent,territorial_authority,69,Central Otago District,2025-06-01,6,30.108024926510854,35.26062515070528,4.901466182059133
seasonal_naive,territorial_authority_69_median_rent,median_rent,territorial_authority,69,Central Otago District,2025-06-01,6,39.166666666666664,54.810278841351156,6.732128429520719
xgboost_pooled_recursive,territorial_authority_69_median_rent,median_rent,territorial_authority,69,Central Otago District,2025-06-01,6,16.988006591796875,20.98887830897384,2.787655982560124
ets_additive_damped,territorial_authority_69_median_rent,median_rent,territorial_authority,69,Central Otago District,2025-07-01,6,24.342624431070174,28.34835782987414,3.959028342792046
seasonal_naive,territorial_authority_69_median_rent,median_rent,territorial_authority,69,Central Otago District,2025-07-01,6,44.666666666666664,57.88494335029332,7.703915724247191
xgboost_pooled_recursive,territorial_authority_69_median_rent,median_rent,territorial_authority,69,Central Otago District,2025-07-01,6,18.191314697265625,24.588698537565747,2.9727974026366177
ets_additive_damped,territorial_authority_69_median_rent,median_rent,territorial_authority,69,Central Otago District,2025-08-01,6,27.74749360738345,29.60618885740117,4.4774298500412275
seasonal_naive,territorial_authority_69_median_rent,median_rent,territorial_authority,69,Central Otago District,2025-08-01,6,26.0,31.00537587795596,4.331789594273527
xgboost_pooled_recursive,territorial_authority_69_median_rent,median_rent,territorial_authority,69,Central Otago District,2025-08-01,6,23.7032470703125,31.097061425604835,3.81692622687426
ets_additive_damped,territorial_authority_69_median_rent,median_rent,territorial_authority,69,Central Otago District,2025-09-01,6,25.726914276663802,27.237431317683704,4.056436654843939
seasonal_naive,territorial_authority_69_median_rent,median_rent,territorial_authority,69,Central Otago District,2025-09-01,6,31.833333333333332,37.40098037930735,5.182519258562515
xgboost_pooled_recursive,territorial_authority_69_median_rent,median_rent,territorial_authority,69,Central Otago District,2025-09-01,6,33.029032389322914,42.31920144343745,5.2358291647882
ets_additive_damped,territorial_authority_69_median_rent,median_rent,territorial_authority,69,Central Otago District,2025-10-01,6,26.295638036432745,28.92439545091874,4.119771057302285
seasonal_naive,territorial_authority_69_median_rent,median_rent,territorial_authority,69,Central Otago District,2025-10-01,6,32.166666666666664,37.58767528503636,5.191360757019672
xgboost_pooled_recursive,territorial_authority_69_median_rent,median_rent,territorial_authority,69,Central Otago District,2025-10-01,6,37.381072998046875,42.33170354195823,5.914584009164722
ets_additive_damped,territorial_authority_69_median_rent,median_rent,territorial_authority,69,Central Otago District,2025-11-01,6,33.643314895150716,35.31296300611355,5.230515551349607
seasonal_naive,territorial_authority_69_median_rent,median_rent,territorial_authority,69,Central Otago District,2025-11-01,6,43.833333333333336,49.62694160769262,6.999211996689094
xgboost_pooled_recursive,territorial_authority_69_median_rent,median_rent,territorial_authority,69,Central Otago District,2025-11-01,6,46.56371053059896,50.2106351213477,7.309375161289489
ets_additive_damped,territorial_authority_69_median_rent,median_rent,territorial_authority,69,Central Otago District,2025-12-01,6,31.298734566210403,32.821533966095835,4.889447230090315
seasonal_naive,territorial_authority_69_median_rent,median_rent,territorial_authority,69,Central Otago District,2025-12-01,6,43.833333333333336,49.62694160769262,6.999211996689094
xgboost_pooled_recursive,territorial_authority_69_median_rent,median_rent,territorial_authority,69,Central Otago District,2025-12-01,6,37.308807373046875,41.38683941780629,5.8375281020321035
ets_additive_damped,territorial_authority_69_median_rent,median_rent,territorial_authority,69,Central Otago District,2026-01-01,6,35.38431260809303,36.618432292036786,5.480465580009699
seasonal_naive,territorial_authority_69_median_rent,median_rent,territorial_authority,69,Central Otago District,2026-01-01,6,50.0,57.29746940310715,7.8631198958705335
xgboost_pooled_recursive,territorial_authority_69_median_rent,median_rent,territorial_authority,69,Central Otago District,2026-01-01,6,47.78924560546875,50.62648404171204,7.47142918329986
ets_additive_damped,territorial_authority_70_median_rent,median_rent,territorial_authority,70,Queenstown-Lakes District,2025-02-01,6,29.17829985564911,31.221445063479493,3.7170357819788475
seasonal_naive,territorial_authority_70_median_rent,median_rent,territorial_authority,70,Queenstown-Lakes District,2025-02-01,6,30.333333333333332,41.9801540413245,3.844364189743147
xgboost_pooled_recursive,territorial_authority_70_median_rent,median_rent,territorial_authority,70,Queenstown-Lakes District,2025-02-01,6,29.544942220052082,41.47686094762707,3.7599088156955096
ets_additive_damped,territorial_authority_70_median_rent,median_rent,territorial_authority,70,Queenstown-Lakes District,2025-03-01,6,27.88520004028705,34.04421380528897,3.5483977316303728
seasonal_naive,territorial_authority_70_median_rent,median_rent,territorial_authority,70,Queenstown-Lakes District,2025-03-01,6,30.333333333333332,41.9801540413245,3.844364189743147
xgboost_pooled_recursive,territorial_authority_70_median_rent,median_rent,territorial_authority,70,Queenstown-Lakes District,2025-03-01,6,29.55072021484375,42.33483495610893,3.759942876847306
ets_additive_damped,territorial_authority_70_median_rent,median_rent,territorial_authority,70,Queenstown-Lakes District,2025-04-01,6,35.523927602162246,38.22608387080338,4.533140253367662
seasonal_naive,territorial_authority_70_median_rent,median_rent,territorial_authority,70,Queenstown-Lakes District,2025-04-01,6,21.166666666666668,29.857997253667232,2.6956590936696303
xgboost_pooled_recursive,territorial_authority_70_median_rent,median_rent,territorial_authority,70,Queenstown-Lakes District,2025-04-01,6,21.290730794270832,27.936475908739023,2.733848083873554
ets_additive_damped,territorial_authority_70_median_rent,median_rent,territorial_authority,70,Queenstown-Lakes District,2025-05-01,6,21.323772309196972,25.1307633501074,2.745322942092505
seasonal_naive,territorial_authority_70_median_rent,median_rent,territorial_authority,70,Queenstown-Lakes District,2025-05-01,6,15.333333333333334,25.079872407968907,1.9524409591471477
xgboost_pooled_recursive,territorial_authority_70_median_rent,median_rent,territorial_authority,70,Queenstown-Lakes District,2025-05-01,6,21.426656087239582,29.19247095093472,2.7521215927974496
ets_additive_damped,territorial_authority_70_median_rent,median_rent,territorial_authority,70,Queenstown-Lakes District,2025-06-01,6,34.903306529989074,38.20907143345736,4.4765158195625965
seasonal_naive,territorial_authority_70_median_rent,median_rent,territorial_authority,70,Queenstown-Lakes District,2025-06-01,6,14.166666666666666,22.453655975512465,1.8490474360128473
xgboost_pooled_recursive,territorial_authority_70_median_rent,median_rent,territorial_authority,70,Queenstown-Lakes District,2025-06-01,6,19.208669026692707,21.325849595845845,2.5047846474211033
ets_additive_damped,territorial_authority_70_median_rent,median_rent,territorial_authority,70,Queenstown-Lakes District,2025-07-01,6,30.486755085116442,34.226487959625125,3.951034663092279
seasonal_naive,territorial_authority_70_median_rent,median_rent,territorial_authority,70,Queenstown-Lakes District,2025-07-01,6,12.5,22.079402165819616,1.639403830142826
xgboost_pooled_recursive,territorial_authority_70_median_rent,median_rent,territorial_authority,70,Queenstown-Lakes District,2025-07-01,6,16.57525634765625,19.15098526456324,2.1706171711306124
ets_additive_damped,territorial_authority_70_median_rent,median_rent,territorial_authority,70,Queenstown-Lakes District,2025-08-01,6,16.03999877497292,19.67366747006115,2.09241017147173
seasonal_naive,territorial_authority_70_median_rent,median_rent,territorial_authority,70,Queenstown-Lakes District,2025-08-01,6,15.833333333333334,23.54074481970922,2.061344758412868
xgboost_pooled_recursive,territorial_authority_70_median_rent,median_rent,territorial_authority,70,Queenstown-Lakes District,2025-08-01,6,15.076080322265625,21.117278518382406,1.9733469410591125
ets_additive_damped,territorial_authority_70_median_rent,median_rent,territorial_authority,70,Queenstown-Lakes District,2025-09-01,6,16.253920316524784,17.150335287064447,2.1200565017172863
seasonal_naive,territorial_authority_70_median_rent,median_rent,territorial_authority,70,Queenstown-Lakes District,2025-09-01,6,16.666666666666668,23.629078131263043,2.1720867296199557
xgboost_pooled_recursive,territorial_authority_70_median_rent,median_rent,territorial_authority,70,Queenstown-Lakes District,2025-09-01,6,17.198232014973957,23.077061936253745,2.2526247971476883
ets_additive_damped,territorial_authority_70_median_rent,median_rent,territorial_authority,70,Queenstown-Lakes District,2025-10-01,6,18.523696297348028,19.688079692978626,2.4011899889887265
seasonal_naive,territorial_authority_70_median_rent,median_rent,territorial_authority,70,Queenstown-Lakes District,2025-10-01,6,17.5,24.40969752646135,2.2463107512123983
xgboost_pooled_recursive,territorial_authority_70_median_rent,median_rent,territorial_authority,70,Queenstown-Lakes District,2025-10-01,6,17.366434733072918,23.281196555827282,2.251280915002127
ets_additive_damped,territorial_authority_70_median_rent,median_rent,territorial_authority,70,Queenstown-Lakes District,2025-11-01,6,26.31641253885539,30.19754016295375,3.3747343780172745
seasonal_naive,territorial_authority_70_median_rent,median_rent,territorial_authority,70,Queenstown-Lakes District,2025-11-01,6,26.666666666666668,34.52052529534663,3.400650815844153
xgboost_pooled_recursive,territorial_authority_70_median_rent,median_rent,territorial_authority,70,Queenstown-Lakes District,2025-11-01,6,25.16912841796875,29.275417938094975,3.2297061858086127
ets_additive_damped,territorial_authority_70_median_rent,median_rent,territorial_authority,70,Queenstown-Lakes District,2025-12-01,6,17.402836201738864,21.605426898083543,2.2267407314326677
seasonal_naive,territorial_authority_70_median_rent,median_rent,territorial_authority,70,Queenstown-Lakes District,2025-12-01,6,22.5,29.650744791095327,2.824146709928282
xgboost_pooled_recursive,territorial_authority_70_median_rent,median_rent,territorial_authority,70,Queenstown-Lakes District,2025-12-01,6,20.391072591145832,23.85293209982026,2.5959727894613263
ets_additive_damped,territorial_authority_70_median_rent,median_rent,territorial_authority,70,Queenstown-Lakes District,2026-01-01,6,25.714281108173584,28.316574398468667,3.2721505703050497
seasonal_naive,territorial_authority_70_median_rent,median_rent,territorial_authority,70,Queenstown-Lakes District,2026-01-01,6,24.166666666666668,29.93047499344662,3.033790315798303
xgboost_pooled_recursive,territorial_authority_70_median_rent,median_rent,territorial_authority,70,Queenstown-Lakes District,2026-01-01,6,25.793904622395832,28.209723678011773,3.280987756805414
ets_additive_damped,territorial_authority_71_median_rent,median_rent,territorial_authority,71,Dunedin City,2025-02-01,6,18.299566977526723,24.000003677561207,3.5377491637275003
seasonal_naive,territorial_authority_71_median_rent,median_rent,territorial_authority,71,Dunedin City,2025-02-01,6,25.333333333333332,32.38826948140329,5.080431901452238
xgboost_pooled_recursive,territorial_authority_71_median_rent,median_rent,territorial_authority,71,Dunedin City,2025-02-01,6,24.4286600748698,29.59237752038264,4.672054382677278
ets_additive_damped,territorial_authority_71_median_rent,median_rent,territorial_authority,71,Dunedin City,2025-03-01,6,27.02756691841402,34.30434530357228,5.188835326013435
seasonal_naive,territorial_authority_71_median_rent,median_rent,territorial_authority,71,Dunedin City,2025-03-01,6,22.833333333333332,28.922309727959142,4.464257318653778
xgboost_pooled_recursive,territorial_authority_71_median_rent,median_rent,territorial_authority,71,Dunedin City,2025-03-01,6,30.543772379557293,34.86636602610688,5.855882290536718
ets_additive_damped,territorial_authority_71_median_rent,median_rent,territorial_authority,71,Dunedin City,2025-04-01,6,25.011451496290192,32.518717994751434,4.799554713118271
seasonal_naive,territorial_authority_71_median_rent,median_rent,territorial_authority,71,Dunedin City,2025-04-01,6,19.5,27.745870563623217,3.8106625474119484
xgboost_pooled_recursive,territorial_authority_71_median_rent,median_rent,territorial_authority,71,Dunedin City,2025-04-01,6,30.94464111328125,38.68569659169151,5.879405684075432
ets_additive_damped,territorial_authority_71_median_rent,median_rent,territorial_authority,71,Dunedin City,2025-05-01,6,30.333458158448156,36.347353723169654,5.830014411748111
seasonal_naive,territorial_authority_71_median_rent,median_rent,territorial_authority,71,Dunedin City,2025-05-01,6,12.833333333333334,20.89258241577618,2.542760036452045
xgboost_pooled_recursive,territorial_authority_71_median_rent,median_rent,territorial_authority,71,Dunedin City,2025-05-01,6,28.888478597005207,34.493892775642095,5.580819289649094
ets_additive_damped,territorial_authority_71_median_rent,median_rent,territorial_authority,71,Dunedin City,2025-06-01,6,21.983025079614475,27.966805054627667,4.207245048849562
seasonal_naive,territorial_authority_71_median_rent,median_rent,territorial_authority,71,Dunedin City,2025-06-01,6,14.0,21.087120871912948,2.7562397558786995
xgboost_pooled_recursive,territorial_authority_71_median_rent,median_rent,territorial_authority,71,Dunedin City,2025-06-01,6,23.537465413411457,26.47822300332882,4.533985833224649
ets_additive_damped,territorial_authority_71_median_rent,median_rent,territorial_authority,71,Dunedin City,2025-07-01,6,27.239395198052836,31.41917639655671,4.892584193596929
seasonal_naive,territorial_authority_71_median_rent,median_rent,territorial_authority,71,Dunedin City,2025-07-01,6,16.166666666666668,25.162803235463784,2.637763521807358
xgboost_pooled_recursive,territorial_authority_71_median_rent,median_rent,territorial_authority,71,Dunedin City,2025-07-01,6,42.63575236002604,51.95058743125426,7.18220672953185
ets_additive_damped,territorial_authority_71_median_rent,median_rent,territorial_authority,71,Dunedin City,2025-08-01,6,21.95190666682417,27.79219946723626,3.8377676964158085
seasonal_naive,territorial_authority_71_median_rent,median_rent,territorial_authority,71,Dunedin City,2025-08-01,6,21.166666666666668,27.98511509118136,3.6478645319083682
xgboost_pooled_recursive,territorial_authority_71_median_rent,median_rent,territorial_authority,71,Dunedin City,2025-08-01,6,31.70959981282552,48.722331852393864,5.131739461509057
ets_additive_damped,territorial_authority_71_median_rent,median_rent,territorial_authority,71,Dunedin City,2025-09-01,6,16.360441956836496,22.49883749086128,2.679649071496942
seasonal_naive,territorial_authority_71_median_rent,median_rent,territorial_authority,71,Dunedin City,2025-09-01,6,17.0,24.406283343980636,2.839686153094877
xgboost_pooled_recursive,territorial_authority_71_median_rent,median_rent,territorial_authority,71,Dunedin City,2025-09-01,6,30.215810139973957,47.91752705937734,4.824695012980318
ets_additive_damped,territorial_authority_71_median_rent,median_rent,territorial_authority,71,Dunedin City,2025-10-01,6,15.009273719975567,20.914903947084287,2.4474301746222396
seasonal_naive,territorial_authority_71_median_rent,median_rent,territorial_authority,71,Dunedin City,2025-10-01,6,20.333333333333332,25.73583752927682,3.46861697070494
xgboost_pooled_recursive,territorial_authority_71_median_rent,median_rent,territorial_authority,71,Dunedin City,2025-10-01,6,29.63433837890625,49.813596109081296,4.683645452981907
ets_additive_damped,territorial_authority_71_median_rent,median_rent,territorial_authority,71,Dunedin City,2025-11-01,6,18.177976712714315,23.728687868466306,3.0160848750208675
seasonal_naive,territorial_authority_71_median_rent,median_rent,territorial_authority,71,Dunedin City,2025-11-01,6,23.666666666666668,27.610384519838426,4.083585396558778
xgboost_pooled_recursive,territorial_authority_71_median_rent,median_rent,territorial_authority,71,Dunedin City,2025-11-01,6,24.495615641276043,44.601918540240845,3.766992570605016
ets_additive_damped,territorial_authority_71_median_rent,median_rent,territorial_authority,71,Dunedin City,2025-12-01,6,20.59561400035999,24.869057131971203,3.48590512671843
seasonal_naive,territorial_authority_71_median_rent,median_rent,territorial_authority,71,Dunedin City,2025-12-01,6,28.333333333333332,30.956959368344517,5.019530964488447
xgboost_pooled_recursive,territorial_authority_71_median_rent,median_rent,territorial_authority,71,Dunedin City,2025-12-01,6,31.102325439453125,54.42959267545524,4.877623763597166
ets_additive_damped,territorial_authority_71_median_rent,median_rent,territorial_authority,71,Dunedin City,2026-01-01,6,10.907749311860774,14.68977603492664,2.070745261141008
seasonal_naive,territorial_authority_71_median_rent,median_rent,territorial_authority,71,Dunedin City,2026-01-01,6,20.5,23.305936296717768,3.997394747255376
xgboost_pooled_recursive,territorial_authority_71_median_rent,median_rent,territorial_authority,71,Dunedin City,2026-01-01,6,12.910410563151041,16.129943433419303,2.4307222585530055
ets_additive_damped,territorial_authority_72_median_rent,median_rent,territorial_authority,72,Clutha District,2025-02-01,6,20.343547568744743,29.474417856331574,4.679686731250091
seasonal_naive,territorial_authority_72_median_rent,median_rent,territorial_authority,72,Clutha District,2025-02-01,6,64.5,68.59178765226441,15.265484108720583
xgboost_pooled_recursive,territorial_authority_72_median_rent,median_rent,territorial_authority,72,Clutha District,2025-02-01,6,27.371566772460938,33.915525560189,6.296305925218977
ets_additive_damped,territorial_authority_72_median_rent,median_rent,territorial_authority,72,Clutha District,2025-03-01,6,24.31756491085602,32.0629474994264,5.502058730176931
seasonal_naive,territorial_authority_72_median_rent,median_rent,territorial_authority,72,Clutha District,2025-03-01,6,63.666666666666664,68.01225379787577,14.908977869861403
xgboost_pooled_recursive,territorial_authority_72_median_rent,median_rent,territorial_authority,72,Clutha District,2025-03-01,6,28.281107584635407,36.07112342799869,6.387494258517649
ets_additive_damped,territorial_authority_72_median_rent,median_rent,territorial_authority,72,Clutha District,2025-04-01,6,25.930308982590578,32.65794936364648,5.845169195715779
seasonal_naive,territorial_authority_72_median_rent,median_rent,territorial_authority,72,Clutha District,2025-04-01,6,60.333333333333336,66.52568426304735,14.023702350439542
xgboost_pooled_recursive,territorial_authority_72_median_rent,median_rent,territorial_authority,72,Clutha District,2025-04-01,6,29.906875610351552,36.36245188825854,6.750271980165003
ets_additive_damped,territorial_authority_72_median_rent,median_rent,territorial_authority,72,Clutha District,2025-05-01,6,26.107033462736506,32.83307061247672,5.879747707401494
seasonal_naive,territorial_authority_72_median_rent,median_rent,territorial_authority,72,Clutha District,2025-05-01,6,55.333333333333336,64.23135267660699,12.848257522073862
xgboost_pooled_recursive,territorial_authority_72_median_rent,median_rent,territorial_authority,72,Clutha District,2025-05-01,6,26.275405883789062,34.07861426415913,5.93336864867838
ets_additive_damped,territorial_authority_72_median_rent,median_rent,territorial_authority,72,Clutha District,2025-06-01,6,29.51943343642022,35.56472153898005,6.641326170530084
seasonal_naive,territorial_authority_72_median_rent,median_rent,territorial_authority,72,Clutha District,2025-06-01,6,40.833333333333336,49.286576942070816,9.355950037209443
xgboost_pooled_recursive,territorial_authority_72_median_rent,median_rent,territorial_authority,72,Clutha District,2025-06-01,6,27.599273681640636,35.2950348292592,6.220967335951339
ets_additive_damped,territorial_authority_72_median_rent,median_rent,territorial_authority,72,Clutha District,2025-07-01,6,40.377304023347506,47.55024678354704,9.229775311968066
seasonal_naive,territorial_authority_72_median_rent,median_rent,territorial_authority,72,Clutha District,2025-07-01,6,33.333333333333336,43.20493798938573,7.553868322124778
xgboost_pooled_recursive,territorial_authority_72_median_rent,median_rent,territorial_authority,72,Clutha District,2025-07-01,6,34.42306518554687,42.49409696023169,7.942368259537276
ets_additive_damped,territorial_authority_72_median_rent,median_rent,territorial_authority,72,Clutha District,2025-08-01,6,30.127039503839825,37.02175398437969,6.8353616727954885
seasonal_naive,territorial_authority_72_median_rent,median_rent,territorial_authority,72,Clutha District,2025-08-01,6,19.166666666666668,22.82177322938192,4.3005242339349525
xgboost_pooled_recursive,territorial_authority_72_median_rent,median_rent,territorial_authority,72,Clutha District,2025-08-01,6,29.809722900390625,38.56819676543095,6.7756389237372625
ets_additive_damped,territorial_authority_72_median_rent,median_rent,territorial_authority,72,Clutha District,2025-09-01,6,29.237460587310938,37.36551985113336,6.661804555851678
seasonal_naive,territorial_authority_72_median_rent,median_rent,territorial_authority,72,Clutha District,2025-09-01,6,16.666666666666668,18.257418583505537,3.771514976272944
xgboost_pooled_recursive,territorial_authority_72_median_rent,median_rent,territorial_authority,72,Clutha District,2025-09-01,6,22.382110595703125,30.50570723319049,5.150592419020384
ets_additive_damped,territorial_authority_72_median_rent,median_rent,territorial_authority,72,Clutha District,2025-10-01,6,25.767292166462756,35.24484214893204,5.888795091462023
seasonal_naive,territorial_authority_72_median_rent,median_rent,territorial_authority,72,Clutha District,2025-10-01,6,20.0,23.094010767585033,4.5122557170136846
xgboost_pooled_recursive,territorial_authority_72_median_rent,median_rent,territorial_authority,72,Clutha District,2025-10-01,6,26.145970662434895,32.357851407358105,5.972969835089675
ets_additive_damped,territorial_authority_72_median_rent,median_rent,territorial_authority,72,Clutha District,2025-11-01,6,26.615610438637685,35.200534514988085,6.062496140142443
seasonal_naive,territorial_authority_72_median_rent,median_rent,territorial_authority,72,Clutha District,2025-11-01,6,21.666666666666668,24.49489742783178,4.84486209628454
xgboost_pooled_recursive,territorial_authority_72_median_rent,median_rent,territorial_authority,72,Clutha District,2025-11-01,6,27.802001953125018,35.20568214068096,6.308056384782865
ets_additive_damped,territorial_authority_72_median_rent,median_rent,territorial_authority,72,Clutha District,2025-12-01,6,28.27623998077223,35.10513739969002,6.336114284433959
seasonal_naive,territorial_authority_72_median_rent,median_rent,territorial_authority,72,Clutha District,2025-12-01,6,24.166666666666668,26.692695630078276,5.310818179923657
xgboost_pooled_recursive,territorial_authority_72_median_rent,median_rent,territorial_authority,72,Clutha District,2025-12-01,6,36.81955973307293,41.80549481602841,8.197187525604887
ets_additive_damped,territorial_authority_72_median_rent,median_rent,territorial_authority,72,Clutha District,2026-01-01,6,22.856954663161957,25.50140103815021,4.913548622289211
seasonal_naive,territorial_authority_72_median_rent,median_rent,territorial_authority,72,Clutha District,2026-01-01,6,25.0,27.23355773061365,5.4146162455051625
xgboost_pooled_recursive,territorial_authority_72_median_rent,median_rent,territorial_authority,72,Clutha District,2026-01-01,6,30.508539835611987,34.80361718649976,6.607703745384084
ets_additive_damped,territorial_authority_73_median_rent,median_rent,territorial_authority,73,Southland District,2025-02-01,6,32.84325655228869,37.11551316423296,7.017634048666481
seasonal_naive,territorial_authority_73_median_rent,median_rent,territorial_authority,73,Southland District,2025-02-01,6,23.333333333333332,32.629230249374054,5.391081977154685
xgboost_pooled_recursive,territorial_authority_73_median_rent,median_rent,territorial_authority,73,Southland District,2025-02-01,6,19.523773193359375,24.992973794769238,4.263667443193451
ets_additive_damped,territorial_authority_73_median_rent,median_rent,territorial_authority,73,Southland District,2025-03-01,6,35.56665000212663,41.93332231335295,7.659289334732705
seasonal_naive,territorial_authority_73_median_rent,median_rent,territorial_authority,73,Southland District,2025-03-01,6,27.5,34.792240514229604,6.33051542015756
xgboost_pooled_recursive,territorial_authority_73_median_rent,median_rent,territorial_authority,73,Southland District,2025-03-01,6,22.500340779622405,29.168550904448278,4.951658237359638
ets_additive_damped,territorial_authority_73_median_rent,median_rent,territorial_authority,73,Southland District,2025-04-01,6,40.934564309477,46.97887729397541,8.859272227247992
seasonal_naive,territorial_authority_73_median_rent,median_rent,territorial_authority,73,Southland District,2025-04-01,6,30.833333333333332,36.65833238614835,7.087810559475173
xgboost_pooled_recursive,territorial_authority_73_median_rent,median_rent,territorial_authority,73,Southland District,2025-04-01,6,28.001917521158862,33.48241832610295,6.180787893071522
ets_additive_damped,territorial_authority_73_median_rent,median_rent,territorial_authority,73,Southland District,2025-05-01,6,34.84222194954273,41.803075022306096,7.5617420295572515
seasonal_naive,territorial_authority_73_median_rent,median_rent,territorial_authority,73,Southland District,2025-05-01,6,23.333333333333332,25.126347393390336,5.177466480456396
xgboost_pooled_recursive,territorial_authority_73_median_rent,median_rent,territorial_authority,73,Southland District,2025-05-01,6,22.979054768880207,28.35849390446575,5.09809544990861
ets_additive_damped,territorial_authority_73_median_rent,median_rent,territorial_authority,73,Southland District,2025-06-01,6,38.3620289330139,43.37665161119845,8.309478853167281
seasonal_naive,territorial_authority_73_median_rent,median_rent,territorial_authority,73,Southland District,2025-06-01,6,23.666666666666668,25.179356624028344,5.252434706813584
xgboost_pooled_recursive,territorial_authority_73_median_rent,median_rent,territorial_authority,73,Southland District,2025-06-01,6,26.081563313802093,29.260731749507354,5.767567393073747
ets_additive_damped,territorial_authority_73_median_rent,median_rent,territorial_authority,73,Southland District,2025-07-01,6,25.13647084670676,30.061321773108148,5.4639542339746985
seasonal_naive,territorial_authority_73_median_rent,median_rent,territorial_authority,73,Southland District,2025-07-01,6,25.833333333333332,27.913557040740375,5.610395760650926
xgboost_pooled_recursive,territorial_authority_73_median_rent,median_rent,territorial_authority,73,Southland District,2025-07-01,6,21.326365152994793,22.08316563537059,4.671556322519032
ets_additive_damped,territorial_authority_73_median_rent,median_rent,territorial_authority,73,Southland District,2025-08-01,6,26.465520089980846,31.163053504559773,5.742697785895892
seasonal_naive,territorial_authority_73_median_rent,median_rent,territorial_authority,73,Southland District,2025-08-01,6,22.5,26.060826285186483,4.897383282932566
xgboost_pooled_recursive,territorial_authority_73_median_rent,median_rent,territorial_authority,73,Southland District,2025-08-01,6,16.762135823567718,18.8750242846173,3.694819382911368
ets_additive_damped,territorial_authority_73_median_rent,median_rent,territorial_authority,73,Southland District,2025-09-01,6,14.603679905517955,19.771069273642475,3.149957705222812
seasonal_naive,territorial_authority_73_median_rent,median_rent,territorial_authority,73,Southland District,2025-09-01,6,25.0,29.43920288775949,5.34446840558684
xgboost_pooled_recursive,territorial_authority_73_median_rent,median_rent,territorial_authority,73,Southland District,2025-09-01,6,19.839589436848968,23.36490164309831,4.264933724214724
ets_additive_damped,territorial_authority_73_median_rent,median_rent,territorial_authority,73,Southland District,2025-10-01,6,17.874265189239395,22.97376833499781,3.719672965863543
seasonal_naive,territorial_authority_73_median_rent,median_rent,territorial_authority,73,Southland District,2025-10-01,6,28.833333333333332,34.421408067267286,6.0365632048678
xgboost_pooled_recursive,territorial_authority_73_median_rent,median_rent,territorial_authority,73,Southland District,2025-10-01,6,22.444895426432293,28.075549522816466,4.684700136641514
ets_additive_damped,territorial_authority_73_median_rent,median_rent,territorial_authority,73,Southland District,2025-11-01,6,20.417127956964862,24.315778714542528,4.2744138365782565
seasonal_naive,territorial_authority_73_median_rent,median_rent,territorial_authority,73,Southland District,2025-11-01,6,24.666666666666668,32.873494895837695,5.1356623039669005
xgboost_pooled_recursive,territorial_authority_73_median_rent,median_rent,territorial_authority,73,Southland District,2025-11-01,6,20.698272705078125,27.127571083274464,4.332402387487822
ets_additive_damped,territorial_authority_73_median_rent,median_rent,territorial_authority,73,Southland District,2025-12-01,6,24.88404606807607,32.345775735057245,5.261974921841703
seasonal_naive,territorial_authority_73_median_rent,median_rent,territorial_authority,73,Southland District,2025-12-01,6,26.833333333333332,33.62290885690886,5.607107712731498
xgboost_pooled_recursive,territorial_authority_73_median_rent,median_rent,territorial_authority,73,Southland District,2025-12-01,6,22.961873372395832,28.17688701632165,4.819888912571727
ets_additive_damped,territorial_authority_73_median_rent,median_rent,territorial_authority,73,Southland District,2026-01-01,6,27.63355715615337,31.95721505948159,5.814968576477743
seasonal_naive,territorial_authority_73_median_rent,median_rent,territorial_authority,73,Southland District,2026-01-01,6,31.333333333333332,40.149719799769464,6.66436705312337
xgboost_pooled_recursive,territorial_authority_73_median_rent,median_rent,territorial_authority,73,Southland District,2026-01-01,6,27.652694702148427,36.628671367644415,5.820496918092919
ets_additive_damped,territorial_authority_74_median_rent,median_rent,territorial_authority,74,Gore District,2025-02-01,6,45.65044272863127,53.54668572245653,9.849020189279607
seasonal_naive,territorial_authority_74_median_rent,median_rent,territorial_authority,74,Gore District,2025-02-01,6,28.333333333333332,36.40054944640259,6.280153548581979
xgboost_pooled_recursive,territorial_authority_74_median_rent,median_rent,territorial_authority,74,Gore District,2025-02-01,6,30.390457153320312,38.24951566791837,6.736358052803625
ets_additive_damped,territorial_authority_74_median_rent,median_rent,territorial_authority,74,Gore District,2025-03-01,6,25.765549426608402,29.49501256191008,5.488691013817956
seasonal_naive,territorial_authority_74_median_rent,median_rent,territorial_authority,74,Gore District,2025-03-01,6,30.0,36.62876829305985,6.650523918952349
xgboost_pooled_recursive,territorial_authority_74_median_rent,median_rent,territorial_authority,74,Gore District,2025-03-01,6,16.631708780924487,19.32132949258902,3.571079587180808
ets_additive_damped,territorial_authority_74_median_rent,median_rent,territorial_authority,74,Gore District,2025-04-01,6,23.97497633063138,26.796201649232035,5.1020244879473635
seasonal_naive,territorial_authority_74_median_rent,median_rent,territorial_authority,74,Gore District,2025-04-01,6,30.0,36.62876829305985,6.60216801953262
xgboost_pooled_recursive,territorial_authority_74_median_rent,median_rent,territorial_authority,74,Gore District,2025-04-01,6,15.443944295247396,19.734829128002325,3.3126498464505145
ets_additive_damped,territorial_authority_74_median_rent,median_rent,territorial_authority,74,Gore District,2025-05-01,6,25.02399412546032,27.402955763680453,5.311162275918941
seasonal_naive,territorial_authority_74_median_rent,median_rent,territorial_authority,74,Gore District,2025-05-01,6,27.5,32.85067224071171,5.916742334106934
xgboost_pooled_recursive,territorial_authority_74_median_rent,median_rent,territorial_authority,74,Gore District,2025-05-01,6,18.50531005859375,21.605883924457743,3.9329051001111304
ets_additive_damped,territorial_authority_74_median_rent,median_rent,territorial_authority,74,Gore District,2025-06-01,6,27.059635979996823,28.15654402911875,5.73512596745947
seasonal_naive,territorial_authority_74_median_rent,median_rent,territorial_authority,74,Gore District,2025-06-01,6,24.166666666666668,30.754403478743225,5.1594471947893235
xgboost_pooled_recursive,territorial_authority_74_median_rent,median_rent,territorial_authority,74,Gore District,2025-06-01,6,19.764480590820302,22.280431875928173,4.203318673365359
ets_additive_damped,territorial_authority_74_median_rent,median_rent,territorial_authority,74,Gore District,2025-07-01,6,36.51402474735633,40.84143458068576,7.739238284446294
seasonal_naive,territorial_authority_74_median_rent,median_rent,territorial_authority,74,Gore District,2025-07-01,6,25.833333333333332,33.8501600193165,5.512180880856343
xgboost_pooled_recursive,territorial_authority_74_median_rent,median_rent,territorial_authority,74,Gore District,2025-07-01,6,23.901580810546875,27.15697769241245,5.141832304000085
ets_additive_damped,territorial_authority_74_median_rent,median_rent,territorial_authority,74,Gore District,2025-08-01,6,30.36451317713276,33.305938081822475,6.433241414300365
seasonal_naive,territorial_authority_74_median_rent,median_rent,territorial_authority,74,Gore District,2025-08-01,6,26.666666666666668,34.03429642777023,5.676838334546435
xgboost_pooled_recursive,territorial_authority_74_median_rent,median_rent,territorial_authority,74,Gore District,2025-08-01,6,18.935516357421886,25.67339844331417,4.043176098737149
ets_additive_damped,territorial_authority_74_median_rent,median_rent,territorial_authority,74,Gore District,2025-09-01,6,21.60926409035805,25.259332388870707,4.579650674290603
seasonal_naive,territorial_authority_74_median_rent,median_rent,territorial_authority,74,Gore District,2025-09-01,6,41.666666666666664,52.993710318615484,9.09434675205485
xgboost_pooled_recursive,territorial_authority_74_median_rent,median_rent,territorial_authority,74,Gore District,2025-09-01,6,20.989237467447918,27.01448014553193,4.458806521629935
ets_additive_damped,territorial_authority_74_median_rent,median_rent,territorial_authority,74,Gore District,2025-10-01,6,23.20570725977807,26.028358447465898,4.912062327745337
seasonal_naive,territorial_authority_74_median_rent,median_rent,territorial_authority,74,Gore District,2025-10-01,6,40.0,52.51983752196244,8.75142726019919
xgboost_pooled_recursive,territorial_authority_74_median_rent,median_rent,territorial_authority,74,Gore District,2025-10-01,6,22.87439473470053,28.31992188023421,4.866622172004442
ets_additive_damped,territorial_authority_74_median_rent,median_rent,territorial_authority,74,Gore District,2025-11-01,6,22.93547929978796,28.020455371733814,4.844347191582526
seasonal_naive,territorial_authority_74_median_rent,median_rent,territorial_authority,74,Gore District,2025-11-01,6,37.5,50.703385817254194,8.195053507949149
xgboost_pooled_recursive,territorial_authority_74_median_rent,median_rent,territorial_authority,74,Gore District,2025-11-01,6,22.11510721842448,25.863884688627195,4.6840103459205675
ets_additive_damped,territorial_authority_74_median_rent,median_rent,territorial_authority,74,Gore District,2025-12-01,6,22.707218519163103,26.138318819152047,4.783213007248924
seasonal_naive,territorial_authority_74_median_rent,median_rent,territorial_authority,74,Gore District,2025-12-01,6,37.5,50.703385817254194,8.187176080716881
xgboost_pooled_recursive,territorial_authority_74_median_rent,median_rent,territorial_authority,74,Gore District,2025-12-01,6,19.801045735677093,26.24239400762709,4.18972322745507
ets_additive_damped,territorial_authority_74_median_rent,median_rent,territorial_authority,74,Gore District,2026-01-01,6,16.317779874590126,17.446707126601527,3.391301517887816
seasonal_naive,territorial_authority_74_median_rent,median_rent,territorial_authority,74,Gore District,2026-01-01,6,26.666666666666668,43.20493798938573,5.894407121281256
xgboost_pooled_recursive,territorial_authority_74_median_rent,median_rent,territorial_authority,74,Gore District,2026-01-01,6,28.677220662434895,33.29045615387499,6.08432157007833
ets_additive_damped,territorial_authority_75_median_rent,median_rent,territorial_authority,75,Invercargill City,2025-02-01,6,7.842464634322833,9.202189031369002,1.6221609631583114
seasonal_naive,territorial_authority_75_median_rent,median_rent,territorial_authority,75,Invercargill City,2025-02-01,6,26.666666666666668,28.861739379323623,5.695688575590804
xgboost_pooled_recursive,territorial_authority_75_median_rent,median_rent,territorial_authority,75,Invercargill City,2025-02-01,6,5.021443684895833,6.772395342266464,1.039199511063626
ets_additive_damped,territorial_authority_75_median_rent,median_rent,territorial_authority,75,Invercargill City,2025-03-01,6,5.693722945783094,6.860362499427046,1.170785582756409
seasonal_naive,territorial_authority_75_median_rent,median_rent,territorial_authority,75,Invercargill City,2025-03-01,6,25.333333333333332,28.583211855912904,5.406855058930496
xgboost_pooled_recursive,territorial_authority_75_median_rent,median_rent,territorial_authority,75,Invercargill City,2025-03-01,6,5.781875610351553,6.848703076063224,1.192534815552897
ets_additive_damped,territorial_authority_75_median_rent,median_rent,territorial_authority,75,Invercargill City,2025-04-01,6,10.208839986675287,13.565239366854604,2.106796860963678
seasonal_naive,territorial_authority_75_median_rent,median_rent,territorial_authority,75,Invercargill City,2025-04-01,6,25.666666666666668,28.919428302325297,5.473595566158352
xgboost_pooled_recursive,territorial_authority_75_median_rent,median_rent,territorial_authority,75,Invercargill City,2025-04-01,6,5.817535400390625,9.350937651086024,1.2085476662764882
ets_additive_damped,territorial_authority_75_median_rent,median_rent,territorial_authority,75,Invercargill City,2025-05-01,6,11.617864111628819,14.038773195885545,2.390913631500571
seasonal_naive,territorial_authority_75_median_rent,median_rent,territorial_authority,75,Invercargill City,2025-05-01,6,23.166666666666668,25.472207076210207,4.882901779588276
xgboost_pooled_recursive,territorial_authority_75_median_rent,median_rent,territorial_authority,75,Invercargill City,2025-05-01,6,8.564737955729166,10.471983713741217,1.7693495702222648
ets_additive_damped,territorial_authority_75_median_rent,median_rent,territorial_authority,75,Invercargill City,2025-06-01,6,13.408846505272654,14.92286501728112,2.7579309967931707
seasonal_naive,territorial_authority_75_median_rent,median_rent,territorial_authority,75,Invercargill City,2025-06-01,6,19.0,22.427661492005804,3.982153032192003
xgboost_pooled_recursive,territorial_authority_75_median_rent,median_rent,territorial_authority,75,Invercargill City,2025-06-01,6,7.25097147623697,9.924371928747487,1.4963943113888871
ets_additive_damped,territorial_authority_75_median_rent,median_rent,territorial_authority,75,Invercargill City,2025-07-01,6,15.033412844999049,16.162050240615773,3.0869884320111076
seasonal_naive,territorial_authority_75_median_rent,median_rent,territorial_authority,75,Invercargill City,2025-07-01,6,17.833333333333332,21.714050750608465,3.724876591207065
xgboost_pooled_recursive,territorial_authority_75_median_rent,median_rent,territorial_authority,75,Invercargill City,2025-07-01,6,8.739613850911459,11.27308677934137,1.8010789695665652
ets_additive_damped,territorial_authority_75_median_rent,median_rent,territorial_authority,75,Invercargill City,2025-08-01,6,13.761348409505993,14.704601490575033,2.8337388042601037
seasonal_naive,territorial_authority_75_median_rent,median_rent,territorial_authority,75,Invercargill City,2025-08-01,6,17.0,20.631690833925045,3.550508674903665
xgboost_pooled_recursive,territorial_authority_75_median_rent,median_rent,territorial_authority,75,Invercargill City,2025-08-01,6,12.084864298502604,13.805193551019192,2.4907230312193245
ets_additive_damped,territorial_authority_75_median_rent,median_rent,territorial_authority,75,Invercargill City,2025-09-01,6,11.604498444199558,12.944135862633207,2.3912760619183557
seasonal_naive,territorial_authority_75_median_rent,median_rent,territorial_authority,75,Invercargill City,2025-09-01,6,19.166666666666668,21.50581316760657,4.004479461919955
xgboost_pooled_recursive,territorial_authority_75_median_rent,median_rent,territorial_authority,75,Invercargill City,2025-09-01,6,12.1981201171875,13.517434517514598,2.5148185229685036
ets_additive_damped,territorial_authority_75_median_rent,median_rent,territorial_authority,75,Invercargill City,2025-10-01,6,9.585805673005458,13.562428947026032,1.9342296187884416
seasonal_naive,territorial_authority_75_median_rent,median_rent,territorial_authority,75,Invercargill City,2025-10-01,6,17.833333333333332,19.828430766620606,3.6939183590229594
xgboost_pooled_recursive,territorial_authority_75_median_rent,median_rent,territorial_authority,75,Invercargill City,2025-10-01,6,14.988993326822907,17.33058380565876,3.0433933821797163
ets_additive_damped,territorial_authority_75_median_rent,median_rent,territorial_authority,75,Invercargill City,2025-11-01,6,9.233941156218947,10.299851774620533,1.8684330059414673
seasonal_naive,territorial_authority_75_median_rent,median_rent,territorial_authority,75,Invercargill City,2025-11-01,6,15.333333333333334,16.753109164172084,3.1706047371693824
xgboost_pooled_recursive,territorial_authority_75_median_rent,median_rent,territorial_authority,75,Invercargill City,2025-11-01,6,16.09216308593751,17.49598719366647,3.2608449968876156
ets_additive_damped,territorial_authority_75_median_rent,median_rent,territorial_authority,75,Invercargill City,2025-12-01,6,10.021817733967945,11.491491947020412,2.0192949274251286
seasonal_naive,territorial_authority_75_median_rent,median_rent,territorial_authority,75,Invercargill City,2025-12-01,6,17.833333333333332,18.524758208048674,3.676356776204891
xgboost_pooled_recursive,territorial_authority_75_median_rent,median_rent,territorial_authority,75,Invercargill City,2025-12-01,6,15.568710327148429,17.136673917198884,3.1521351717180535
ets_additive_damped,territorial_authority_75_median_rent,median_rent,territorial_authority,75,Invercargill City,2026-01-01,6,13.24135121537005,16.378461410465675,2.65652530136553
seasonal_naive,territorial_authority_75_median_rent,median_rent,territorial_authority,75,Invercargill City,2026-01-01,6,21.166666666666668,21.828879952943073,4.342815174622054
xgboost_pooled_recursive,territorial_authority_75_median_rent,median_rent,territorial_authority,75,Invercargill City,2026-01-01,6,24.244542439778638,28.126682979606,4.941705283311616
