model,series_id,metric,geography_level,location_id,location_name,origin,forecast_period,reference_period,horizon_step,actual,predicted,error,absolute_error,squared_error,best_model,forecast_residual,forecast_residual_pct,forecast_error_direction,residual_median,residual_mad,residual_iqr,forecast_scale_method,forecast_residual_scale,forecast_anomaly_score,forecast_score_available,forecast_severity,forecast_direction,forecast_is_anomaly,forecast_anomaly_horizon,minimum_prior_residuals,forecast_practical_significance_available,forecast_practical_significance,forecast_statistical_anomaly,forecast_dashboard_alert,forecast_alert_status
ets_additive_damped,region_12_bonds_lodged,bonds_lodged,region,12,West Coast Region,2025-02-01,2025-03-01,,1,42.0,36.12255551673265,5.877444483267347,5.877444483267347,34.544353653889765,ets_additive_damped,5.877444483267347,16.27084351921005,above_forecast,,,,unavailable,,,False,unavailable,unavailable,False,1,6,True,True,False,False,unavailable
ets_additive_damped,region_12_bonds_lodged,bonds_lodged,region,12,West Coast Region,2025-03-01,2025-04-01,,1,45.0,35.12939174840553,9.870608251594469,9.870608251594469,97.42890725644482,ets_additive_damped,9.870608251594469,28.097862673760872,above_forecast,,,,unavailable,,,False,unavailable,unavailable,False,1,6,True,True,False,False,unavailable
ets_additive_damped,region_12_bonds_lodged,bonds_lodged,region,12,West Coast Region,2025-04-01,2025-05-01,,1,54.0,38.89177342432054,15.10822657567946,15.10822657567946,228.2585102620671,ets_additive_damped,15.10822657567946,38.8468440635101,above_forecast,,,,unavailable,,,False,unavailable,unavailable,False,1,6,True,True,False,False,unavailable
ets_additive_damped,region_12_bonds_lodged,bonds_lodged,region,12,West Coast Region,2025-05-01,2025-06-01,,1,45.0,39.09992053621148,5.900079463788522,5.900079463788522,34.810937679019055,ets_additive_damped,5.900079463788522,15.08974796591799,above_forecast,,,,unavailable,,,False,unavailable,unavailable,False,1,6,True,True,False,False,unavailable
ets_additive_damped,region_12_bonds_lodged,bonds_lodged,region,12,West Coast Region,2025-06-01,2025-07-01,,1,42.0,42.73074730295281,-0.7307473029528069,0.7307473029528069,0.5339916207728013,ets_additive_damped,-0.7307473029528069,-1.7101205784489295,below_forecast,,,,unavailable,,,False,unavailable,unavailable,False,1,6,True,False,False,False,unavailable
ets_additive_damped,region_12_bonds_lodged,bonds_lodged,region,12,West Coast Region,2025-07-01,2025-08-01,,1,60.0,43.72288269205541,16.277117307944586,16.277117307944586,264.9445478565892,ets_additive_damped,16.277117307944593,37.22791432254351,above_forecast,,,,unavailable,,,False,unavailable,unavailable,False,1,6,True,True,False,False,unavailable
ets_additive_damped,region_12_bonds_lodged,bonds_lodged,region,12,West Coast Region,2025-08-01,2025-09-01,,1,48.0,42.65370202648442,5.346297973515576,5.346297973515576,28.58290202161675,ets_additive_damped,5.346297973515583,12.534194500153758,above_forecast,7.885343857691495,4.615391046206057,7.9157187662605715,mad,6.842685020320321,-0.37105988024231085,True,normal,normal,False,1,6,True,True,False,False,normal
ets_additive_damped,region_12_bonds_lodged,bonds_lodged,region,12,West Coast Region,2025-09-01,2025-10-01,,1,60.0,42.35854896896456,17.641451031035444,17.641451031035444,311.22079448042155,ets_additive_damped,17.641451031035437,41.64791160330126,above_forecast,5.900079463788522,3.9705287878059465,6.8775461852454995,mad,5.88662533403402,1.9945844861848412,True,normal,normal,False,1,6,True,True,False,False,normal
ets_additive_damped,region_12_bonds_lodged,bonds_lodged,region,12,West Coast Region,2025-10-01,2025-11-01,,1,39.0,45.18103620506719,-6.181036205067187,6.181036205067187,38.205208568351374,ets_additive_damped,-6.181036205067187,-13.680598596749238,below_forecast,7.885343857691495,4.880964301081939,9.655791402916337,mad,7.236418533850168,-1.9438317445238484,True,normal,normal,False,1,6,True,True,False,False,normal
ets_additive_damped,region_12_bonds_lodged,bonds_lodged,region,12,West Coast Region,2025-11-01,2025-12-01,,1,30.0,41.13451120179049,-11.134511201790488,11.134511201790488,123.97733970279786,ets_additive_damped,-11.134511201790488,-27.068538987053355,below_forecast,5.900079463788522,6.630826766741329,9.761928602163877,mad,9.830729083382252,-1.7327901645030663,True,normal,normal,False,1,6,True,True,False,False,normal
ets_additive_damped,region_12_bonds_lodged,bonds_lodged,region,12,West Coast Region,2025-12-01,2026-01-01,,1,33.0,55.405752359945744,-22.405752359945744,22.405752359945744,502.0177388152143,ets_additive_damped,-22.405752359945744,-40.439397365071144,below_forecast,5.888761973527934,7.919486939316133,13.010307978493922,mad,11.741270480824513,-2.4098341299336745,True,normal,normal,False,1,6,True,True,False,False,normal
ets_additive_damped,region_12_bonds_lodged,bonds_lodged,region,12,West Coast Region,2026-01-01,2026-02-01,,1,39.0,41.79926194362971,-2.799261943629709,2.799261943629709,7.835867429053576,ets_additive_damped,-2.799261943629709,-6.696917154673162,below_forecast,5.877444483267347,9.230782092412113,15.945309167646961,mad,13.685370040640642,-0.63401328580304,True,normal,normal,False,1,6,True,False,False,False,normal
xgboost_pooled_recursive,region_12_median_rent,median_rent,region,12,West Coast Region,2025-02-01,2025-03-01,,1,440.0,442.4288024902344,-2.428802490234375,2.428802490234375,5.899081536568701,xgboost_pooled_recursive,-2.428802490234375,-0.5489702470914481,below_forecast,,,,unavailable,,,False,unavailable,unavailable,False,1,6,True,False,False,False,unavailable
xgboost_pooled_recursive,region_12_median_rent,median_rent,region,12,West Coast Region,2025-03-01,2025-04-01,,1,420.0,434.9938049316406,-14.993804931640623,14.993804931640623,224.8141863280908,xgboost_pooled_recursive,-14.993804931640625,-3.446900797586509,below_forecast,,,,unavailable,,,False,unavailable,unavailable,False,1,6,True,False,False,False,unavailable
xgboost_pooled_recursive,region_12_median_rent,median_rent,region,12,West Coast Region,2025-04-01,2025-05-01,,1,440.0,436.6958923339844,3.304107666015625,3.304107666015625,10.91712746862322,xgboost_pooled_recursive,3.304107666015625,0.7566152382053203,above_forecast,,,,unavailable,,,False,unavailable,unavailable,False,1,6,True,False,False,False,unavailable
xgboost_pooled_recursive,region_12_median_rent,median_rent,region,12,West Coast Region,2025-05-01,2025-06-01,,1,470.0,434.14947509765625,35.85052490234375,35.85052490234375,1285.2601357735691,xgboost_pooled_recursive,35.85052490234375,8.25764557109729,above_forecast,,,,unavailable,,,False,unavailable,unavailable,False,1,6,True,True,False,False,unavailable
xgboost_pooled_recursive,region_12_median_rent,median_rent,region,12,West Coast Region,2025-06-01,2025-07-01,,1,420.0,442.72564697265625,-22.72564697265625,22.72564697265625,516.4550303258002,xgboost_pooled_recursive,-22.72564697265625,-5.133121861824246,below_forecast,,,,unavailable,,,False,unavailable,unavailable,False,1,6,True,True,False,False,unavailable
xgboost_pooled_recursive,region_12_median_rent,median_rent,region,12,West Coast Region,2025-07-01,2025-08-01,,1,450.0,441.8930969238281,8.106903076171875,8.106903076171875,65.72187748644501,xgboost_pooled_recursive,8.106903076171875,1.834584684080121,above_forecast,,,,unavailable,,,False,unavailable,unavailable,False,1,6,True,False,False,False,unavailable
xgboost_pooled_recursive,region_12_median_rent,median_rent,region,12,West Coast Region,2025-08-01,2025-09-01,,1,410.0,447.8327331542969,-37.83273315429688,37.83273315429688,1431.315697924234,xgboost_pooled_recursive,-37.832733154296875,-8.447960667775023,below_forecast,0.437652587890625,11.55035400390625,18.758758544921875,mad,17.124320243004078,-2.234855760643835,True,normal,normal,False,1,6,True,True,False,False,normal
xgboost_pooled_recursive,region_12_median_rent,median_rent,region,12,West Coast Region,2025-09-01,2025-10-01,,1,430.0,430.5517883300781,-0.551788330078125,0.551788330078125,0.3044703612104058,xgboost_pooled_recursive,-0.551788330078125,-0.12815841091225524,below_forecast,-2.428802490234375,12.56500244140625,24.565231323242188,mad,18.628617407570424,0.10075971389017073,True,normal,normal,False,1,6,True,False,False,False,normal
xgboost_pooled_recursive,region_12_median_rent,median_rent,region,12,West Coast Region,2025-10-01,2025-11-01,,1,445.0,436.7448425292969,8.255157470703125,8.255157470703125,68.14762486610562,xgboost_pooled_recursive,8.255157470703125,1.8901556851582897,above_forecast,-1.49029541015625,11.55035400390625,21.43157196044922,mad,17.124320243004078,0.5691001302571852,True,normal,normal,False,1,6,True,False,False,False,normal
xgboost_pooled_recursive,region_12_median_rent,median_rent,region,12,West Coast Region,2025-11-01,2025-12-01,,1,460.0,449.8930358886719,10.106964111328123,10.106964111328123,102.15072354767472,xgboost_pooled_recursive,10.106964111328125,2.246526019537929,above_forecast,-0.551788330078125,8.80694580078125,23.1007080078125,mad,13.056998963352484,0.8163248286472663,True,normal,normal,False,1,6,True,False,False,False,normal
xgboost_pooled_recursive,region_12_median_rent,median_rent,region,12,West Coast Region,2025-12-01,2026-01-01,,1,450.0,454.9932861328125,-4.9932861328125,4.9932861328125,24.93290640413761,xgboost_pooled_recursive,-4.9932861328125,-1.0974417172729358,below_forecast,1.37615966796875,7.804901123046875,20.070648193359375,mad,11.571387877015383,-0.5504478692165427,True,normal,normal,False,1,6,True,False,False,False,normal
xgboost_pooled_recursive,region_12_median_rent,median_rent,region,12,West Coast Region,2026-01-01,2026-02-01,,1,500.0,449.2116088867188,50.78839111328125,50.78839111328125,2579.460671875626,xgboost_pooled_recursive,50.78839111328119,11.306117230396175,above_forecast,-0.551788330078125,8.80694580078125,18.174575805664062,mad,13.056998963352484,3.9320045584331833,True,high,high,True,1,6,True,True,True,True,dashboard_alert
ets_additive_damped,region_13_bonds_lodged,bonds_lodged,region,13,Canterbury Region,2025-02-01,2025-03-01,,1,1806.0,1717.647448794553,88.35255120544707,88.35255120544707,7806.173304511147,ets_additive_damped,88.35255120544707,5.143811744805548,above_forecast,,,,unavailable,,,False,unavailable,unavailable,False,1,6,True,True,False,False,unavailable
ets_additive_damped,region_13_bonds_lodged,bonds_lodged,region,13,Canterbury Region,2025-03-01,2025-04-01,,1,1722.0,1551.7467977778483,170.25320222215169,170.25320222215169,28986.152866896875,ets_additive_damped,170.25320222215169,10.971712812036074,above_forecast,,,,unavailable,,,False,unavailable,unavailable,False,1,6,True,True,False,False,unavailable
ets_additive_damped,region_13_bonds_lodged,bonds_lodged,region,13,Canterbury Region,2025-04-01,2025-05-01,,1,1881.0,1670.1820432505936,210.81795674940645,210.81795674940645,44444.21088799461,ets_additive_damped,210.81795674940645,12.622453797856775,above_forecast,,,,unavailable,,,False,unavailable,unavailable,False,1,6,True,True,False,False,unavailable
ets_additive_damped,region_13_bonds_lodged,bonds_lodged,region,13,Canterbury Region,2025-05-01,2025-06-01,,1,1749.0,1655.4127685445528,93.58723145544718,93.58723145544718,8758.569891495443,ets_additive_damped,93.58723145544718,5.653407611307091,above_forecast,,,,unavailable,,,False,unavailable,unavailable,False,1,6,True,True,False,False,unavailable
ets_additive_damped,region_13_bonds_lodged,bonds_lodged,region,13,Canterbury Region,2025-06-01,2025-07-01,,1,1734.0,1747.031542623897,-13.03154262389694,13.03154262389694,169.82110315844272,ets_additive_damped,-13.03154262389694,-0.7459248620276564,below_forecast,,,,unavailable,,,False,unavailable,unavailable,False,1,6,True,False,False,False,unavailable
ets_additive_damped,region_13_bonds_lodged,bonds_lodged,region,13,Canterbury Region,2025-07-01,2025-08-01,,1,1794.0,1664.4273944082493,129.57260559175074,129.57260559175074,16789.060119835398,ets_additive_damped,129.57260559175074,7.784815728643871,above_forecast,,,,unavailable,,,False,unavailable,unavailable,False,1,6,True,True,False,False,unavailable
ets_additive_damped,region_13_bonds_lodged,bonds_lodged,region,13,Canterbury Region,2025-08-01,2025-09-01,,1,1659.0,1708.7965565931213,-49.796556593121295,49.796556593121295,2479.697048531932,ets_additive_damped,-49.796556593121295,-2.914130204733217,below_forecast,111.57991852359896,40.95032550835231,70.42183179660435,mad,60.712120842627584,-2.6580602501932953,True,moderate,low,True,1,6,True,False,True,False,statistical_only
ets_additive_damped,region_13_bonds_lodged,bonds_lodged,region,13,Canterbury Region,2025-09-01,2025-10-01,,1,1761.0,1713.8062478884672,47.19375211153283,47.19375211153283,2227.2502383648093,ets_additive_damped,47.19375211153283,2.753739062958776,above_forecast,93.58723145544718,76.6659707667045,112.25239961617615,mad,113.66341106998443,-0.4081654677365711,True,normal,normal,False,1,6,True,False,False,False,normal
ets_additive_damped,region_13_bonds_lodged,bonds_lodged,region,13,Canterbury Region,2025-10-01,2025-11-01,,1,1929.0,1919.8783721093205,9.121627890679749,9.121627890679749,83.20409537602666,ets_additive_damped,9.12162789067952,0.4751148834838857,above_forecast,90.96989133044713,61.52972505530943,107.60532632167559,mad,91.22272061572933,-0.8972355010606282,True,normal,normal,False,1,6,True,False,False,False,normal
ets_additive_damped,region_13_bonds_lodged,bonds_lodged,region,13,Canterbury Region,2025-11-01,2025-12-01,,1,1893.0,1872.2220853387687,20.777914661230625,20.777914661230625,431.72173766938255,ets_additive_damped,20.777914661231307,1.1097996772894416,above_forecast,88.35255120544707,79.23092331476755,120.45097770107122,mad,117.46615762011498,-0.5752689788556107,True,normal,normal,False,1,6,True,False,False,False,normal
ets_additive_damped,region_13_bonds_lodged,bonds_lodged,region,13,Canterbury Region,2025-12-01,2026-01-01,,1,2079.0,2108.523557549631,-29.523557549630823,29.523557549630823,871.6404503863631,ets_additive_damped,-29.523557549630823,-1.4002005073133215,below_forecast,67.77315165848995,60.22548885053561,108.54056247435739,mad,89.28908650931892,-1.0896819870361885,True,normal,normal,False,1,6,True,False,False,False,normal
ets_additive_damped,region_13_bonds_lodged,bonds_lodged,region,13,Canterbury Region,2026-01-01,2026-02-01,,1,1860.0,2288.933657306999,-428.9336573069991,428.9336573069991,183984.0823707581,ets_additive_damped,-428.93365730699907,-18.739453454131684,below_forecast,47.19375211153283,60.22529473542977,113.53487589020767,mad,89.28879871820574,-5.332442772818387,True,high,low,True,1,6,True,True,True,True,dashboard_alert
seasonal_naive,region_13_median_rent,median_rent,region,13,Canterbury Region,2025-02-01,2025-03-01,2024-03-01,1,550.0,540.0,10.0,10.0,100.0,seasonal_naive,10.0,1.8518518518518516,above_forecast,,,,unavailable,,,False,unavailable,unavailable,False,1,6,True,False,False,False,unavailable
seasonal_naive,region_13_median_rent,median_rent,region,13,Canterbury Region,2025-03-01,2025-04-01,2024-04-01,1,550.0,535.0,15.0,15.0,225.0,seasonal_naive,15.0,2.803738317757009,above_forecast,,,,unavailable,,,False,unavailable,unavailable,False,1,6,True,True,False,False,unavailable
seasonal_naive,region_13_median_rent,median_rent,region,13,Canterbury Region,2025-04-01,2025-05-01,2024-05-01,1,550.0,540.0,10.0,10.0,100.0,seasonal_naive,10.0,1.8518518518518516,above_forecast,,,,unavailable,,,False,unavailable,unavailable,False,1,6,True,False,False,False,unavailable
seasonal_naive,region_13_median_rent,median_rent,region,13,Canterbury Region,2025-05-01,2025-06-01,2024-06-01,1,535.0,540.0,-5.0,5.0,25.0,seasonal_naive,-5.0,-0.9259259259259258,below_forecast,,,,unavailable,,,False,unavailable,unavailable,False,1,6,True,False,False,False,unavailable
seasonal_naive,region_13_median_rent,median_rent,region,13,Canterbury Region,2025-06-01,2025-07-01,2024-07-01,1,530.0,530.0,0.0,0.0,0.0,seasonal_naive,0.0,0.0,on_forecast,,,,unavailable,,,False,unavailable,unavailable,False,1,6,True,False,False,False,unavailable
seasonal_naive,region_13_median_rent,median_rent,region,13,Canterbury Region,2025-07-01,2025-08-01,2024-08-01,1,540.0,535.0,5.0,5.0,25.0,seasonal_naive,5.0,0.9345794392523363,above_forecast,,,,unavailable,,,False,unavailable,unavailable,False,1,6,True,False,False,False,unavailable
seasonal_naive,region_13_median_rent,median_rent,region,13,Canterbury Region,2025-08-01,2025-09-01,2024-09-01,1,545.0,530.0,15.0,15.0,225.0,seasonal_naive,15.0,2.8301886792452833,above_forecast,7.5,5.0,8.75,mad,7.412898443291327,1.01175,True,normal,normal,False,1,6,True,True,False,False,normal
seasonal_naive,region_13_median_rent,median_rent,region,13,Canterbury Region,2025-09-01,2025-10-01,2024-10-01,1,540.0,535.0,5.0,5.0,25.0,seasonal_naive,5.0,0.9345794392523363,above_forecast,10.0,5.0,10.0,mad,7.412898443291327,-0.6745,True,normal,normal,False,1,6,True,False,False,False,normal
seasonal_naive,region_13_median_rent,median_rent,region,13,Canterbury Region,2025-10-01,2025-11-01,2024-11-01,1,569.0,550.0,19.0,19.0,361.0,seasonal_naive,19.0,3.4545454545454546,above_forecast,7.5,5.0,7.5,mad,7.412898443291327,1.5513499999999998,True,normal,normal,False,1,6,True,True,False,False,normal
seasonal_naive,region_13_median_rent,median_rent,region,13,Canterbury Region,2025-11-01,2025-12-01,2024-12-01,1,580.0,570.0,10.0,10.0,100.0,seasonal_naive,10.0,1.7543859649122806,above_forecast,10.0,5.0,10.0,mad,7.412898443291327,0.0,True,normal,normal,False,1,6,True,False,False,False,normal
seasonal_naive,region_13_median_rent,median_rent,region,13,Canterbury Region,2025-12-01,2026-01-01,2025-01-01,1,575.0,560.0,15.0,15.0,225.0,seasonal_naive,15.0,2.6785714285714284,above_forecast,10.0,5.0,8.75,mad,7.412898443291327,0.6745,True,normal,normal,False,1,6,True,True,False,False,normal
seasonal_naive,region_13_median_rent,median_rent,region,13,Canterbury Region,2026-01-01,2026-02-01,2025-02-01,1,550.0,550.0,0.0,0.0,0.0,seasonal_naive,0.0,0.0,on_forecast,10.0,5.0,10.0,mad,7.412898443291327,-1.349,True,normal,normal,False,1,6,True,False,False,False,normal
ets_additive_damped,region_14_bonds_lodged,bonds_lodged,region,14,Otago Region,2025-02-01,2025-03-01,,1,660.0,617.0285990666106,42.97140093338942,42.97140093338942,1846.541298178101,ets_additive_damped,42.97140093338942,6.964247848218538,above_forecast,,,,unavailable,,,False,unavailable,unavailable,False,1,6,True,False,False,False,unavailable
ets_additive_damped,region_14_bonds_lodged,bonds_lodged,region,14,Otago Region,2025-03-01,2025-04-01,,1,636.0,567.1933509381868,68.80664906181323,68.80664906181323,4734.354955115524,ets_additive_damped,68.80664906181323,12.131074694017673,above_forecast,,,,unavailable,,,False,unavailable,unavailable,False,1,6,True,True,False,False,unavailable
ets_additive_damped,region_14_bonds_lodged,bonds_lodged,region,14,Otago Region,2025-04-01,2025-05-01,,1,699.0,621.3910752734419,77.60892472655814,77.60892472655814,6023.145197212568,ets_additive_damped,77.60892472655814,12.489546086964074,above_forecast,,,,unavailable,,,False,unavailable,unavailable,False,1,6,True,True,False,False,unavailable
ets_additive_damped,region_14_bonds_lodged,bonds_lodged,region,14,Otago Region,2025-05-01,2025-06-01,,1,726.0,580.8680772013913,145.13192279860868,145.13192279860868,21063.275015221312,ets_additive_damped,145.13192279860868,24.98535011561504,above_forecast,,,,unavailable,,,False,unavailable,unavailable,False,1,6,True,True,False,False,unavailable
ets_additive_damped,region_14_bonds_lodged,bonds_lodged,region,14,Otago Region,2025-06-01,2025-07-01,,1,627.0,575.1330497640527,51.86695023594734,51.86695023594734,2690.180526778238,ets_additive_damped,51.86695023594734,9.018252429976972,above_forecast,,,,unavailable,,,False,unavailable,unavailable,False,1,6,True,True,False,False,unavailable
ets_additive_damped,region_14_bonds_lodged,bonds_lodged,region,14,Otago Region,2025-07-01,2025-08-01,,1,534.0,504.9074764373543,29.09252356264573,29.09252356264573,846.3749272430974,ets_additive_damped,29.09252356264568,5.761951430769771,above_forecast,,,,unavailable,,,False,unavailable,unavailable,False,1,6,True,False,False,False,unavailable
ets_additive_damped,region_14_bonds_lodged,bonds_lodged,region,14,Otago Region,2025-08-01,2025-09-01,,1,540.0,507.2791534785077,32.72084652149226,32.72084652149226,1070.6537970830525,ets_additive_damped,32.72084652149232,6.450264375565086,above_forecast,60.33679964888029,17.318761896584363,30.213067551343016,mad,25.676444620584675,-1.0755364901746716,True,normal,normal,False,1,6,True,False,False,False,normal
ets_additive_damped,region_14_bonds_lodged,bonds_lodged,region,14,Otago Region,2025-09-01,2025-10-01,,1,630.0,568.4793396666031,61.5206603333969,61.5206603333969,3784.791647857195,ets_additive_damped,61.520660333396904,10.821969426272732,above_forecast,51.86695023594734,19.146103714455023,35.36166316674482,mad,28.38562448399559,0.34009151720063535,True,normal,normal,False,1,6,True,True,False,False,normal
ets_additive_damped,region_14_bonds_lodged,bonds_lodged,region,14,Otago Region,2025-10-01,2025-11-01,,1,591.0,617.1719684080642,-26.17196840806423,26.17196840806423,684.9719303527122,ets_additive_damped,-26.17196840806423,-4.2406281794638705,below_forecast,56.69380528467212,17.318761896584363,30.598455647584316,mad,25.676444620584675,-3.2273071648830727,True,moderate,low,True,1,6,True,False,True,False,statistical_only
ets_additive_damped,region_14_bonds_lodged,bonds_lodged,region,14,Otago Region,2025-11-01,2025-12-01,,1,732.0,759.9899985972986,-27.98999859729861,27.98999859729861,783.440021476778,ets_additive_damped,-27.98999859729861,-3.6829430188501564,below_forecast,51.86695023594734,19.146103714455023,36.08580254032091,mad,28.38562448399559,-2.813288426269113,True,moderate,low,True,1,6,True,False,True,False,statistical_only
ets_additive_damped,region_14_bonds_lodged,bonds_lodged,region,14,Otago Region,2025-12-01,2026-01-01,,1,2490.0,2498.289654851146,-8.289654851146224,8.289654851146224,68.71837755113214,ets_additive_damped,-8.289654851146224,-0.3318132000846852,below_forecast,47.41917558466838,19.857062749583775,36.98554757735181,mad,29.439677908945555,-1.892304345452329,True,normal,normal,False,1,6,True,False,False,False,normal
ets_additive_damped,region_14_bonds_lodged,bonds_lodged,region,14,Otago Region,2026-01-01,2026-02-01,,1,834.0,858.2782823642667,-24.278282364266715,24.278282364266715,589.4349945590642,ets_additive_damped,-24.278282364266715,-2.8287191768837783,below_forecast,42.97140093338942,25.835248128423814,54.76222034185534,mad,38.30281412664761,-1.7557374002676718,True,normal,normal,False,1,6,True,False,False,False,normal
seasonal_naive,region_14_median_rent,median_rent,region,14,Otago Region,2025-02-01,2025-03-01,2024-03-01,1,550.0,540.0,10.0,10.0,100.0,seasonal_naive,10.0,1.8518518518518516,above_forecast,,,,unavailable,,,False,unavailable,unavailable,False,1,6,True,False,False,False,unavailable
seasonal_naive,region_14_median_rent,median_rent,region,14,Otago Region,2025-03-01,2025-04-01,2024-04-01,1,580.0,550.0,30.0,30.0,900.0,seasonal_naive,30.0,5.454545454545454,above_forecast,,,,unavailable,,,False,unavailable,unavailable,False,1,6,True,True,False,False,unavailable
seasonal_naive,region_14_median_rent,median_rent,region,14,Otago Region,2025-04-01,2025-05-01,2024-05-01,1,600.0,598.0,2.0,2.0,4.0,seasonal_naive,2.0,0.33444816053511706,above_forecast,,,,unavailable,,,False,unavailable,unavailable,False,1,6,True,False,False,False,unavailable
seasonal_naive,region_14_median_rent,median_rent,region,14,Otago Region,2025-05-01,2025-06-01,2024-06-01,1,590.0,560.0,30.0,30.0,900.0,seasonal_naive,30.0,5.357142857142857,above_forecast,,,,unavailable,,,False,unavailable,unavailable,False,1,6,True,True,False,False,unavailable
seasonal_naive,region_14_median_rent,median_rent,region,14,Otago Region,2025-06-01,2025-07-01,2024-07-01,1,560.0,550.0,10.0,10.0,100.0,seasonal_naive,10.0,1.8181818181818181,above_forecast,,,,unavailable,,,False,unavailable,unavailable,False,1,6,True,False,False,False,unavailable
seasonal_naive,region_14_median_rent,median_rent,region,14,Otago Region,2025-07-01,2025-08-01,2024-08-01,1,550.0,550.0,0.0,0.0,0.0,seasonal_naive,0.0,0.0,on_forecast,,,,unavailable,,,False,unavailable,unavailable,False,1,6,True,False,False,False,unavailable
seasonal_naive,region_14_median_rent,median_rent,region,14,Otago Region,2025-08-01,2025-09-01,2024-09-01,1,550.0,580.0,-30.0,30.0,900.0,seasonal_naive,-30.0,-5.172413793103448,below_forecast,10.0,9.0,21.0,mad,13.343217197924389,-2.997777777777778,True,moderate,low,True,1,6,True,True,True,True,dashboard_alert
seasonal_naive,region_14_median_rent,median_rent,region,14,Otago Region,2025-09-01,2025-10-01,2024-10-01,1,590.0,575.0,15.0,15.0,225.0,seasonal_naive,15.0,2.608695652173913,above_forecast,10.0,10.0,19.0,mad,14.825796886582655,0.33725,True,normal,normal,False,1,6,True,True,False,False,normal
seasonal_naive,region_14_median_rent,median_rent,region,14,Otago Region,2025-10-01,2025-11-01,2024-11-01,1,570.0,550.0,20.0,20.0,400.0,seasonal_naive,20.0,3.6363636363636362,above_forecast,10.0,9.0,17.25,mad,13.343217197924389,0.7494444444444445,True,normal,normal,False,1,6,True,True,False,False,normal
seasonal_naive,region_14_median_rent,median_rent,region,14,Otago Region,2025-11-01,2025-12-01,2024-12-01,1,580.0,585.0,-5.0,5.0,25.0,seasonal_naive,-5.0,-0.8547008547008548,below_forecast,10.0,10.0,18.0,mad,14.825796886582655,-1.01175,True,normal,normal,False,1,6,True,False,False,False,normal
seasonal_naive,region_14_median_rent,median_rent,region,14,Otago Region,2025-12-01,2026-01-01,2025-01-01,1,760.0,700.0,60.0,60.0,3600.0,seasonal_naive,60.0,8.571428571428571,above_forecast,10.0,10.0,18.25,mad,14.825796886582655,3.3724999999999996,True,moderate,high,True,1,6,True,True,True,True,dashboard_alert
seasonal_naive,region_14_median_rent,median_rent,region,14,Otago Region,2026-01-01,2026-02-01,2025-02-01,1,550.0,550.0,0.0,0.0,0.0,seasonal_naive,0.0,0.0,on_forecast,10.0,10.0,24.0,mad,14.825796886582655,-0.6745,True,normal,normal,False,1,6,True,False,False,False,normal
ets_additive_damped,region_15_bonds_lodged,bonds_lodged,region,15,Southland Region,2025-02-01,2025-03-01,,1,198.0,165.6761017485695,32.323898251430506,32.323898251430506,1044.8343981688322,ets_additive_damped,32.323898251430506,19.51029624084549,above_forecast,,,,unavailable,,,False,unavailable,unavailable,False,1,6,True,True,False,False,unavailable
ets_additive_damped,region_15_bonds_lodged,bonds_lodged,region,15,Southland Region,2025-03-01,2025-04-01,,1,192.0,153.33968203285062,38.66031796714938,38.66031796714938,1494.6201853210932,ets_additive_damped,38.66031796714938,25.21220694775343,above_forecast,,,,unavailable,,,False,unavailable,unavailable,False,1,6,True,True,False,False,unavailable
ets_additive_damped,region_15_bonds_lodged,bonds_lodged,region,15,Southland Region,2025-04-01,2025-05-01,,1,234.0,180.54490951954648,53.45509048045352,53.45509048045352,2857.4466982734725,ets_additive_damped,53.45509048045352,29.607642011455475,above_forecast,,,,unavailable,,,False,unavailable,unavailable,False,1,6,True,True,False,False,unavailable
ets_additive_damped,region_15_bonds_lodged,bonds_lodged,region,15,Southland Region,2025-05-01,2025-06-01,,1,201.0,186.8910118018572,14.10898819814284,14.10898819814284,199.0635479753339,ets_additive_damped,14.10898819814281,7.5493134004225055,above_forecast,,,,unavailable,,,False,unavailable,unavailable,False,1,6,True,False,False,False,unavailable
ets_additive_damped,region_15_bonds_lodged,bonds_lodged,region,15,Southland Region,2025-06-01,2025-07-01,,1,186.0,204.5364557905421,-18.536455790542107,18.536455790542107,343.600193274722,ets_additive_damped,-18.536455790542107,-9.062665977513845,below_forecast,,,,unavailable,,,False,unavailable,unavailable,False,1,6,True,False,False,False,unavailable
ets_additive_damped,region_15_bonds_lodged,bonds_lodged,region,15,Southland Region,2025-07-01,2025-08-01,,1,195.0,187.8007644959752,7.199235504024784,7.199235504024784,51.82899184241099,ets_additive_damped,7.199235504024813,3.833443129662607,above_forecast,,,,unavailable,,,False,unavailable,unavailable,False,1,6,True,False,False,False,unavailable
ets_additive_damped,region_15_bonds_lodged,bonds_lodged,region,15,Southland Region,2025-08-01,2025-09-01,,1,183.0,185.5024291717733,-2.502429171773315,2.502429171773315,6.262151759742079,ets_additive_damped,-2.5024291717732865,-1.3490007559178987,below_forecast,23.21644322478666,15.730541231562285,28.14953936066535,mad,23.321780921515618,-1.1027833801848674,True,normal,normal,False,1,6,True,False,False,False,normal
ets_additive_damped,region_15_bonds_lodged,bonds_lodged,region,15,Southland Region,2025-09-01,2025-10-01,,1,183.0,182.62155523010293,0.3784447698970723,0.3784447698970723,0.143220443862448,ets_additive_damped,0.3784447698970723,0.20722897109283317,above_forecast,14.10898819814281,18.214910053287696,33.14370494316418,mad,27.00505567574158,-0.5084434408546609,True,normal,normal,False,1,6,True,False,False,False,normal
ets_additive_damped,region_15_bonds_lodged,bonds_lodged,region,15,Southland Region,2025-10-01,2025-11-01,,1,168.0,183.6921297695,-15.692129769499983,15.692129769499983,246.24293670282765,ets_additive_damped,-15.692129769500013,-8.542624983003225,below_forecast,10.654111851083812,17.413163711601896,34.24977689588074,mad,25.816402834102146,-1.0205233389750872,True,normal,normal,False,1,6,True,False,False,False,normal
ets_additive_damped,region_15_bonds_lodged,bonds_lodged,region,15,Southland Region,2025-11-01,2025-12-01,,1,168.0,166.61196422216483,1.3880357778351708,1.3880357778351708,1.926643320550488,ets_additive_damped,1.3880357778351708,0.8330949006665133,above_forecast,7.199235504024813,22.891365273524826,34.82632742320379,mad,33.938273200185066,-0.17122850334524248,True,normal,normal,False,1,6,True,False,False,False,normal
ets_additive_damped,region_15_bonds_lodged,bonds_lodged,region,15,Southland Region,2025-12-01,2026-01-01,,1,156.0,206.73255626821464,-50.73255626821464,50.73255626821464,2573.792265507564,ets_additive_damped,-50.73255626821464,-24.540187179030603,below_forecast,4.293635640929992,14.900558983821412,29.55238142446428,mad,22.09126609906807,-2.4908573217297825,True,normal,normal,False,1,6,True,True,False,False,normal
ets_additive_damped,region_15_bonds_lodged,bonds_lodged,region,15,Southland Region,2026-01-01,2026-02-01,,1,174.0,199.4356467942289,-25.435646794228887,25.435646794228887,646.9721278407662,ets_additive_damped,-25.435646794228887,-12.753811669622205,below_forecast,1.3880357778351708,17.080165547335184,32.31372269542331,mad,25.32270651939983,-1.0592739189041394,True,normal,normal,False,1,6,True,True,False,False,normal
ets_additive_damped,region_15_median_rent,median_rent,region,15,Southland Region,2025-02-01,2025-03-01,,1,460.0,483.6452992357524,-23.64529923575241,23.64529923575241,559.1001759482739,ets_additive_damped,-23.645299235752418,-4.888975303412706,below_forecast,,,,unavailable,,,False,unavailable,unavailable,False,1,6,True,True,False,False,unavailable
ets_additive_damped,region_15_median_rent,median_rent,region,15,Southland Region,2025-03-01,2025-04-01,,1,480.0,486.1211927499134,-6.121192749913405,6.121192749913405,37.46900068159243,ets_additive_damped,-6.121192749913405,-1.2591906794449244,below_forecast,,,,unavailable,,,False,unavailable,unavailable,False,1,6,True,False,False,False,unavailable
ets_additive_damped,region_15_median_rent,median_rent,region,15,Southland Region,2025-04-01,2025-05-01,,1,480.0,483.7920122607378,-3.792012260737806,3.792012260737806,14.379356985585847,ets_additive_damped,-3.792012260737806,-0.7838104318874359,below_forecast,,,,unavailable,,,False,unavailable,unavailable,False,1,6,True,False,False,False,unavailable
ets_additive_damped,region_15_median_rent,median_rent,region,15,Southland Region,2025-05-01,2025-06-01,,1,480.0,482.13756108999087,-2.137561089990868,2.137561089990868,4.569167413442948,ets_additive_damped,-2.137561089990868,-0.44335087379593163,below_forecast,,,,unavailable,,,False,unavailable,unavailable,False,1,6,True,False,False,False,unavailable
ets_additive_damped,region_15_median_rent,median_rent,region,15,Southland Region,2025-06-01,2025-07-01,,1,480.0,484.4097054768582,-4.409705476858221,4.409705476858221,19.44550239263339,ets_additive_damped,-4.409705476858221,-0.9103255832822876,below_forecast,,,,unavailable,,,False,unavailable,unavailable,False,1,6,True,False,False,False,unavailable
ets_additive_damped,region_15_median_rent,median_rent,region,15,Southland Region,2025-07-01,2025-08-01,,1,480.0,486.7843006438373,-6.784300643837298,6.784300643837298,46.02673522597118,ets_additive_damped,-6.784300643837298,-1.3936975031577958,below_forecast,,,,unavailable,,,False,unavailable,unavailable,False,1,6,True,False,False,False,unavailable
ets_additive_damped,region_15_median_rent,median_rent,region,15,Southland Region,2025-08-01,2025-09-01,,1,475.0,485.7137662442355,-10.7137662442355,10.7137662442355,114.78478713612007,ets_additive_damped,-10.7137662442355,-2.2057777622980135,below_forecast,-5.265449113385813,1.496144191549746,2.672088105588415,mad,2.2181529896956946,-2.456240464999276,True,normal,normal,False,1,6,True,False,False,False,normal
ets_additive_damped,region_15_median_rent,median_rent,region,15,Southland Region,2025-09-01,2025-10-01,,1,450.0,485.6507186632808,-35.65071866328083,35.65071866328083,1270.9737412083998,ets_additive_damped,-35.65071866328083,-7.340814559362108,below_forecast,-6.121192749913405,2.3291804891755987,4.648174575238386,mad,3.4531956844708653,-8.551361872181953,True,high,low,True,1,6,True,True,True,True,dashboard_alert
ets_additive_damped,region_15_median_rent,median_rent,region,15,Southland Region,2025-10-01,2025-11-01,,1,500.0,476.90915444114097,23.09084555885903,23.09084555885903,533.1871486230798,ets_additive_damped,23.09084555885903,4.841770249916402,above_forecast,-6.4527466968753515,3.4608769917488473,9.691367319286613,mad,5.131025932911561,5.757833353800669,True,high,high,True,1,6,True,True,True,True,dashboard_alert
ets_additive_damped,region_15_median_rent,median_rent,region,15,Southland Region,2025-11-01,2025-12-01,,1,473.0,485.15958367570335,-12.159583675703344,12.159583675703344,147.8554751664313,ets_additive_damped,-12.159583675703345,-2.5063059836062545,below_forecast,-6.121192749913405,3.983631659922537,6.921753983497695,mad,5.906051386097164,-1.0224074480632364,True,normal,normal,False,1,6,True,False,False,False,normal
ets_additive_damped,region_15_median_rent,median_rent,region,15,Southland Region,2025-12-01,2026-01-01,,1,480.0,481.61716090472896,-1.617160904728962,1.617160904728962,2.615209391783796,ets_additive_damped,-1.6171609047289621,-0.33577725961655686,below_forecast,-6.4527466968753515,4.2881025771223165,7.851693753068474,mad,6.35745378372471,0.7606167432196909,True,normal,normal,False,1,6,True,False,False,False,normal
ets_additive_damped,region_15_median_rent,median_rent,region,15,Southland Region,2026-01-01,2026-02-01,,1,470.0,478.3559639204404,-8.355963920440388,8.355963920440388,69.8221330397015,ets_additive_damped,-8.355963920440388,-1.7468087680893098,below_forecast,-6.121192749913405,4.504031845184443,8.471888284605086,mad,6.677586130740464,-0.3346675170896184,True,normal,normal,False,1,6,True,False,False,False,normal
ets_additive_damped,region_16_bonds_lodged,bonds_lodged,region,16,Tasman Region,2025-02-01,2025-03-01,,1,87.0,70.37863360204086,16.621366397959136,16.621366397959136,276.2698209352051,ets_additive_damped,16.621366397959136,23.617063229652054,above_forecast,,,,unavailable,,,False,unavailable,unavailable,False,1,6,True,True,False,False,unavailable
ets_additive_damped,region_16_bonds_lodged,bonds_lodged,region,16,Tasman Region,2025-03-01,2025-04-01,,1,81.0,72.6514638979307,8.348536102069303,8.348536102069303,69.69805504755452,ets_additive_damped,8.348536102069303,11.491215254517522,above_forecast,,,,unavailable,,,False,unavailable,unavailable,False,1,6,True,True,False,False,unavailable
ets_additive_damped,region_16_bonds_lodged,bonds_lodged,region,16,Tasman Region,2025-04-01,2025-05-01,,1,96.0,80.64358609533788,15.35641390466212,15.35641390466212,235.81944801130007,ets_additive_damped,15.35641390466212,19.04232518443261,above_forecast,,,,unavailable,,,False,unavailable,unavailable,False,1,6,True,True,False,False,unavailable
ets_additive_damped,region_16_bonds_lodged,bonds_lodged,region,16,Tasman Region,2025-05-01,2025-06-01,,1,96.0,74.84607714863438,21.15392285136562,21.15392285136562,447.48845200152863,ets_additive_damped,21.15392285136562,28.26323523857735,above_forecast,,,,unavailable,,,False,unavailable,unavailable,False,1,6,True,True,False,False,unavailable
ets_additive_damped,region_16_bonds_lodged,bonds_lodged,region,16,Tasman Region,2025-06-01,2025-07-01,,1,84.0,85.38436670580629,-1.3843667058062863,1.3843667058062863,1.9164711761449489,ets_additive_damped,-1.3843667058062863,-1.6213350982342616,below_forecast,,,,unavailable,,,False,unavailable,unavailable,False,1,6,True,False,False,False,unavailable
ets_additive_damped,region_16_bonds_lodged,bonds_lodged,region,16,Tasman Region,2025-07-01,2025-08-01,,1,120.0,80.0255680152398,39.9744319847602,39.9744319847602,1597.9552125042194,ets_additive_damped,39.9744319847602,49.95207528817241,above_forecast,,,,unavailable,,,False,unavailable,unavailable,False,1,6,True,True,False,False,unavailable
ets_additive_damped,region_16_bonds_lodged,bonds_lodged,region,16,Tasman Region,2025-08-01,2025-09-01,,1,96.0,84.7378979066425,11.262102093357498,11.262102093357498,126.83494356120734,ets_additive_damped,11.262102093357498,13.290513892337982,above_forecast,15.988890151310628,6.402693374648159,9.920278185296493,mad,9.492503149960205,-0.4979495906696586,True,normal,normal,False,1,6,True,True,False,False,normal
ets_additive_damped,region_16_bonds_lodged,bonds_lodged,region,16,Tasman Region,2025-09-01,2025-10-01,,1,93.0,86.8044606190907,6.195539380909295,6.195539380909295,38.38470822039793,ets_additive_damped,6.195539380909295,7.13735139498894,above_forecast,15.35641390466212,5.797508946703502,9.082325526948978,mad,8.595269009197185,-1.0658042830248158,True,normal,normal,False,1,6,True,False,False,False,normal
ets_additive_damped,region_16_bonds_lodged,bonds_lodged,region,16,Tasman Region,2025-10-01,2025-11-01,,1,63.0,85.03366231312268,-22.03366231312268,22.03366231312268,485.4822749287225,ets_additive_damped,-22.033662313122676,-25.91169392656203,below_forecast,13.309257999009809,6.037220257520509,9.944218589531456,mad,8.95066012975613,-3.9486384020588923,True,high,low,True,1,6,True,True,True,True,dashboard_alert
ets_additive_damped,region_16_bonds_lodged,bonds_lodged,region,16,Tasman Region,2025-11-01,2025-12-01,,1,69.0,78.36022873547408,-9.36022873547408,9.36022873547408,87.61388198039471,ets_additive_damped,-9.360228735474081,-11.94512686668136,below_forecast,11.262102093357498,5.359264304601638,10.42582701704984,mad,7.945536404153652,-2.595461121800529,True,moderate,low,True,1,6,True,True,True,True,dashboard_alert
ets_additive_damped,region_16_bonds_lodged,bonds_lodged,region,16,Tasman Region,2025-12-01,2026-01-01,,1,69.0,75.31729355696231,-6.317293556962312,6.317293556962312,39.90819788483754,ets_additive_damped,-6.317293556962312,-8.387573767749045,below_forecast,9.8053190977134,9.002866551882711,15.794518458762273,mad,13.347467089522182,-1.2079155203410865,True,normal,normal,False,1,6,True,False,False,False,normal
ets_additive_damped,region_16_bonds_lodged,bonds_lodged,region,16,Tasman Region,2026-01-01,2026-02-01,,1,63.0,80.08230815094178,-17.082308150941785,17.082308150941785,291.80525176373214,ets_additive_damped,-17.082308150941785,-21.330938812033846,below_forecast,8.348536102069303,9.73290280787559,19.839720282694927,mad,14.429804014641348,-1.7623832054272823,True,normal,normal,False,1,6,True,True,False,False,normal
ets_additive_damped,region_16_median_rent,median_rent,region,16,Tasman Region,2025-02-01,2025-03-01,,1,578.0,583.9074421401214,-5.907442140121361,5.907442140121361,34.89787263888165,ets_additive_damped,-5.907442140121361,-1.0117086568497171,below_forecast,,,,unavailable,,,False,unavailable,unavailable,False,1,6,True,False,False,False,unavailable
ets_additive_damped,region_16_median_rent,median_rent,region,16,Tasman Region,2025-03-01,2025-04-01,,1,590.0,586.2951457128066,3.7048542871933705,3.7048542871933705,13.725945289335096,ets_additive_damped,3.7048542871933705,0.6319094255315859,above_forecast,,,,unavailable,,,False,unavailable,unavailable,False,1,6,True,False,False,False,unavailable
ets_additive_damped,region_16_median_rent,median_rent,region,16,Tasman Region,2025-04-01,2025-05-01,,1,560.0,585.3599198049372,-25.35991980493725,25.35991980493725,643.1255325128485,ets_additive_damped,-25.35991980493725,-4.33236355051232,below_forecast,,,,unavailable,,,False,unavailable,unavailable,False,1,6,True,True,False,False,unavailable
ets_additive_damped,region_16_median_rent,median_rent,region,16,Tasman Region,2025-05-01,2025-06-01,,1,580.0,576.7642360215465,3.2357639784535195,3.2357639784535195,10.470168524257348,ets_additive_damped,3.2357639784535195,0.5610202187246296,above_forecast,,,,unavailable,,,False,unavailable,unavailable,False,1,6,True,False,False,False,unavailable
ets_additive_damped,region_16_median_rent,median_rent,region,16,Tasman Region,2025-06-01,2025-07-01,,1,580.0,579.0053732180615,0.9946267819384502,0.9946267819384502,0.9892824353492374,ets_additive_damped,0.9946267819384502,0.17178196057325013,above_forecast,,,,unavailable,,,False,unavailable,unavailable,False,1,6,True,False,False,False,unavailable
ets_additive_damped,region_16_median_rent,median_rent,region,16,Tasman Region,2025-07-01,2025-08-01,,1,580.0,578.1304146753537,1.869585324646323,1.869585324646323,3.495349286132897,ets_additive_damped,1.869585324646323,0.32338470303386124,above_forecast,,,,unavailable,,,False,unavailable,unavailable,False,1,6,True,False,False,False,unavailable
ets_additive_damped,region_16_median_rent,median_rent,region,16,Tasman Region,2025-08-01,2025-09-01,,1,580.0,584.7688566862138,-4.7688566862137804,4.7688566862137804,22.74199409364588,ets_additive_damped,-4.7688566862137804,-0.815511399365227,below_forecast,1.4321060532923866,2.0382030795310584,7.076144224608129,mad,3.0217984870734744,-2.052076856227307,True,normal,normal,False,1,6,True,False,False,False,normal
ets_additive_damped,region_16_median_rent,median_rent,region,16,Tasman Region,2025-09-01,2025-10-01,,1,580.0,584.2290674031012,-4.229067403101226,4.229067403101226,17.885011099973347,ets_additive_damped,-4.229067403101226,-0.7238714468452305,below_forecast,0.9946267819384502,2.7102275052549203,7.890824064717492,mad,4.018128250933907,-1.300031720945086,True,normal,normal,False,1,6,True,False,False,False,normal
ets_additive_damped,region_16_median_rent,median_rent,region,16,Tasman Region,2025-10-01,2025-11-01,,1,575.0,585.9131066206038,-10.9131066206038,10.9131066206038,119.09589611266648,ets_additive_damped,-10.913106620603799,-1.862581071713482,below_forecast,-1.6172203105813878,3.888513732383842,7.264633037788798,mad,5.765031478701026,-1.6124606334529425,True,normal,normal,False,1,6,True,False,False,False,normal
ets_additive_damped,region_16_median_rent,median_rent,region,16,Tasman Region,2025-11-01,2025-12-01,,1,590.0,592.5672395079044,-2.5672395079044463,2.5672395079044463,6.590718690945463,ets_additive_damped,-2.5672395079044463,-0.43324020241760275,below_forecast,-4.229067403101226,6.098652727747549,7.777027464767684,mad,9.041738662338842,0.18379517007262314,True,normal,normal,False,1,6,True,False,False,False,normal
ets_additive_damped,region_16_median_rent,median_rent,region,16,Tasman Region,2025-12-01,2026-01-01,,1,595.0,589.8136200180934,5.186379981906612,5.186379981906612,26.898537316721622,ets_additive_damped,5.186379981906612,0.8793252318838469,above_forecast,-3.398153455502836,4.830259508795223,7.273641465613821,mad,7.161244638688247,1.1987488028312785,True,normal,normal,False,1,6,True,False,False,False,normal
ets_additive_damped,region_16_median_rent,median_rent,region,16,Tasman Region,2026-01-01,2026-02-01,,1,593.0,587.3447902918605,5.655209708139523,5.655209708139523,31.981396843035512,ets_additive_damped,5.655209708139523,0.9628432569103685,above_forecast,-2.5672395079044463,4.436824832550769,7.890824064717492,mad,6.57794637887438,1.2500024692282452,True,normal,normal,False,1,6,True,False,False,False,normal
ets_additive_damped,region_17_bonds_lodged,bonds_lodged,region,17,Nelson Region,2025-02-01,2025-03-01,,1,147.0,131.18465634244816,15.815343657551836,15.815343657551836,250.12509500646507,ets_additive_damped,15.815343657551836,12.05578769537423,above_forecast,,,,unavailable,,,False,unavailable,unavailable,False,1,6,True,True,False,False,unavailable
ets_additive_damped,region_17_bonds_lodged,bonds_lodged,region,17,Nelson Region,2025-03-01,2025-04-01,,1,144.0,126.44423929018426,17.555760709815743,17.555760709815743,308.2047341003102,ets_additive_damped,17.555760709815743,13.884191805311119,above_forecast,,,,unavailable,,,False,unavailable,unavailable,False,1,6,True,True,False,False,unavailable
ets_additive_damped,region_17_bonds_lodged,bonds_lodged,region,17,Nelson Region,2025-04-01,2025-05-01,,1,162.0,139.56065990636222,22.43934009363778,22.43934009363778,503.52398383794,ets_additive_damped,22.43934009363778,16.07855688608336,above_forecast,,,,unavailable,,,False,unavailable,unavailable,False,1,6,True,True,False,False,unavailable
ets_additive_damped,region_17_bonds_lodged,bonds_lodged,region,17,Nelson Region,2025-05-01,2025-06-01,,1,144.0,128.62517308168893,15.374826918311072,15.374826918311072,236.3853027680228,ets_additive_damped,15.374826918311072,11.953202122065662,above_forecast,,,,unavailable,,,False,unavailable,unavailable,False,1,6,True,True,False,False,unavailable
ets_additive_damped,region_17_bonds_lodged,bonds_lodged,region,17,Nelson Region,2025-06-01,2025-07-01,,1,165.0,142.78928137737287,22.210718622627127,22.210718622627127,493.3160217335154,ets_additive_damped,22.210718622627127,15.55489208179932,above_forecast,,,,unavailable,,,False,unavailable,unavailable,False,1,6,True,True,False,False,unavailable
ets_additive_damped,region_17_bonds_lodged,bonds_lodged,region,17,Nelson Region,2025-07-01,2025-08-01,,1,153.0,138.10967998532234,14.890320014677656,14.890320014677656,221.72163013951,ets_additive_damped,14.890320014677656,10.781518005298492,above_forecast,,,,unavailable,,,False,unavailable,unavailable,False,1,6,True,True,False,False,unavailable
ets_additive_damped,region_17_bonds_lodged,bonds_lodged,region,17,Nelson Region,2025-08-01,2025-09-01,,1,126.0,136.41746109398986,-10.417461093989855,10.417461093989855,108.52349564479236,ets_additive_damped,-10.417461093989857,-7.636457247076576,below_forecast,16.68555218368379,1.5529787171894256,5.562023041303018,mad,2.302414703023611,-11.771560198117665,True,high,low,True,1,6,True,False,True,False,statistical_only
ets_additive_damped,region_17_bonds_lodged,bonds_lodged,region,17,Nelson Region,2025-09-01,2025-10-01,,1,147.0,136.0231947950527,10.976805204947311,10.976805204947311,120.49025250735838,ets_additive_damped,10.976805204947311,8.069803992977931,above_forecast,15.815343657551836,1.7404170522639077,4.750666199727071,mad,2.5803069714809603,-1.875179389926408,True,normal,normal,False,1,6,True,False,False,False,normal
ets_additive_damped,region_17_bonds_lodged,bonds_lodged,region,17,Nelson Region,2025-10-01,2025-11-01,,1,120.0,133.33191946678292,-13.33191946678292,13.33191946678292,177.7400766687854,ets_additive_damped,-13.33191946678292,-9.999045629958331,below_forecast,15.595085287931454,3.289477752434216,4.80755887577352,mad,4.876912902052211,-5.931417135323835,True,high,low,True,1,6,True,False,True,False,statistical_only
ets_additive_damped,region_17_bonds_lodged,bonds_lodged,region,17,Nelson Region,2025-11-01,2025-12-01,,1,141.0,131.17739058848832,9.822609411511678,9.822609411511678,96.4836556511178,ets_additive_damped,9.822609411511678,7.488035375185818,above_forecast,15.374826918311072,4.398021713363761,6.578955504868432,mad,6.520417662511136,-0.8515125555103061,True,normal,normal,False,1,6,True,False,False,False,normal
ets_additive_damped,region_17_bonds_lodged,bonds_lodged,region,17,Nelson Region,2025-12-01,2026-01-01,,1,138.0,137.33538838961402,0.6646116103859754,0.6646116103859754,0.4417085926598395,ets_additive_damped,0.6646116103859754,0.48393325142133325,above_forecast,15.132573466494364,4.732866158264869,7.00949808687918,mad,7.01685123538157,-2.0618880706997964,True,normal,normal,False,1,6,True,False,False,False,normal
ets_additive_damped,region_17_bonds_lodged,bonds_lodged,region,17,Nelson Region,2026-01-01,2026-02-01,,1,123.0,143.12487690338702,-20.12487690338702,20.12487690338702,405.0106703764803,ets_additive_damped,-20.12487690338702,-14.061061458220033,below_forecast,14.890320014677656,5.0677106031659775,11.441941672734963,mad,7.513284808252005,-4.660437852642923,True,high,low,True,1,6,True,True,True,True,dashboard_alert
xgboost_pooled_recursive,region_17_median_rent,median_rent,region,17,Nelson Region,2025-02-01,2025-03-01,,1,550.0,564.6405029296875,-14.6405029296875,14.6405029296875,214.34432603418827,xgboost_pooled_recursive,-14.6405029296875,-2.592889254972668,below_forecast,,,,unavailable,,,False,unavailable,unavailable,False,1,6,True,False,False,False,unavailable
xgboost_pooled_recursive,region_17_median_rent,median_rent,region,17,Nelson Region,2025-03-01,2025-04-01,,1,550.0,559.2642211914062,-9.26422119140625,9.26422119140625,85.82579428330064,xgboost_pooled_recursive,-9.26422119140625,-1.6565016749454462,below_forecast,,,,unavailable,,,False,unavailable,unavailable,False,1,6,True,False,False,False,unavailable
xgboost_pooled_recursive,region_17_median_rent,median_rent,region,17,Nelson Region,2025-04-01,2025-05-01,,1,560.0,550.4430541992188,9.55694580078125,9.55694580078125,91.33521303907035,xgboost_pooled_recursive,9.55694580078125,1.7362278854957371,above_forecast,,,,unavailable,,,False,unavailable,unavailable,False,1,6,True,False,False,False,unavailable
xgboost_pooled_recursive,region_17_median_rent,median_rent,region,17,Nelson Region,2025-05-01,2025-06-01,,1,563.0,552.6942749023438,10.30572509765625,10.30572509765625,106.20796978846192,xgboost_pooled_recursive,10.30572509765625,1.8646339514693147,above_forecast,,,,unavailable,,,False,unavailable,unavailable,False,1,6,True,False,False,False,unavailable
xgboost_pooled_recursive,region_17_median_rent,median_rent,region,17,Nelson Region,2025-06-01,2025-07-01,,1,523.0,556.1361083984375,-33.1361083984375,33.1361083984375,1098.0016797930002,xgboost_pooled_recursive,-33.1361083984375,-5.958273145374964,below_forecast,,,,unavailable,,,False,unavailable,unavailable,False,1,6,True,True,False,False,unavailable
xgboost_pooled_recursive,region_17_median_rent,median_rent,region,17,Nelson Region,2025-07-01,2025-08-01,,1,523.0,536.7412719726562,-13.74127197265625,13.74127197265625,188.8225554265082,xgboost_pooled_recursive,-13.74127197265625,-2.5601295615210833,below_forecast,,,,unavailable,,,False,unavailable,unavailable,False,1,6,True,False,False,False,unavailable
xgboost_pooled_recursive,region_17_median_rent,median_rent,region,17,Nelson Region,2025-08-01,2025-09-01,,1,520.0,535.4236450195312,-15.42364501953125,15.42364501953125,237.8888256885112,xgboost_pooled_recursive,-15.42364501953125,-2.8806432369957484,below_forecast,-11.50274658203125,12.098724365234375,19.267349243164062,mad,17.93732300257135,-0.21858882938875168,True,normal,normal,False,1,6,True,True,False,False,normal
xgboost_pooled_recursive,region_17_median_rent,median_rent,region,17,Nelson Region,2025-09-01,2025-10-01,,1,540.0,530.5823364257812,9.41766357421875,9.41766357421875,88.69238719716668,xgboost_pooled_recursive,9.41766357421875,1.774967413664761,above_forecast,-13.74127197265625,4.47705078125,15.178436279296875,mad,6.637584553372869,3.4890607209074056,True,moderate,high,True,1,6,True,False,True,False,statistical_only
xgboost_pooled_recursive,region_17_median_rent,median_rent,region,17,Nelson Region,2025-10-01,2025-11-01,,1,500.0,539.6029663085938,-39.60296630859375,39.60296630859375,1568.3949404396117,xgboost_pooled_recursive,-39.60296630859375,-7.339278836718847,below_forecast,-11.50274658203125,12.420654296875,24.288772583007812,mad,18.414609780392883,-1.5259742162162162,True,normal,normal,False,1,6,True,True,False,False,normal
xgboost_pooled_recursive,region_17_median_rent,median_rent,region,17,Nelson Region,2025-11-01,2025-12-01,,1,540.0,538.011474609375,1.988525390625,1.988525390625,3.954233229160309,xgboost_pooled_recursive,1.988525390625,0.369606501807192,above_forecast,-13.74127197265625,19.39483642578125,24.84130859375,mad,28.75439054971275,0.5470398454832974,True,normal,normal,False,1,6,True,False,False,False,normal
xgboost_pooled_recursive,region_17_median_rent,median_rent,region,17,Nelson Region,2025-12-01,2026-01-01,,1,570.0,561.580322265625,8.419677734375,8.419677734375,70.89097315073013,xgboost_pooled_recursive,8.419677734375,1.4992828987324327,above_forecast,-11.50274658203125,17.205841064453125,22.788238525390625,mad,25.509030488440512,0.7809949627616837,True,normal,normal,False,1,6,True,False,False,False,normal
xgboost_pooled_recursive,region_17_median_rent,median_rent,region,17,Nelson Region,2026-01-01,2026-02-01,,1,540.0,546.6537475585938,-6.65374755859375,6.65374755859375,44.27235657349229,xgboost_pooled_recursive,-6.65374755859375,-1.2171777086153717,below_forecast,-9.26422119140625,17.68389892578125,23.95074462890625,mad,26.217789363649,0.09956879264702329,True,normal,normal,False,1,6,True,False,False,False,normal
ets_additive_damped,region_18_bonds_lodged,bonds_lodged,region,18,Marlborough Region,2025-02-01,2025-03-01,,1,120.0,90.85123357497211,29.148766425027887,29.148766425027887,849.650584100833,ets_additive_damped,29.148766425027887,32.08406234899803,above_forecast,,,,unavailable,,,False,unavailable,unavailable,False,1,6,True,True,False,False,unavailable
ets_additive_damped,region_18_bonds_lodged,bonds_lodged,region,18,Marlborough Region,2025-03-01,2025-04-01,,1,129.0,88.17738676022437,40.822613239775634,40.822613239775634,1666.485751724305,ets_additive_damped,40.822613239775634,46.296011641603975,above_forecast,,,,unavailable,,,False,unavailable,unavailable,False,1,6,True,True,False,False,unavailable
ets_additive_damped,region_18_bonds_lodged,bonds_lodged,region,18,Marlborough Region,2025-04-01,2025-05-01,,1,99.0,111.76008272483868,-12.760082724838682,12.760082724838682,162.81971114472657,ets_additive_damped,-12.760082724838682,-11.417388403563479,below_forecast,,,,unavailable,,,False,unavailable,unavailable,False,1,6,True,True,False,False,unavailable
ets_additive_damped,region_18_bonds_lodged,bonds_lodged,region,18,Marlborough Region,2025-05-01,2025-06-01,,1,96.0,101.13244966533466,-5.132449665334661,5.132449665334661,26.34203956719388,ets_additive_damped,-5.132449665334661,-5.074978092905743,below_forecast,,,,unavailable,,,False,unavailable,unavailable,False,1,6,True,False,False,False,unavailable
ets_additive_damped,region_18_bonds_lodged,bonds_lodged,region,18,Marlborough Region,2025-06-01,2025-07-01,,1,99.0,108.1638505693466,-9.163850569346591,9.163850569346591,83.97615725731387,ets_additive_damped,-9.163850569346593,-8.472193363226669,below_forecast,,,,unavailable,,,False,unavailable,unavailable,False,1,6,True,False,False,False,unavailable
ets_additive_damped,region_18_bonds_lodged,bonds_lodged,region,18,Marlborough Region,2025-07-01,2025-08-01,,1,96.0,102.56046768440495,-6.560467684404969,6.560467684404969,43.0397362381219,ets_additive_damped,-6.560467684404955,-6.396682691222283,below_forecast,,,,unavailable,,,False,unavailable,unavailable,False,1,6,True,False,False,False,unavailable
ets_additive_damped,region_18_bonds_lodged,bonds_lodged,region,18,Marlborough Region,2025-08-01,2025-09-01,,1,87.0,98.94766063501964,-11.94766063501963,11.94766063501963,142.74659464959768,ets_additive_damped,-11.947660635019645,-12.074727748329522,below_forecast,-5.846458674869808,5.115507972222829,29.091467250548433,mad,7.584148216786997,-0.8044676588262397,True,normal,normal,False,1,6,True,True,False,False,normal
ets_additive_damped,region_18_bonds_lodged,bonds_lodged,region,18,Marlborough Region,2025-09-01,2025-10-01,,1,102.0,92.27716338314896,9.722836616851026,9.722836616851026,94.53355187797912,ets_additive_damped,9.72283661685104,10.536557757503152,above_forecast,-6.560467684404955,5.38719295061469,22.56391398202973,mad,7.986942847464329,2.0387405559594773,True,normal,normal,False,1,6,True,True,False,False,normal
ets_additive_damped,region_18_bonds_lodged,bonds_lodged,region,18,Marlborough Region,2025-10-01,2025-11-01,,1,78.0,97.78973621692536,-19.789736216925363,19.789736216925363,391.63365953548737,ets_additive_damped,-19.789736216925363,-20.237027915717164,below_forecast,-5.846458674869808,6.507413005059355,24.439122154660108,mad,9.647758347011646,-1.4452349489427696,True,normal,normal,False,1,6,True,True,False,False,normal
ets_additive_damped,region_18_bonds_lodged,bonds_lodged,region,18,Marlborough Region,2025-11-01,2025-12-01,,1,75.0,87.06165091058786,-12.061650910587858,12.061650910587858,145.4834226888849,ets_additive_damped,-12.061650910587858,-13.85414908221204,below_forecast,-6.560467684404955,6.199615040433727,21.670497251870685,mad,9.191423336447334,-0.598512659553903,True,normal,normal,False,1,6,True,True,False,False,normal
ets_additive_damped,region_18_bonds_lodged,bonds_lodged,region,18,Marlborough Region,2025-12-01,2026-01-01,,1,75.0,83.71656227655367,-8.716562276553674,8.716562276553674,75.97845792103857,ets_additive_damped,-8.716562276553674,-10.41199260877307,below_forecast,-7.862159126875774,4.548707690837496,18.04216838800042,mad,6.743821632079312,-0.12669420935062053,True,normal,normal,False,1,6,True,True,False,False,normal
ets_additive_damped,region_18_bonds_lodged,bonds_lodged,region,18,Marlborough Region,2026-01-01,2026-02-01,,1,84.0,86.68280108452798,-2.6828010845279806,2.6828010845279806,7.197421659144509,ets_additive_damped,-2.6828010845279806,-3.0949635348214812,below_forecast,-8.716562276553674,3.5841126112190125,14.29984924856194,mad,5.313732559257246,1.1355033631705946,True,normal,normal,False,1,6,True,False,False,False,normal
xgboost_pooled_recursive,region_18_median_rent,median_rent,region,18,Marlborough Region,2025-02-01,2025-03-01,,1,580.0,572.3496704101562,7.65032958984375,7.65032958984375,58.52754283323884,xgboost_pooled_recursive,7.65032958984375,1.3366530960630034,above_forecast,,,,unavailable,,,False,unavailable,unavailable,False,1,6,True,False,False,False,unavailable
xgboost_pooled_recursive,region_18_median_rent,median_rent,region,18,Marlborough Region,2025-03-01,2025-04-01,,1,560.0,566.635498046875,-6.635498046875,6.635498046875,44.02983433008194,xgboost_pooled_recursive,-6.635498046875,-1.1710346545083692,below_forecast,,,,unavailable,,,False,unavailable,unavailable,False,1,6,True,False,False,False,unavailable
xgboost_pooled_recursive,region_18_median_rent,median_rent,region,18,Marlborough Region,2025-04-01,2025-05-01,,1,590.0,572.6395263671875,17.3604736328125,17.3604736328125,301.38604475557804,xgboost_pooled_recursive,17.3604736328125,3.031658282994707,above_forecast,,,,unavailable,,,False,unavailable,unavailable,False,1,6,True,True,False,False,unavailable
xgboost_pooled_recursive,region_18_median_rent,median_rent,region,18,Marlborough Region,2025-05-01,2025-06-01,,1,550.0,570.7421264648438,-20.74212646484375,20.74212646484375,430.2358102835715,xgboost_pooled_recursive,-20.74212646484375,-3.6342378638352377,below_forecast,,,,unavailable,,,False,unavailable,unavailable,False,1,6,True,True,False,False,unavailable
xgboost_pooled_recursive,region_18_median_rent,median_rent,region,18,Marlborough Region,2025-06-01,2025-07-01,,1,535.0,563.470947265625,-28.470947265625,28.470947265625,810.5948382019997,xgboost_pooled_recursive,-28.470947265625,-5.052779988708727,below_forecast,,,,unavailable,,,False,unavailable,unavailable,False,1,6,True,True,False,False,unavailable
xgboost_pooled_recursive,region_18_median_rent,median_rent,region,18,Marlborough Region,2025-07-01,2025-08-01,,1,550.0,550.7135009765625,-0.7135009765625,0.7135009765625,0.5090836435556412,xgboost_pooled_recursive,-0.7135009765625,-0.12955937620873134,below_forecast,,,,unavailable,,,False,unavailable,unavailable,False,1,6,True,False,False,False,unavailable
xgboost_pooled_recursive,region_18_median_rent,median_rent,region,18,Marlborough Region,2025-08-01,2025-09-01,,1,560.0,536.0036010742188,23.99639892578125,23.99639892578125,575.8271614052355,xgboost_pooled_recursive,23.99639892578125,4.476910020322521,above_forecast,-3.67449951171875,14.19622802734375,22.77484130859375,mad,21.04703932890104,1.3147169065011113,True,normal,normal,False,1,6,True,True,False,False,normal
xgboost_pooled_recursive,region_18_median_rent,median_rent,region,18,Marlborough Region,2025-09-01,2025-10-01,,1,560.0,542.2791137695312,17.72088623046875,17.72088623046875,314.02980879321694,xgboost_pooled_recursive,17.72088623046875,3.267853358261578,above_forecast,-0.7135009765625,18.073974609375,26.1942138671875,mad,26.79610764918458,0.6879501847199146,True,normal,normal,False,1,6,True,True,False,False,normal
xgboost_pooled_recursive,region_18_median_rent,median_rent,region,18,Marlborough Region,2025-10-01,2025-11-01,,1,570.0,560.0440673828125,9.9559326171875,9.9559326171875,99.12059427797794,xgboost_pooled_recursive,9.9559326171875,1.777705219468421,above_forecast,3.468414306640625,14.072265625,27.61273193359375,mad,20.863255189028912,0.31095427112248436,True,normal,normal,False,1,6,True,False,False,False,normal
xgboost_pooled_recursive,region_18_median_rent,median_rent,region,18,Marlborough Region,2025-11-01,2025-12-01,,1,560.0,560.2177734375,-0.2177734375,0.2177734375,0.0474252700805664,xgboost_pooled_recursive,-0.2177734375,-0.03887299686401249,below_forecast,7.65032958984375,10.070556640625,23.9959716796875,mad,14.93040272887324,-0.5269853178258866,True,normal,normal,False,1,6,True,False,False,False,normal
xgboost_pooled_recursive,region_18_median_rent,median_rent,region,18,Marlborough Region,2025-12-01,2026-01-01,,1,560.0,577.0369262695312,-17.03692626953125,17.03692626953125,290.256856713444,xgboost_pooled_recursive,-17.03692626953125,-2.95248458008966,below_forecast,3.716278076171875,11.99798583984375,20.664337158203125,mad,17.787970110961822,-1.1666988541269236,True,normal,normal,False,1,6,True,True,False,False,normal
xgboost_pooled_recursive,region_18_median_rent,median_rent,region,18,Marlborough Region,2026-01-01,2026-02-01,,1,560.0,561.2263793945312,-1.22637939453125,1.22637939453125,1.5040064193308351,xgboost_pooled_recursive,-1.22637939453125,-0.2185177745661754,below_forecast,-0.2177734375,16.81915283203125,25.494415283203125,mad,24.935734369208674,-0.040448215484549924,True,normal,normal,False,1,6,True,False,False,False,normal
ets_additive_damped,region_1_bonds_lodged,bonds_lodged,region,1,Northland Region,2025-02-01,2025-03-01,,1,384.0,319.1593268769093,64.84067312309071,64.84067312309071,4204.312891055498,ets_additive_damped,64.84067312309071,20.316082803401176,above_forecast,,,,unavailable,,,False,unavailable,unavailable,False,1,6,True,True,False,False,unavailable
ets_additive_damped,region_1_bonds_lodged,bonds_lodged,region,1,Northland Region,2025-03-01,2025-04-01,,1,351.0,312.61177096431874,38.38822903568126,38.38822903568126,1473.656128495922,ets_additive_damped,38.38822903568126,12.279841196402955,above_forecast,,,,unavailable,,,False,unavailable,unavailable,False,1,6,True,True,False,False,unavailable
ets_additive_damped,region_1_bonds_lodged,bonds_lodged,region,1,Northland Region,2025-04-01,2025-05-01,,1,405.0,358.2554084923929,46.74459150760708,46.74459150760708,2185.056835213052,ets_additive_damped,46.74459150760708,13.047839725383978,above_forecast,,,,unavailable,,,False,unavailable,unavailable,False,1,6,True,True,False,False,unavailable
ets_additive_damped,region_1_bonds_lodged,bonds_lodged,region,1,Northland Region,2025-05-01,2025-06-01,,1,375.0,350.7862426387948,24.21375736120524,24.21375736120524,586.3060455473209,ets_additive_damped,24.213757361205182,6.902710088929608,above_forecast,,,,unavailable,,,False,unavailable,unavailable,False,1,6,True,False,False,False,unavailable
ets_additive_damped,region_1_bonds_lodged,bonds_lodged,region,1,Northland Region,2025-06-01,2025-07-01,,1,345.0,371.91097306972296,-26.91097306972296,26.91097306972296,724.2004715593542,ets_additive_damped,-26.910973069722957,-7.2358642305178495,below_forecast,,,,unavailable,,,False,unavailable,unavailable,False,1,6,True,False,False,False,unavailable
ets_additive_damped,region_1_bonds_lodged,bonds_lodged,region,1,Northland Region,2025-07-01,2025-08-01,,1,363.0,366.9497427012146,-3.949742701214575,3.949742701214575,15.600467405797806,ets_additive_damped,-3.949742701214575,-1.0763715685258337,below_forecast,,,,unavailable,,,False,unavailable,unavailable,False,1,6,True,False,False,False,unavailable
ets_additive_damped,region_1_bonds_lodged,bonds_lodged,region,1,Northland Region,2025-08-01,2025-09-01,,1,357.0,353.95501704694345,3.044982953056546,3.044982953056546,9.271921184404968,ets_additive_damped,3.0449829530565466,0.8602739914413204,above_forecast,31.300993198443223,24.491639116905674,41.564368575235264,mad,36.31080669667261,-0.7781708206437605,True,normal,normal,False,1,6,True,False,False,False,normal
ets_additive_damped,region_1_bonds_lodged,bonds_lodged,region,1,Northland Region,2025-09-01,2025-10-01,,1,342.0,352.144971317729,-10.144971317729016,10.144971317729016,102.92044303754442,ets_additive_damped,-10.144971317729016,-2.8809076215873426,below_forecast,24.213757361205182,22.5308341464019,43.01879014572319,mad,33.40375707398354,-1.0285887483505392,True,normal,normal,False,1,6,True,False,False,False,normal
ets_additive_damped,region_1_bonds_lodged,bonds_lodged,region,1,Northland Region,2025-10-01,2025-11-01,,1,339.0,342.99225492974017,-3.99225492974017,3.99225492974017,15.938099424034691,ets_additive_damped,-3.99225492974017,-1.16394900245137,below_forecast,13.629370157130865,24.26660017670514,45.9758695090059,mad,35.977168534774115,-0.4898002206549041,True,normal,normal,False,1,6,True,False,False,False,normal
ets_additive_damped,region_1_bonds_lodged,bonds_lodged,region,1,Northland Region,2025-11-01,2025-12-01,,1,321.0,359.5990574154915,-38.59905741549147,38.59905741549147,1489.8872333644072,ets_additive_damped,-38.59905741549147,-10.733915069997797,below_forecast,3.0449829530565466,21.168774408148636,42.38048396542143,mad,31.384394971310062,-1.326902761917723,True,normal,normal,False,1,6,True,True,False,False,normal
ets_additive_damped,region_1_bonds_lodged,bonds_lodged,region,1,Northland Region,2025-12-01,2026-01-01,,1,288.0,321.19168338050264,-33.19168338050264,33.19168338050264,1101.687845631535,ets_additive_damped,-33.19168338050264,-10.333917438697132,below_forecast,-0.45237987407901414,25.56236521546407,43.45140333779405,mad,37.898243462511594,-0.8638739032538244,True,normal,normal,False,1,6,True,True,False,False,normal
ets_additive_damped,region_1_bonds_lodged,bonds_lodged,region,1,Northland Region,2026-01-01,2026-02-01,,1,330.0,332.98220415722915,-2.982204157229148,2.982204157229148,8.893541635394815,ets_additive_damped,-2.9822041572291482,-0.895604665954159,below_forecast,-3.949742701214575,28.163500062419757,49.82896539216921,mad,41.754633154069325,0.02317200441961331,True,normal,normal,False,1,6,True,False,False,False,normal
xgboost_pooled_recursive,region_1_median_rent,median_rent,region,1,Northland Region,2025-02-01,2025-03-01,,1,565.0,561.8008422851562,3.19915771484375,3.19915771484375,10.234610084444284,xgboost_pooled_recursive,3.19915771484375,0.5694469417010836,above_forecast,,,,unavailable,,,False,unavailable,unavailable,False,1,6,True,False,False,False,unavailable
xgboost_pooled_recursive,region_1_median_rent,median_rent,region,1,Northland Region,2025-03-01,2025-04-01,,1,580.0,566.6777954101562,13.32220458984375,13.32220458984375,177.48113513365388,xgboost_pooled_recursive,13.32220458984375,2.350931110720733,above_forecast,,,,unavailable,,,False,unavailable,unavailable,False,1,6,True,False,False,False,unavailable
xgboost_pooled_recursive,region_1_median_rent,median_rent,region,1,Northland Region,2025-04-01,2025-05-01,,1,580.0,574.8941040039062,5.10589599609375,5.10589599609375,26.070173922926188,xgboost_pooled_recursive,5.10589599609375,0.8881454794079878,above_forecast,,,,unavailable,,,False,unavailable,unavailable,False,1,6,True,False,False,False,unavailable
xgboost_pooled_recursive,region_1_median_rent,median_rent,region,1,Northland Region,2025-05-01,2025-06-01,,1,580.0,568.4429931640625,11.5570068359375,11.5570068359375,133.5644070059061,xgboost_pooled_recursive,11.5570068359375,2.0330986527970003,above_forecast,,,,unavailable,,,False,unavailable,unavailable,False,1,6,True,False,False,False,unavailable
xgboost_pooled_recursive,region_1_median_rent,median_rent,region,1,Northland Region,2025-06-01,2025-07-01,,1,550.0,561.72314453125,-11.72314453125,11.72314453125,137.43211770057678,xgboost_pooled_recursive,-11.72314453125,-2.0869968854555205,below_forecast,,,,unavailable,,,False,unavailable,unavailable,False,1,6,True,False,False,False,unavailable
xgboost_pooled_recursive,region_1_median_rent,median_rent,region,1,Northland Region,2025-07-01,2025-08-01,,1,570.0,562.5540161132812,7.44598388671875,7.44598388671875,55.44267604127526,xgboost_pooled_recursive,7.44598388671875,1.323603364911247,above_forecast,,,,unavailable,,,False,unavailable,unavailable,False,1,6,True,False,False,False,unavailable
xgboost_pooled_recursive,region_1_median_rent,median_rent,region,1,Northland Region,2025-08-01,2025-09-01,,1,558.0,567.70654296875,-9.70654296875,9.70654296875,94.21697640419006,xgboost_pooled_recursive,-9.70654296875,-1.7097817682337875,below_forecast,6.27593994140625,4.178924560546875,6.8534088134765625,mad,6.195588673901964,-2.579655259794793,True,moderate,low,True,1,6,True,False,True,False,statistical_only
xgboost_pooled_recursive,region_1_median_rent,median_rent,region,1,Northland Region,2025-09-01,2025-10-01,,1,560.0,565.61962890625,-5.61962890625,5.61962890625,31.58022904396057,xgboost_pooled_recursive,-5.61962890625,-0.9935349869517062,below_forecast,5.10589599609375,6.45111083984375,12.75518798828125,mad,9.564285900435507,-1.1214140829745967,True,normal,normal,False,1,6,True,False,False,False,normal
xgboost_pooled_recursive,region_1_median_rent,median_rent,region,1,Northland Region,2025-10-01,2025-11-01,,1,560.0,566.6229858398438,-6.62298583984375,6.62298583984375,43.86394143477082,xgboost_pooled_recursive,-6.62298583984375,-1.1688523066227567,below_forecast,4.15252685546875,8.287078857421875,15.115097045898438,mad,12.286254792323017,-0.877038029688714,True,normal,normal,False,1,6,True,False,False,False,normal
xgboost_pooled_recursive,region_1_median_rent,median_rent,region,1,Northland Region,2025-11-01,2025-12-01,,1,570.0,565.0645751953125,4.9354248046875,4.9354248046875,24.358418002724648,xgboost_pooled_recursive,4.9354248046875,0.8734266880880983,above_forecast,3.19915771484375,8.81878662109375,14.0689697265625,mad,13.074553923044848,0.13279742468180528,True,normal,normal,False,1,6,True,False,False,False,normal
xgboost_pooled_recursive,region_1_median_rent,median_rent,region,1,Northland Region,2025-12-01,2026-01-01,,1,580.0,575.2784423828125,4.7215576171875,4.7215576171875,22.293106332421303,xgboost_pooled_recursive,4.7215576171875,0.8207430123108268,above_forecast,4.067291259765625,8.372314453125,13.233108520507812,mad,12.412623355263158,0.05270975672877847,True,normal,normal,False,1,6,True,False,False,False,normal
xgboost_pooled_recursive,region_1_median_rent,median_rent,region,1,Northland Region,2026-01-01,2026-02-01,,1,580.0,573.2781982421875,6.7218017578125,6.7218017578125,45.182618871331215,xgboost_pooled_recursive,6.7218017578125,1.1725200397334494,above_forecast,4.7215576171875,6.83544921875,12.397247314453125,mad,10.134098174573758,0.19737761625830416,True,normal,normal,False,1,6,True,False,False,False,normal
ets_additive_damped,region_2_bonds_lodged,bonds_lodged,region,2,Auckland Region,2025-02-01,2025-03-01,,1,6129.0,5522.970570022255,606.0294299777452,606.0294299777452,367271.66999915073,ets_additive_damped,606.0294299777452,10.972888996859224,above_forecast,,,,unavailable,,,False,unavailable,unavailable,False,1,6,True,True,False,False,unavailable
ets_additive_damped,region_2_bonds_lodged,bonds_lodged,region,2,Auckland Region,2025-03-01,2025-04-01,,1,5205.0,5026.47341124677,178.5265887532296,178.5265887532296,31871.74289186476,ets_additive_damped,178.5265887532296,3.551726511748278,above_forecast,,,,unavailable,,,False,unavailable,unavailable,False,1,6,True,True,False,False,unavailable
ets_additive_damped,region_2_bonds_lodged,bonds_lodged,region,2,Auckland Region,2025-04-01,2025-05-01,,1,5337.0,5346.346597538307,-9.346597538306924,9.346597538306924,87.35888554308504,ets_additive_damped,-9.346597538306924,-0.17482214008741048,below_forecast,,,,unavailable,,,False,unavailable,unavailable,False,1,6,True,False,False,False,unavailable
ets_additive_damped,region_2_bonds_lodged,bonds_lodged,region,2,Auckland Region,2025-05-01,2025-06-01,,1,5178.0,5273.707858536048,-95.70785853604777,95.70785853604777,9159.994185556128,ets_additive_damped,-95.70785853604775,-1.8148115349456564,below_forecast,,,,unavailable,,,False,unavailable,unavailable,False,1,6,True,True,False,False,unavailable
ets_additive_damped,region_2_bonds_lodged,bonds_lodged,region,2,Auckland Region,2025-06-01,2025-07-01,,1,5682.0,5732.260812323154,-50.26081232315392,50.26081232315392,2526.1492553833004,ets_additive_damped,-50.260812323153914,-0.8768060974319897,below_forecast,,,,unavailable,,,False,unavailable,unavailable,False,1,6,True,True,False,False,unavailable
ets_additive_damped,region_2_bonds_lodged,bonds_lodged,region,2,Auckland Region,2025-07-01,2025-08-01,,1,5829.0,5414.220982682784,414.7790173172161,414.7790173172161,172041.63320663548,ets_additive_damped,414.77901731721613,7.660917769035912,above_forecast,,,,unavailable,,,False,unavailable,unavailable,False,1,6,True,True,False,False,unavailable
ets_additive_damped,region_2_bonds_lodged,bonds_lodged,region,2,Auckland Region,2025-08-01,2025-09-01,,1,5253.0,5227.650370619628,25.34962938037188,25.34962938037188,642.6037097222132,ets_additive_damped,25.34962938037188,0.48491439907384654,above_forecast,84.58999560746133,157.57433103706217,395.74816880316166,mad,233.61650264946206,-0.2535795440614857,True,normal,normal,False,1,6,True,False,False,False,normal
ets_additive_damped,region_2_bonds_lodged,bonds_lodged,region,2,Auckland Region,2025-09-01,2025-10-01,,1,5007.0,5457.141949790911,-450.141949790911,450.141949790911,202627.77496156303,ets_additive_damped,-450.141949790911,-8.24867584410477,below_forecast,25.34962938037188,121.05748791641963,326.4565079659533,mad,179.47737274487716,-2.649312121629855,True,moderate,low,True,1,6,True,True,True,True,dashboard_alert
ets_additive_damped,region_2_bonds_lodged,bonds_lodged,region,2,Auckland Region,2025-10-01,2025-11-01,,1,4986.0,5363.0949226533885,-377.0949226533885,377.0949226533885,142200.58069096506,ets_additive_damped,-377.0949226533885,-7.031293089006543,below_forecast,8.001515921032478,137.11722364463867,299.2122697706036,mad,203.28721074075415,-1.8943466102524398,True,normal,normal,False,1,6,True,True,False,False,normal
ets_additive_damped,region_2_bonds_lodged,bonds_lodged,region,2,Auckland Region,2025-11-01,2025-12-01,,1,4734.0,5186.933202879619,-452.9332028796189,452.9332028796189,205148.48627079,ets_additive_damped,-452.9332028796189,-8.732196563244054,below_forecast,-9.346597538306924,187.8731862915365,274.23444728927734,mad,278.5369700393425,-1.5925591682808091,True,normal,normal,False,1,6,True,True,False,False,normal
ets_additive_damped,region_2_bonds_lodged,bonds_lodged,region,2,Auckland Region,2025-12-01,2026-01-01,,1,5403.0,5304.134789916724,98.865210083276,98.865210083276,9774.329764810298,ets_additive_damped,98.865210083276,1.8639271813231617,above_forecast,-29.80370493073042,277.81075570330904,446.98050553406847,mad,411.87658369652934,0.31239677152612705,True,normal,normal,False,1,6,True,True,False,False,normal
ets_additive_damped,region_2_bonds_lodged,bonds_lodged,region,2,Auckland Region,2026-01-01,2026-02-01,,1,6525.0,6033.560335931922,491.439664068078,491.439664068078,241512.9434193453,ets_additive_damped,491.43966406807795,8.145102339349888,above_forecast,-9.346597538306924,187.8731862915365,375.0972900129709,mad,278.5369700393425,1.7979166698612765,True,normal,normal,False,1,6,True,True,False,False,normal
seasonal_naive,region_2_median_rent,median_rent,region,2,Auckland Region,2025-02-01,2025-03-01,2024-03-01,1,650.0,650.0,0.0,0.0,0.0,seasonal_naive,0.0,0.0,on_forecast,,,,unavailable,,,False,unavailable,unavailable,False,1,6,True,False,False,False,unavailable
seasonal_naive,region_2_median_rent,median_rent,region,2,Auckland Region,2025-03-01,2025-04-01,2024-04-01,1,650.0,650.0,0.0,0.0,0.0,seasonal_naive,0.0,0.0,on_forecast,,,,unavailable,,,False,unavailable,unavailable,False,1,6,True,False,False,False,unavailable
seasonal_naive,region_2_median_rent,median_rent,region,2,Auckland Region,2025-04-01,2025-05-01,2024-05-01,1,650.0,660.0,-10.0,10.0,100.0,seasonal_naive,-10.0,-1.5151515151515151,below_forecast,,,,unavailable,,,False,unavailable,unavailable,False,1,6,True,False,False,False,unavailable
seasonal_naive,region_2_median_rent,median_rent,region,2,Auckland Region,2025-05-01,2025-06-01,2024-06-01,1,650.0,655.0,-5.0,5.0,25.0,seasonal_naive,-5.0,-0.7633587786259541,below_forecast,,,,unavailable,,,False,unavailable,unavailable,False,1,6,True,False,False,False,unavailable
seasonal_naive,region_2_median_rent,median_rent,region,2,Auckland Region,2025-06-01,2025-07-01,2024-07-01,1,650.0,650.0,0.0,0.0,0.0,seasonal_naive,0.0,0.0,on_forecast,,,,unavailable,,,False,unavailable,unavailable,False,1,6,True,False,False,False,unavailable
seasonal_naive,region_2_median_rent,median_rent,region,2,Auckland Region,2025-07-01,2025-08-01,2024-08-01,1,650.0,650.0,0.0,0.0,0.0,seasonal_naive,0.0,0.0,on_forecast,,,,unavailable,,,False,unavailable,unavailable,False,1,6,True,False,False,False,unavailable
seasonal_naive,region_2_median_rent,median_rent,region,2,Auckland Region,2025-08-01,2025-09-01,2024-09-01,1,650.0,650.0,0.0,0.0,0.0,seasonal_naive,0.0,0.0,on_forecast,0.0,0.0,3.75,iqr,2.7798369162342476,0.0,True,normal,normal,False,1,6,True,False,False,False,normal
seasonal_naive,region_2_median_rent,median_rent,region,2,Auckland Region,2025-09-01,2025-10-01,2024-10-01,1,650.0,649.0,1.0,1.0,1.0,seasonal_naive,1.0,0.15408320493066258,above_forecast,0.0,0.0,2.5,iqr,1.8532246108228319,0.5396,True,normal,normal,False,1,6,True,False,False,False,normal
seasonal_naive,region_2_median_rent,median_rent,region,2,Auckland Region,2025-10-01,2025-11-01,2024-11-01,1,650.0,650.0,0.0,0.0,0.0,seasonal_naive,0.0,0.0,on_forecast,0.0,0.0,1.25,iqr,0.9266123054114159,0.0,True,normal,normal,False,1,6,True,False,False,False,normal
seasonal_naive,region_2_median_rent,median_rent,region,2,Auckland Region,2025-11-01,2025-12-01,2024-12-01,1,650.0,650.0,0.0,0.0,0.0,seasonal_naive,0.0,0.0,on_forecast,0.0,0.0,0.0,unavailable,,,False,unavailable,unavailable,False,1,6,True,False,False,False,unavailable
seasonal_naive,region_2_median_rent,median_rent,region,2,Auckland Region,2025-12-01,2026-01-01,2025-01-01,1,645.0,650.0,-5.0,5.0,25.0,seasonal_naive,-5.0,-0.7692307692307693,below_forecast,0.0,0.0,0.0,unavailable,,,False,unavailable,unavailable,False,1,6,True,False,False,False,unavailable
seasonal_naive,region_2_median_rent,median_rent,region,2,Auckland Region,2026-01-01,2026-02-01,2025-02-01,1,620.0,650.0,-30.0,30.0,900.0,seasonal_naive,-30.0,-4.615384615384616,below_forecast,0.0,0.0,2.5,iqr,1.8532246108228319,-16.188,True,high,low,True,1,6,True,True,True,True,dashboard_alert
ets_additive_damped,region_3_bonds_lodged,bonds_lodged,region,3,Waikato Region,2025-02-01,2025-03-01,,1,1377.0,1245.7512795226114,131.2487204773886,131.2487204773886,17226.226626951684,ets_additive_damped,131.2487204773886,10.535708261739444,above_forecast,,,,unavailable,,,False,unavailable,unavailable,False,1,6,True,True,False,False,unavailable
ets_additive_damped,region_3_bonds_lodged,bonds_lodged,region,3,Waikato Region,2025-03-01,2025-04-01,,1,1248.0,1082.093141240477,165.90685875952295,165.90685875952295,27525.085783452298,ets_additive_damped,165.90685875952295,15.332031267597964,above_forecast,,,,unavailable,,,False,unavailable,unavailable,False,1,6,True,True,False,False,unavailable
ets_additive_damped,region_3_bonds_lodged,bonds_lodged,region,3,Waikato Region,2025-04-01,2025-05-01,,1,1377.0,1226.3770109094746,150.62298909052538,150.62298909052538,22687.284842564528,ets_additive_damped,150.62298909052538,12.281948189718934,above_forecast,,,,unavailable,,,False,unavailable,unavailable,False,1,6,True,True,False,False,unavailable
ets_additive_damped,region_3_bonds_lodged,bonds_lodged,region,3,Waikato Region,2025-05-01,2025-06-01,,1,1356.0,1255.5556951533492,100.44430484665077,100.44430484665077,10089.05837612691,ets_additive_damped,100.44430484665077,7.999987992120321,above_forecast,,,,unavailable,,,False,unavailable,unavailable,False,1,6,True,True,False,False,unavailable
ets_additive_damped,region_3_bonds_lodged,bonds_lodged,region,3,Waikato Region,2025-06-01,2025-07-01,,1,1338.0,1339.313984150887,-1.313984150887336,1.313984150887336,1.7265543487831134,ets_additive_damped,-1.3139841508871086,-0.09810874570388084,below_forecast,,,,unavailable,,,False,unavailable,unavailable,False,1,6,True,False,False,False,unavailable
ets_additive_damped,region_3_bonds_lodged,bonds_lodged,region,3,Waikato Region,2025-07-01,2025-08-01,,1,1293.0,1274.145722588306,18.854277411694056,18.854277411694056,355.4837767171167,ets_additive_damped,18.854277411694056,1.479758325711237,above_forecast,,,,unavailable,,,False,unavailable,unavailable,False,1,6,True,False,False,False,unavailable
ets_additive_damped,region_3_bonds_lodged,bonds_lodged,region,3,Waikato Region,2025-08-01,2025-09-01,,1,1158.0,1203.2176074864751,-45.21760748647535,45.21760748647535,2044.632026800951,ets_additive_damped,-45.21760748647512,-3.758057329374927,below_forecast,115.84651266201968,42.41841126300449,106.52763766680795,mad,62.88867496368345,-2.5610989616414255,True,moderate,low,True,1,6,True,False,True,False,statistical_only
ets_additive_damped,region_3_bonds_lodged,bonds_lodged,region,3,Waikato Region,2025-09-01,2025-10-01,,1,1302.0,1209.262930961481,92.73706903851894,92.73706903851894,8600.163973855028,ets_additive_damped,92.73706903851894,7.668892071700569,above_forecast,100.44430484665077,65.46255391287218,132.1657081535535,mad,97.05345279892096,-0.07941227834624258,True,normal,normal,False,1,6,True,True,False,False,normal
ets_additive_damped,region_3_bonds_lodged,bonds_lodged,region,3,Waikato Region,2025-10-01,2025-11-01,,1,1191.0,1255.735415124733,-64.73541512473298,64.73541512473298,4190.673971371508,ets_additive_damped,-64.73541512473298,-5.155179534241516,below_forecast,96.59068694258485,61.67423698243931,122.28007560962402,mad,91.43697106366095,-1.7643421494681635,True,normal,normal,False,1,6,True,True,False,False,normal
ets_additive_damped,region_3_bonds_lodged,bonds_lodged,region,3,Waikato Region,2025-11-01,2025-12-01,,1,1191.0,1263.782306793253,-72.78230679325293,72.78230679325293,5297.264182147192,ets_additive_damped,-72.78230679325293,-5.759085754091007,below_forecast,92.73706903851894,73.16978972100401,132.5627046282757,mad,108.48004406375686,-1.5258048359059602,True,normal,normal,False,1,6,True,True,False,False,normal
ets_additive_damped,region_3_bonds_lodged,bonds_lodged,region,3,Waikato Region,2025-12-01,2026-01-01,,1,1248.0,1309.6758170777755,-61.67581707777572,61.67581707777572,3803.906412211251,ets_additive_damped,-61.67581707777549,-4.709243025910805,below_forecast,55.7956732251065,85.14018155885049,157.78931822228225,mad,126.22710386782875,-0.9306360258877945,True,normal,normal,False,1,6,True,True,False,False,normal
ets_additive_damped,region_3_bonds_lodged,bonds_lodged,region,3,Waikato Region,2026-01-01,2026-02-01,,1,1305.0,1475.161482364039,-170.16148236403933,170.16148236403933,28954.930080327267,ets_additive_damped,-170.1614823640391,-11.535108826956668,below_forecast,18.854277411694056,81.59002743495671,169.29322494414498,mad,120.96371747213745,-1.5625822662011912,True,normal,normal,False,1,6,True,True,False,False,normal
ets_additive_damped,region_3_median_rent,median_rent,region,3,Waikato Region,2025-02-01,2025-03-01,,1,570.0,563.5116744771937,6.488325522806349,6.488325522806349,42.09836808990028,ets_additive_damped,6.488325522806349,1.1514092461040828,above_forecast,,,,unavailable,,,False,unavailable,unavailable,False,1,6,True,False,False,False,unavailable
ets_additive_damped,region_3_median_rent,median_rent,region,3,Waikato Region,2025-03-01,2025-04-01,,1,570.0,573.8466420082847,-3.8466420082846753,3.8466420082846753,14.79665473990036,ets_additive_damped,-3.8466420082846753,-0.6703257850952348,below_forecast,,,,unavailable,,,False,unavailable,unavailable,False,1,6,True,False,False,False,unavailable
ets_additive_damped,region_3_median_rent,median_rent,region,3,Waikato Region,2025-04-01,2025-05-01,,1,565.0,573.0282563313904,-8.028256331390367,8.028256331390367,64.45289972250951,ets_additive_damped,-8.028256331390367,-1.4010227667983466,below_forecast,,,,unavailable,,,False,unavailable,unavailable,False,1,6,True,False,False,False,unavailable
ets_additive_damped,region_3_median_rent,median_rent,region,3,Waikato Region,2025-05-01,2025-06-01,,1,560.0,560.1855923953308,-0.1855923953307865,0.1855923953307865,0.0344445372046189,ets_additive_damped,-0.18559239533078653,-0.033130519215462326,below_forecast,,,,unavailable,,,False,unavailable,unavailable,False,1,6,True,False,False,False,unavailable
ets_additive_damped,region_3_median_rent,median_rent,region,3,Waikato Region,2025-06-01,2025-07-01,,1,560.0,567.2278612724841,-7.22786127248412,7.22786127248412,52.24197857427576,ets_additive_damped,-7.22786127248412,-1.2742429922729077,below_forecast,,,,unavailable,,,False,unavailable,unavailable,False,1,6,True,False,False,False,unavailable
ets_additive_damped,region_3_median_rent,median_rent,region,3,Waikato Region,2025-07-01,2025-08-01,,1,568.0,567.7363014374166,0.2636985625833858,0.2636985625833858,0.0695369319085438,ets_additive_damped,0.26369856258338586,0.04644736683487452,above_forecast,,,,unavailable,,,False,unavailable,unavailable,False,1,6,True,False,False,False,unavailable
ets_additive_damped,region_3_median_rent,median_rent,region,3,Waikato Region,2025-08-01,2025-09-01,,1,570.0,566.3130486894468,3.686951310553241,3.686951310553241,13.593609966390256,ets_additive_damped,3.6869513105532405,0.6510447391395145,above_forecast,-2.016117201807731,3.7457799175337527,6.533932279539101,mad,5.553417223919574,1.0269476040440149,True,normal,normal,False,1,6,True,False,False,False,normal
ets_additive_damped,region_3_median_rent,median_rent,region,3,Waikato Region,2025-09-01,2025-10-01,,1,565.0,567.787590993627,-2.787590993626964,2.787590993626964,7.770663547750162,ets_additive_damped,-2.7875909936269636,-0.49095666017439477,below_forecast,-0.18559239533078653,3.872543705884027,7.512576576952711,mad,5.741354641785066,-0.4532029043039884,True,normal,normal,False,1,6,True,False,False,False,normal
ets_additive_damped,region_3_median_rent,median_rent,region,3,Waikato Region,2025-10-01,2025-11-01,,1,570.0,568.7489815286434,1.2510184713565875,1.2510184713565875,1.5650472156753734,ets_additive_damped,1.2510184713565877,0.21995968555305162,above_forecast,-1.486591694478875,3.766796659418958,5.811458573910386,mad,5.584576218560353,0.49020911501521075,True,normal,normal,False,1,6,True,False,False,False,normal
ets_additive_damped,region_3_median_rent,median_rent,region,3,Waikato Region,2025-11-01,2025-12-01,,1,570.0,577.433019029353,-7.433019029352977,7.433019029352977,55.249771890723466,ets_additive_damped,-7.433019029352977,-1.2872521633500718,below_forecast,-0.18559239533078653,3.6610496129538888,5.097660479641263,mad,5.427797795335639,-1.3352425619558348,True,normal,normal,False,1,6,True,False,False,False,normal
ets_additive_damped,region_3_median_rent,median_rent,region,3,Waikato Region,2025-12-01,2026-01-01,,1,570.0,579.3105777014907,-9.310577701490727,9.310577701490727,86.68685713549638,ets_additive_damped,-9.310577701490729,-1.6071824095517064,below_forecast,-1.486591694478875,3.955576585433789,7.386744950597546,mad,5.864457502496352,-1.3341363636246626,True,normal,normal,False,1,6,True,False,False,False,normal
ets_additive_damped,region_3_median_rent,median_rent,region,3,Waikato Region,2026-01-01,2026-02-01,,1,570.0,573.1312205593099,-3.131220559309895,3.131220559309895,9.804542191044971,ets_additive_damped,-3.131220559309895,-0.5463357163223782,below_forecast,-2.7875909936269636,4.440270278857156,8.087798667888535,mad,6.583054527586592,-0.05219910669780056,True,normal,normal,False,1,6,True,False,False,False,normal
ets_additive_damped,region_4_bonds_lodged,bonds_lodged,region,4,Bay of Plenty Region,2025-02-01,2025-03-01,,1,759.0,734.1787435860349,24.821256413965106,24.821256413965106,616.0947699678037,ets_additive_damped,24.821256413965102,3.3808192665355232,above_forecast,,,,unavailable,,,False,unavailable,unavailable,False,1,6,True,False,False,False,unavailable
ets_additive_damped,region_4_bonds_lodged,bonds_lodged,region,4,Bay of Plenty Region,2025-03-01,2025-04-01,,1,777.0,690.959275459514,86.04072454048605,86.04072454048605,7403.006279451799,ets_additive_damped,86.04072454048605,12.452358278751772,above_forecast,,,,unavailable,,,False,unavailable,unavailable,False,1,6,True,True,False,False,unavailable
ets_additive_damped,region_4_bonds_lodged,bonds_lodged,region,4,Bay of Plenty Region,2025-04-01,2025-05-01,,1,789.0,756.5443474226382,32.455652577361775,32.455652577361775,1053.36938422241,ets_additive_damped,32.455652577361775,4.289986791644172,above_forecast,,,,unavailable,,,False,unavailable,unavailable,False,1,6,True,False,False,False,unavailable
ets_additive_damped,region_4_bonds_lodged,bonds_lodged,region,4,Bay of Plenty Region,2025-05-01,2025-06-01,,1,717.0,715.9173583353346,1.0826416646654025,1.0826416646654025,1.1721129740694738,ets_additive_damped,1.0826416646654025,0.15122439092450315,above_forecast,,,,unavailable,,,False,unavailable,unavailable,False,1,6,True,False,False,False,unavailable
ets_additive_damped,region_4_bonds_lodged,bonds_lodged,region,4,Bay of Plenty Region,2025-06-01,2025-07-01,,1,756.0,793.0017514378337,-37.00175143783372,37.00175143783372,1369.1296094672296,ets_additive_damped,-37.00175143783372,-4.6660365340611,below_forecast,,,,unavailable,,,False,unavailable,unavailable,False,1,6,True,False,False,False,unavailable
ets_additive_damped,region_4_bonds_lodged,bonds_lodged,region,4,Bay of Plenty Region,2025-07-01,2025-08-01,,1,813.0,739.2192842795184,73.78071572048157,73.78071572048157,5443.594012226516,ets_additive_damped,73.78071572048157,9.980897047672679,above_forecast,,,,unavailable,,,False,unavailable,unavailable,False,1,6,True,True,False,False,unavailable
ets_additive_damped,region_4_bonds_lodged,bonds_lodged,region,4,Bay of Plenty Region,2025-08-01,2025-09-01,,1,708.0,729.6675552266514,-21.667555226651416,21.667555226651416,469.4829494999891,ets_additive_damped,-21.667555226651416,-2.9695105766243066,below_forecast,28.63845449566344,36.34903702790808,56.43215458271129,mad,53.890343999863724,-0.9334883763674262,True,normal,normal,False,1,6,True,False,False,False,normal
ets_additive_damped,region_4_bonds_lodged,bonds_lodged,region,4,Bay of Plenty Region,2025-09-01,2025-10-01,,1,714.0,710.4110563283468,3.588943671653169,3.588943671653169,12.88051667829933,ets_additive_damped,3.588943671653169,0.5051925416535726,above_forecast,24.821256413965102,46.48881164061652,63.41064092991468,mad,68.92336788823798,-0.30805680849405076,True,normal,normal,False,1,6,True,False,False,False,normal
ets_additive_damped,region_4_bonds_lodged,bonds_lodged,region,4,Bay of Plenty Region,2025-10-01,2025-11-01,,1,663.0,683.0933100182972,-20.09331001829719,20.09331001829719,403.74110749140215,ets_additive_damped,-20.09331001829719,-2.9415176116655237,below_forecast,14.205100042809136,27.061603902006595,47.391825921305525,mad,40.120984287630236,-0.8548745916904367,True,normal,normal,False,1,6,True,False,False,False,normal
ets_additive_damped,region_4_bonds_lodged,bonds_lodged,region,4,Bay of Plenty Region,2025-11-01,2025-12-01,,1,609.0,668.7741650171924,-59.774165017192445,59.774165017192445,3572.950803502553,ets_additive_damped,-59.774165017192445,-8.937869933366192,below_forecast,3.588943671653169,25.256498898304585,52.54896259565896,mad,37.44477227324624,-1.6921750311756514,True,normal,normal,False,1,6,True,True,False,False,normal
ets_additive_damped,region_4_bonds_lodged,bonds_lodged,region,4,Bay of Plenty Region,2025-12-01,2026-01-01,,1,615.0,650.1074094980503,-35.10740949805029,35.10740949805029,1232.5302016637916,ets_additive_damped,-35.10740949805029,-5.400247556808623,below_forecast,2.3357926681592858,27.061603902006595,51.821047461075466,mad,40.120984287630236,-0.9332573173623196,True,normal,normal,False,1,6,True,False,False,False,normal
ets_additive_damped,region_4_bonds_lodged,bonds_lodged,region,4,Bay of Plenty Region,2026-01-01,2026-02-01,,1,615.0,699.1802462969147,-84.18024629691467,84.18024629691467,7086.313866609216,ets_additive_damped,-84.18024629691467,-12.039849057916117,below_forecast,1.0826416646654025,31.373010912696373,57.02593685801429,mad,46.51298875121775,-1.8330984581021539,True,normal,normal,False,1,6,True,True,False,False,normal
seasonal_naive,region_4_median_rent,median_rent,region,4,Bay of Plenty Region,2025-02-01,2025-03-01,2024-03-01,1,650.0,650.0,0.0,0.0,0.0,seasonal_naive,0.0,0.0,on_forecast,,,,unavailable,,,False,unavailable,unavailable,False,1,6,True,False,False,False,unavailable
seasonal_naive,region_4_median_rent,median_rent,region,4,Bay of Plenty Region,2025-03-01,2025-04-01,2024-04-01,1,650.0,630.0,20.0,20.0,400.0,seasonal_naive,20.0,3.1746031746031744,above_forecast,,,,unavailable,,,False,unavailable,unavailable,False,1,6,True,True,False,False,unavailable
seasonal_naive,region_4_median_rent,median_rent,region,4,Bay of Plenty Region,2025-04-01,2025-05-01,2024-05-01,1,630.0,650.0,-20.0,20.0,400.0,seasonal_naive,-20.0,-3.076923076923077,below_forecast,,,,unavailable,,,False,unavailable,unavailable,False,1,6,True,True,False,False,unavailable
seasonal_naive,region_4_median_rent,median_rent,region,4,Bay of Plenty Region,2025-05-01,2025-06-01,2024-06-01,1,630.0,640.0,-10.0,10.0,100.0,seasonal_naive,-10.0,-1.5625,below_forecast,,,,unavailable,,,False,unavailable,unavailable,False,1,6,True,False,False,False,unavailable
seasonal_naive,region_4_median_rent,median_rent,region,4,Bay of Plenty Region,2025-06-01,2025-07-01,2024-07-01,1,640.0,650.0,-10.0,10.0,100.0,seasonal_naive,-10.0,-1.5384615384615385,below_forecast,,,,unavailable,,,False,unavailable,unavailable,False,1,6,True,False,False,False,unavailable
seasonal_naive,region_4_median_rent,median_rent,region,4,Bay of Plenty Region,2025-07-01,2025-08-01,2024-08-01,1,643.0,640.0,3.0,3.0,9.0,seasonal_naive,3.0,0.46875,above_forecast,,,,unavailable,,,False,unavailable,unavailable,False,1,6,True,False,False,False,unavailable
seasonal_naive,region_4_median_rent,median_rent,region,4,Bay of Plenty Region,2025-08-01,2025-09-01,2024-09-01,1,630.0,640.0,-10.0,10.0,100.0,seasonal_naive,-10.0,-1.5625,below_forecast,-5.0,6.5,12.25,mad,9.636767976278724,-0.5188461538461538,True,normal,normal,False,1,6,True,False,False,False,normal
seasonal_naive,region_4_median_rent,median_rent,region,4,Bay of Plenty Region,2025-09-01,2025-10-01,2024-10-01,1,635.0,650.0,-15.0,15.0,225.0,seasonal_naive,-15.0,-2.307692307692308,below_forecast,-10.0,10.0,11.5,mad,14.825796886582655,-0.33725,True,normal,normal,False,1,6,True,True,False,False,normal
seasonal_naive,region_4_median_rent,median_rent,region,4,Bay of Plenty Region,2025-10-01,2025-11-01,2024-11-01,1,640.0,625.0,15.0,15.0,225.0,seasonal_naive,15.0,2.4,above_forecast,-10.0,7.5,12.0,mad,11.11934766493699,2.2483333333333335,True,normal,normal,False,1,6,True,True,False,False,normal
seasonal_naive,region_4_median_rent,median_rent,region,4,Bay of Plenty Region,2025-11-01,2025-12-01,2024-12-01,1,630.0,640.0,-10.0,10.0,100.0,seasonal_naive,-10.0,-1.5625,below_forecast,-10.0,10.0,13.0,mad,14.825796886582655,0.0,True,normal,normal,False,1,6,True,False,False,False,normal
seasonal_naive,region_4_median_rent,median_rent,region,4,Bay of Plenty Region,2025-12-01,2026-01-01,2025-01-01,1,660.0,660.0,0.0,0.0,0.0,seasonal_naive,0.0,0.0,on_forecast,-10.0,7.5,12.25,mad,11.11934766493699,0.8993333333333333,True,normal,normal,False,1,6,True,False,False,False,normal
seasonal_naive,region_4_median_rent,median_rent,region,4,Bay of Plenty Region,2026-01-01,2026-02-01,2025-02-01,1,650.0,650.0,0.0,0.0,0.0,seasonal_naive,0.0,0.0,on_forecast,-10.0,10.0,11.5,mad,14.825796886582655,0.6745,True,normal,normal,False,1,6,True,False,False,False,normal
ets_additive_damped,region_5_bonds_lodged,bonds_lodged,region,5,Gisborne Region,2025-02-01,2025-03-01,,1,105.0,84.78886735769215,20.211132642307845,20.211132642307845,408.4898826849617,ets_additive_damped,20.211132642307845,23.83701218350367,above_forecast,,,,unavailable,,,False,unavailable,unavailable,False,1,6,True,True,False,False,unavailable
ets_additive_damped,region_5_bonds_lodged,bonds_lodged,region,5,Gisborne Region,2025-03-01,2025-04-01,,1,111.0,78.9645818261491,32.0354181738509,32.0354181738509,1026.2680175734963,ets_additive_damped,32.0354181738509,40.56935075573639,above_forecast,,,,unavailable,,,False,unavailable,unavailable,False,1,6,True,True,False,False,unavailable
ets_additive_damped,region_5_bonds_lodged,bonds_lodged,region,5,Gisborne Region,2025-04-01,2025-05-01,,1,108.0,93.85018227125896,14.149817728741027,14.149817728741027,200.21734175659387,ets_additive_damped,14.149817728741041,15.077027434899652,above_forecast,,,,unavailable,,,False,unavailable,unavailable,False,1,6,True,True,False,False,unavailable
ets_additive_damped,region_5_bonds_lodged,bonds_lodged,region,5,Gisborne Region,2025-05-01,2025-06-01,,1,93.0,92.81531502851168,0.1846849714883092,0.1846849714883092,0.0341085386936375,ets_additive_damped,0.1846849714883234,0.19898113951516572,above_forecast,,,,unavailable,,,False,unavailable,unavailable,False,1,6,True,False,False,False,unavailable
ets_additive_damped,region_5_bonds_lodged,bonds_lodged,region,5,Gisborne Region,2025-06-01,2025-07-01,,1,102.0,103.3394378939228,-1.339437893922792,1.339437893922792,1.7940938716763246,ets_additive_damped,-1.3394378939228062,-1.2961536478432654,below_forecast,,,,unavailable,,,False,unavailable,unavailable,False,1,6,True,False,False,False,unavailable
ets_additive_damped,region_5_bonds_lodged,bonds_lodged,region,5,Gisborne Region,2025-07-01,2025-08-01,,1,87.0,97.65877024579656,-10.65877024579656,10.65877024579656,113.60938315267808,ets_additive_damped,-10.65877024579656,-10.914299062920401,below_forecast,,,,unavailable,,,False,unavailable,unavailable,False,1,6,True,True,False,False,unavailable
ets_additive_damped,region_5_bonds_lodged,bonds_lodged,region,5,Gisborne Region,2025-08-01,2025-09-01,,1,90.0,97.534051103387,-7.534051103386986,7.534051103386986,56.76192602844666,ets_additive_damped,-7.534051103387,-7.724534168483206,below_forecast,7.167251350114682,10.775285268115326,19.654211091486168,mad,15.975219078006413,-0.9202567039435113,True,normal,normal,False,1,6,True,False,False,False,normal
ets_additive_damped,region_5_bonds_lodged,bonds_lodged,region,5,Gisborne Region,2025-09-01,2025-10-01,,1,90.0,84.90744148463703,5.092558515362967,5.092558515362967,25.934152232395867,ets_additive_damped,5.092558515362967,5.997776433157986,above_forecast,0.1846849714883234,10.843455217284884,21.617219684179346,mad,16.076286460022068,0.3052865197494065,True,normal,normal,False,1,6,True,False,False,False,normal
ets_additive_damped,region_5_bonds_lodged,bonds_lodged,region,5,Gisborne Region,2025-10-01,2025-11-01,,1,87.0,91.29573774365144,-4.295737743651429,4.295737743651429,18.45336276223147,ets_additive_damped,-4.2957377436514435,-4.705299337975022,below_forecast,2.638621743425645,10.84193441606402,18.553237653421597,mad,16.07403175102153,-0.43140138046799614,True,normal,normal,False,1,6,True,False,False,False,normal
ets_additive_damped,region_5_bonds_lodged,bonds_lodged,region,5,Gisborne Region,2025-11-01,2025-12-01,,1,72.0,83.3920097505417,-11.392009750541703,11.392009750541703,129.77788615643723,ets_additive_damped,-11.392009750541703,-13.660792904044024,below_forecast,0.1846849714883234,7.7187360748753235,18.445555472392485,mad,11.443641326723979,-1.0116268407500095,True,normal,normal,False,1,6,True,True,False,False,normal
ets_additive_damped,region_5_bonds_lodged,bonds_lodged,region,5,Gisborne Region,2025-12-01,2026-01-01,,1,75.0,88.48593042868313,-13.485930428683131,13.485930428683131,181.8703195272816,ets_additive_damped,-13.485930428683133,-15.240762416520406,below_forecast,-0.5773764612172414,8.519034213374539,18.609975688849634,mad,12.630147091733935,-1.0220430430231622,True,normal,normal,False,1,6,True,True,False,False,normal
ets_additive_damped,region_5_bonds_lodged,bonds_lodged,region,5,Gisborne Region,2026-01-01,2026-02-01,,1,81.0,92.8377441867222,-11.83774418672219,11.83774418672219,140.13218743027502,ets_additive_damped,-11.837744186722205,-12.751003689742019,below_forecast,-1.3394378939228062,9.319332351873754,18.717598796643784,mad,13.816652856743891,-0.7598299241972478,True,normal,normal,False,1,6,True,True,False,False,normal
seasonal_naive,region_5_median_rent,median_rent,region,5,Gisborne Region,2025-02-01,2025-03-01,2024-03-01,1,650.0,600.0,50.0,50.0,2500.0,seasonal_naive,50.0,8.333333333333332,above_forecast,,,,unavailable,,,False,unavailable,unavailable,False,1,6,True,True,False,False,unavailable
seasonal_naive,region_5_median_rent,median_rent,region,5,Gisborne Region,2025-03-01,2025-04-01,2024-04-01,1,600.0,585.0,15.0,15.0,225.0,seasonal_naive,15.0,2.564102564102564,above_forecast,,,,unavailable,,,False,unavailable,unavailable,False,1,6,True,True,False,False,unavailable
seasonal_naive,region_5_median_rent,median_rent,region,5,Gisborne Region,2025-04-01,2025-05-01,2024-05-01,1,620.0,650.0,-30.0,30.0,900.0,seasonal_naive,-30.0,-4.615384615384616,below_forecast,,,,unavailable,,,False,unavailable,unavailable,False,1,6,True,True,False,False,unavailable
seasonal_naive,region_5_median_rent,median_rent,region,5,Gisborne Region,2025-05-01,2025-06-01,2024-06-01,1,600.0,600.0,0.0,0.0,0.0,seasonal_naive,0.0,0.0,on_forecast,,,,unavailable,,,False,unavailable,unavailable,False,1,6,True,False,False,False,unavailable
seasonal_naive,region_5_median_rent,median_rent,region,5,Gisborne Region,2025-06-01,2025-07-01,2024-07-01,1,600.0,620.0,-20.0,20.0,400.0,seasonal_naive,-20.0,-3.225806451612903,below_forecast,,,,unavailable,,,False,unavailable,unavailable,False,1,6,True,True,False,False,unavailable
seasonal_naive,region_5_median_rent,median_rent,region,5,Gisborne Region,2025-07-01,2025-08-01,2024-08-01,1,623.0,600.0,23.0,23.0,529.0,seasonal_naive,23.0,3.833333333333333,above_forecast,,,,unavailable,,,False,unavailable,unavailable,False,1,6,True,True,False,False,unavailable
seasonal_naive,region_5_median_rent,median_rent,region,5,Gisborne Region,2025-08-01,2025-09-01,2024-09-01,1,630.0,630.0,0.0,0.0,0.0,seasonal_naive,0.0,0.0,on_forecast,7.5,21.5,36.0,mad,31.875463306152707,-0.2352906976744186,True,normal,normal,False,1,6,True,False,False,False,normal
seasonal_naive,region_5_median_rent,median_rent,region,5,Gisborne Region,2025-09-01,2025-10-01,2024-10-01,1,600.0,625.0,-25.0,25.0,625.0,seasonal_naive,-25.0,-4.0,below_forecast,0.0,20.0,29.0,mad,29.65159377316531,-0.8431249999999999,True,normal,normal,False,1,6,True,True,False,False,normal
seasonal_naive,region_5_median_rent,median_rent,region,5,Gisborne Region,2025-10-01,2025-11-01,2024-11-01,1,600.0,640.0,-40.0,40.0,1600.0,seasonal_naive,-40.0,-6.25,below_forecast,0.0,21.5,38.25,mad,31.875463306152707,-1.2548837209302326,True,normal,normal,False,1,6,True,True,False,False,normal
seasonal_naive,region_5_median_rent,median_rent,region,5,Gisborne Region,2025-11-01,2025-12-01,2024-12-01,1,560.0,575.0,-15.0,15.0,225.0,seasonal_naive,-15.0,-2.608695652173913,below_forecast,0.0,23.0,40.0,mad,34.099332839140104,-0.4398913043478261,True,normal,normal,False,1,6,True,True,False,False,normal
seasonal_naive,region_5_median_rent,median_rent,region,5,Gisborne Region,2025-12-01,2026-01-01,2025-01-01,1,645.0,655.0,-10.0,10.0,100.0,seasonal_naive,-10.0,-1.5267175572519083,below_forecast,-7.5,20.0,35.0,mad,29.65159377316531,-0.0843125,True,normal,normal,False,1,6,True,False,False,False,normal
seasonal_naive,region_5_median_rent,median_rent,region,5,Gisborne Region,2026-01-01,2026-02-01,2025-02-01,1,650.0,650.0,0.0,0.0,0.0,seasonal_naive,0.0,0.0,on_forecast,-10.0,15.0,30.0,mad,22.23869532987398,0.44966666666666666,True,normal,normal,False,1,6,True,False,False,False,normal
ets_additive_damped,region_6_bonds_lodged,bonds_lodged,region,6,Hawke's Bay Region,2025-02-01,2025-03-01,,1,315.0,272.6999341220515,42.3000658779485,42.3000658779485,1789.2955732787827,ets_additive_damped,42.3000658779485,15.51157906001414,above_forecast,,,,unavailable,,,False,unavailable,unavailable,False,1,6,True,True,False,False,unavailable
ets_additive_damped,region_6_bonds_lodged,bonds_lodged,region,6,Hawke's Bay Region,2025-03-01,2025-04-01,,1,321.0,255.2897419206056,65.7102580793944,65.7102580793944,4317.838016860618,ets_additive_damped,65.7102580793944,25.739482356416076,above_forecast,,,,unavailable,,,False,unavailable,unavailable,False,1,6,True,True,False,False,unavailable
ets_additive_damped,region_6_bonds_lodged,bonds_lodged,region,6,Hawke's Bay Region,2025-04-01,2025-05-01,,1,354.0,301.1634482488815,52.83655175111852,52.83655175111852,2791.7012009486257,ets_additive_damped,52.83655175111852,17.54414490149362,above_forecast,,,,unavailable,,,False,unavailable,unavailable,False,1,6,True,True,False,False,unavailable
ets_additive_damped,region_6_bonds_lodged,bonds_lodged,region,6,Hawke's Bay Region,2025-05-01,2025-06-01,,1,306.0,301.1276078404409,4.872392159559126,4.872392159559126,23.74020535653325,ets_additive_damped,4.872392159559126,1.6180489708339434,above_forecast,,,,unavailable,,,False,unavailable,unavailable,False,1,6,True,False,False,False,unavailable
ets_additive_damped,region_6_bonds_lodged,bonds_lodged,region,6,Hawke's Bay Region,2025-06-01,2025-07-01,,1,330.0,327.14149364860583,2.858506351394169,2.858506351394169,8.171058560960805,ets_additive_damped,2.858506351394169,0.8737828758783474,above_forecast,,,,unavailable,,,False,unavailable,unavailable,False,1,6,True,False,False,False,unavailable
ets_additive_damped,region_6_bonds_lodged,bonds_lodged,region,6,Hawke's Bay Region,2025-07-01,2025-08-01,,1,330.0,319.078991674128,10.92100832587198,10.92100832587198,119.26842285376512,ets_additive_damped,10.92100832587198,3.4226660516169267,above_forecast,,,,unavailable,,,False,unavailable,unavailable,False,1,6,True,False,False,False,unavailable
ets_additive_damped,region_6_bonds_lodged,bonds_lodged,region,6,Hawke's Bay Region,2025-08-01,2025-09-01,,1,282.0,311.60867371244564,-29.60867371244564,29.60867371244564,876.6735590100693,ets_additive_damped,-29.608673712445636,-9.501877261532425,below_forecast,26.61053710191024,22.74508784643359,43.817884081688675,mad,33.72140525787041,-1.6671669043577177,True,normal,normal,False,1,6,True,False,False,False,normal
ets_additive_damped,region_6_bonds_lodged,bonds_lodged,region,6,Hawke's Bay Region,2025-09-01,2025-10-01,,1,327.0,302.64520201904844,24.35479798095156,24.35479798095156,593.1561846929621,ets_additive_damped,24.35479798095156,8.04731012369351,above_forecast,10.92100832587198,31.379057552076517,43.70285955905686,mad,46.5219533759474,0.28876237303537355,True,normal,normal,False,1,6,True,False,False,False,normal
ets_additive_damped,region_6_bonds_lodged,bonds_lodged,region,6,Hawke's Bay Region,2025-10-01,2025-11-01,,1,282.0,308.7628949030128,-26.762894903012807,26.762894903012807,716.2525435897089,ets_additive_damped,-26.762894903012807,-8.667782089366485,below_forecast,17.63790315341177,19.720779763277164,40.565266638723116,mad,29.23762752153768,-1.5186183633989134,True,normal,normal,False,1,6,True,False,False,False,normal
ets_additive_damped,region_6_bonds_lodged,bonds_lodged,region,6,Hawke's Bay Region,2025-11-01,2025-12-01,,1,285.0,288.68594638575644,-3.685946385756438,3.685946385756438,13.586200758670946,ets_additive_damped,-3.685946385756438,-1.27680146259392,below_forecast,10.92100832587198,31.379057552076517,39.44155952655433,mad,46.5219533759474,-0.3139798235381159,True,normal,normal,False,1,6,True,False,False,False,normal
ets_additive_damped,region_6_bonds_lodged,bonds_lodged,region,6,Hawke's Bay Region,2025-12-01,2026-01-01,,1,306.0,293.86053335998673,12.139466640013268,12.139466640013268,147.36665030399502,ets_additive_damped,12.139466640013268,4.131029948530757,above_forecast,7.8967002427155535,25.430731686734475,39.86358210516805,mad,37.703086266470685,0.11253101052023962,True,normal,normal,False,1,6,True,False,False,False,normal
ets_additive_damped,region_6_bonds_lodged,bonds_lodged,region,6,Hawke's Bay Region,2026-01-01,2026-02-01,,1,276.0,301.49576691077425,-25.49576691077425,25.49576691077425,650.0341303685311,ets_additive_damped,-25.49576691077425,-8.456426162135656,below_forecast,10.92100832587198,14.606954711628418,33.74115194663116,mad,21.655974368611442,-1.6816040976401117,True,normal,normal,False,1,6,True,False,False,False,normal
ets_additive_damped,region_6_median_rent,median_rent,region,6,Hawke's Bay Region,2025-02-01,2025-03-01,,1,620.0,621.9298089458832,-1.929808945883224,1.929808945883224,3.724162567610919,ets_additive_damped,-1.9298089458832237,-0.31029368879328706,below_forecast,,,,unavailable,,,False,unavailable,unavailable,False,1,6,True,False,False,False,unavailable
ets_additive_damped,region_6_median_rent,median_rent,region,6,Hawke's Bay Region,2025-03-01,2025-04-01,,1,600.0,627.7951547842904,-27.79515478429039,27.79515478429039,772.5706294826609,ets_additive_damped,-27.79515478429039,-4.427424227866297,below_forecast,,,,unavailable,,,False,unavailable,unavailable,False,1,6,True,True,False,False,unavailable
ets_additive_damped,region_6_median_rent,median_rent,region,6,Hawke's Bay Region,2025-04-01,2025-05-01,,1,610.0,617.6725698651924,-7.672569865192372,7.672569865192372,58.868328336258095,ets_additive_damped,-7.672569865192372,-1.2421742909624298,below_forecast,,,,unavailable,,,False,unavailable,unavailable,False,1,6,True,False,False,False,unavailable
ets_additive_damped,region_6_median_rent,median_rent,region,6,Hawke's Bay Region,2025-05-01,2025-06-01,,1,620.0,614.7345756299368,5.265424370063215,5.265424370063215,27.724693796855604,ets_additive_damped,5.265424370063215,0.8565362318635775,above_forecast,,,,unavailable,,,False,unavailable,unavailable,False,1,6,True,False,False,False,unavailable
ets_additive_damped,region_6_median_rent,median_rent,region,6,Hawke's Bay Region,2025-06-01,2025-07-01,,1,600.0,617.7942001783163,-17.79420017831626,17.79420017831626,316.6335599859904,ets_additive_damped,-17.79420017831626,-2.880279577435375,below_forecast,,,,unavailable,,,False,unavailable,unavailable,False,1,6,True,True,False,False,unavailable
ets_additive_damped,region_6_median_rent,median_rent,region,6,Hawke's Bay Region,2025-07-01,2025-08-01,,1,600.0,611.9420688810067,-11.942068881006662,11.942068881006662,142.6130091587077,ets_additive_damped,-11.942068881006662,-1.9515031713449367,below_forecast,,,,unavailable,,,False,unavailable,unavailable,False,1,6,True,False,False,False,unavailable
ets_additive_damped,region_6_median_rent,median_rent,region,6,Hawke's Bay Region,2025-08-01,2025-09-01,,1,590.0,606.0930196069964,-16.09301960699645,16.09301960699645,258.98528007117216,ets_additive_damped,-16.09301960699645,-2.6552062284814806,below_forecast,-9.807319373099517,7.932195616216518,12.96566817827835,mad,11.760112107066742,-0.5344932239310718,True,normal,normal,False,1,6,True,True,False,False,normal
ets_additive_damped,region_6_median_rent,median_rent,region,6,Hawke's Bay Region,2025-09-01,2025-10-01,,1,600.0,604.2266031355804,-4.226603135580376,4.226603135580376,17.864174065697867,ets_additive_damped,-4.226603135580376,-0.6995062967513833,below_forecast,-11.942068881006662,5.852131297309597,12.142420487118557,mad,8.676250996752554,0.8892626260252404,True,normal,normal,False,1,6,True,False,False,False,normal
ets_additive_damped,region_6_median_rent,median_rent,region,6,Hawke's Bay Region,2025-10-01,2025-11-01,,1,600.0,599.0614205584443,0.9385794415557028,0.9385794415557028,0.8809313681110152,ets_additive_damped,0.9385794415557029,0.15667499347241562,above_forecast,-9.807319373099517,7.081605330556613,12.865910161670314,mad,10.499044226177336,1.0235121010217674,True,normal,normal,False,1,6,True,False,False,False,normal
ets_additive_damped,region_6_median_rent,median_rent,region,6,Hawke's Bay Region,2025-11-01,2025-12-01,,1,600.0,604.1075851326711,-4.107585132671147,4.107585132671147,16.872255622141047,ets_additive_damped,-4.107585132671147,-0.6799426515674455,below_forecast,-7.672569865192372,8.420449741804077,14.163210661113226,mad,12.48398775656646,0.2855645809686153,True,normal,normal,False,1,6,True,False,False,False,normal
ets_additive_damped,region_6_median_rent,median_rent,region,6,Hawke's Bay Region,2025-12-01,2026-01-01,,1,590.0,601.5720837097681,-11.572083709768094,11.572083709768094,133.9131213858801,ets_additive_damped,-11.572083709768094,-1.9236404120359933,below_forecast,-5.949586500386374,6.440324161281183,12.581028932918798,mad,9.54829378989056,-0.5888483673737236,True,normal,normal,False,1,6,True,False,False,False,normal
ets_additive_damped,region_6_median_rent,median_rent,region,6,Hawke's Bay Region,2026-01-01,2026-02-01,,1,590.0,593.3338098396397,-3.3338098396396845,3.3338098396396845,11.11428804687838,ets_additive_damped,-3.3338098396396845,-0.561877611616421,below_forecast,-7.672569865192372,5.7427609193091484,10.99884720472437,mad,8.514100695788212,0.5095969827675402,True,normal,normal,False,1,6,True,False,False,False,normal
ets_additive_damped,region_7_bonds_lodged,bonds_lodged,region,7,Taranaki Region,2025-02-01,2025-03-01,,1,264.0,217.48775566835783,46.512244331642165,46.512244331642165,2163.388872766379,ets_additive_damped,46.512244331642165,21.386143872194644,above_forecast,,,,unavailable,,,False,unavailable,unavailable,False,1,6,True,True,False,False,unavailable
ets_additive_damped,region_7_bonds_lodged,bonds_lodged,region,7,Taranaki Region,2025-03-01,2025-04-01,,1,249.0,214.9810191179436,34.01898088205647,34.01898088205647,1157.2910602537231,ets_additive_damped,34.01898088205641,15.82417881431328,above_forecast,,,,unavailable,,,False,unavailable,unavailable,False,1,6,True,True,False,False,unavailable
ets_additive_damped,region_7_bonds_lodged,bonds_lodged,region,7,Taranaki Region,2025-04-01,2025-05-01,,1,276.0,243.47674854388555,32.52325145611445,32.52325145611445,1057.761885277651,ets_additive_damped,32.52325145611445,13.357846961001407,above_forecast,,,,unavailable,,,False,unavailable,unavailable,False,1,6,True,True,False,False,unavailable
ets_additive_damped,region_7_bonds_lodged,bonds_lodged,region,7,Taranaki Region,2025-05-01,2025-06-01,,1,249.0,247.46280750611103,1.5371924938889665,1.5371924938889665,2.36296076326858,ets_additive_damped,1.5371924938889663,0.6211812228999325,above_forecast,,,,unavailable,,,False,unavailable,unavailable,False,1,6,True,False,False,False,unavailable
ets_additive_damped,region_7_bonds_lodged,bonds_lodged,region,7,Taranaki Region,2025-06-01,2025-07-01,,1,243.0,264.116885228198,-21.11688522819793,21.11688522819793,445.922841740884,ets_additive_damped,-21.116885228197987,-7.995280275228492,below_forecast,,,,unavailable,,,False,unavailable,unavailable,False,1,6,True,False,False,False,unavailable
ets_additive_damped,region_7_bonds_lodged,bonds_lodged,region,7,Taranaki Region,2025-07-01,2025-08-01,,1,282.0,249.32514114062727,32.67485885937265,32.67485885937265,1067.6464014799233,ets_additive_damped,32.67485885937273,13.10532051035442,above_forecast,,,,unavailable,,,False,unavailable,unavailable,False,1,6,True,True,False,False,unavailable
ets_additive_damped,region_7_bonds_lodged,bonds_lodged,region,7,Taranaki Region,2025-08-01,2025-09-01,,1,222.0,244.29372143764647,-22.293721437646525,22.293721437646525,497.0100155393802,ets_additive_damped,-22.293721437646468,-9.125785675722623,below_forecast,32.59905515774359,7.666557449105696,24.399243141940154,mad,11.366282355975828,-4.829439818247183,True,high,low,True,1,6,True,False,True,False,statistical_only
ets_additive_damped,region_7_bonds_lodged,bonds_lodged,region,7,Taranaki Region,2025-09-01,2025-10-01,,1,234.0,243.26291247677577,-9.262912476775767,9.262912476775767,85.80154755240818,ets_additive_damped,-9.262912476775767,-3.807778334340256,below_forecast,32.52325145611445,13.988992875527714,43.13676623786908,mad,20.73979670204257,-2.0147817518758457,True,normal,normal,False,1,6,True,False,False,False,normal
ets_additive_damped,region_7_bonds_lodged,bonds_lodged,region,7,Taranaki Region,2025-10-01,2025-11-01,,1,243.0,234.4899380334464,8.510061966553621,8.510061966553621,72.4211546745825,ets_additive_damped,8.510061966553593,3.6291800142570567,above_forecast,17.03022197500171,21.64094667941609,45.237295029674975,mad,32.08442799023883,-0.2655543683384425,True,normal,normal,False,1,6,True,False,False,False,normal
ets_additive_damped,region_7_bonds_lodged,bonds_lodged,region,7,Taranaki Region,2025-11-01,2025-12-01,,1,237.0,229.0182415169315,7.981758483068489,7.981758483068489,63.70846848203579,ets_additive_damped,7.981758483068489,3.485206431679981,above_forecast,8.510061966553593,24.16479689281914,41.9377713361485,mad,35.82623705384602,-0.01474627331614748,True,normal,normal,False,1,6,True,False,False,False,normal
ets_additive_damped,region_7_bonds_lodged,bonds_lodged,region,7,Taranaki Region,2025-12-01,2026-01-01,,1,237.0,254.91798067845244,-17.917980678452437,17.917980678452437,321.0540315933949,ets_additive_damped,-17.917980678452437,-7.028919902301343,below_forecast,8.245910224811041,24.35314493293255,39.19984324266775,mad,36.10547803251676,-0.7246515578522505,True,normal,normal,False,1,6,True,False,False,False,normal
ets_additive_damped,region_7_bonds_lodged,bonds_lodged,region,7,Taranaki Region,2026-01-01,2026-02-01,,1,207.0,254.22568758743137,-47.225687587431366,47.225687587431366,2230.265568105669,ets_additive_damped,-47.225687587431366,-18.57628473172675,below_forecast,7.981758483068489,24.693100376304244,46.189501735357695,mad,36.60948906790844,-1.5080091931382409,True,normal,normal,False,1,6,True,True,False,False,normal
ets_additive_damped,region_7_median_rent,median_rent,region,7,Taranaki Region,2025-02-01,2025-03-01,,1,550.0,573.3391329096905,-23.33913290969053,23.33913290969053,544.7151249761997,ets_additive_damped,-23.339132909690534,-4.0707378181643845,below_forecast,,,,unavailable,,,False,unavailable,unavailable,False,1,6,True,True,False,False,unavailable
ets_additive_damped,region_7_median_rent,median_rent,region,7,Taranaki Region,2025-03-01,2025-04-01,,1,590.0,568.2163209771511,21.7836790228489,21.7836790228489,474.5286717705072,ets_additive_damped,21.7836790228489,3.8336947072178265,above_forecast,,,,unavailable,,,False,unavailable,unavailable,False,1,6,True,True,False,False,unavailable
ets_additive_damped,region_7_median_rent,median_rent,region,7,Taranaki Region,2025-04-01,2025-05-01,,1,565.0,571.6538867858004,-6.65388678580041,6.65388678580041,44.27420935824931,ets_additive_damped,-6.65388678580041,-1.1639712314758792,below_forecast,,,,unavailable,,,False,unavailable,unavailable,False,1,6,True,False,False,False,unavailable
ets_additive_damped,region_7_median_rent,median_rent,region,7,Taranaki Region,2025-05-01,2025-06-01,,1,560.0,566.214862869649,-6.214862869648982,6.214862869648982,38.624520488541584,ets_additive_damped,-6.214862869648982,-1.097615636253571,below_forecast,,,,unavailable,,,False,unavailable,unavailable,False,1,6,True,False,False,False,unavailable
ets_additive_damped,region_7_median_rent,median_rent,region,7,Taranaki Region,2025-06-01,2025-07-01,,1,563.0,568.4412225931553,-5.441222593155317,5.441222593155317,29.606903308263867,ets_additive_damped,-5.441222593155317,-0.95721815675738,below_forecast,,,,unavailable,,,False,unavailable,unavailable,False,1,6,True,False,False,False,unavailable
ets_additive_damped,region_7_median_rent,median_rent,region,7,Taranaki Region,2025-07-01,2025-08-01,,1,575.0,567.1917964075171,7.808203592482869,7.808203592482869,60.96804334166238,ets_additive_damped,7.808203592482869,1.3766425470076464,above_forecast,,,,unavailable,,,False,unavailable,unavailable,False,1,6,True,False,False,False,unavailable
ets_additive_damped,region_7_median_rent,median_rent,region,7,Taranaki Region,2025-08-01,2025-09-01,,1,560.0,568.5876291729326,-8.587629172932566,8.587629172932566,73.74737481180246,ets_additive_damped,-8.587629172932566,-1.5103440054480484,below_forecast,-5.8280427314021495,7.231045189141639,11.039977852835875,mad,10.72060072519146,-0.25740968367993505,True,normal,normal,False,1,6,True,False,False,False,normal
ets_additive_damped,region_7_median_rent,median_rent,region,7,Taranaki Region,2025-09-01,2025-10-01,,1,560.0,567.5430128946057,-7.543012894605681,7.543012894605681,56.89704352818757,ets_additive_damped,-7.543012894605681,-1.3290645331240187,below_forecast,-6.214862869648982,2.3727663032835835,8.804248479030264,mad,3.5178151271809988,-0.3775496940400651,True,normal,normal,False,1,6,True,False,False,False,normal
ets_additive_damped,region_7_median_rent,median_rent,region,7,Taranaki Region,2025-10-01,2025-11-01,,1,550.0,561.5240347396573,-11.524034739657282,11.524034739657282,132.80337668082788,ets_additive_damped,-11.524034739657282,-2.0522780908212126,below_forecast,-6.434374827724696,1.6309462060444275,5.675300917441632,mad,2.4180077183757267,-2.1048981247055387,True,normal,normal,False,1,6,True,False,False,False,normal
ets_additive_damped,region_7_median_rent,median_rent,region,7,Taranaki Region,2025-11-01,2025-12-01,,1,565.0,563.9643753979572,1.0356246020428443,1.0356246020428443,1.0725183163563998,ets_additive_damped,1.0356246020428443,0.18363298236915476,above_forecast,-6.65388678580041,1.9337423871321562,3.146406579777249,mad,2.8669271862596832,2.6821439430679512,True,moderate,high,True,1,6,True,False,True,False,statistical_only
ets_additive_damped,region_7_median_rent,median_rent,region,7,Taranaki Region,2025-12-01,2026-01-01,,1,580.0,564.1261714464085,15.873828553591466,15.873828553591466,251.9784329488157,ets_additive_damped,15.873828553591466,2.8138791208518614,above_forecast,-6.434374827724696,3.6214571285702277,7.742887906594149,mad,5.369098782164904,4.154925116188894,True,high,high,True,1,6,True,True,True,True,dashboard_alert
ets_additive_damped,region_7_median_rent,median_rent,region,7,Taranaki Region,2026-01-01,2026-02-01,,1,560.0,560.5578930990083,-0.5578930990083109,0.5578930990083109,0.3112447099210969,ets_additive_damped,-0.5578930990083109,-0.09952461750632655,below_forecast,-6.214862869648982,5.309171870008299,12.48723513103198,mad,7.871270378070125,0.7186857392678772,True,normal,normal,False,1,6,True,False,False,False,normal
ets_additive_damped,region_8_bonds_lodged,bonds_lodged,region,8,Manawatu-Wanganui Region,2025-02-01,2025-03-01,,1,636.0,553.6222978715115,82.37770212848852,82.37770212848852,6786.085807969983,ets_additive_damped,82.37770212848852,14.879765942448964,above_forecast,,,,unavailable,,,False,unavailable,unavailable,False,1,6,True,True,False,False,unavailable
ets_additive_damped,region_8_bonds_lodged,bonds_lodged,region,8,Manawatu-Wanganui Region,2025-03-01,2025-04-01,,1,591.0,493.06018860824327,97.93981139175672,97.93981139175672,9592.206655452885,ets_additive_damped,97.93981139175673,19.863662419837745,above_forecast,,,,unavailable,,,False,unavailable,unavailable,False,1,6,True,True,False,False,unavailable
ets_additive_damped,region_8_bonds_lodged,bonds_lodged,region,8,Manawatu-Wanganui Region,2025-04-01,2025-05-01,,1,675.0,549.3214149206211,125.67858507937888,125.67858507937888,15795.106747554675,ets_additive_damped,125.67858507937888,22.87887958956413,above_forecast,,,,unavailable,,,False,unavailable,unavailable,False,1,6,True,True,False,False,unavailable
ets_additive_damped,region_8_bonds_lodged,bonds_lodged,region,8,Manawatu-Wanganui Region,2025-05-01,2025-06-01,,1,615.0,562.5662515282465,52.43374847175346,52.43374847175346,2749.2979787991085,ets_additive_damped,52.43374847175346,9.320457515770613,above_forecast,,,,unavailable,,,False,unavailable,unavailable,False,1,6,True,True,False,False,unavailable
ets_additive_damped,region_8_bonds_lodged,bonds_lodged,region,8,Manawatu-Wanganui Region,2025-06-01,2025-07-01,,1,690.0,618.78696986113,71.21303013886995,71.21303013886995,5071.2956615596,ets_additive_damped,71.21303013886995,11.50848896427987,above_forecast,,,,unavailable,,,False,unavailable,unavailable,False,1,6,True,True,False,False,unavailable
ets_additive_damped,region_8_bonds_lodged,bonds_lodged,region,8,Manawatu-Wanganui Region,2025-07-01,2025-08-01,,1,636.0,609.7260080185276,26.273991981472363,26.273991981472363,690.322654642474,ets_additive_damped,26.273991981472363,4.30914732780662,above_forecast,,,,unavailable,,,False,unavailable,unavailable,False,1,6,True,False,False,False,unavailable
ets_additive_damped,region_8_bonds_lodged,bonds_lodged,region,8,Manawatu-Wanganui Region,2025-08-01,2025-09-01,,1,579.0,568.4775559771006,10.522444022899435,10.522444022899435,110.72182821505206,ets_additive_damped,10.522444022899435,1.8509867121866288,above_forecast,76.79536613367924,22.753031460001637,36.9207151874071,mad,33.73318229800095,-1.9646211117978982,True,normal,normal,False,1,6,True,False,False,False,normal
ets_additive_damped,region_8_bonds_lodged,bonds_lodged,region,8,Manawatu-Wanganui Region,2025-09-01,2025-10-01,,1,609.0,589.4552581856228,19.544741814377176,19.544741814377176,381.9969325906636,ets_additive_damped,19.544741814377176,3.315729488025438,above_forecast,71.21303013886995,26.72678125288678,50.804886533509716,mad,39.62458302874245,-1.3039452878788451,True,normal,normal,False,1,6,True,False,False,False,normal
ets_additive_damped,region_8_bonds_lodged,bonds_lodged,region,8,Manawatu-Wanganui Region,2025-10-01,2025-11-01,,1,627.0,693.1235700763953,-66.12357007639525,66.12357007639525,4372.326519647954,ets_additive_damped,-66.12357007639525,-9.53993961987286,below_forecast,61.82338930531171,35.832909705142185,61.67655000460701,mad,53.12514411436944,-2.4084068196833277,True,normal,normal,False,1,6,True,True,False,False,normal
ets_additive_damped,region_8_bonds_lodged,bonds_lodged,region,8,Manawatu-Wanganui Region,2025-11-01,2025-12-01,,1,528.0,665.140889066776,-137.14088906677603,137.14088906677603,18807.62345402577,ets_additive_damped,-137.14088906677603,-20.61832182038773,below_forecast,52.43374847175346,32.889006657376285,62.83296031411135,mad,48.76057325037255,-3.8878672850114833,True,high,low,True,1,6,True,True,True,True,dashboard_alert
ets_additive_damped,region_8_bonds_lodged,bonds_lodged,region,8,Manawatu-Wanganui Region,2025-12-01,2026-01-01,,1,546.0,602.1798826089353,-56.17988260893526,56.17988260893526,3156.1792099537465,ets_additive_damped,-56.17988260893526,-9.32941870550985,below_forecast,39.35387022661291,37.441495907066326,66.80851566031501,mad,55.51000134479811,-1.7210187447509533,True,normal,normal,False,1,6,True,True,False,False,normal
ets_additive_damped,region_8_bonds_lodged,bonds_lodged,region,8,Manawatu-Wanganui Region,2026-01-01,2026-02-01,,1,609.0,666.9260651898317,-57.92606518983166,57.92606518983166,3355.4290283766272,ets_additive_damped,-57.92606518983166,-8.685530257892045,below_forecast,26.273991981472363,56.10371014701616,99.62408542669715,mad,83.17822112233678,-1.0122848990418338,True,normal,normal,False,1,6,True,True,False,False,normal
seasonal_naive,region_8_median_rent,median_rent,region,8,Manawatu-Wanganui Region,2025-02-01,2025-03-01,2024-03-01,1,520.0,525.0,-5.0,5.0,25.0,seasonal_naive,-5.0,-0.9523809523809524,below_forecast,,,,unavailable,,,False,unavailable,unavailable,False,1,6,True,False,False,False,unavailable
seasonal_naive,region_8_median_rent,median_rent,region,8,Manawatu-Wanganui Region,2025-03-01,2025-04-01,2024-04-01,1,530.0,500.0,30.0,30.0,900.0,seasonal_naive,30.0,6.0,above_forecast,,,,unavailable,,,False,unavailable,unavailable,False,1,6,True,True,False,False,unavailable
seasonal_naive,region_8_median_rent,median_rent,region,8,Manawatu-Wanganui Region,2025-04-01,2025-05-01,2024-05-01,1,500.0,520.0,-20.0,20.0,400.0,seasonal_naive,-20.0,-3.8461538461538463,below_forecast,,,,unavailable,,,False,unavailable,unavailable,False,1,6,True,True,False,False,unavailable
seasonal_naive,region_8_median_rent,median_rent,region,8,Manawatu-Wanganui Region,2025-05-01,2025-06-01,2024-06-01,1,500.0,510.0,-10.0,10.0,100.0,seasonal_naive,-10.0,-1.9607843137254901,below_forecast,,,,unavailable,,,False,unavailable,unavailable,False,1,6,True,False,False,False,unavailable
seasonal_naive,region_8_median_rent,median_rent,region,8,Manawatu-Wanganui Region,2025-06-01,2025-07-01,2024-07-01,1,500.0,500.0,0.0,0.0,0.0,seasonal_naive,0.0,0.0,on_forecast,,,,unavailable,,,False,unavailable,unavailable,False,1,6,True,False,False,False,unavailable
seasonal_naive,region_8_median_rent,median_rent,region,8,Manawatu-Wanganui Region,2025-07-01,2025-08-01,2024-08-01,1,520.0,520.0,0.0,0.0,0.0,seasonal_naive,0.0,0.0,on_forecast,,,,unavailable,,,False,unavailable,unavailable,False,1,6,True,False,False,False,unavailable
seasonal_naive,region_8_median_rent,median_rent,region,8,Manawatu-Wanganui Region,2025-08-01,2025-09-01,2024-09-01,1,500.0,500.0,0.0,0.0,0.0,seasonal_naive,0.0,0.0,on_forecast,-2.5,5.0,8.75,mad,7.412898443291327,0.33725,True,normal,normal,False,1,6,True,False,False,False,normal
seasonal_naive,region_8_median_rent,median_rent,region,8,Manawatu-Wanganui Region,2025-09-01,2025-10-01,2024-10-01,1,510.0,500.0,10.0,10.0,100.0,seasonal_naive,10.0,2.0,above_forecast,0.0,5.0,7.5,mad,7.412898443291327,1.349,True,normal,normal,False,1,6,True,False,False,False,normal
seasonal_naive,region_8_median_rent,median_rent,region,8,Manawatu-Wanganui Region,2025-10-01,2025-11-01,2024-11-01,1,530.0,520.0,10.0,10.0,100.0,seasonal_naive,10.0,1.9230769230769231,above_forecast,0.0,7.5,8.75,mad,11.11934766493699,0.8993333333333333,True,normal,normal,False,1,6,True,False,False,False,normal
seasonal_naive,region_8_median_rent,median_rent,region,8,Manawatu-Wanganui Region,2025-11-01,2025-12-01,2024-12-01,1,520.0,520.0,0.0,0.0,0.0,seasonal_naive,0.0,0.0,on_forecast,0.0,10.0,15.0,mad,14.825796886582655,0.0,True,normal,normal,False,1,6,True,False,False,False,normal
seasonal_naive,region_8_median_rent,median_rent,region,8,Manawatu-Wanganui Region,2025-12-01,2026-01-01,2025-01-01,1,520.0,520.0,0.0,0.0,0.0,seasonal_naive,0.0,0.0,on_forecast,0.0,7.5,11.25,mad,11.11934766493699,0.0,True,normal,normal,False,1,6,True,False,False,False,normal
seasonal_naive,region_8_median_rent,median_rent,region,8,Manawatu-Wanganui Region,2026-01-01,2026-02-01,2025-02-01,1,520.0,528.0,-8.0,8.0,64.0,seasonal_naive,-8.0,-1.5151515151515151,below_forecast,0.0,5.0,7.5,mad,7.412898443291327,-1.0792,True,normal,normal,False,1,6,True,False,False,False,normal
ets_additive_damped,region_9_bonds_lodged,bonds_lodged,region,9,Wellington Region,2025-02-01,2025-03-01,,1,1698.0,1560.031025445595,137.96897455440467,137.96897455440467,19035.43793959396,ets_additive_damped,137.9689745544049,8.843989145343857,above_forecast,,,,unavailable,,,False,unavailable,unavailable,False,1,6,True,True,False,False,unavailable
ets_additive_damped,region_9_bonds_lodged,bonds_lodged,region,9,Wellington Region,2025-03-01,2025-04-01,,1,1479.0,1309.6952320509258,169.30476794907418,169.30476794907418,28664.10445028985,ets_additive_damped,169.30476794907418,12.927035527490641,above_forecast,,,,unavailable,,,False,unavailable,unavailable,False,1,6,True,True,False,False,unavailable
ets_additive_damped,region_9_bonds_lodged,bonds_lodged,region,9,Wellington Region,2025-04-01,2025-05-01,,1,1608.0,1376.9795454848722,231.02045451512777,231.02045451512777,53370.45040437622,ets_additive_damped,231.02045451512777,16.77733378630393,above_forecast,,,,unavailable,,,False,unavailable,unavailable,False,1,6,True,True,False,False,unavailable
ets_additive_damped,region_9_bonds_lodged,bonds_lodged,region,9,Wellington Region,2025-05-01,2025-06-01,,1,1593.0,1375.9579773573562,217.0420226426438,217.0420226426438,47107.23959280992,ets_additive_damped,217.04202264264381,15.773884538210345,above_forecast,,,,unavailable,,,False,unavailable,unavailable,False,1,6,True,True,False,False,unavailable
ets_additive_damped,region_9_bonds_lodged,bonds_lodged,region,9,Wellington Region,2025-06-01,2025-07-01,,1,1500.0,1485.0962385640396,14.903761435960403,14.903761435960403,222.12210494002056,ets_additive_damped,14.903761435960405,1.0035552611978238,above_forecast,,,,unavailable,,,False,unavailable,unavailable,False,1,6,True,False,False,False,unavailable
ets_additive_damped,region_9_bonds_lodged,bonds_lodged,region,9,Wellington Region,2025-07-01,2025-08-01,,1,1617.0,1402.2047435016823,214.79525649831749,214.79525649831749,46137.002214178,ets_additive_damped,214.7952564983177,15.318394656255135,above_forecast,,,,unavailable,,,False,unavailable,unavailable,False,1,6,True,True,False,False,unavailable
ets_additive_damped,region_9_bonds_lodged,bonds_lodged,region,9,Wellington Region,2025-08-01,2025-09-01,,1,1428.0,1370.4623349458325,57.53766505416752,57.53766505416752,3310.58289988557,ets_additive_damped,57.53766505416752,4.198412724450519,above_forecast,192.05001222369594,31.981226355189847,70.67740820349007,mad,47.41471661258687,-2.8369324289880984,True,moderate,low,True,1,6,True,True,True,True,dashboard_alert
ets_additive_damped,region_9_bonds_lodged,bonds_lodged,region,9,Wellington Region,2025-09-01,2025-10-01,,1,1533.0,1434.726365735371,98.27363426462898,98.27363426462898,9657.70719157806,ets_additive_damped,98.27363426462898,6.849643012886203,above_forecast,169.30476794907418,47.73725469356964,118.16531976619456,mad,70.7742842009928,-1.0036291357284939,True,normal,normal,False,1,6,True,True,False,False,normal
ets_additive_damped,region_9_bonds_lodged,bonds_lodged,region,9,Wellington Region,2025-10-01,2025-11-01,,1,1620.0,1635.116666202495,-15.116666202495026,15.116666202495026,228.5135970776554,ets_additive_damped,-15.116666202495026,-0.9245007720215457,below_forecast,153.63687125173954,62.28176831874123,127.26730607238562,mad,92.33768468308558,-1.8275695132861267,True,normal,normal,False,1,6,True,False,False,False,normal
ets_additive_damped,region_9_bonds_lodged,bonds_lodged,region,9,Wellington Region,2025-11-01,2025-12-01,,1,1341.0,1526.31544663255,-185.31544663255,185.31544663255,34341.814760621484,ets_additive_damped,-185.31544663255,-12.14135957553232,below_forecast,137.9689745544049,79.07304808823892,157.2575914441502,mad,117.2320950159213,-2.7576443220864526,True,moderate,low,True,1,6,True,True,True,True,dashboard_alert
ets_additive_damped,region_9_bonds_lodged,bonds_lodged,region,9,Wellington Region,2025-12-01,2026-01-01,,1,2142.0,2068.8205296390884,73.17947036091164,73.17947036091164,5355.2348823035445,ets_additive_damped,73.17947036091164,3.537255615579086,above_forecast,118.12130440951694,97.79733516096383,177.86039702049464,mad,144.99234271454978,-0.3099600517324109,True,normal,normal,False,1,6,True,True,False,False,normal
ets_additive_damped,region_9_bonds_lodged,bonds_lodged,region,9,Wellington Region,2026-01-01,2026-02-01,,1,2478.0,2484.22093068809,-6.220930688089993,6.220930688089993,38.69997862601984,ets_additive_damped,-6.220930688089993,-0.2504177712715307,below_forecast,98.27363426462898,83.36987282866858,155.82929897863198,mad,123.60248010180663,-0.8454083192072748,True,normal,normal,False,1,6,True,False,False,False,normal
ets_additive_damped,region_9_median_rent,median_rent,region,9,Wellington Region,2025-02-01,2025-03-01,,1,610.0,619.0817763948938,-9.081776394893836,9.081776394893836,82.4786624868509,ets_additive_damped,-9.081776394893836,-1.4669752432029015,below_forecast,,,,unavailable,,,False,unavailable,unavailable,False,1,6,True,False,False,False,unavailable
ets_additive_damped,region_9_median_rent,median_rent,region,9,Wellington Region,2025-03-01,2025-04-01,,1,595.0,619.4423292510113,-24.4423292510113,24.4423292510113,597.4274592148427,ets_additive_damped,-24.4423292510113,-3.945860348382286,below_forecast,,,,unavailable,,,False,unavailable,unavailable,False,1,6,True,True,False,False,unavailable
ets_additive_damped,region_9_median_rent,median_rent,region,9,Wellington Region,2025-04-01,2025-05-01,,1,595.0,602.0022359587072,-7.0022359587071605,7.0022359587071605,49.03130842141159,ets_additive_damped,-7.0022359587071605,-1.1631577991659587,below_forecast,,,,unavailable,,,False,unavailable,unavailable,False,1,6,True,False,False,False,unavailable
ets_additive_damped,region_9_median_rent,median_rent,region,9,Wellington Region,2025-05-01,2025-06-01,,1,590.0,595.8998268235148,-5.899826823514786,5.899826823514786,34.80795654746457,ets_additive_damped,-5.899826823514786,-0.9900702362952882,below_forecast,,,,unavailable,,,False,unavailable,unavailable,False,1,6,True,False,False,False,unavailable
ets_additive_damped,region_9_median_rent,median_rent,region,9,Wellington Region,2025-06-01,2025-07-01,,1,590.0,595.7286927702229,-5.728692770222892,5.728692770222892,32.81792085560404,ets_additive_damped,-5.728692770222892,-0.9616278080519604,below_forecast,,,,unavailable,,,False,unavailable,unavailable,False,1,6,True,False,False,False,unavailable
ets_additive_damped,region_9_median_rent,median_rent,region,9,Wellington Region,2025-07-01,2025-08-01,,1,565.0,596.9975466093526,-31.99754660935264,31.99754660935264,1023.8429890176944,ets_additive_damped,-31.99754660935264,-5.359745076187113,below_forecast,,,,unavailable,,,False,unavailable,unavailable,False,1,6,True,True,False,False,unavailable
ets_additive_damped,region_9_median_rent,median_rent,region,9,Wellington Region,2025-08-01,2025-09-01,,1,575.0,587.9142292304133,-12.914229230413298,12.914229230413298,166.77731661566125,ets_additive_damped,-12.914229230413298,-2.1966179058666735,below_forecast,-8.042006176800498,2.2277463799316592,14.426761929669055,mad,3.302811534368657,-1.4751744091096437,True,normal,normal,False,1,6,True,False,False,False,normal
ets_additive_damped,region_9_median_rent,median_rent,region,9,Wellington Region,2025-09-01,2025-10-01,,1,570.0,581.1476128748,-11.14761287479996,11.14761287479996,124.26927280640584,ets_additive_damped,-11.147612874799961,-1.9182067736035864,below_forecast,-9.081776394893836,3.353083624670944,12.227247849601326,mad,4.971213676309777,-0.4155597836702994,True,normal,normal,False,1,6,True,False,False,False,normal
ets_additive_damped,region_9_median_rent,median_rent,region,9,Wellington Region,2025-10-01,2025-11-01,,1,590.0,605.7121668929806,-15.712166892980576,15.712166892980576,246.8721884728749,ets_additive_damped,-15.712166892980576,-2.5939988911856644,below_forecast,-10.114694634846899,3.6636632437359253,9.069620560653732,mad,5.431672711246739,-1.0305245834388432,True,normal,normal,False,1,6,True,True,False,False,normal
ets_additive_damped,region_9_median_rent,median_rent,region,9,Wellington Region,2025-11-01,2025-12-01,,1,595.0,584.2242402976019,10.77575970239809,10.77575970239809,116.11699716382658,ets_additive_damped,10.77575970239809,1.8444561110488935,above_forecast,-11.147612874799961,4.5645540181806155,8.709930934273416,mad,6.767315075138051,3.239596846575201,True,moderate,high,True,1,6,True,False,True,False,statistical_only
ets_additive_damped,region_9_median_rent,median_rent,region,9,Wellington Region,2025-12-01,2026-01-01,,1,603.0,611.4624543290264,-8.4624543290264,8.4624543290264,71.61313327085766,ets_additive_damped,-8.4624543290264,-1.3839695747652192,below_forecast,-10.114694634846899,4.3004348379780595,8.837253370025877,mad,6.375737343184669,0.2591449767902778,True,normal,normal,False,1,6,True,False,False,False,normal
ets_additive_damped,region_9_median_rent,median_rent,region,9,Wellington Region,2026-01-01,2026-02-01,,1,600.0,619.1343734736763,-19.134373473676305,19.134373473676305,366.1242482301274,ets_additive_damped,-19.134373473676305,-3.090504144733912,below_forecast,-9.081776394893836,3.353083624670944,7.862166670585964,mad,4.971213676309777,-2.0221615350569073,True,normal,normal,False,1,6,True,True,False,False,normal
seasonal_naive,territorial_authority_11_bonds_lodged,bonds_lodged,territorial_authority,11,Thames-Coromandel District,2025-02-01,2025-03-01,2024-03-01,1,48.0,39.0,9.0,9.0,81.0,seasonal_naive,9.0,23.076923076923077,above_forecast,,,,unavailable,,,False,unavailable,unavailable,False,1,6,True,True,False,False,unavailable
seasonal_naive,territorial_authority_11_bonds_lodged,bonds_lodged,territorial_authority,11,Thames-Coromandel District,2025-03-01,2025-04-01,2024-04-01,1,51.0,30.0,21.0,21.0,441.0,seasonal_naive,21.0,70.0,above_forecast,,,,unavailable,,,False,unavailable,unavailable,False,1,6,True,True,False,False,unavailable
seasonal_naive,territorial_authority_11_bonds_lodged,bonds_lodged,territorial_authority,11,Thames-Coromandel District,2025-04-01,2025-05-01,2024-05-01,1,54.0,54.0,0.0,0.0,0.0,seasonal_naive,0.0,0.0,on_forecast,,,,unavailable,,,False,unavailable,unavailable,False,1,6,True,False,False,False,unavailable
seasonal_naive,territorial_authority_11_bonds_lodged,bonds_lodged,territorial_authority,11,Thames-Coromandel District,2025-05-01,2025-06-01,2024-06-01,1,39.0,36.0,3.0,3.0,9.0,seasonal_naive,3.0,8.333333333333332,above_forecast,,,,unavailable,,,False,unavailable,unavailable,False,1,6,True,False,False,False,unavailable
seasonal_naive,territorial_authority_11_bonds_lodged,bonds_lodged,territorial_authority,11,Thames-Coromandel District,2025-06-01,2025-07-01,2024-07-01,1,48.0,36.0,12.0,12.0,144.0,seasonal_naive,12.0,33.33333333333333,above_forecast,,,,unavailable,,,False,unavailable,unavailable,False,1,6,True,True,False,False,unavailable
seasonal_naive,territorial_authority_11_bonds_lodged,bonds_lodged,territorial_authority,11,Thames-Coromandel District,2025-07-01,2025-08-01,2024-08-01,1,45.0,36.0,9.0,9.0,81.0,seasonal_naive,9.0,25.0,above_forecast,,,,unavailable,,,False,unavailable,unavailable,False,1,6,True,True,False,False,unavailable
seasonal_naive,territorial_authority_11_bonds_lodged,bonds_lodged,territorial_authority,11,Thames-Coromandel District,2025-08-01,2025-09-01,2024-09-01,1,36.0,36.0,0.0,0.0,0.0,seasonal_naive,0.0,0.0,on_forecast,9.0,4.5,6.75,mad,6.6716085989621945,-1.349,True,normal,normal,False,1,6,True,False,False,False,normal
seasonal_naive,territorial_authority_11_bonds_lodged,bonds_lodged,territorial_authority,11,Thames-Coromandel District,2025-09-01,2025-10-01,2024-10-01,1,33.0,30.0,3.0,3.0,9.0,seasonal_naive,3.0,10.0,above_forecast,9.0,6.0,9.0,mad,8.895478131949593,-0.6744999999999999,True,normal,normal,False,1,6,True,True,False,False,normal
seasonal_naive,territorial_authority_11_bonds_lodged,bonds_lodged,territorial_authority,11,Thames-Coromandel District,2025-10-01,2025-11-01,2024-11-01,1,30.0,33.0,-3.0,3.0,9.0,seasonal_naive,-3.0,-9.090909090909092,below_forecast,6.0,4.5,7.5,mad,6.6716085989621945,-1.349,True,normal,normal,False,1,6,True,False,False,False,normal
seasonal_naive,territorial_authority_11_bonds_lodged,bonds_lodged,territorial_authority,11,Thames-Coromandel District,2025-11-01,2025-12-01,2024-12-01,1,36.0,33.0,3.0,3.0,9.0,seasonal_naive,3.0,9.090909090909092,above_forecast,3.0,6.0,9.0,mad,8.895478131949593,0.0,True,normal,normal,False,1,6,True,False,False,False,normal
seasonal_naive,territorial_authority_11_bonds_lodged,bonds_lodged,territorial_authority,11,Thames-Coromandel District,2025-12-01,2026-01-01,2025-01-01,1,33.0,30.0,3.0,3.0,9.0,seasonal_naive,3.0,10.0,above_forecast,3.0,4.5,8.25,mad,6.6716085989621945,0.0,True,normal,normal,False,1,6,True,True,False,False,normal
seasonal_naive,territorial_authority_11_bonds_lodged,bonds_lodged,territorial_authority,11,Thames-Coromandel District,2026-01-01,2026-02-01,2025-02-01,1,33.0,42.0,-9.0,9.0,81.0,seasonal_naive,-9.0,-21.428571428571427,below_forecast,3.0,3.0,7.5,mad,4.447739065974797,-2.6979999999999995,True,moderate,low,True,1,6,True,True,True,True,dashboard_alert
xgboost_pooled_recursive,territorial_authority_11_median_rent,median_rent,territorial_authority,11,Thames-Coromandel District,2025-02-01,2025-03-01,,1,580.0,572.046630859375,7.953369140625,7.953369140625,63.25608068704605,xgboost_pooled_recursive,7.953369140625,1.390335806833929,above_forecast,,,,unavailable,,,False,unavailable,unavailable,False,1,6,True,False,False,False,unavailable
xgboost_pooled_recursive,territorial_authority_11_median_rent,median_rent,territorial_authority,11,Thames-Coromandel District,2025-03-01,2025-04-01,,1,560.0,575.9004516601562,-15.90045166015625,15.90045166015625,252.82436299696565,xgboost_pooled_recursive,-15.90045166015625,-2.7609722503810854,below_forecast,,,,unavailable,,,False,unavailable,unavailable,False,1,6,True,True,False,False,unavailable
xgboost_pooled_recursive,territorial_authority_11_median_rent,median_rent,territorial_authority,11,Thames-Coromandel District,2025-04-01,2025-05-01,,1,550.0,571.540283203125,-21.540283203125,21.540283203125,463.983800470829,xgboost_pooled_recursive,-21.540283203125,-3.768812774211682,below_forecast,,,,unavailable,,,False,unavailable,unavailable,False,1,6,True,True,False,False,unavailable
xgboost_pooled_recursive,territorial_authority_11_median_rent,median_rent,territorial_authority,11,Thames-Coromandel District,2025-05-01,2025-06-01,,1,580.0,553.51953125,26.48046875,26.48046875,701.2152252197266,xgboost_pooled_recursive,26.48046875,4.7840170499855335,above_forecast,,,,unavailable,,,False,unavailable,unavailable,False,1,6,True,True,False,False,unavailable
xgboost_pooled_recursive,territorial_authority_11_median_rent,median_rent,territorial_authority,11,Thames-Coromandel District,2025-06-01,2025-07-01,,1,520.0,570.688232421875,-50.688232421875,50.688232421875,2569.29690605402,xgboost_pooled_recursive,-50.688232421875,-8.881948065893232,below_forecast,,,,unavailable,,,False,unavailable,unavailable,False,1,6,True,True,False,False,unavailable
xgboost_pooled_recursive,territorial_authority_11_median_rent,median_rent,territorial_authority,11,Thames-Coromandel District,2025-07-01,2025-08-01,,1,520.0,551.0090942382812,-31.00909423828125,31.00909423828125,961.5639254786074,xgboost_pooled_recursive,-31.00909423828125,-5.62769191335189,below_forecast,,,,unavailable,,,False,unavailable,unavailable,False,1,6,True,True,False,False,unavailable
xgboost_pooled_recursive,territorial_authority_11_median_rent,median_rent,territorial_authority,11,Thames-Coromandel District,2025-08-01,2025-09-01,,1,500.0,547.52294921875,-47.52294921875,47.52294921875,2258.4307024478912,xgboost_pooled_recursive,-47.52294921875,-8.679626906335084,below_forecast,-18.720367431640625,19.481231689453125,30.631805419921875,mad,28.88247841282895,-0.9972337337337337,True,normal,normal,False,1,6,True,True,False,False,normal
xgboost_pooled_recursive,territorial_authority_11_median_rent,median_rent,territorial_authority,11,Thames-Coromandel District,2025-09-01,2025-10-01,,1,500.0,525.7081909179688,-25.70819091796875,25.70819091796875,660.9110802747309,xgboost_pooled_recursive,-25.70819091796875,-4.890201705451503,below_forecast,-21.540283203125,25.982666015625,35.29248046875,mad,38.52137289195701,-0.10819727859995301,True,normal,normal,False,1,6,True,True,False,False,normal
xgboost_pooled_recursive,territorial_authority_11_median_rent,median_rent,territorial_authority,11,Thames-Coromandel District,2025-10-01,2025-11-01,,1,575.0,525.2072143554688,49.79278564453125,49.79278564453125,2479.3215022422373,xgboost_pooled_recursive,49.79278564453125,9.480598187448104,above_forecast,-23.624237060546875,15.811248779296875,25.2005615234375,mad,23.44143629250834,3.13193363192261,True,moderate,high,True,1,6,True,True,True,True,dashboard_alert
xgboost_pooled_recursive,territorial_authority_11_median_rent,median_rent,territorial_authority,11,Thames-Coromandel District,2025-11-01,2025-12-01,,1,580.0,553.0025024414062,26.99749755859375,26.99749755859375,728.8648744262755,xgboost_pooled_recursive,26.99749755859375,4.881984699780683,above_forecast,-21.540283203125,25.982666015625,38.96246337890625,mad,38.52137289195701,1.2600220894996477,True,normal,normal,False,1,6,True,True,False,False,normal
xgboost_pooled_recursive,territorial_authority_11_median_rent,median_rent,territorial_authority,11,Thames-Coromandel District,2025-12-01,2026-01-01,,1,570.0,582.2232055664062,-12.22320556640625,12.22320556640625,149.4067543186247,xgboost_pooled_recursive,-12.22320556640625,-2.09940199042996,below_forecast,-18.720367431640625,27.7381591796875,51.532562255859375,mad,41.1240314005745,0.15798941990749502,True,normal,normal,False,1,6,True,False,False,False,normal
xgboost_pooled_recursive,territorial_authority_11_median_rent,median_rent,territorial_authority,11,Thames-Coromandel District,2026-01-01,2026-02-01,,1,565.0,559.9716796875,5.0283203125,5.0283203125,25.284005165100098,xgboost_pooled_recursive,5.0283203125,0.8979597531264659,above_forecast,-15.90045166015625,23.85382080078125,45.5755615234375,mad,35.36519021613232,0.5917901712036968,True,normal,normal,False,1,6,True,False,False,False,normal
ets_additive_damped,territorial_authority_12_bonds_lodged,bonds_lodged,territorial_authority,12,Hauraki District,2025-02-01,2025-03-01,,1,30.0,26.185890254672103,3.814109745327898,3.814109745327898,14.547433149405238,ets_additive_damped,3.8141097453278974,14.565514894600085,above_forecast,,,,unavailable,,,False,unavailable,unavailable,False,1,6,True,True,False,False,unavailable
ets_additive_damped,territorial_authority_12_bonds_lodged,bonds_lodged,territorial_authority,12,Hauraki District,2025-03-01,2025-04-01,,1,33.0,23.151234537531327,9.848765462468672,9.848765462468672,96.99818113471578,ets_additive_damped,9.848765462468673,42.54099472104813,above_forecast,,,,unavailable,,,False,unavailable,unavailable,False,1,6,True,True,False,False,unavailable
ets_additive_damped,territorial_authority_12_bonds_lodged,bonds_lodged,territorial_authority,12,Hauraki District,2025-04-01,2025-05-01,,1,36.0,25.97300067902507,10.02699932097493,10.02699932097493,100.5407153828317,ets_additive_damped,10.02699932097493,38.60547129262735,above_forecast,,,,unavailable,,,False,unavailable,unavailable,False,1,6,True,True,False,False,unavailable
ets_additive_damped,territorial_authority_12_bonds_lodged,bonds_lodged,territorial_authority,12,Hauraki District,2025-05-01,2025-06-01,,1,33.0,29.85280663298545,3.1471933670145447,3.1471933670145447,9.904826089380348,ets_additive_damped,3.1471933670145518,10.54237012186688,above_forecast,,,,unavailable,,,False,unavailable,unavailable,False,1,6,True,True,False,False,unavailable
ets_additive_damped,territorial_authority_12_bonds_lodged,bonds_lodged,territorial_authority,12,Hauraki District,2025-06-01,2025-07-01,,1,30.0,29.556410405740063,0.4435895942599366,0.4435895942599366,0.1967717281356951,ets_additive_damped,0.4435895942599366,1.5008236391716512,above_forecast,,,,unavailable,,,False,unavailable,unavailable,False,1,6,True,False,False,False,unavailable
ets_additive_damped,territorial_authority_12_bonds_lodged,bonds_lodged,territorial_authority,12,Hauraki District,2025-07-01,2025-08-01,,1,27.0,29.73966035717942,-2.739660357179421,2.739660357179421,7.505738872700472,ets_additive_damped,-2.739660357179421,-9.21214406713304,below_forecast,,,,unavailable,,,False,unavailable,unavailable,False,1,6,True,False,False,False,unavailable
ets_additive_damped,territorial_authority_12_bonds_lodged,bonds_lodged,territorial_authority,12,Hauraki District,2025-08-01,2025-09-01,,1,24.0,28.549043749902463,-4.549043749902463,4.549043749902463,20.693799038526663,ets_additive_damped,-4.549043749902463,-15.934137023128855,below_forecast,3.4806515561712246,4.628686937630967,7.220610995734888,mad,6.862397238889499,-1.1701006261440332,True,normal,normal,False,1,6,True,True,False,False,normal
ets_additive_damped,territorial_authority_12_bonds_lodged,bonds_lodged,territorial_authority,12,Hauraki District,2025-09-01,2025-10-01,,1,36.0,26.39623133173233,9.60376866826767,9.60376866826767,92.23237263359977,ets_additive_damped,9.60376866826767,36.38310540460547,above_forecast,3.1471933670145518,5.886853724193973,7.9794729853580275,mad,8.72772976159225,0.7397771789023869,True,normal,normal,False,1,6,True,True,False,False,normal
ets_additive_damped,territorial_authority_12_bonds_lodged,bonds_lodged,territorial_authority,12,Hauraki District,2025-10-01,2025-11-01,,1,27.0,27.887409021603688,-0.8874090216036876,0.8874090216036876,0.7874947716236141,ets_additive_damped,-0.8874090216036876,-3.1821135513745067,below_forecast,3.4806515561712246,6.171714512723545,10.017240760417822,mad,9.150058580761371,-0.47738061338307286,True,normal,normal,False,1,6,True,False,False,False,normal
ets_additive_damped,territorial_authority_12_bonds_lodged,bonds_lodged,territorial_authority,12,Hauraki District,2025-11-01,2025-12-01,,1,33.0,26.404826776152948,6.595173223847052,6.595173223847052,43.49630985254912,ets_additive_damped,6.595173223847052,24.977150123943876,above_forecast,3.1471933670145518,5.886853724193973,10.491177689871357,mad,8.72772976159225,0.39506033653858974,True,normal,normal,False,1,6,True,True,False,False,normal
ets_additive_damped,territorial_authority_12_bonds_lodged,bonds_lodged,territorial_authority,12,Hauraki District,2025-12-01,2026-01-01,,1,33.0,27.83771021682544,5.1622897831745576,5.1622897831745576,26.64923580546842,ets_additive_damped,5.162289783174561,18.54423277980102,above_forecast,3.4806515561712246,5.2455888449356785,9.406279174800297,mad,7.777003476554008,0.21623215574907662,True,normal,normal,False,1,6,True,True,False,False,normal
ets_additive_damped,territorial_authority_12_bonds_lodged,bonds_lodged,territorial_authority,12,Hauraki District,2026-01-01,2026-02-01,,1,33.0,29.392271088457434,3.6077289115425657,3.6077289115425657,13.015707899180104,ets_additive_damped,3.6077289115425657,12.274413571802377,above_forecast,3.8141097453278974,4.701518766931585,8.321380659729236,mad,6.970376229698421,-0.029608277513918486,True,normal,normal,False,1,6,True,True,False,False,normal
xgboost_pooled_recursive,territorial_authority_12_median_rent,median_rent,territorial_authority,12,Hauraki District,2025-02-01,2025-03-01,,1,550.0,566.9095458984375,-16.9095458984375,16.9095458984375,285.9327424913645,xgboost_pooled_recursive,-16.9095458984375,-2.9827590699040485,below_forecast,,,,unavailable,,,False,unavailable,unavailable,False,1,6,True,True,False,False,unavailable
xgboost_pooled_recursive,territorial_authority_12_median_rent,median_rent,territorial_authority,12,Hauraki District,2025-03-01,2025-04-01,,1,550.0,564.0750732421875,-14.0750732421875,14.0750732421875,198.1076867729425,xgboost_pooled_recursive,-14.0750732421875,-2.4952482231286828,below_forecast,,,,unavailable,,,False,unavailable,unavailable,False,1,6,True,False,False,False,unavailable
xgboost_pooled_recursive,territorial_authority_12_median_rent,median_rent,territorial_authority,12,Hauraki District,2025-04-01,2025-05-01,,1,570.0,562.13330078125,7.86669921875,7.86669921875,61.88495659828186,xgboost_pooled_recursive,7.86669921875,1.3994366118884793,above_forecast,,,,unavailable,,,False,unavailable,unavailable,False,1,6,True,False,False,False,unavailable
xgboost_pooled_recursive,territorial_authority_12_median_rent,median_rent,territorial_authority,12,Hauraki District,2025-05-01,2025-06-01,,1,525.0,562.1875610351562,-37.18756103515625,37.18756103515625,1382.9146957434714,xgboost_pooled_recursive,-37.18756103515625,-6.61479613079357,below_forecast,,,,unavailable,,,False,unavailable,unavailable,False,1,6,True,True,False,False,unavailable
xgboost_pooled_recursive,territorial_authority_12_median_rent,median_rent,territorial_authority,12,Hauraki District,2025-06-01,2025-07-01,,1,550.0,549.4282836914062,0.57171630859375,0.57171630859375,0.326859537512064,xgboost_pooled_recursive,0.57171630859375,0.1040565849199824,above_forecast,,,,unavailable,,,False,unavailable,unavailable,False,1,6,True,False,False,False,unavailable
xgboost_pooled_recursive,territorial_authority_12_median_rent,median_rent,territorial_authority,12,Hauraki District,2025-07-01,2025-08-01,,1,560.0,540.4194946289062,19.58050537109375,19.58050537109375,383.3961905874312,xgboost_pooled_recursive,19.58050537109375,3.623204855801739,above_forecast,,,,unavailable,,,False,unavailable,unavailable,False,1,6,True,True,False,False,unavailable
xgboost_pooled_recursive,territorial_authority_12_median_rent,median_rent,territorial_authority,12,Hauraki District,2025-08-01,2025-09-01,,1,560.0,540.0426025390625,19.9573974609375,19.9573974609375,398.2977134138346,xgboost_pooled_recursive,19.9573974609375,3.695522791554938,above_forecast,-6.751678466796875,12.38812255859375,22.243881225585938,mad,18.366378885980357,1.4542374462351022,True,normal,normal,False,1,6,True,True,False,False,normal
xgboost_pooled_recursive,territorial_authority_12_median_rent,median_rent,territorial_authority,12,Hauraki District,2025-09-01,2025-10-01,,1,568.0,537.1039428710938,30.89605712890625,30.89605712890625,954.5663461126388,xgboost_pooled_recursive,30.89605712890625,5.752342268007029,above_forecast,0.57171630859375,17.48126220703125,29.215911865234375,mad,25.917364280253892,1.170039533820043,True,normal,normal,False,1,6,True,True,False,False,normal
xgboost_pooled_recursive,territorial_authority_12_median_rent,median_rent,territorial_authority,12,Hauraki District,2025-10-01,2025-11-01,,1,550.0,564.0670166015625,-14.0670166015625,14.0670166015625,197.880956068635,xgboost_pooled_recursive,-14.0670166015625,-2.4938555504121873,below_forecast,4.219207763671875,17.0162353515625,34.45841979980469,mad,25.2279249096553,-0.7248406054290982,True,normal,normal,False,1,6,True,False,False,False,normal
xgboost_pooled_recursive,territorial_authority_12_median_rent,median_rent,territorial_authority,12,Hauraki District,2025-11-01,2025-12-01,,1,550.0,556.76904296875,-6.76904296875,6.76904296875,45.81994271278381,xgboost_pooled_recursive,-6.76904296875,-1.2157721508108217,below_forecast,0.57171630859375,17.48126220703125,33.65557861328125,mad,25.917364280253892,-0.28323710690506365,True,normal,normal,False,1,6,True,False,False,False,normal
xgboost_pooled_recursive,territorial_authority_12_median_rent,median_rent,territorial_authority,12,Hauraki District,2025-12-01,2026-01-01,,1,545.0,580.8202514648438,-35.82025146484375,35.82025146484375,1283.0904150046408,xgboost_pooled_recursive,-35.82025146484375,-6.167183629445452,below_forecast,-3.098663330078125,12.393646240234375,30.725112915039062,mad,18.37456818418736,-1.780808550533716,True,normal,normal,False,1,6,True,True,False,False,normal
xgboost_pooled_recursive,territorial_authority_12_median_rent,median_rent,territorial_authority,12,Hauraki District,2026-01-01,2026-02-01,,1,560.0,553.9693603515625,6.0306396484375,6.0306396484375,36.36861456930637,xgboost_pooled_recursive,6.0306396484375,1.0886233210822902,above_forecast,-6.76904296875,14.6357421875,29.215911865234375,mad,21.69865409562639,0.5898837117168212,True,normal,normal,False,1,6,True,False,False,False,normal
ets_additive_damped,territorial_authority_13_bonds_lodged,bonds_lodged,territorial_authority,13,Waikato District,2025-02-01,2025-03-01,,1,150.0,114.22599516169826,35.774004838301735,35.774004838301735,1279.779422170836,ets_additive_damped,35.774004838301735,31.318619538100823,above_forecast,,,,unavailable,,,False,unavailable,unavailable,False,1,6,True,True,False,False,unavailable
ets_additive_damped,territorial_authority_13_bonds_lodged,bonds_lodged,territorial_authority,13,Waikato District,2025-03-01,2025-04-01,,1,132.0,117.58596656369131,14.41403343630867,14.41403343630867,207.7643599030244,ets_additive_damped,14.414033436308685,12.258293959340136,above_forecast,,,,unavailable,,,False,unavailable,unavailable,False,1,6,True,True,False,False,unavailable
ets_additive_damped,territorial_authority_13_bonds_lodged,bonds_lodged,territorial_authority,13,Waikato District,2025-04-01,2025-05-01,,1,174.0,129.81645884464575,44.18354115535425,44.18354115535425,1952.1853090268824,ets_additive_damped,44.18354115535425,34.03539239059793,above_forecast,,,,unavailable,,,False,unavailable,unavailable,False,1,6,True,True,False,False,unavailable
ets_additive_damped,territorial_authority_13_bonds_lodged,bonds_lodged,territorial_authority,13,Waikato District,2025-05-01,2025-06-01,,1,111.0,137.76516955060382,-26.76516955060381,26.76516955060381,716.3743010725697,ets_additive_damped,-26.765169550603815,-19.428110630512055,below_forecast,,,,unavailable,,,False,unavailable,unavailable,False,1,6,True,True,False,False,unavailable
ets_additive_damped,territorial_authority_13_bonds_lodged,bonds_lodged,territorial_authority,13,Waikato District,2025-06-01,2025-07-01,,1,138.0,133.4809052669584,4.519094733041612,4.519094733041612,20.42221720620444,ets_additive_damped,4.519094733041612,3.3855739320942866,above_forecast,,,,unavailable,,,False,unavailable,unavailable,False,1,6,True,False,False,False,unavailable
ets_additive_damped,territorial_authority_13_bonds_lodged,bonds_lodged,territorial_authority,13,Waikato District,2025-07-01,2025-08-01,,1,123.0,132.79788954679827,-9.797889546798274,9.797889546798274,95.99863957125888,ets_additive_damped,-9.797889546798274,-7.378046127265807,below_forecast,,,,unavailable,,,False,unavailable,unavailable,False,1,6,True,False,False,False,unavailable
ets_additive_damped,territorial_authority_13_bonds_lodged,bonds_lodged,territorial_authority,13,Waikato District,2025-08-01,2025-09-01,,1,123.0,122.65608389841674,0.343916101583261,0.343916101583261,0.1182782849282279,ets_additive_damped,0.343916101583261,0.2803905771751941,above_forecast,9.466564084675149,22.785947192550005,36.652655464641775,mad,33.781982494514466,-0.27004477859087245,True,normal,normal,False,1,6,True,False,False,False,normal
ets_additive_damped,territorial_authority_13_bonds_lodged,bonds_lodged,territorial_authority,13,Waikato District,2025-09-01,2025-10-01,,1,126.0,123.09879385476825,2.901206145231754,2.901206145231754,8.416997097130492,ets_additive_damped,2.901206145231754,2.3568111874878257,above_forecast,4.519094733041612,14.316984279839886,29.821005859912717,mad,21.2260700961303,-0.07622176787707931,True,normal,normal,False,1,6,True,False,False,False,normal
ets_additive_damped,territorial_authority_13_bonds_lodged,bonds_lodged,territorial_authority,13,Waikato District,2025-10-01,2025-11-01,,1,114.0,118.587437486197,-4.587437486197004,4.587437486197004,21.044582689765488,ets_additive_damped,-4.587437486197004,-3.868400889201235,below_forecast,3.710150439136683,12.10596149155348,21.94556159731907,mad,17.94805261905631,-0.46231132153711985,True,normal,normal,False,1,6,True,False,False,False,normal
ets_additive_damped,territorial_authority_13_bonds_lodged,bonds_lodged,territorial_authority,13,Waikato District,2025-11-01,2025-12-01,,1,120.0,118.4376529500874,1.5623470499126029,1.5623470499126029,2.440928304370613,ets_additive_damped,1.5623470499126029,1.319130370280991,above_forecast,2.901206145231754,11.512827291076931,19.00147092250569,mad,17.068683900781217,-0.07843950377790246,True,normal,normal,False,1,6,True,False,False,False,normal
ets_additive_damped,territorial_authority_13_bonds_lodged,bonds_lodged,territorial_authority,13,Waikato District,2025-12-01,2026-01-01,,1,114.0,115.68705776092436,-1.687057760924361,1.687057760924361,2.8461638886951186,ets_additive_damped,-1.687057760924361,-1.4582942928765528,below_forecast,2.2317765975721784,9.424440114069817,15.294897849743855,mad,13.972483490096097,-0.28046798990847027,True,normal,normal,False,1,6,True,False,False,False,normal
ets_additive_damped,territorial_authority_13_bonds_lodged,bonds_lodged,territorial_authority,13,Waikato District,2026-01-01,2026-02-01,,1,114.0,121.77701338021566,-7.777013380215664,7.777013380215664,60.48193711605346,ets_additive_damped,-7.777013380215664,-6.386273701699392,below_forecast,1.5623470499126029,6.149784536109607,12.603811708235831,mad,9.117545642860795,-1.024328344047409,True,normal,normal,False,1,6,True,False,False,False,normal
ets_additive_damped,territorial_authority_13_median_rent,median_rent,territorial_authority,13,Waikato District,2025-02-01,2025-03-01,,1,600.0,595.7467369199177,4.25326308008232,4.25326308008232,18.090246828391344,ets_additive_damped,4.25326308008232,0.7139381244574166,above_forecast,,,,unavailable,,,False,unavailable,unavailable,False,1,6,True,False,False,False,unavailable
ets_additive_damped,territorial_authority_13_median_rent,median_rent,territorial_authority,13,Waikato District,2025-03-01,2025-04-01,,1,610.0,602.8823310940114,7.11766890598858,7.11766890598858,50.66121065527668,ets_additive_damped,7.11766890598858,1.1806066522255858,above_forecast,,,,unavailable,,,False,unavailable,unavailable,False,1,6,True,False,False,False,unavailable
ets_additive_damped,territorial_authority_13_median_rent,median_rent,territorial_authority,13,Waikato District,2025-04-01,2025-05-01,,1,600.0,601.8646106713846,-1.8646106713846395,1.8646106713846395,3.476772955841476,ets_additive_damped,-1.8646106713846393,-0.3098056669762742,below_forecast,,,,unavailable,,,False,unavailable,unavailable,False,1,6,True,False,False,False,unavailable
ets_additive_damped,territorial_authority_13_median_rent,median_rent,territorial_authority,13,Waikato District,2025-05-01,2025-06-01,,1,580.0,605.2950641288998,-25.29506412889976,25.29506412889976,639.8402692851511,ets_additive_damped,-25.295064128899753,-4.178964215626427,below_forecast,,,,unavailable,,,False,unavailable,unavailable,False,1,6,True,True,False,False,unavailable
ets_additive_damped,territorial_authority_13_median_rent,median_rent,territorial_authority,13,Waikato District,2025-06-01,2025-07-01,,1,600.0,604.705953734036,-4.705953734036029,4.705953734036029,22.14600054688765,ets_additive_damped,-4.705953734036029,-0.7782218291347962,below_forecast,,,,unavailable,,,False,unavailable,unavailable,False,1,6,True,False,False,False,unavailable
ets_additive_damped,territorial_authority_13_median_rent,median_rent,territorial_authority,13,Waikato District,2025-07-01,2025-08-01,,1,560.0,604.8746110483834,-44.87461104838337,44.87461104838337,2013.730716743691,ets_additive_damped,-44.87461104838337,-7.418828667747454,below_forecast,,,,unavailable,,,False,unavailable,unavailable,False,1,6,True,True,False,False,unavailable
ets_additive_damped,territorial_authority_13_median_rent,median_rent,territorial_authority,13,Waikato District,2025-08-01,2025-09-01,,1,625.0,601.400112172662,23.59988782733797,23.59988782733797,556.9547054629347,ets_additive_damped,23.599887827337966,3.9241575366654464,above_forecast,-3.2852822027103343,8.970748195745784,22.871581172399402,mad,13.299849067080482,2.02146429590648,True,normal,normal,False,1,6,True,True,False,False,normal
ets_additive_damped,territorial_authority_13_median_rent,median_rent,territorial_authority,13,Waikato District,2025-09-01,2025-10-01,,1,615.0,606.3475137741035,8.652486225896496,8.652486225896496,74.86551788932859,ets_additive_damped,8.652486225896496,1.4269846959610037,above_forecast,-1.8646106713846393,8.98227957737322,20.68597492450334,mad,13.316945259263484,0.7897529570428526,True,normal,normal,False,1,6,True,False,False,False,normal
ets_additive_damped,territorial_authority_13_median_rent,median_rent,territorial_authority,13,Waikato District,2025-10-01,2025-11-01,,1,600.0,604.3467593691997,-4.346759369199731,4.346759369199731,18.89431701372564,ets_additive_damped,-4.346759369199731,-0.7192492227039915,below_forecast,1.1943262043488403,6.690751361593698,17.35460456871752,mad,9.91957207056145,-0.5586012717214871,True,normal,normal,False,1,6,True,False,False,False,normal
ets_additive_damped,territorial_authority_13_median_rent,median_rent,territorial_authority,13,Waikato District,2025-11-01,2025-12-01,,1,593.0,611.9872907200696,-18.98729072006961,18.98729072006961,360.5172088884415,ets_additive_damped,-18.98729072006961,-3.1025629139665623,below_forecast,-1.8646106713846393,8.98227957737322,11.82362264002461,mad,13.316945259263484,-1.2857813646695104,True,normal,normal,False,1,6,True,True,False,False,normal
ets_additive_damped,territorial_authority_13_median_rent,median_rent,territorial_authority,13,Waikato District,2025-12-01,2026-01-01,,1,625.0,605.8423459373697,19.15765406263029,19.15765406263029,367.0157091834147,ets_additive_damped,19.157654062630286,3.1621517035078215,above_forecast,-3.105685020292185,10.990762586234723,21.81852392307323,mad,16.294681373216786,1.3662948401995905,True,normal,normal,False,1,6,True,True,False,False,normal
ets_additive_damped,territorial_authority_13_median_rent,median_rent,territorial_authority,13,Waikato District,2026-01-01,2026-02-01,,1,600.0,610.6480194451553,-10.648019445155342,10.648019445155342,113.38031810440629,ets_additive_damped,-10.648019445155342,-1.7437245526203955,below_forecast,-1.8646106713846393,10.517096897281135,19.731699792995357,mad,15.592434243559875,-0.5633122215922446,True,normal,normal,False,1,6,True,False,False,False,normal
ets_additive_damped,territorial_authority_15_bonds_lodged,bonds_lodged,territorial_authority,15,Matamata-Piako District,2025-02-01,2025-03-01,,1,69.0,54.64618144408902,14.353818555910983,14.353818555910983,206.03210713601447,ets_additive_damped,14.353818555910983,26.266828123383196,above_forecast,,,,unavailable,,,False,unavailable,unavailable,False,1,6,True,True,False,False,unavailable
ets_additive_damped,territorial_authority_15_bonds_lodged,bonds_lodged,territorial_authority,15,Matamata-Piako District,2025-03-01,2025-04-01,,1,54.0,51.54717419124774,2.4528258087522588,2.4528258087522588,6.016354448081172,ets_additive_damped,2.4528258087522588,4.758409839600339,above_forecast,,,,unavailable,,,False,unavailable,unavailable,False,1,6,True,False,False,False,unavailable
ets_additive_damped,territorial_authority_15_bonds_lodged,bonds_lodged,territorial_authority,15,Matamata-Piako District,2025-04-01,2025-05-01,,1,63.0,60.35307571560083,2.6469242843991694,2.6469242843991694,7.006208167342055,ets_additive_damped,2.6469242843991694,4.385732214994569,above_forecast,,,,unavailable,,,False,unavailable,unavailable,False,1,6,True,False,False,False,unavailable
ets_additive_damped,territorial_authority_15_bonds_lodged,bonds_lodged,territorial_authority,15,Matamata-Piako District,2025-05-01,2025-06-01,,1,75.0,62.06831871905919,12.931681280940817,12.931681280940817,167.22838075183506,ets_additive_damped,12.931681280940808,20.834592506804768,above_forecast,,,,unavailable,,,False,unavailable,unavailable,False,1,6,True,True,False,False,unavailable
ets_additive_damped,territorial_authority_15_bonds_lodged,bonds_lodged,territorial_authority,15,Matamata-Piako District,2025-06-01,2025-07-01,,1,60.0,62.69626946814666,-2.69626946814666,2.69626946814666,7.269869044859873,ets_additive_damped,-2.69626946814666,-4.300526157328263,below_forecast,,,,unavailable,,,False,unavailable,unavailable,False,1,6,True,False,False,False,unavailable
ets_additive_damped,territorial_authority_15_bonds_lodged,bonds_lodged,territorial_authority,15,Matamata-Piako District,2025-07-01,2025-08-01,,1,57.0,59.19913117964572,-2.1991311796457182,2.1991311796457182,4.836177945289968,ets_additive_damped,-2.1991311796457182,-3.7148031327896245,below_forecast,,,,unavailable,,,False,unavailable,unavailable,False,1,6,True,False,False,False,unavailable
ets_additive_damped,territorial_authority_15_bonds_lodged,bonds_lodged,territorial_authority,15,Matamata-Piako District,2025-08-01,2025-09-01,,1,51.0,56.2350403912636,-5.235040391263595,5.235040391263595,27.4056478981613,ets_additive_damped,-5.2350403912636025,-9.309214245851049,below_forecast,2.549875046575714,4.997575370471903,11.396633964351622,mad,7.4093037368004495,-1.050694601595732,True,normal,normal,False,1,6,True,False,False,False,normal
ets_additive_damped,territorial_authority_15_bonds_lodged,bonds_lodged,territorial_authority,15,Matamata-Piako District,2025-09-01,2025-10-01,,1,75.0,55.60264694990392,19.39735305009608,19.39735305009608,376.2573053500717,ets_additive_damped,19.39735305009608,34.8856648273821,above_forecast,2.4528258087522588,5.149095276898919,10.237003106566178,mad,7.633944072496544,2.2196294707464914,True,normal,normal,False,1,6,True,True,False,False,normal
ets_additive_damped,territorial_authority_15_bonds_lodged,bonds_lodged,territorial_authority,15,Matamata-Piako District,2025-10-01,2025-11-01,,1,57.0,56.26465530572126,0.7353446942787372,0.7353446942787372,0.5407318194038895,ets_additive_damped,0.7353446942787372,1.3069389482316154,above_forecast,2.549875046575714,6.515529976280845,15.610631351454305,mad,9.65979240367805,-0.1878436177992892,True,normal,normal,False,1,6,True,False,False,False,normal
ets_additive_damped,territorial_authority_15_bonds_lodged,bonds_lodged,territorial_authority,15,Matamata-Piako District,2025-11-01,2025-12-01,,1,54.0,56.22568276020551,-2.2256827602055083,2.2256827602055083,4.95366374907601,ets_additive_damped,-2.2256827602055083,-3.958480628323762,below_forecast,2.4528258087522588,5.149095276898919,15.130812460586526,mad,7.633944072496544,-0.6128560183999022,True,normal,normal,False,1,6,True,False,False,False,normal
ets_additive_damped,territorial_authority_15_bonds_lodged,bonds_lodged,territorial_authority,15,Matamata-Piako District,2025-12-01,2026-01-01,,1,30.0,53.50848966480547,-23.508489664805467,23.508489664805467,552.6490863202655,ets_additive_damped,-23.508489664805467,-43.93413047550075,below_forecast,1.594085251515498,4.055061365691582,12.579536896870959,mad,6.0119516170371865,-4.175445265591148,True,high,low,True,1,6,True,True,True,True,dashboard_alert
ets_additive_damped,territorial_authority_15_bonds_lodged,bonds_lodged,territorial_authority,15,Matamata-Piako District,2026-01-01,2026-02-01,,1,51.0,52.3202011921483,-1.3202011921483034,1.3202011921483034,1.7429311877498015,ets_additive_damped,-1.3202011921483034,-2.523310618206159,below_forecast,0.7353446942787372,3.4316141624253973,10.250278896846073,mad,5.08764145652394,-0.40402726960862995,True,normal,normal,False,1,6,True,False,False,False,normal
xgboost_pooled_recursive,territorial_authority_15_median_rent,median_rent,territorial_authority,15,Matamata-Piako District,2025-02-01,2025-03-01,,1,600.0,573.3426513671875,26.6573486328125,26.6573486328125,710.6142361313105,xgboost_pooled_recursive,26.6573486328125,4.6494619873902,above_forecast,,,,unavailable,,,False,unavailable,unavailable,False,1,6,True,True,False,False,unavailable
xgboost_pooled_recursive,territorial_authority_15_median_rent,median_rent,territorial_authority,15,Matamata-Piako District,2025-03-01,2025-04-01,,1,578.0,585.8814086914062,-7.88140869140625,7.88140869140625,62.11660296097398,xgboost_pooled_recursive,-7.88140869140625,-1.345222527031494,below_forecast,,,,unavailable,,,False,unavailable,unavailable,False,1,6,True,False,False,False,unavailable
xgboost_pooled_recursive,territorial_authority_15_median_rent,median_rent,territorial_authority,15,Matamata-Piako District,2025-04-01,2025-05-01,,1,595.0,585.6337890625,9.3662109375,9.3662109375,87.72590732574463,xgboost_pooled_recursive,9.3662109375,1.5993289855241635,above_forecast,,,,unavailable,,,False,unavailable,unavailable,False,1,6,True,False,False,False,unavailable
xgboost_pooled_recursive,territorial_authority_15_median_rent,median_rent,territorial_authority,15,Matamata-Piako District,2025-05-01,2025-06-01,,1,568.0,582.4512939453125,-14.4512939453125,14.4512939453125,208.8398966938257,xgboost_pooled_recursive,-14.4512939453125,-2.4811162917030725,below_forecast,,,,unavailable,,,False,unavailable,unavailable,False,1,6,True,False,False,False,unavailable
xgboost_pooled_recursive,territorial_authority_15_median_rent,median_rent,territorial_authority,15,Matamata-Piako District,2025-06-01,2025-07-01,,1,560.0,564.2066040039062,-4.20660400390625,4.20660400390625,17.695517245680094,xgboost_pooled_recursive,-4.20660400390625,-0.7455786539990812,below_forecast,,,,unavailable,,,False,unavailable,unavailable,False,1,6,True,False,False,False,unavailable
xgboost_pooled_recursive,territorial_authority_15_median_rent,median_rent,territorial_authority,15,Matamata-Piako District,2025-07-01,2025-08-01,,1,578.0,568.3366088867188,9.66339111328125,9.66339111328125,93.38112780824304,xgboost_pooled_recursive,9.66339111328125,1.7002936221564717,above_forecast,,,,unavailable,,,False,unavailable,unavailable,False,1,6,True,False,False,False,unavailable
xgboost_pooled_recursive,territorial_authority_15_median_rent,median_rent,territorial_authority,15,Matamata-Piako District,2025-08-01,2025-09-01,,1,590.0,570.1171875,19.8828125,19.8828125,395.32623291015625,xgboost_pooled_recursive,19.8828125,3.4874957177115453,above_forecast,2.579803466796875,8.77239990234375,16.551803588867188,mad,13.005781916002595,1.330408978480035,True,normal,normal,False,1,6,True,True,False,False,normal
xgboost_pooled_recursive,territorial_authority_15_median_rent,median_rent,territorial_authority,15,Matamata-Piako District,2025-09-01,2025-10-01,,1,588.0,574.2659912109375,13.7340087890625,13.7340087890625,188.622997418046,xgboost_pooled_recursive,13.7340087890625,2.39157620323328,above_forecast,9.3662109375,13.57281494140625,20.817108154296875,mad,20.12277975004633,0.21705738003480576,True,normal,normal,False,1,6,True,False,False,False,normal
xgboost_pooled_recursive,territorial_authority_15_median_rent,median_rent,territorial_authority,15,Matamata-Piako District,2025-10-01,2025-11-01,,1,580.0,574.14013671875,5.85986328125,5.85986328125,34.33799767494202,xgboost_pooled_recursive,5.85986328125,1.0206329267867453,above_forecast,9.514801025390625,12.044708251953125,20.396514892578125,mad,17.857239810160305,-0.20467540241359478,True,normal,normal,False,1,6,True,False,False,False,normal
xgboost_pooled_recursive,territorial_authority_15_median_rent,median_rent,territorial_authority,15,Matamata-Piako District,2025-11-01,2025-12-01,,1,580.0,587.4207763671875,-7.4207763671875,7.4207763671875,55.06792189180851,xgboost_pooled_recursive,-7.4207763671875,-1.2632812228876442,below_forecast,9.3662109375,10.5166015625,17.94061279296875,mad,15.591699870274278,-1.0766617780202432,True,normal,normal,False,1,6,True,False,False,False,normal
xgboost_pooled_recursive,territorial_authority_15_median_rent,median_rent,territorial_authority,15,Matamata-Piako District,2025-12-01,2026-01-01,,1,650.0,596.6815795898438,53.31842041015625,53.31842041015625,2842.8539550341666,xgboost_pooled_recursive,53.31842041015625,8.93582477387807,above_forecast,7.613037109375,12.044708251953125,19.333587646484375,mad,17.857239810160305,2.5594875684413485,True,moderate,high,True,1,6,True,True,True,True,dashboard_alert
xgboost_pooled_recursive,territorial_authority_15_median_rent,median_rent,territorial_authority,15,Matamata-Piako District,2026-01-01,2026-02-01,,1,598.0,606.1806030273438,-8.18060302734375,8.18060302734375,66.92226589098573,xgboost_pooled_recursive,-8.18060302734375,-1.3495322988707934,below_forecast,9.3662109375,13.57281494140625,22.622100830078125,mad,20.12277975004633,-0.8719875774023392,True,normal,normal,False,1,6,True,False,False,False,normal
ets_additive_damped,territorial_authority_16_bonds_lodged,bonds_lodged,territorial_authority,16,Hamilton City,2025-02-01,2025-03-01,,1,756.0,739.3847519604865,16.615248039513517,16.615248039513517,276.0664674145578,ets_additive_damped,16.615248039513517,2.247172124588452,above_forecast,,,,unavailable,,,False,unavailable,unavailable,False,1,6,True,False,False,False,unavailable
ets_additive_damped,territorial_authority_16_bonds_lodged,bonds_lodged,territorial_authority,16,Hamilton City,2025-03-01,2025-04-01,,1,669.0,596.3495789031482,72.6504210968518,72.6504210968518,5278.083685549889,ets_additive_damped,72.6504210968518,12.182522410844326,above_forecast,,,,unavailable,,,False,unavailable,unavailable,False,1,6,True,True,False,False,unavailable
ets_additive_damped,territorial_authority_16_bonds_lodged,bonds_lodged,territorial_authority,16,Hamilton City,2025-04-01,2025-05-01,,1,729.0,647.7437343373264,81.25626566267363,81.25626566267363,6602.580709442993,ets_additive_damped,81.25626566267363,12.544508168157392,above_forecast,,,,unavailable,,,False,unavailable,unavailable,False,1,6,True,True,False,False,unavailable
ets_additive_damped,territorial_authority_16_bonds_lodged,bonds_lodged,territorial_authority,16,Hamilton City,2025-05-01,2025-06-01,,1,768.0,657.782107601628,110.217892398372,110.217892398372,12147.983804739106,ets_additive_damped,110.21789239837199,16.755988210175392,above_forecast,,,,unavailable,,,False,unavailable,unavailable,False,1,6,True,True,False,False,unavailable
ets_additive_damped,territorial_authority_16_bonds_lodged,bonds_lodged,territorial_authority,16,Hamilton City,2025-06-01,2025-07-01,,1,759.0,731.3276322798496,27.67236772015042,27.67236772015042,765.7599352392228,ets_additive_damped,27.67236772015042,3.7838537064276165,above_forecast,,,,unavailable,,,False,unavailable,unavailable,False,1,6,True,False,False,False,unavailable
ets_additive_damped,territorial_authority_16_bonds_lodged,bonds_lodged,territorial_authority,16,Hamilton City,2025-07-01,2025-08-01,,1,684.0,693.0800535190956,-9.0800535190956,9.0800535190956,82.44737190964038,ets_additive_damped,-9.0800535190956,-1.3101016935910748,below_forecast,,,,unavailable,,,False,unavailable,unavailable,False,1,6,True,False,False,False,unavailable
ets_additive_damped,territorial_authority_16_bonds_lodged,bonds_lodged,territorial_authority,16,Hamilton City,2025-08-01,2025-09-01,,1,630.0,654.2802167391283,-24.280216739128264,24.280216739128264,589.5289248990443,ets_additive_damped,-24.280216739128264,-3.710981337650496,below_forecast,50.16139440850111,32.320508811580055,59.72527656154543,mad,47.91772989114908,-1.5535295874143558,True,normal,normal,False,1,6,True,False,False,False,normal
ets_additive_damped,territorial_authority_16_bonds_lodged,bonds_lodged,territorial_authority,16,Hamilton City,2025-09-01,2025-10-01,,1,732.0,660.1575810147776,71.84241898522237,71.84241898522237,5161.333165648239,ets_additive_damped,71.84241898522237,10.882616673853537,above_forecast,27.67236772015042,44.97805337670138,73.18574611955376,mad,66.68354837168478,0.6623830366505732,True,normal,normal,False,1,6,True,True,False,False,normal
ets_additive_damped,territorial_authority_16_bonds_lodged,bonds_lodged,territorial_authority,16,Hamilton City,2025-10-01,2025-11-01,,1,708.0,731.2784152721688,-23.278415272168782,23.278415272168782,541.884617583541,ets_additive_damped,-23.278415272168786,-3.1832493324043996,below_forecast,49.75739335268639,32.320508811580055,64.61045958844602,mad,47.91772989114908,-1.5241917509607583,True,normal,normal,False,1,6,True,False,False,False,normal
ets_additive_damped,territorial_authority_16_bonds_lodged,bonds_lodged,territorial_authority,16,Hamilton City,2025-11-01,2025-12-01,,1,678.0,744.9944766010157,-66.99447660101566,66.99447660101566,4488.259895044035,ets_additive_damped,-66.99447660101566,-8.992613865632025,below_forecast,27.67236772015042,44.97805337670138,81.7304746159474,mad,66.68354837168478,-1.4196431748578573,True,normal,normal,False,1,6,True,True,False,False,normal
ets_additive_damped,territorial_authority_16_bonds_lodged,bonds_lodged,territorial_authority,16,Hamilton City,2025-12-01,2026-01-01,,1,786.0,792.4883899136257,-6.488389913625724,6.488389913625724,42.09920367124003,ets_additive_damped,-6.488389913625724,-0.8187362737683642,below_forecast,22.143807879831968,48.061317862175315,92.17724540284493,mad,71.2547336726098,-0.40182871112833674,True,normal,normal,False,1,6,True,False,False,False,normal
ets_additive_damped,territorial_authority_16_bonds_lodged,bonds_lodged,territorial_authority,16,Hamilton City,2026-01-01,2026-02-01,,1,810.0,936.8990717842456,-126.89907178424562,126.89907178424562,16103.374419703125,ets_additive_damped,-126.89907178424562,-13.544582933845478,below_forecast,16.615248039513517,40.89546477864178,88.42565443666928,mad,60.63078543905379,-2.3670206279616828,True,normal,normal,False,1,6,True,True,False,False,normal
ets_additive_damped,territorial_authority_16_median_rent,median_rent,territorial_authority,16,Hamilton City,2025-02-01,2025-03-01,,1,570.0,564.6267694712775,5.373230528722502,5.373230528722502,28.871606314795496,ets_additive_damped,5.373230528722502,0.951642893898575,above_forecast,,,,unavailable,,,False,unavailable,unavailable,False,1,6,True,False,False,False,unavailable
ets_additive_damped,territorial_authority_16_median_rent,median_rent,territorial_authority,16,Hamilton City,2025-03-01,2025-04-01,,1,570.0,571.57963563444,-1.5796356344400238,1.5796356344400238,2.4952487375927364,ets_additive_damped,-1.5796356344400238,-0.27636317600550364,below_forecast,,,,unavailable,,,False,unavailable,unavailable,False,1,6,True,False,False,False,unavailable
ets_additive_damped,territorial_authority_16_median_rent,median_rent,territorial_authority,16,Hamilton City,2025-04-01,2025-05-01,,1,560.0,570.3373513012062,-10.33735130120624,10.33735130120624,106.86083192455035,ets_additive_damped,-10.33735130120624,-1.8124976871358518,below_forecast,,,,unavailable,,,False,unavailable,unavailable,False,1,6,True,False,False,False,unavailable
ets_additive_damped,territorial_authority_16_median_rent,median_rent,territorial_authority,16,Hamilton City,2025-05-01,2025-06-01,,1,560.0,566.9060328396276,-6.906032839627642,6.906032839627642,47.69328958201543,ets_additive_damped,-6.906032839627642,-1.218197097856832,below_forecast,,,,unavailable,,,False,unavailable,unavailable,False,1,6,True,False,False,False,unavailable
ets_additive_damped,territorial_authority_16_median_rent,median_rent,territorial_authority,16,Hamilton City,2025-06-01,2025-07-01,,1,555.0,562.2942853058677,-7.294285305867675,7.294285305867675,53.20659812339708,ets_additive_damped,-7.294285305867675,-1.2972362509250557,below_forecast,,,,unavailable,,,False,unavailable,unavailable,False,1,6,True,False,False,False,unavailable
ets_additive_damped,territorial_authority_16_median_rent,median_rent,territorial_authority,16,Hamilton City,2025-07-01,2025-08-01,,1,560.0,561.3997140972047,-1.399714097204651,1.399714097204651,1.9591995539134308,ets_additive_damped,-1.399714097204651,-0.24932575882329264,below_forecast,,,,unavailable,,,False,unavailable,unavailable,False,1,6,True,False,False,False,unavailable
ets_additive_damped,territorial_authority_16_median_rent,median_rent,territorial_authority,16,Hamilton City,2025-08-01,2025-09-01,,1,570.0,562.1388384564287,7.861161543571256,7.861161543571256,61.79786081412362,ets_additive_damped,7.8611615435712565,1.3984377178344658,above_forecast,-4.242834237033833,2.947285604331512,5.752527707794172,mad,4.369585773656801,2.77005565460626,True,moderate,high,True,1,6,True,False,True,False,statistical_only
ets_additive_damped,territorial_authority_16_median_rent,median_rent,territorial_authority,16,Hamilton City,2025-09-01,2025-10-01,,1,560.0,566.696625748769,-6.696625748768952,6.696625748768952,44.84479641907532,ets_additive_damped,-6.696625748768952,-1.1816950100807089,below_forecast,-1.5796356344400238,5.714649671427651,9.086917288506584,mad,8.472423530656265,-0.6039582530091684,True,normal,normal,False,1,6,True,False,False,False,normal
ets_additive_damped,territorial_authority_16_median_rent,median_rent,territorial_authority,16,Hamilton City,2025-10-01,2025-11-01,,1,570.0,565.648058751895,4.3519412481050495,4.3519412481050495,18.93939262695813,ets_additive_damped,4.3519412481050495,0.7693726126644238,above_forecast,-4.138130691604488,2.9620283811431705,7.296618015464787,mad,4.391443115112188,1.9333216250696308,True,normal,normal,False,1,6,True,False,False,False,normal
ets_additive_damped,territorial_authority_16_median_rent,median_rent,territorial_authority,16,Hamilton City,2025-11-01,2025-12-01,,1,570.0,572.1458268649494,-2.145826864949413,2.145826864949413,4.604572934338626,ets_additive_damped,-2.145826864949413,-0.3750489410553577,below_forecast,-1.5796356344400238,5.714649671427651,11.257974087732691,mad,8.472423530656265,-0.06682754095811033,True,normal,normal,False,1,6,True,False,False,False,normal
ets_additive_damped,territorial_authority_16_median_rent,median_rent,territorial_authority,16,Hamilton City,2025-12-01,2026-01-01,,1,560.0,574.2079012852707,-14.207901285270736,14.207901285270736,201.86445893199783,ets_additive_damped,-14.207901285270736,-2.47434792406525,below_forecast,-1.8627312496947184,5.23742782305294,9.767708478690594,mad,7.764904111271965,-1.5898676736593678,True,normal,normal,False,1,6,True,False,False,False,normal
ets_additive_damped,territorial_authority_16_median_rent,median_rent,territorial_authority,16,Hamilton City,2026-01-01,2026-02-01,,1,560.0,563.6878118129652,-3.687811812965151,3.687811812965151,13.599955967845316,ets_additive_damped,-3.687811812965151,-0.654229475195534,below_forecast,-2.145826864949413,5.148458440918262,8.576272648197858,mad,7.632999912406615,-0.20201558570823622,True,normal,normal,False,1,6,True,False,False,False,normal
ets_additive_damped,territorial_authority_17_bonds_lodged,bonds_lodged,territorial_authority,17,Waipa District,2025-02-01,2025-03-01,,1,108.0,89.85586306718321,18.144136932816792,18.144136932816792,329.2097050368064,ets_additive_damped,18.144136932816792,20.192490855327748,above_forecast,,,,unavailable,,,False,unavailable,unavailable,False,1,6,True,True,False,False,unavailable
ets_additive_damped,territorial_authority_17_bonds_lodged,bonds_lodged,territorial_authority,17,Waipa District,2025-03-01,2025-04-01,,1,117.0,86.64383842480306,30.356161575196936,30.356161575196936,921.4965455794628,ets_additive_damped,30.356161575196936,35.035568745655944,above_forecast,,,,unavailable,,,False,unavailable,unavailable,False,1,6,True,True,False,False,unavailable
ets_additive_damped,territorial_authority_17_bonds_lodged,bonds_lodged,territorial_authority,17,Waipa District,2025-04-01,2025-05-01,,1,117.0,102.64894742767544,14.351052572324562,14.351052572324562,205.95270993362345,ets_additive_damped,14.351052572324562,13.980710890811668,above_forecast,,,,unavailable,,,False,unavailable,unavailable,False,1,6,True,True,False,False,unavailable
ets_additive_damped,territorial_authority_17_bonds_lodged,bonds_lodged,territorial_authority,17,Waipa District,2025-05-01,2025-06-01,,1,120.0,101.60991611834588,18.39008388165412,18.39008388165412,338.1951851742747,ets_additive_damped,18.39008388165412,18.09870983481085,above_forecast,,,,unavailable,,,False,unavailable,unavailable,False,1,6,True,True,False,False,unavailable
ets_additive_damped,territorial_authority_17_bonds_lodged,bonds_lodged,territorial_authority,17,Waipa District,2025-06-01,2025-07-01,,1,114.0,111.86808018474498,2.131919815255017,2.131919815255017,4.545082098676986,ets_additive_damped,2.131919815255017,1.905744526708825,above_forecast,,,,unavailable,,,False,unavailable,unavailable,False,1,6,True,False,False,False,unavailable
ets_additive_damped,territorial_authority_17_bonds_lodged,bonds_lodged,territorial_authority,17,Waipa District,2025-07-01,2025-08-01,,1,132.0,106.67666925273004,25.323330747269964,25.323330747269964,641.2710801356284,ets_additive_damped,25.323330747269964,23.738396525369485,above_forecast,,,,unavailable,,,False,unavailable,unavailable,False,1,6,True,True,False,False,unavailable
ets_additive_damped,territorial_authority_17_bonds_lodged,bonds_lodged,territorial_authority,17,Waipa District,2025-08-01,2025-09-01,,1,99.0,102.60096738443742,-3.600967384437425,3.600967384437425,12.966966103782108,ets_additive_damped,-3.600967384437425,-3.509681707916939,below_forecast,18.267110407235457,5.486139087472701,8.290695368418383,mad,8.133638380241218,-2.6885972512370713,True,moderate,low,True,1,6,True,False,True,False,statistical_only
ets_additive_damped,territorial_authority_17_bonds_lodged,bonds_lodged,territorial_authority,17,Waipa District,2025-09-01,2025-10-01,,1,114.0,105.27949502475433,8.720504975245689,8.720504975245689,76.04720702328481,ets_additive_damped,8.720504975245674,8.283194152095072,above_forecast,18.144136932816792,7.179193814453171,13.615221120672253,mad,10.643726930249327,-0.8853695720799905,True,normal,normal,False,1,6,True,False,False,False,normal
ets_additive_damped,territorial_authority_17_bonds_lodged,bonds_lodged,territorial_authority,17,Waipa District,2025-10-01,2025-11-01,,1,102.0,101.01668700576252,0.9833129942374654,0.9833129942374654,0.9669044446362496,ets_additive_damped,0.9833129942374796,0.9734163962250972,above_forecast,16.247594752570677,8.301412886012145,13.050036912810071,mad,12.307506131967598,-1.240241653724279,True,normal,normal,False,1,6,True,False,False,False,normal
ets_additive_damped,territorial_authority_17_bonds_lodged,bonds_lodged,territorial_authority,17,Waipa District,2025-11-01,2025-12-01,,1,105.0,101.91631093054951,3.083689069450472,3.083689069450472,9.509138277048317,ets_additive_damped,3.083689069450486,3.0257071133116797,above_forecast,14.351052572324562,10.972278174945401,16.258164066399104,mad,16.267276760482435,-0.692639811123489,True,normal,normal,False,1,6,True,False,False,False,normal
ets_additive_damped,territorial_authority_17_bonds_lodged,bonds_lodged,territorial_authority,17,Waipa District,2025-12-01,2026-01-01,,1,99.0,108.7764919823865,-9.776491982386505,9.776491982386505,95.57979548166756,ets_additive_damped,-9.776491982386503,-8.987688244229782,below_forecast,11.535778773785118,8.927974331432367,15.958735015640904,mad,13.236433404643984,-1.610121858709631,True,normal,normal,False,1,6,True,False,False,False,normal
ets_additive_damped,territorial_authority_17_bonds_lodged,bonds_lodged,territorial_authority,17,Waipa District,2026-01-01,2026-02-01,,1,99.0,103.36021592078264,-4.360215920782636,4.360215920782636,19.01148287584637,ets_additive_damped,-4.360215920782636,-4.218466343108643,below_forecast,8.720504975245674,9.423631957571118,16.70949400248921,mad,13.971285333685868,-0.9362575155837426,True,normal,normal,False,1,6,True,False,False,False,normal
ets_additive_damped,territorial_authority_17_median_rent,median_rent,territorial_authority,17,Waipa District,2025-02-01,2025-03-01,,1,600.0,625.0643001090468,-25.064300109046822,25.064300109046822,628.2191399563648,ets_additive_damped,-25.064300109046826,-4.009875480758409,below_forecast,,,,unavailable,,,False,unavailable,unavailable,False,1,6,True,True,False,False,unavailable
ets_additive_damped,territorial_authority_17_median_rent,median_rent,territorial_authority,17,Waipa District,2025-03-01,2025-04-01,,1,590.0,627.4461473183586,-37.44614731835861,37.44614731835861,1402.213948988216,ets_additive_damped,-37.44614731835861,-5.968025698842787,below_forecast,,,,unavailable,,,False,unavailable,unavailable,False,1,6,True,True,False,False,unavailable
ets_additive_damped,territorial_authority_17_median_rent,median_rent,territorial_authority,17,Waipa District,2025-04-01,2025-05-01,,1,610.0,620.1558490910777,-10.155849091077698,10.155849091077698,103.14127076074372,ets_additive_damped,-10.155849091077698,-1.6376285261136325,below_forecast,,,,unavailable,,,False,unavailable,unavailable,False,1,6,True,False,False,False,unavailable
ets_additive_damped,territorial_authority_17_median_rent,median_rent,territorial_authority,17,Waipa District,2025-05-01,2025-06-01,,1,625.0,615.9243463736008,9.07565362639923,9.07565362639923,82.3674887463735,ets_additive_damped,9.07565362639923,1.4735013609762746,above_forecast,,,,unavailable,,,False,unavailable,unavailable,False,1,6,True,False,False,False,unavailable
ets_additive_damped,territorial_authority_17_median_rent,median_rent,territorial_authority,17,Waipa District,2025-06-01,2025-07-01,,1,615.0,621.396457361486,-6.396457361486,6.396457361486,40.91466677730844,ets_additive_damped,-6.396457361486,-1.029368173202342,below_forecast,,,,unavailable,,,False,unavailable,unavailable,False,1,6,True,False,False,False,unavailable
ets_additive_damped,territorial_authority_17_median_rent,median_rent,territorial_authority,17,Waipa District,2025-07-01,2025-08-01,,1,640.0,618.0593429726067,21.94065702739329,21.94065702739329,481.3924307937024,ets_additive_damped,21.940657027393286,3.549927248388142,above_forecast,,,,unavailable,,,False,unavailable,unavailable,False,1,6,True,True,False,False,unavailable
ets_additive_damped,territorial_authority_17_median_rent,median_rent,territorial_authority,17,Waipa District,2025-08-01,2025-09-01,,1,600.0,624.3367819141295,-24.33678191412946,24.33678191412946,592.2789539358988,ets_additive_damped,-24.33678191412946,-3.8980214876202366,below_forecast,-8.27615322628185,17.069976867723028,26.544813233982467,mad,25.3076009899526,-0.6346167973101781,True,normal,normal,False,1,6,True,True,False,False,normal
ets_additive_damped,territorial_authority_17_median_rent,median_rent,territorial_authority,17,Waipa District,2025-09-01,2025-10-01,,1,600.0,618.2250915043244,-18.225091504324386,18.225091504324386,332.1539603409968,ets_additive_damped,-18.225091504324382,-2.9479702061230397,below_forecast,-10.155849091077698,14.908451017969128,26.04013914404476,mad,22.10296666859767,-0.3650750840026779,True,normal,normal,False,1,6,True,True,False,False,normal
ets_additive_damped,territorial_authority_17_median_rent,median_rent,territorial_authority,17,Waipa District,2025-10-01,2025-11-01,,1,640.0,618.2423208043223,21.757679195677724,21.757679195677724,473.3966039820273,ets_additive_damped,21.757679195677724,3.5192801371752376,above_forecast,-14.19047029770104,10.510070713887103,21.99023184834411,mad,15.582017366771094,2.3070279442788184,True,normal,normal,False,1,6,True,True,False,False,normal
ets_additive_damped,territorial_authority_17_median_rent,median_rent,territorial_authority,17,Waipa District,2025-11-01,2025-12-01,,1,630.0,630.6998872301301,-0.6998872301301162,0.6998872301301162,0.4898421348992062,ets_additive_damped,-0.6998872301301162,-0.11096993107194596,below_forecast,-10.155849091077698,14.908451017969128,33.41243554052869,mad,22.10296666859767,0.42781414833249254,True,normal,normal,False,1,6,True,False,False,False,normal
ets_additive_damped,territorial_authority_17_median_rent,median_rent,territorial_authority,17,Waipa District,2025-12-01,2026-01-01,,1,620.0,624.8713140547353,-4.871314054735308,4.871314054735308,23.729700619861745,ets_additive_damped,-4.871314054735308,-0.7795707604379815,below_forecast,-8.27615322628185,16.424387785306294,29.440627723945084,mad,24.350463729142025,0.13982646118856928,True,normal,normal,False,1,6,True,False,False,False,normal
ets_additive_damped,territorial_authority_17_median_rent,median_rent,territorial_authority,17,Waipa District,2026-01-01,2026-02-01,,1,620.0,624.0373963828896,-4.037396382889597,4.037396382889597,16.30056955257,ets_additive_damped,-4.037396382889597,-0.6469798775348358,below_forecast,-6.396457361486,15.47211098788523,25.46881990736148,mad,22.938637491305013,0.10284224507626556,True,normal,normal,False,1,6,True,False,False,False,normal
ets_additive_damped,territorial_authority_19_bonds_lodged,bonds_lodged,territorial_authority,19,South Waikato District,2025-02-01,2025-03-01,,1,72.0,57.9158193622064,14.0841806377936,14.0841806377936,198.36414423800016,ets_additive_damped,14.084180637793601,24.318365505132412,above_forecast,,,,unavailable,,,False,unavailable,unavailable,False,1,6,True,True,False,False,unavailable
ets_additive_damped,territorial_authority_19_bonds_lodged,bonds_lodged,territorial_authority,19,South Waikato District,2025-03-01,2025-04-01,,1,90.0,50.89860849049398,39.10139150950602,39.10139150950602,1528.9188179796697,ets_additive_damped,39.10139150950602,76.82212278319702,above_forecast,,,,unavailable,,,False,unavailable,unavailable,False,1,6,True,True,False,False,unavailable
ets_additive_damped,territorial_authority_19_bonds_lodged,bonds_lodged,territorial_authority,19,South Waikato District,2025-04-01,2025-05-01,,1,72.0,60.46724407406541,11.532755925934588,11.532755925934588,133.00445924717934,ets_additive_damped,11.532755925934588,19.07273285319286,above_forecast,,,,unavailable,,,False,unavailable,unavailable,False,1,6,True,True,False,False,unavailable
ets_additive_damped,territorial_authority_19_bonds_lodged,bonds_lodged,territorial_authority,19,South Waikato District,2025-05-01,2025-06-01,,1,72.0,62.71128113378375,9.28871886621625,9.28871886621625,86.2802981756017,ets_additive_damped,9.28871886621625,14.81187865768579,above_forecast,,,,unavailable,,,False,unavailable,unavailable,False,1,6,True,True,False,False,unavailable
ets_additive_damped,territorial_authority_19_bonds_lodged,bonds_lodged,territorial_authority,19,South Waikato District,2025-06-01,2025-07-01,,1,81.0,65.14260467944165,15.857395320558354,15.857395320558354,251.456986352466,ets_additive_damped,15.857395320558354,24.342587157192362,above_forecast,,,,unavailable,,,False,unavailable,unavailable,False,1,6,True,True,False,False,unavailable
ets_additive_damped,territorial_authority_19_bonds_lodged,bonds_lodged,territorial_authority,19,South Waikato District,2025-07-01,2025-08-01,,1,84.0,66.1277745702118,17.8722254297882,17.8722254297882,319.4164418131681,ets_additive_damped,17.8722254297882,27.02680612790348,above_forecast,,,,unavailable,,,False,unavailable,unavailable,False,1,6,True,True,False,False,unavailable
ets_additive_damped,territorial_authority_19_bonds_lodged,bonds_lodged,territorial_authority,19,South Waikato District,2025-08-01,2025-09-01,,1,63.0,66.74946727446695,-3.749467274466952,3.749467274466952,14.05850484229863,ets_additive_damped,-3.7494672744669515,-5.617224267947378,below_forecast,14.970787979175977,3.169734751926807,5.197905798581399,mad,4.69938436164093,-3.9835548261275218,True,high,low,True,1,6,True,False,True,False,statistical_only
ets_additive_damped,territorial_authority_19_bonds_lodged,bonds_lodged,territorial_authority,19,South Waikato District,2025-09-01,2025-10-01,,1,72.0,64.27633308032634,7.723666919673661,7.723666919673661,59.65503068606122,ets_additive_damped,7.723666919673661,12.016346529944965,above_forecast,14.084180637793601,3.7880447919946008,6.454072979097859,mad,5.616078268338919,-1.1325543224669488,True,normal,normal,False,1,6,True,True,False,False,normal
ets_additive_damped,territorial_authority_19_bonds_lodged,bonds_lodged,territorial_authority,19,South Waikato District,2025-10-01,2025-11-01,,1,42.0,62.22700017842767,-20.22700017842768,20.22700017842768,409.1315362181131,ets_additive_damped,-20.227000178427673,-32.505182831294185,below_forecast,12.808468281864094,4.291753281785976,7.463646968285213,mad,6.362866244308341,-5.191916220122085,True,high,low,True,1,6,True,True,True,True,dashboard_alert
ets_additive_damped,territorial_authority_19_bonds_lodged,bonds_lodged,territorial_authority,19,South Waikato District,2025-11-01,2025-12-01,,1,54.0,56.872897011720106,-2.872897011720106,2.872897011720106,8.253537239950314,ets_additive_damped,-2.872897011720106,-5.051434273038829,below_forecast,11.532755925934588,4.324639394623766,8.133728400884692,mad,6.4116225272405725,-2.246803032532014,True,normal,normal,False,1,6,True,False,False,False,normal
ets_additive_damped,territorial_authority_19_bonds_lodged,bonds_lodged,territorial_authority,19,South Waikato District,2025-12-01,2026-01-01,,1,48.0,59.54746404738329,-11.547464047383292,11.547464047383292,133.34392592560977,ets_additive_damped,-11.547464047383293,-19.39203328322212,below_forecast,10.410737396075419,6.454072979097859,15.63784767873883,mad,9.568677507928626,-2.29480003117088,True,normal,normal,False,1,6,True,True,False,False,normal
ets_additive_damped,territorial_authority_19_bonds_lodged,bonds_lodged,territorial_authority,19,South Waikato District,2026-01-01,2026-02-01,,1,45.0,59.848346097841805,-14.848346097841803,14.848346097841803,220.473381841294,ets_additive_damped,-14.848346097841805,-24.80995226429031,below_forecast,9.28871886621625,8.583506563571952,18.281970122269506,mad,12.725732488616682,-1.8967132136125715,True,normal,normal,False,1,6,True,True,False,False,normal
xgboost_pooled_recursive,territorial_authority_19_median_rent,median_rent,territorial_authority,19,South Waikato District,2025-02-01,2025-03-01,,1,500.0,499.75341796875,0.24658203125,0.24658203125,0.0608026981353759,xgboost_pooled_recursive,0.24658203125,0.049340739329454465,above_forecast,,,,unavailable,,,False,unavailable,unavailable,False,1,6,True,False,False,False,unavailable
xgboost_pooled_recursive,territorial_authority_19_median_rent,median_rent,territorial_authority,19,South Waikato District,2025-03-01,2025-04-01,,1,500.0,499.5709533691406,0.429046630859375,0.429046630859375,0.1840810114517808,xgboost_pooled_recursive,0.429046630859375,0.0858830218141898,above_forecast,,,,unavailable,,,False,unavailable,unavailable,False,1,6,True,False,False,False,unavailable
xgboost_pooled_recursive,territorial_authority_19_median_rent,median_rent,territorial_authority,19,South Waikato District,2025-04-01,2025-05-01,,1,495.0,503.6278076171875,-8.6278076171875,8.6278076171875,74.43906427919865,xgboost_pooled_recursive,-8.6278076171875,-1.7131316989838619,below_forecast,,,,unavailable,,,False,unavailable,unavailable,False,1,6,True,False,False,False,unavailable
xgboost_pooled_recursive,territorial_authority_19_median_rent,median_rent,territorial_authority,19,South Waikato District,2025-05-01,2025-06-01,,1,515.0,491.0527648925781,23.947235107421875,23.947235107421875,573.4700692901388,xgboost_pooled_recursive,23.947235107421875,4.876713220963237,above_forecast,,,,unavailable,,,False,unavailable,unavailable,False,1,6,True,True,False,False,unavailable
xgboost_pooled_recursive,territorial_authority_19_median_rent,median_rent,territorial_authority,19,South Waikato District,2025-06-01,2025-07-01,,1,500.0,501.1375122070313,-1.13751220703125,1.13751220703125,1.2939340211451054,xgboost_pooled_recursive,-1.1375122070313068,-0.22698604261765476,below_forecast,,,,unavailable,,,False,unavailable,unavailable,False,1,6,True,False,False,False,unavailable
xgboost_pooled_recursive,territorial_authority_19_median_rent,median_rent,territorial_authority,19,South Waikato District,2025-07-01,2025-08-01,,1,500.0,501.6286926269531,-1.628692626953125,1.628692626953125,2.652639673091471,xgboost_pooled_recursive,-1.628692626953125,-0.3246809145672887,below_forecast,,,,unavailable,,,False,unavailable,unavailable,False,1,6,True,False,False,False,unavailable
xgboost_pooled_recursive,territorial_authority_19_median_rent,median_rent,territorial_authority,19,South Waikato District,2025-08-01,2025-09-01,,1,500.0,503.5819091796875,-3.5819091796875,3.5819091796875,12.83007337152958,xgboost_pooled_recursive,-3.5819091796875,-0.7112863100110706,below_forecast,-0.4454650878906534,1.02886962890625,1.8893280029297017,mad,1.5253812140937733,-2.0561706561072364,True,normal,normal,False,1,6,True,False,False,False,normal
xgboost_pooled_recursive,territorial_authority_19_median_rent,median_rent,territorial_authority,19,South Waikato District,2025-09-01,2025-10-01,,1,490.0,496.0591735839844,-6.059173583984375,6.059173583984375,36.713584520854056,xgboost_pooled_recursive,-6.059173583984375,-1.2214618550862335,below_forecast,-1.1375122070313068,1.5665588378906818,2.943115234375,mad,2.322548314144821,-2.1190781466112405,True,normal,normal,False,1,6,True,False,False,False,normal
xgboost_pooled_recursive,territorial_authority_19_median_rent,median_rent,territorial_authority,19,South Waikato District,2025-10-01,2025-11-01,,1,500.0,488.7869567871094,11.213043212890623,11.213043212890623,125.73233809415252,xgboost_pooled_recursive,11.213043212890625,2.2940553255749934,above_forecast,-1.383102416992216,2.0054779052734375,4.4934234619140625,mad,2.973280808411323,4.236446686854709,True,high,high,True,1,6,True,False,True,False,statistical_only
xgboost_pooled_recursive,territorial_authority_19_median_rent,median_rent,territorial_authority,19,South Waikato District,2025-11-01,2025-12-01,,1,500.0,509.0217895507813,-9.02178955078125,9.02178955078125,81.39268669858575,xgboost_pooled_recursive,-9.021789550781307,-1.7723778698635198,below_forecast,-1.1375122070313068,2.444396972656193,4.010955810546875,mad,3.624013302677825,-2.175565232590128,True,normal,normal,False,1,6,True,False,False,False,normal
xgboost_pooled_recursive,territorial_authority_19_median_rent,median_rent,territorial_authority,19,South Waikato District,2025-12-01,2026-01-01,,1,480.0,519.0558471679688,-39.05584716796875,39.05584716796875,1525.3591980077326,xgboost_pooled_recursive,-39.05584716796875,-7.524401734623,below_forecast,-1.383102416992216,3.4374389648437216,5.8232879638671875,mad,5.096277190279795,-7.392208732843323,True,high,low,True,1,6,True,True,True,True,dashboard_alert
xgboost_pooled_recursive,territorial_authority_19_median_rent,median_rent,territorial_authority,19,South Waikato District,2026-01-01,2026-02-01,,1,530.0,491.5133056640625,38.4866943359375,38.4866943359375,1481.2256409078836,xgboost_pooled_recursive,38.4866943359375,7.8302446530801,above_forecast,-1.628692626953125,4.43048095703125,7.681304931640625,mad,6.568541077881765,6.107198917880119,True,high,high,True,1,6,True,True,True,True,dashboard_alert
ets_additive_damped,territorial_authority_1_bonds_lodged,bonds_lodged,territorial_authority,1,Far North District,2025-02-01,2025-03-01,,1,117.0,88.83909768430884,28.16090231569116,28.16090231569116,793.0364192338998,ets_additive_damped,28.16090231569116,31.698771205175202,above_forecast,,,,unavailable,,,False,unavailable,unavailable,False,1,6,True,True,False,False,unavailable
ets_additive_damped,territorial_authority_1_bonds_lodged,bonds_lodged,territorial_authority,1,Far North District,2025-03-01,2025-04-01,,1,105.0,85.46408227577696,19.53591772422304,19.53591772422304,381.652081327612,ets_additive_damped,19.53591772422304,22.858629267420444,above_forecast,,,,unavailable,,,False,unavailable,unavailable,False,1,6,True,True,False,False,unavailable
ets_additive_damped,territorial_authority_1_bonds_lodged,bonds_lodged,territorial_authority,1,Far North District,2025-04-01,2025-05-01,,1,105.0,98.70613779425676,6.293862205743238,6.293862205743238,39.61270146488314,ets_additive_damped,6.293862205743238,6.376363563998599,above_forecast,,,,unavailable,,,False,unavailable,unavailable,False,1,6,True,False,False,False,unavailable
ets_additive_damped,territorial_authority_1_bonds_lodged,bonds_lodged,territorial_authority,1,Far North District,2025-05-01,2025-06-01,,1,108.0,90.29648269958288,17.703517300417133,17.703517300417133,313.41452480616874,ets_additive_damped,17.70351730041712,19.6059877097504,above_forecast,,,,unavailable,,,False,unavailable,unavailable,False,1,6,True,True,False,False,unavailable
ets_additive_damped,territorial_authority_1_bonds_lodged,bonds_lodged,territorial_authority,1,Far North District,2025-06-01,2025-07-01,,1,114.0,103.56567309469509,10.434326905304928,10.434326905304928,108.87517796677032,ets_additive_damped,10.434326905304914,10.07508240279992,above_forecast,,,,unavailable,,,False,unavailable,unavailable,False,1,6,True,True,False,False,unavailable
ets_additive_damped,territorial_authority_1_bonds_lodged,bonds_lodged,territorial_authority,1,Far North District,2025-07-01,2025-08-01,,1,99.0,104.12230113800838,-5.122301138008382,5.122301138008382,26.237968948441964,ets_additive_damped,-5.122301138008382,-4.919504354037521,below_forecast,,,,unavailable,,,False,unavailable,unavailable,False,1,6,True,False,False,False,unavailable
ets_additive_damped,territorial_authority_1_bonds_lodged,bonds_lodged,territorial_authority,1,Far North District,2025-08-01,2025-09-01,,1,96.0,101.3063256523598,-5.306325652359803,5.306325652359803,28.15709192889169,ets_additive_damped,-5.306325652359803,-5.237901600112173,below_forecast,14.068922102861016,6.621027759239901,11.748839237637902,mad,9.816201273891625,-1.9738030236557607,True,normal,normal,False,1,6,True,False,False,False,normal
ets_additive_damped,territorial_authority_1_bonds_lodged,bonds_lodged,territorial_authority,1,Far North District,2025-09-01,2025-10-01,,1,102.0,105.82533984984484,-3.8253398498448377,3.8253398498448377,14.633224966810925,ets_additive_damped,-3.8253398498448377,-3.6147673659943806,below_forecast,10.434326905304914,9.101590818918126,18.03393697845265,mad,13.493833682606562,-1.0567542990788705,True,normal,normal,False,1,6,True,False,False,False,normal
ets_additive_damped,territorial_authority_1_bonds_lodged,bonds_lodged,territorial_authority,1,Far North District,2025-10-01,2025-11-01,,1,81.0,95.63646480672897,-14.636464806728966,14.636464806728966,214.2261020386156,ets_additive_damped,-14.636464806728966,-15.304272106155,below_forecast,8.364094555524076,11.680628787033939,22.311197578254323,mad,17.31746299041355,-1.3281714171980903,True,normal,normal,False,1,6,True,True,False,False,normal
ets_additive_damped,territorial_authority_1_bonds_lodged,bonds_lodged,territorial_authority,1,Far North District,2025-11-01,2025-12-01,,1,81.0,90.0915168972286,-9.0915168972286,9.0915168972286,82.65567949259317,ets_additive_damped,-9.091516897228601,-10.091423932399428,below_forecast,6.293862205743238,11.41616334375162,22.8258184384255,mad,16.92537189585118,-0.9090127648387549,True,normal,normal,False,1,6,True,True,False,False,normal
ets_additive_damped,territorial_authority_1_bonds_lodged,bonds_lodged,territorial_authority,1,Far North District,2025-12-01,2026-01-01,,1,72.0,89.63433705317037,-17.63433705317037,17.63433705317037,310.96984330481746,ets_additive_damped,-17.63433705317037,-19.67364029558206,below_forecast,1.2342611779492003,9.762921901266758,21.146539225411015,mad,14.47430971277503,-1.3035922683391348,True,normal,normal,False,1,6,True,True,False,False,normal
ets_additive_damped,territorial_authority_1_bonds_lodged,bonds_lodged,territorial_authority,1,Far North District,2026-01-01,2026-02-01,,1,87.0,92.76091841279369,-5.760918412793672,5.760918412793672,33.18818095886515,ets_additive_damped,-5.760918412793686,-6.210501697662292,below_forecast,-3.8253398498448377,10.811124956884129,21.26784337765522,mad,16.028354272622874,-0.12075965691966893,True,normal,normal,False,1,6,True,False,False,False,normal
ets_additive_damped,territorial_authority_1_median_rent,median_rent,territorial_authority,1,Far North District,2025-02-01,2025-03-01,,1,550.0,522.8055311918089,27.19446880819112,27.19446880819112,739.5391337596797,ets_additive_damped,27.194468808191118,5.201641372499923,above_forecast,,,,unavailable,,,False,unavailable,unavailable,False,1,6,True,True,False,False,unavailable
ets_additive_damped,territorial_authority_1_median_rent,median_rent,territorial_authority,1,Far North District,2025-03-01,2025-04-01,,1,533.0,533.9309468257469,-0.9309468257469008,0.9309468257469008,0.8666619923682303,ets_additive_damped,-0.9309468257469007,-0.17435715822082204,below_forecast,,,,unavailable,,,False,unavailable,unavailable,False,1,6,True,False,False,False,unavailable
ets_additive_damped,territorial_authority_1_median_rent,median_rent,territorial_authority,1,Far North District,2025-04-01,2025-05-01,,1,550.0,531.3327101217776,18.66728987822239,18.66728987822239,348.46771139758414,ets_additive_damped,18.66728987822239,3.513295816842141,above_forecast,,,,unavailable,,,False,unavailable,unavailable,False,1,6,True,True,False,False,unavailable
ets_additive_damped,territorial_authority_1_median_rent,median_rent,territorial_authority,1,Far North District,2025-05-01,2025-06-01,,1,550.0,538.1160702964938,11.883929703506167,11.883929703506167,141.22778519787622,ets_additive_damped,11.883929703506169,2.2084324106801536,above_forecast,,,,unavailable,,,False,unavailable,unavailable,False,1,6,True,False,False,False,unavailable
ets_additive_damped,territorial_authority_1_median_rent,median_rent,territorial_authority,1,Far North District,2025-06-01,2025-07-01,,1,500.0,535.5196307613877,-35.5196307613877,35.5196307613877,1261.6441694253194,ets_additive_damped,-35.5196307613877,-6.632741121158682,below_forecast,,,,unavailable,,,False,unavailable,unavailable,False,1,6,True,True,False,False,unavailable
ets_additive_damped,territorial_authority_1_median_rent,median_rent,territorial_authority,1,Far North District,2025-07-01,2025-08-01,,1,535.0,531.3293745492092,3.6706254507907934,3.6706254507907934,13.473491199993122,ets_additive_damped,3.6706254507907943,0.6908380425804669,above_forecast,,,,unavailable,,,False,unavailable,unavailable,False,1,6,True,False,False,False,unavailable
ets_additive_damped,territorial_authority_1_median_rent,median_rent,territorial_authority,1,Far North District,2025-08-01,2025-09-01,,1,550.0,535.9602703909234,14.03972960907663,14.03972960907663,197.11400749598303,ets_additive_damped,14.03972960907663,2.619546706108684,above_forecast,7.777277577148482,9.799118351984646,16.752003591155813,mad,14.527973835410892,0.4310616265472527,True,normal,normal,False,1,6,True,False,False,False,normal
ets_additive_damped,territorial_authority_1_median_rent,median_rent,territorial_authority,1,Far North District,2025-09-01,2025-10-01,,1,528.0,540.4939546936826,-12.493954693682554,12.493954693682554,156.09890388779232,ets_additive_damped,-12.493954693682554,-2.311580839190575,below_forecast,11.883929703506169,8.213304252715375,14.983670431127564,mad,12.176878061846368,-2.001981482722701,True,normal,normal,False,1,6,True,False,False,False,normal
ets_additive_damped,territorial_authority_1_median_rent,median_rent,territorial_authority,1,Far North District,2025-10-01,2025-11-01,,1,550.0,536.6942472666994,13.305752733300553,13.305752733300553,177.04305579973507,ets_additive_damped,13.305752733300551,2.4792053950763746,above_forecast,7.777277577148482,9.799118351984646,19.018318469093884,mad,14.527973835410892,0.38053999950611206,True,normal,normal,False,1,6,True,False,False,False,normal
ets_additive_damped,territorial_authority_1_median_rent,median_rent,territorial_authority,1,Far North District,2025-11-01,2025-12-01,,1,570.0,544.5823127513337,25.41768724866631,25.41768724866631,646.058825071014,ets_additive_damped,25.41768724866631,4.6673728935945995,above_forecast,11.883929703506169,8.213304252715375,14.970676434823531,mad,12.176878061846368,1.1114308180160943,True,normal,normal,False,1,6,True,True,False,False,normal
ets_additive_damped,territorial_authority_1_median_rent,median_rent,territorial_authority,1,Far North District,2025-12-01,2026-01-01,,1,550.0,545.5896410015582,4.41035899844178,4.41035899844178,19.451266495136377,ets_additive_damped,4.4103589984417795,0.8083656042929127,above_forecast,12.59484121840336,10.873530898937759,17.290953567548428,mad,16.120876054763173,-0.5076946309963932,True,normal,normal,False,1,6,True,False,False,False,normal
ets_additive_damped,territorial_authority_1_median_rent,median_rent,territorial_authority,1,Far North District,2026-01-01,2026-02-01,,1,560.0,545.1965194262366,14.803480573763409,14.803480573763409,219.14303709779065,ets_additive_damped,14.803480573763409,2.7152558841246,above_forecast,11.883929703506169,8.213304252715375,14.983670431127564,mad,12.176878061846368,0.2397618548390515,True,normal,normal,False,1,6,True,False,False,False,normal
ets_additive_damped,territorial_authority_21_bonds_lodged,bonds_lodged,territorial_authority,21,Taupo District,2025-02-01,2025-03-01,,1,93.0,85.88297909772649,7.117020902273509,7.117020902273509,50.65198652339804,ets_additive_damped,7.117020902273509,8.2868817279557,above_forecast,,,,unavailable,,,False,unavailable,unavailable,False,1,6,True,False,False,False,unavailable
ets_additive_damped,territorial_authority_21_bonds_lodged,bonds_lodged,territorial_authority,21,Taupo District,2025-03-01,2025-04-01,,1,84.0,80.2482147257766,3.751785274223394,3.751785274223394,14.075892743879509,ets_additive_damped,3.751785274223394,4.675225844019032,above_forecast,,,,unavailable,,,False,unavailable,unavailable,False,1,6,True,False,False,False,unavailable
ets_additive_damped,territorial_authority_21_bonds_lodged,bonds_lodged,territorial_authority,21,Taupo District,2025-04-01,2025-05-01,,1,102.0,90.90161284339833,11.098387156601689,11.098387156601689,123.17419747782132,ets_additive_damped,11.098387156601675,12.209230187941255,above_forecast,,,,unavailable,,,False,unavailable,unavailable,False,1,6,True,True,False,False,unavailable
ets_additive_damped,territorial_authority_21_bonds_lodged,bonds_lodged,territorial_authority,21,Taupo District,2025-05-01,2025-06-01,,1,96.0,83.85860254876789,12.141397451232107,12.141397451232107,147.41353206878554,ets_additive_damped,12.141397451232109,14.478416146001589,above_forecast,,,,unavailable,,,False,unavailable,unavailable,False,1,6,True,True,False,False,unavailable
ets_additive_damped,territorial_authority_21_bonds_lodged,bonds_lodged,territorial_authority,21,Taupo District,2025-06-01,2025-07-01,,1,84.0,90.15325979543093,-6.153259795430927,6.153259795430927,37.86260611006665,ets_additive_damped,-6.153259795430927,-6.8253325607897555,below_forecast,,,,unavailable,,,False,unavailable,unavailable,False,1,6,True,False,False,False,unavailable
ets_additive_damped,territorial_authority_21_bonds_lodged,bonds_lodged,territorial_authority,21,Taupo District,2025-07-01,2025-08-01,,1,105.0,86.29026474537231,18.709735254627688,18.709735254627688,350.0541932982582,ets_additive_damped,18.709735254627688,21.68232454708175,above_forecast,,,,unavailable,,,False,unavailable,unavailable,False,1,6,True,True,False,False,unavailable
ets_additive_damped,territorial_authority_21_bonds_lodged,bonds_lodged,territorial_authority,21,Taupo District,2025-08-01,2025-09-01,,1,102.0,83.86289614480756,18.13710385519244,18.13710385519244,328.9545362540363,ets_additive_damped,18.137103855192436,21.62708979651117,above_forecast,9.107704029437592,4.194806088504357,7.287550696338577,mad,6.219134304676587,1.4518740685444,True,normal,normal,False,1,6,True,True,False,False,normal
ets_additive_damped,territorial_authority_21_bonds_lodged,bonds_lodged,territorial_authority,21,Taupo District,2025-09-01,2025-10-01,,1,96.0,86.50109822483624,9.49890177516376,9.49890177516376,90.2291349342092,ets_additive_damped,9.498901775163759,10.981249914855335,above_forecast,11.098387156601675,7.038716698590761,9.70484756496382,mad,10.435458411550425,-0.15327408901055412,True,normal,normal,False,1,6,True,True,False,False,normal
ets_additive_damped,territorial_authority_21_bonds_lodged,bonds_lodged,territorial_authority,21,Taupo District,2025-10-01,2025-11-01,,1,81.0,86.1644261145326,-5.164426114532603,5.164426114532603,26.671297092466315,ets_additive_damped,-5.164426114532603,-5.993687125203941,below_forecast,10.298644465882717,4.864241377634265,7.36461205696121,mad,7.21162546721166,-2.1441865846638373,True,normal,normal,False,1,6,True,False,False,False,normal
ets_additive_damped,territorial_authority_21_bonds_lodged,bonds_lodged,territorial_authority,21,Taupo District,2025-11-01,2025-12-01,,1,84.0,76.13992416242333,7.860075837576673,7.860075837576673,61.78079217245664,ets_additive_damped,7.860075837576673,10.323198931495375,above_forecast,9.498901775163759,5.747116500940365,8.389612177008715,mad,8.520558192646947,-0.19233786103372388,True,normal,normal,False,1,6,True,True,False,False,normal
ets_additive_damped,territorial_authority_21_bonds_lodged,bonds_lodged,territorial_authority,21,Taupo District,2025-12-01,2026-01-01,,1,87.0,76.08260668989047,10.917393310109532,10.917393310109532,119.18947668762436,ets_additive_damped,10.917393310109532,14.349394408380842,above_forecast,8.679488806370216,4.194806088504357,7.287550696338577,mad,6.219134304676587,0.3598418033931964,True,normal,normal,False,1,6,True,True,False,False,normal
ets_additive_damped,territorial_authority_21_bonds_lodged,bonds_lodged,territorial_authority,21,Taupo District,2026-01-01,2026-02-01,,1,93.0,89.59618444322554,3.403815556774461,3.403815556774461,11.585960344539837,ets_additive_damped,3.403815556774461,3.799063071632652,above_forecast,9.498901775163759,2.64249567606835,6.18548921566844,mad,3.917710416706227,-1.555777627769047,True,normal,normal,False,1,6,True,False,False,False,normal
ets_additive_damped,territorial_authority_21_median_rent,median_rent,territorial_authority,21,Taupo District,2025-02-01,2025-03-01,,1,595.0,589.9840064037357,5.015993596264252,5.015993596264252,25.160191757763982,ets_additive_damped,5.015993596264252,0.8501914529580866,above_forecast,,,,unavailable,,,False,unavailable,unavailable,False,1,6,True,False,False,False,unavailable
ets_additive_damped,territorial_authority_21_median_rent,median_rent,territorial_authority,21,Taupo District,2025-03-01,2025-04-01,,1,595.0,595.4926409113552,-0.4926409113552381,0.4926409113552381,0.2426950675409196,ets_additive_damped,-0.49264091135523813,-0.08272829544984628,below_forecast,,,,unavailable,,,False,unavailable,unavailable,False,1,6,True,False,False,False,unavailable
ets_additive_damped,territorial_authority_21_median_rent,median_rent,territorial_authority,21,Taupo District,2025-04-01,2025-05-01,,1,620.0,599.4979772820793,20.50202271792068,20.50202271792068,420.3329355261357,ets_additive_damped,20.50202271792068,3.4198652030270233,above_forecast,,,,unavailable,,,False,unavailable,unavailable,False,1,6,True,True,False,False,unavailable
ets_additive_damped,territorial_authority_21_median_rent,median_rent,territorial_authority,21,Taupo District,2025-05-01,2025-06-01,,1,550.0,598.0424032382991,-48.04240323829913,48.04240323829913,2308.072508911335,ets_additive_damped,-48.04240323829913,-8.03327706834124,below_forecast,,,,unavailable,,,False,unavailable,unavailable,False,1,6,True,True,False,False,unavailable
ets_additive_damped,territorial_authority_21_median_rent,median_rent,territorial_authority,21,Taupo District,2025-06-01,2025-07-01,,1,600.0,591.381774618351,8.61822538164904,8.61822538164904,74.27380872889974,ets_additive_damped,8.61822538164904,1.4573031756365544,above_forecast,,,,unavailable,,,False,unavailable,unavailable,False,1,6,True,False,False,False,unavailable
ets_additive_damped,territorial_authority_21_median_rent,median_rent,territorial_authority,21,Taupo District,2025-07-01,2025-08-01,,1,620.0,593.1286833533442,26.871316646655828,26.871316646655828,722.0676583248426,ets_additive_damped,26.871316646655828,4.5304362106945675,above_forecast,,,,unavailable,,,False,unavailable,unavailable,False,1,6,True,True,False,False,unavailable
ets_additive_damped,territorial_authority_21_median_rent,median_rent,territorial_authority,21,Taupo District,2025-08-01,2025-09-01,,1,630.0,601.612334355117,28.387665644882983,28.387665644882983,805.8595607656698,ets_additive_damped,28.387665644882986,4.718597678904376,above_forecast,6.817109488956646,10.49733181463796,16.646555668303137,mad,15.56313093348845,1.3860036420763657,True,normal,normal,False,1,6,True,True,False,False,normal
ets_additive_damped,territorial_authority_21_median_rent,median_rent,territorial_authority,21,Taupo District,2025-09-01,2025-10-01,,1,620.0,612.1874691229299,7.812530877070117,7.812530877070117,61.035638705173966,ets_additive_damped,7.812530877070117,1.2761664148831715,above_forecast,8.61822538164904,11.883797336271641,21.424993339833748,mad,17.618676554887532,-0.04572957009960085,True,normal,normal,False,1,6,True,False,False,False,normal
ets_additive_damped,territorial_authority_21_median_rent,median_rent,territorial_authority,21,Taupo District,2025-10-01,2025-11-01,,1,600.0,617.431041280379,-17.431041280378963,17.431041280378963,303.8412001182755,ets_additive_damped,-17.431041280378963,-2.8231559664107375,below_forecast,8.215378129359578,10.49733181463796,18.45551123074509,mad,15.56313093348845,-1.6478958841471327,True,normal,normal,False,1,6,True,True,False,False,normal
ets_additive_damped,territorial_authority_21_median_rent,median_rent,territorial_authority,21,Taupo District,2025-11-01,2025-12-01,,1,590.0,619.1267887137603,-29.12678871376033,29.12678871376033,848.3698207760364,ets_additive_damped,-29.126788713760334,-4.70449498305047,below_forecast,7.812530877070117,12.689491840850565,20.99466362927592,mad,18.81318286263983,-1.9634806008390222,True,normal,normal,False,1,6,True,True,False,False,normal
ets_additive_damped,territorial_authority_21_median_rent,median_rent,territorial_authority,21,Taupo District,2025-12-01,2026-01-01,,1,630.0,613.9526887372076,16.04731126279239,16.04731126279239,257.5161987649435,ets_additive_damped,16.04731126279239,2.613770011464382,above_forecast,6.414262236667184,17.27240744562107,30.727514571975803,mad,25.607720453107593,0.3761775298884989,True,normal,normal,False,1,6,True,True,False,False,normal
ets_additive_damped,territorial_authority_21_median_rent,median_rent,territorial_authority,21,Taupo District,2026-01-01,2026-02-01,,1,630.0,618.7947446062267,11.205255393773314,11.205255393773314,125.55774843968594,ets_additive_damped,11.205255393773314,1.8108194181422528,above_forecast,7.812530877070117,12.689491840850565,27.236508086223637,mad,18.81318286263983,0.18033761439913715,True,normal,normal,False,1,6,True,False,False,False,normal
ets_additive_damped,territorial_authority_22_bonds_lodged,bonds_lodged,territorial_authority,22,Western Bay of Plenty District,2025-02-01,2025-03-01,,1,102.0,75.55847501406163,26.44152498593837,26.44152498593837,699.1542435820032,ets_additive_damped,26.441524985938372,34.99478381613385,above_forecast,,,,unavailable,,,False,unavailable,unavailable,False,1,6,True,True,False,False,unavailable
ets_additive_damped,territorial_authority_22_bonds_lodged,bonds_lodged,territorial_authority,22,Western Bay of Plenty District,2025-03-01,2025-04-01,,1,96.0,78.34553266501224,17.654467334987757,17.654467334987757,311.6802168821497,ets_additive_damped,17.654467334987757,22.534108499171563,above_forecast,,,,unavailable,,,False,unavailable,unavailable,False,1,6,True,True,False,False,unavailable
ets_additive_damped,territorial_authority_22_bonds_lodged,bonds_lodged,territorial_authority,22,Western Bay of Plenty District,2025-04-01,2025-05-01,,1,96.0,83.35887703304944,12.641122966950562,12.641122966950562,159.79798986556497,ets_additive_damped,12.641122966950562,15.164699210065791,above_forecast,,,,unavailable,,,False,unavailable,unavailable,False,1,6,True,True,False,False,unavailable
ets_additive_damped,territorial_authority_22_bonds_lodged,bonds_lodged,territorial_authority,22,Western Bay of Plenty District,2025-05-01,2025-06-01,,1,87.0,84.0382898750001,2.9617101249998967,2.9617101249998967,8.771726864526904,ets_additive_damped,2.9617101249998967,3.5242389265716754,above_forecast,,,,unavailable,,,False,unavailable,unavailable,False,1,6,True,False,False,False,unavailable
ets_additive_damped,territorial_authority_22_bonds_lodged,bonds_lodged,territorial_authority,22,Western Bay of Plenty District,2025-06-01,2025-07-01,,1,81.0,89.34339507718417,-8.34339507718417,8.34339507718417,69.61224141398104,ets_additive_damped,-8.34339507718417,-9.338569538325997,below_forecast,,,,unavailable,,,False,unavailable,unavailable,False,1,6,True,False,False,False,unavailable
ets_additive_damped,territorial_authority_22_bonds_lodged,bonds_lodged,territorial_authority,22,Western Bay of Plenty District,2025-07-01,2025-08-01,,1,84.0,85.60576583469272,-1.6057658346927184,1.6057658346927184,2.5784839158664026,ets_additive_damped,-1.6057658346927184,-1.875768318916158,below_forecast,,,,unavailable,,,False,unavailable,unavailable,False,1,6,True,False,False,False,unavailable
ets_additive_damped,territorial_authority_22_bonds_lodged,bonds_lodged,territorial_authority,22,Western Bay of Plenty District,2025-08-01,2025-09-01,,1,96.0,82.33452997380905,13.665470026190944,13.665470026190944,186.74507103672315,ets_additive_damped,13.665470026190945,16.597495644340214,above_forecast,7.801416545975229,9.630116584840238,16.865028087748023,mad,14.277415248095238,0.4107223456289152,True,normal,normal,False,1,6,True,True,False,False,normal
ets_additive_damped,territorial_authority_22_bonds_lodged,bonds_lodged,territorial_authority,22,Western Bay of Plenty District,2025-09-01,2025-10-01,,1,99.0,82.17306907962659,16.826930920373414,16.826930920373414,283.14560419901886,ets_additive_damped,16.826930920373414,20.47742783474223,above_forecast,12.641122966950562,9.679412841950665,14.981996535435762,mad,14.350500877614033,0.29168375300073845,True,normal,normal,False,1,6,True,True,False,False,normal
ets_additive_damped,territorial_authority_22_bonds_lodged,bonds_lodged,territorial_authority,22,Western Bay of Plenty District,2025-10-01,2025-11-01,,1,90.0,85.86199106264475,4.138008937355252,4.138008937355252,17.123117965631945,ets_additive_damped,4.138008937355252,4.819372211315446,above_forecast,13.153296496570754,7.34637860499393,15.213973888950257,mad,10.891591704957643,-0.8277291146630034,True,normal,normal,False,1,6,True,False,False,False,normal
ets_additive_damped,territorial_authority_22_bonds_lodged,bonds_lodged,territorial_authority,22,Western Bay of Plenty District,2025-11-01,2025-12-01,,1,57.0,83.74113254657063,-26.741132546570626,26.741132546570626,715.0881698732588,ets_additive_damped,-26.741132546570626,-31.933091580412032,below_forecast,12.641122966950562,8.50311402959531,13.865220795373517,mad,12.606544150623142,-3.1239533247955604,True,moderate,low,True,1,6,True,True,True,True,dashboard_alert
ets_additive_damped,territorial_authority_22_bonds_lodged,bonds_lodged,territorial_authority,22,Western Bay of Plenty District,2025-12-01,2026-01-01,,1,60.0,77.16236050892387,-17.162360508923868,17.162360508923868,294.5466182382695,ets_additive_damped,-17.162360508923868,-22.241881139625104,below_forecast,8.389565952152907,8.851133175527679,16.50046254159736,mad,13.12251026764667,-1.9471828133428575,True,normal,normal,False,1,6,True,True,False,False,normal
ets_additive_damped,territorial_authority_22_bonds_lodged,bonds_lodged,territorial_authority,22,Western Bay of Plenty District,2026-01-01,2026-02-01,,1,84.0,78.86369010504959,5.136309894950415,5.136309894950415,26.381679336965544,ets_additive_damped,5.136309894950415,6.5128957167850565,above_forecast,4.138008937355252,12.481404014539422,20.220780929220624,mad,18.50467607789388,0.053948577829349656,True,normal,normal,False,1,6,True,False,False,False,normal
xgboost_pooled_recursive,territorial_authority_22_median_rent,median_rent,territorial_authority,22,Western Bay of Plenty District,2025-02-01,2025-03-01,,1,630.0,647.89501953125,-17.89501953125,17.89501953125,320.23172402381897,xgboost_pooled_recursive,-17.89501953125,-2.76202455518133,below_forecast,,,,unavailable,,,False,unavailable,unavailable,False,1,6,True,True,False,False,unavailable
xgboost_pooled_recursive,territorial_authority_22_median_rent,median_rent,territorial_authority,22,Western Bay of Plenty District,2025-03-01,2025-04-01,,1,650.0,631.67578125,18.32421875,18.32421875,335.7769927978516,xgboost_pooled_recursive,18.32421875,2.900889870075259,above_forecast,,,,unavailable,,,False,unavailable,unavailable,False,1,6,True,True,False,False,unavailable
xgboost_pooled_recursive,territorial_authority_22_median_rent,median_rent,territorial_authority,22,Western Bay of Plenty District,2025-04-01,2025-05-01,,1,650.0,631.714111328125,18.285888671875,18.285888671875,334.37372452020645,xgboost_pooled_recursive,18.285888671875,2.8946462242913142,above_forecast,,,,unavailable,,,False,unavailable,unavailable,False,1,6,True,True,False,False,unavailable
xgboost_pooled_recursive,territorial_authority_22_median_rent,median_rent,territorial_authority,22,Western Bay of Plenty District,2025-05-01,2025-06-01,,1,630.0,633.3189086914062,-3.31890869140625,3.31890869140625,11.015154901891949,xgboost_pooled_recursive,-3.31890869140625,-0.5240501500679867,below_forecast,,,,unavailable,,,False,unavailable,unavailable,False,1,6,True,False,False,False,unavailable
xgboost_pooled_recursive,territorial_authority_22_median_rent,median_rent,territorial_authority,22,Western Bay of Plenty District,2025-06-01,2025-07-01,,1,613.0,625.1846313476562,-12.18463134765625,12.18463134765625,148.46524107828736,xgboost_pooled_recursive,-12.18463134765625,-1.9489652714896235,below_forecast,,,,unavailable,,,False,unavailable,unavailable,False,1,6,True,False,False,False,unavailable
xgboost_pooled_recursive,territorial_authority_22_median_rent,median_rent,territorial_authority,22,Western Bay of Plenty District,2025-07-01,2025-08-01,,1,650.0,617.765625,32.234375,32.234375,1039.054931640625,xgboost_pooled_recursive,32.234375,5.217897159622632,above_forecast,,,,unavailable,,,False,unavailable,unavailable,False,1,6,True,True,False,False,unavailable
xgboost_pooled_recursive,territorial_authority_22_median_rent,median_rent,territorial_authority,22,Western Bay of Plenty District,2025-08-01,2025-09-01,,1,600.0,622.20947265625,-22.20947265625,22.20947265625,493.2606756687164,xgboost_pooled_recursive,-22.20947265625,-3.569452673460019,below_forecast,7.483489990234375,15.254425048828125,28.2828369140625,mad,22.615900739552448,-1.312924167311851,True,normal,normal,False,1,6,True,True,False,False,normal
xgboost_pooled_recursive,territorial_authority_22_median_rent,median_rent,territorial_authority,22,Western Bay of Plenty District,2025-09-01,2025-10-01,,1,640.0,615.7975463867188,24.20245361328125,24.20245361328125,585.7587609030306,xgboost_pooled_recursive,24.20245361328125,3.9302614561056064,above_forecast,-3.31890869140625,18.89056396484375,33.344879150390625,mad,28.006766441577096,0.9826683263167078,True,normal,normal,False,1,6,True,True,False,False,normal
xgboost_pooled_recursive,territorial_authority_22_median_rent,median_rent,territorial_authority,22,Western Bay of Plenty District,2025-10-01,2025-11-01,,1,630.0,621.1176147460938,8.88238525390625,8.88238525390625,78.8967677988112,xgboost_pooled_recursive,8.88238525390625,1.430064941490554,above_forecast,7.483489990234375,18.19354248046875,33.406005859375,mad,26.973376546284285,0.051862074489320086,True,normal,normal,False,1,6,True,False,False,False,normal
xgboost_pooled_recursive,territorial_authority_22_median_rent,median_rent,territorial_authority,22,Western Bay of Plenty District,2025-11-01,2025-12-01,,1,650.0,638.2761840820312,11.72381591796875,11.72381591796875,137.44785967841744,xgboost_pooled_recursive,11.72381591796875,1.836793571552406,above_forecast,8.88238525390625,15.320068359375,30.50885009765625,mad,22.713222178465532,0.1251002892384185,True,normal,normal,False,1,6,True,False,False,False,normal
xgboost_pooled_recursive,territorial_authority_22_median_rent,median_rent,territorial_authority,22,Western Bay of Plenty District,2025-12-01,2026-01-01,,1,625.0,650.126220703125,-25.126220703125,25.126220703125,631.3269668221474,xgboost_pooled_recursive,-25.126220703125,-3.864821922726093,below_forecast,10.3031005859375,13.76068115234375,28.2828369140625,mad,20.401306378567458,-1.7366202257656738,True,normal,normal,False,1,6,True,True,False,False,normal
xgboost_pooled_recursive,territorial_authority_22_median_rent,median_rent,territorial_authority,22,Western Bay of Plenty District,2026-01-01,2026-02-01,,1,630.0,642.6442260742188,-12.64422607421875,12.64422607421875,159.8764530159533,xgboost_pooled_recursive,-12.64422607421875,-1.9675312655432577,below_forecast,8.88238525390625,15.320068359375,33.344879150390625,mad,22.713222178465532,-0.9477568245924367,True,normal,normal,False,1,6,True,False,False,False,normal
ets_additive_damped,territorial_authority_23_bonds_lodged,bonds_lodged,territorial_authority,23,Tauranga City,2025-02-01,2025-03-01,,1,411.0,412.591841750452,-1.5918417504520337,1.5918417504520337,2.533960158482194,ets_additive_damped,-1.5918417504519766,-0.3858151299595426,below_forecast,,,,unavailable,,,False,unavailable,unavailable,False,1,6,True,False,False,False,unavailable
ets_additive_damped,territorial_authority_23_bonds_lodged,bonds_lodged,territorial_authority,23,Tauranga City,2025-03-01,2025-04-01,,1,408.0,386.0168294928133,21.983170507186685,21.983170507186685,483.2597855480425,ets_additive_damped,21.983170507186685,5.694873598146051,above_forecast,,,,unavailable,,,False,unavailable,unavailable,False,1,6,True,False,False,False,unavailable
ets_additive_damped,territorial_authority_23_bonds_lodged,bonds_lodged,territorial_authority,23,Tauranga City,2025-04-01,2025-05-01,,1,399.0,409.6178443879625,-10.61784438796252,10.61784438796252,112.7386194469872,ets_additive_damped,-10.61784438796252,-2.592134237664219,below_forecast,,,,unavailable,,,False,unavailable,unavailable,False,1,6,True,False,False,False,unavailable
ets_additive_damped,territorial_authority_23_bonds_lodged,bonds_lodged,territorial_authority,23,Tauranga City,2025-05-01,2025-06-01,,1,375.0,375.6463140926839,-0.6463140926838946,0.6463140926838946,0.4177219064018059,ets_additive_damped,-0.6463140926838946,-0.17205388910708927,below_forecast,,,,unavailable,,,False,unavailable,unavailable,False,1,6,True,False,False,False,unavailable
ets_additive_damped,territorial_authority_23_bonds_lodged,bonds_lodged,territorial_authority,23,Tauranga City,2025-06-01,2025-07-01,,1,408.0,419.240435618965,-11.240435618965025,11.240435618965025,126.3473929040976,ets_additive_damped,-11.240435618965023,-2.681143006248833,below_forecast,,,,unavailable,,,False,unavailable,unavailable,False,1,6,True,False,False,False,unavailable
ets_additive_damped,territorial_authority_23_bonds_lodged,bonds_lodged,territorial_authority,23,Tauranga City,2025-07-01,2025-08-01,,1,450.0,389.5549476542999,60.445052345700105,60.445052345700105,3653.604353074426,ets_additive_damped,60.445052345700105,15.516438107042205,above_forecast,,,,unavailable,,,False,unavailable,unavailable,False,1,6,True,True,False,False,unavailable
ets_additive_damped,territorial_authority_23_bonds_lodged,bonds_lodged,territorial_authority,23,Tauranga City,2025-08-01,2025-09-01,,1,366.0,389.5169580320851,-23.51695803208509,23.51695803208509,553.0473150828512,ets_additive_damped,-23.516958032085086,-6.037467059431071,below_forecast,-1.1190779215679356,9.810062081895836,24.687143085803925,mad,14.544198787095384,-1.5399872099101184,True,normal,normal,False,1,6,True,False,False,False,normal
ets_additive_damped,territorial_authority_23_bonds_lodged,bonds_lodged,territorial_authority,23,Tauranga City,2025-09-01,2025-10-01,,1,372.0,383.2448442306664,-11.244844230666388,11.244844230666388,126.44652177195115,ets_additive_damped,-11.244844230666388,-2.934114939821179,below_forecast,-1.5918417504519766,9.648593868513046,21.597568210715167,mad,14.304809293570122,-0.6748081908755922,True,normal,normal,False,1,6,True,False,False,False,normal
ets_additive_damped,territorial_authority_23_bonds_lodged,bonds_lodged,territorial_authority,23,Tauranga City,2025-10-01,2025-11-01,,1,321.0,355.2103431495635,-34.21034314956353,34.21034314956353,1170.3475784108882,ets_additive_damped,-34.21034314956353,-9.631009853550083,below_forecast,-6.104843069207249,5.299265068991247,16.252594829174114,mad,7.8565827561026635,-3.5773186578509732,True,high,low,True,1,6,True,False,True,False,statistical_only
ets_additive_damped,territorial_authority_23_bonds_lodged,bonds_lodged,territorial_authority,23,Tauranga City,2025-11-01,2025-12-01,,1,297.0,348.4987828350892,-51.49878283508917,51.49878283508917,2652.1246334956754,ets_additive_damped,-51.49878283508917,-14.777320717202786,below_forecast,-10.61784438796252,9.971530295278626,10.598530137982493,mad,14.783588280620647,-2.7652920029378945,True,moderate,low,True,1,6,True,True,True,True,dashboard_alert
ets_additive_damped,territorial_authority_23_bonds_lodged,bonds_lodged,territorial_authority,23,Tauranga City,2025-12-01,2026-01-01,,1,348.0,332.3640742571048,15.63592574289521,15.63592574289521,244.4821738373332,ets_additive_damped,15.63592574289521,4.704457236494166,above_forecast,-10.929140003463772,11.435321969700595,19.566233574604496,mad,16.95377608554573,1.566911442755667,True,normal,normal,False,1,6,True,False,False,False,normal
ets_additive_damped,territorial_authority_23_bonds_lodged,bonds_lodged,territorial_authority,23,Tauranga City,2026-01-01,2026-02-01,,1,315.0,368.0241043686321,-53.024104368632095,53.024104368632095,2811.5556440955893,ets_additive_damped,-53.024104368632095,-14.407780289173774,below_forecast,-10.61784438796252,12.899113644122565,24.875706956481395,mad,19.123963890470815,-2.217440914631719,True,normal,normal,False,1,6,True,True,False,False,normal
seasonal_naive,territorial_authority_23_median_rent,median_rent,territorial_authority,23,Tauranga City,2025-02-01,2025-03-01,2024-03-01,1,700.0,700.0,0.0,0.0,0.0,seasonal_naive,0.0,0.0,on_forecast,,,,unavailable,,,False,unavailable,unavailable,False,1,6,True,False,False,False,unavailable
seasonal_naive,territorial_authority_23_median_rent,median_rent,territorial_authority,23,Tauranga City,2025-03-01,2025-04-01,2024-04-01,1,700.0,690.0,10.0,10.0,100.0,seasonal_naive,10.0,1.4492753623188406,above_forecast,,,,unavailable,,,False,unavailable,unavailable,False,1,6,True,False,False,False,unavailable
seasonal_naive,territorial_authority_23_median_rent,median_rent,territorial_authority,23,Tauranga City,2025-04-01,2025-05-01,2024-05-01,1,695.0,700.0,-5.0,5.0,25.0,seasonal_naive,-5.0,-0.7142857142857143,below_forecast,,,,unavailable,,,False,unavailable,unavailable,False,1,6,True,False,False,False,unavailable
seasonal_naive,territorial_authority_23_median_rent,median_rent,territorial_authority,23,Tauranga City,2025-05-01,2025-06-01,2024-06-01,1,690.0,680.0,10.0,10.0,100.0,seasonal_naive,10.0,1.4705882352941175,above_forecast,,,,unavailable,,,False,unavailable,unavailable,False,1,6,True,False,False,False,unavailable
seasonal_naive,territorial_authority_23_median_rent,median_rent,territorial_authority,23,Tauranga City,2025-06-01,2025-07-01,2024-07-01,1,685.0,695.0,-10.0,10.0,100.0,seasonal_naive,-10.0,-1.4388489208633095,below_forecast,,,,unavailable,,,False,unavailable,unavailable,False,1,6,True,False,False,False,unavailable
seasonal_naive,territorial_authority_23_median_rent,median_rent,territorial_authority,23,Tauranga City,2025-07-01,2025-08-01,2024-08-01,1,680.0,680.0,0.0,0.0,0.0,seasonal_naive,0.0,0.0,on_forecast,,,,unavailable,,,False,unavailable,unavailable,False,1,6,True,False,False,False,unavailable
seasonal_naive,territorial_authority_23_median_rent,median_rent,territorial_authority,23,Tauranga City,2025-08-01,2025-09-01,2024-09-01,1,675.0,685.0,-10.0,10.0,100.0,seasonal_naive,-10.0,-1.4598540145985401,below_forecast,0.0,7.5,11.25,mad,11.11934766493699,-0.8993333333333333,True,normal,normal,False,1,6,True,False,False,False,normal
seasonal_naive,territorial_authority_23_median_rent,median_rent,territorial_authority,23,Tauranga City,2025-09-01,2025-10-01,2024-10-01,1,680.0,695.0,-15.0,15.0,225.0,seasonal_naive,-15.0,-2.158273381294964,below_forecast,0.0,10.0,12.5,mad,14.825796886582655,-1.01175,True,normal,normal,False,1,6,True,True,False,False,normal
seasonal_naive,territorial_authority_23_median_rent,median_rent,territorial_authority,23,Tauranga City,2025-10-01,2025-11-01,2024-11-01,1,700.0,695.0,5.0,5.0,25.0,seasonal_naive,5.0,0.7194244604316548,above_forecast,-2.5,7.5,12.5,mad,11.11934766493699,0.6745,True,normal,normal,False,1,6,True,False,False,False,normal
seasonal_naive,territorial_authority_23_median_rent,median_rent,territorial_authority,23,Tauranga City,2025-11-01,2025-12-01,2024-12-01,1,695.0,690.0,5.0,5.0,25.0,seasonal_naive,5.0,0.7246376811594203,above_forecast,0.0,10.0,15.0,mad,14.825796886582655,0.33725,True,normal,normal,False,1,6,True,False,False,False,normal
seasonal_naive,territorial_authority_23_median_rent,median_rent,territorial_authority,23,Tauranga City,2025-12-01,2026-01-01,2025-01-01,1,730.0,710.0,20.0,20.0,400.0,seasonal_naive,20.0,2.8169014084507045,above_forecast,0.0,7.5,13.75,mad,11.11934766493699,1.7986666666666666,True,normal,normal,False,1,6,True,True,False,False,normal
seasonal_naive,territorial_authority_23_median_rent,median_rent,territorial_authority,23,Tauranga City,2026-01-01,2026-02-01,2025-02-01,1,700.0,700.0,0.0,0.0,0.0,seasonal_naive,0.0,0.0,on_forecast,0.0,10.0,15.0,mad,14.825796886582655,0.0,True,normal,normal,False,1,6,True,False,False,False,normal
ets_additive_damped,territorial_authority_24_bonds_lodged,bonds_lodged,territorial_authority,24,Rotorua District,2025-02-01,2025-03-01,,1,156.0,184.17467232695645,-28.17467232695645,28.17467232695645,793.8121607313658,ets_additive_damped,-28.174672326956454,-15.297799621947641,below_forecast,,,,unavailable,,,False,unavailable,unavailable,False,1,6,True,True,False,False,unavailable
ets_additive_damped,territorial_authority_24_bonds_lodged,bonds_lodged,territorial_authority,24,Rotorua District,2025-03-01,2025-04-01,,1,186.0,150.95740564657785,35.042594353422174,35.042594353422174,1227.9834190184956,ets_additive_damped,35.042594353422146,23.213564252332226,above_forecast,,,,unavailable,,,False,unavailable,unavailable,False,1,6,True,True,False,False,unavailable
ets_additive_damped,territorial_authority_24_bonds_lodged,bonds_lodged,territorial_authority,24,Rotorua District,2025-04-01,2025-05-01,,1,216.0,178.1150355242624,37.8849644757376,37.8849644757376,1435.2705333279002,ets_additive_damped,37.884964475737604,21.26994184641813,above_forecast,,,,unavailable,,,False,unavailable,unavailable,False,1,6,True,True,False,False,unavailable
ets_additive_damped,territorial_authority_24_bonds_lodged,bonds_lodged,territorial_authority,24,Rotorua District,2025-05-01,2025-06-01,,1,168.0,173.75710205007655,-5.757102050076554,5.757102050076554,33.144224014995665,ets_additive_damped,-5.757102050076554,-3.3133045971366197,below_forecast,,,,unavailable,,,False,unavailable,unavailable,False,1,6,True,False,False,False,unavailable
ets_additive_damped,territorial_authority_24_bonds_lodged,bonds_lodged,territorial_authority,24,Rotorua District,2025-06-01,2025-07-01,,1,192.0,188.75937168127905,3.2406283187209795,3.2406283187209795,10.501671900096362,ets_additive_damped,3.240628318720951,1.7168039339486492,above_forecast,,,,unavailable,,,False,unavailable,unavailable,False,1,6,True,False,False,False,unavailable
ets_additive_damped,territorial_authority_24_bonds_lodged,bonds_lodged,territorial_authority,24,Rotorua District,2025-07-01,2025-08-01,,1,183.0,182.2722792492384,0.7277207507616197,0.7277207507616197,0.5295774910890554,ets_additive_damped,0.7277207507615913,0.3992492735368216,above_forecast,,,,unavailable,,,False,unavailable,unavailable,False,1,6,True,False,False,False,unavailable
ets_additive_damped,territorial_authority_24_bonds_lodged,bonds_lodged,territorial_authority,24,Rotorua District,2025-08-01,2025-09-01,,1,168.0,175.13924460320607,-7.139244603206066,7.139244603206066,50.96881350440694,ets_additive_damped,-7.139244603206066,-4.076324880457647,below_forecast,1.9841745347412711,18.950061723257775,31.227999194613865,mad,28.094976609722426,-0.3247348899657075,True,normal,normal,False,1,6,True,False,False,False,normal
ets_additive_damped,territorial_authority_24_bonds_lodged,bonds_lodged,territorial_authority,24,Rotorua District,2025-09-01,2025-10-01,,1,162.0,167.41737346541134,-5.417373465411345,5.417373465411345,29.34793526374292,ets_additive_damped,-5.417373465411345,-3.2358490360204946,below_forecast,0.7277207507615913,7.866965353967657,25.58978466271286,mad,11.66340304517073,-0.5268697473948079,True,normal,normal,False,1,6,True,False,False,False,normal
ets_additive_damped,territorial_authority_24_bonds_lodged,bonds_lodged,territorial_authority,24,Rotorua District,2025-10-01,2025-11-01,,1,177.0,168.6922153899967,8.307784610003296,8.307784610003296,69.0192851262076,ets_additive_damped,8.307784610003296,4.924818012969163,above_forecast,-2.3448263573248767,5.189936460963509,17.293757515755182,mad,7.694494382451459,1.3844458697147375,True,normal,normal,False,1,6,True,False,False,False,normal
ets_additive_damped,territorial_authority_24_bonds_lodged,bonds_lodged,territorial_authority,24,Rotorua District,2025-11-01,2025-12-01,,1,162.0,163.8975062729191,-1.897506272919088,1.897506272919088,3.600530055767289,ets_additive_damped,-1.8975062729190881,-1.1577395630165328,below_forecast,0.7277207507615913,7.5800638592417044,14.06488666007985,mad,11.238048716444336,-0.23360167676077565,True,normal,normal,False,1,6,True,False,False,False,normal
ets_additive_damped,territorial_authority_24_bonds_lodged,bonds_lodged,territorial_authority,24,Rotorua District,2025-12-01,2026-01-01,,1,144.0,161.8047959540121,-17.804795954012093,17.804795954012093,317.0107589640054,ets_additive_damped,-17.804795954012093,-11.003874050230591,below_forecast,-0.5848927610787484,5.863280565562562,12.713165441092961,mad,8.692780675407802,-1.9809430188028427,True,normal,normal,False,1,6,True,True,False,False,normal
ets_additive_damped,territorial_authority_24_bonds_lodged,bonds_lodged,territorial_authority,24,Rotorua District,2026-01-01,2026-02-01,,1,159.0,174.27959430701856,-15.279594307018556,15.279594307018556,233.46600218707383,ets_additive_damped,-15.279594307018556,-8.76728820019018,below_forecast,-1.8975062729190881,5.241738330286978,12.222379791003434,mad,7.771294781744964,-1.7219895023843965,True,normal,normal,False,1,6,True,False,False,False,normal
xgboost_pooled_recursive,territorial_authority_24_median_rent,median_rent,territorial_authority,24,Rotorua District,2025-02-01,2025-03-01,,1,580.0,583.472412109375,-3.472412109375,3.472412109375,12.057645857334135,xgboost_pooled_recursive,-3.472412109375,-0.595128756271698,below_forecast,,,,unavailable,,,False,unavailable,unavailable,False,1,6,True,False,False,False,unavailable
xgboost_pooled_recursive,territorial_authority_24_median_rent,median_rent,territorial_authority,24,Rotorua District,2025-03-01,2025-04-01,,1,580.0,584.3187255859375,-4.3187255859375,4.3187255859375,18.651390686631203,xgboost_pooled_recursive,-4.3187255859375,-0.7391044299678758,below_forecast,,,,unavailable,,,False,unavailable,unavailable,False,1,6,True,False,False,False,unavailable
xgboost_pooled_recursive,territorial_authority_24_median_rent,median_rent,territorial_authority,24,Rotorua District,2025-04-01,2025-05-01,,1,570.0,581.0038452148438,-11.00384521484375,11.00384521484375,121.0846095122397,xgboost_pooled_recursive,-11.00384521484375,-1.8939367278670498,below_forecast,,,,unavailable,,,False,unavailable,unavailable,False,1,6,True,False,False,False,unavailable
xgboost_pooled_recursive,territorial_authority_24_median_rent,median_rent,territorial_authority,24,Rotorua District,2025-05-01,2025-06-01,,1,575.0,573.5413818359375,1.4586181640625,1.4586181640625,2.127566948533058,xgboost_pooled_recursive,1.4586181640625,0.25431785922637057,above_forecast,,,,unavailable,,,False,unavailable,unavailable,False,1,6,True,False,False,False,unavailable
xgboost_pooled_recursive,territorial_authority_24_median_rent,median_rent,territorial_authority,24,Rotorua District,2025-06-01,2025-07-01,,1,580.0,578.032958984375,1.967041015625,1.967041015625,3.869250357151032,xgboost_pooled_recursive,1.967041015625,0.3402991101201501,above_forecast,,,,unavailable,,,False,unavailable,unavailable,False,1,6,True,False,False,False,unavailable
xgboost_pooled_recursive,territorial_authority_24_median_rent,median_rent,territorial_authority,24,Rotorua District,2025-07-01,2025-08-01,,1,560.0,572.2265625,-12.2265625,12.2265625,149.48883056640625,xgboost_pooled_recursive,-12.2265625,-2.136664618745307,below_forecast,,,,unavailable,,,False,unavailable,unavailable,False,1,6,True,False,False,False,unavailable
xgboost_pooled_recursive,territorial_authority_24_median_rent,median_rent,territorial_authority,24,Rotorua District,2025-08-01,2025-09-01,,1,580.0,574.4900512695312,5.50994873046875,5.50994873046875,30.35953501239419,xgboost_pooled_recursive,5.50994873046875,0.9591025498688174,above_forecast,-3.89556884765625,5.6083984375,9.558425903320312,mad,8.314897609340251,1.1311645699111963,True,normal,normal,False,1,6,True,False,False,False,normal
xgboost_pooled_recursive,territorial_authority_24_median_rent,median_rent,territorial_authority,24,Rotorua District,2025-09-01,2025-10-01,,1,550.0,571.5231323242188,-21.52313232421875,21.52313232421875,463.24522504583,xgboost_pooled_recursive,-21.52313232421875,-3.7659249655723324,below_forecast,-3.472412109375,5.439453125,9.374114990234375,mad,8.064422720533729,-2.238315232271095,True,normal,normal,False,1,6,True,True,False,False,normal
xgboost_pooled_recursive,territorial_authority_24_median_rent,median_rent,territorial_authority,24,Rotorua District,2025-10-01,2025-11-01,,1,567.0,564.522216796875,2.477783203125,2.477783203125,6.139409601688385,xgboost_pooled_recursive,2.477783203125,0.4389168626850606,above_forecast,-3.89556884765625,6.485443115234375,12.895248413085938,mad,9.61518623459507,0.6628422887796156,True,normal,normal,False,1,6,True,False,False,False,normal
xgboost_pooled_recursive,territorial_authority_24_median_rent,median_rent,territorial_authority,24,Rotorua District,2025-11-01,2025-12-01,,1,595.0,571.8786010742188,23.12139892578125,23.12139892578125,534.5990882851183,xgboost_pooled_recursive,23.12139892578125,4.043060691963283,above_forecast,-3.472412109375,5.9501953125,12.97088623046875,mad,8.82163871386212,3.014611218816675,True,moderate,high,True,1,6,True,True,True,True,dashboard_alert
xgboost_pooled_recursive,territorial_authority_24_median_rent,median_rent,territorial_authority,24,Rotorua District,2025-12-01,2026-01-01,,1,570.0,594.281005859375,-24.281005859375,24.281005859375,589.5672455430031,xgboost_pooled_recursive,-24.281005859375,-4.085778549200448,below_forecast,-1.00689697265625,5.000762939453125,11.682662963867188,mad,7.414029561828206,-3.1391982851737708,True,moderate,low,True,1,6,True,True,True,True,dashboard_alert
xgboost_pooled_recursive,territorial_authority_24_median_rent,median_rent,territorial_authority,24,Rotorua District,2026-01-01,2026-02-01,,1,590.0,577.9190063476562,12.08099365234375,12.08099365234375,145.95040762796998,xgboost_pooled_recursive,12.08099365234375,2.0904302367027947,above_forecast,-3.472412109375,7.53143310546875,13.837615966796875,mad,11.165949748656413,1.3929317354836095,True,normal,normal,False,1,6,True,False,False,False,normal
seasonal_naive,territorial_authority_25_bonds_lodged,bonds_lodged,territorial_authority,25,Whakatane District,2025-02-01,2025-03-01,2024-03-01,1,57.0,27.0,30.0,30.0,900.0,seasonal_naive,30.0,111.11111111111111,above_forecast,,,,unavailable,,,False,unavailable,unavailable,False,1,6,True,True,False,False,unavailable
seasonal_naive,territorial_authority_25_bonds_lodged,bonds_lodged,territorial_authority,25,Whakatane District,2025-03-01,2025-04-01,2024-04-01,1,54.0,54.0,0.0,0.0,0.0,seasonal_naive,0.0,0.0,on_forecast,,,,unavailable,,,False,unavailable,unavailable,False,1,6,True,False,False,False,unavailable
seasonal_naive,territorial_authority_25_bonds_lodged,bonds_lodged,territorial_authority,25,Whakatane District,2025-04-01,2025-05-01,2024-05-01,1,54.0,63.0,-9.0,9.0,81.0,seasonal_naive,-9.0,-14.285714285714285,below_forecast,,,,unavailable,,,False,unavailable,unavailable,False,1,6,True,True,False,False,unavailable
seasonal_naive,territorial_authority_25_bonds_lodged,bonds_lodged,territorial_authority,25,Whakatane District,2025-05-01,2025-06-01,2024-06-01,1,60.0,39.0,21.0,21.0,441.0,seasonal_naive,21.0,53.84615384615385,above_forecast,,,,unavailable,,,False,unavailable,unavailable,False,1,6,True,True,False,False,unavailable
seasonal_naive,territorial_authority_25_bonds_lodged,bonds_lodged,territorial_authority,25,Whakatane District,2025-06-01,2025-07-01,2024-07-01,1,57.0,45.0,12.0,12.0,144.0,seasonal_naive,12.0,26.666666666666668,above_forecast,,,,unavailable,,,False,unavailable,unavailable,False,1,6,True,True,False,False,unavailable
seasonal_naive,territorial_authority_25_bonds_lodged,bonds_lodged,territorial_authority,25,Whakatane District,2025-07-01,2025-08-01,2024-08-01,1,81.0,51.0,30.0,30.0,900.0,seasonal_naive,30.0,58.82352941176471,above_forecast,,,,unavailable,,,False,unavailable,unavailable,False,1,6,True,True,False,False,unavailable
seasonal_naive,territorial_authority_25_bonds_lodged,bonds_lodged,territorial_authority,25,Whakatane District,2025-08-01,2025-09-01,2024-09-01,1,51.0,42.0,9.0,9.0,81.0,seasonal_naive,9.0,21.428571428571427,above_forecast,16.5,13.5,24.75,mad,20.014825796886583,-0.37472222222222223,True,normal,normal,False,1,6,True,True,False,False,normal
seasonal_naive,territorial_authority_25_bonds_lodged,bonds_lodged,territorial_authority,25,Whakatane District,2025-09-01,2025-10-01,2024-10-01,1,54.0,42.0,12.0,12.0,144.0,seasonal_naive,12.0,28.57142857142857,above_forecast,12.0,12.0,21.0,mad,17.790956263899186,0.0,True,normal,normal,False,1,6,True,True,False,False,normal
seasonal_naive,territorial_authority_25_bonds_lodged,bonds_lodged,territorial_authority,25,Whakatane District,2025-10-01,2025-11-01,2024-11-01,1,39.0,42.0,-3.0,3.0,9.0,seasonal_naive,-3.0,-7.142857142857142,below_forecast,12.0,10.5,16.5,mad,15.567086730911786,-0.9635714285714286,True,normal,normal,False,1,6,True,False,False,False,normal
seasonal_naive,territorial_authority_25_bonds_lodged,bonds_lodged,territorial_authority,25,Whakatane District,2025-11-01,2025-12-01,2024-12-01,1,54.0,54.0,0.0,0.0,0.0,seasonal_naive,0.0,0.0,on_forecast,12.0,12.0,21.0,mad,17.790956263899186,-0.6744999999999999,True,normal,normal,False,1,6,True,False,False,False,normal
seasonal_naive,territorial_authority_25_bonds_lodged,bonds_lodged,territorial_authority,25,Whakatane District,2025-12-01,2026-01-01,2025-01-01,1,45.0,42.0,3.0,3.0,9.0,seasonal_naive,3.0,7.142857142857142,above_forecast,10.5,10.5,18.75,mad,15.567086730911786,-0.4817857142857143,True,normal,normal,False,1,6,True,False,False,False,normal
seasonal_naive,territorial_authority_25_bonds_lodged,bonds_lodged,territorial_authority,25,Whakatane District,2026-01-01,2026-02-01,2025-02-01,1,36.0,36.0,0.0,0.0,0.0,seasonal_naive,0.0,0.0,on_forecast,9.0,9.0,16.5,mad,13.343217197924389,-0.6745,True,normal,normal,False,1,6,True,False,False,False,normal
xgboost_pooled_recursive,territorial_authority_25_median_rent,median_rent,territorial_authority,25,Whakatane District,2025-02-01,2025-03-01,,1,575.0,575.74658203125,-0.74658203125,0.74658203125,0.557384729385376,xgboost_pooled_recursive,-0.74658203125,-0.12967198669526406,below_forecast,,,,unavailable,,,False,unavailable,unavailable,False,1,6,True,False,False,False,unavailable
xgboost_pooled_recursive,territorial_authority_25_median_rent,median_rent,territorial_authority,25,Whakatane District,2025-03-01,2025-04-01,,1,580.0,583.5414428710938,-3.54144287109375,3.54144287109375,12.541817609220743,xgboost_pooled_recursive,-3.54144287109375,-0.6068879793129048,below_forecast,,,,unavailable,,,False,unavailable,unavailable,False,1,6,True,False,False,False,unavailable
xgboost_pooled_recursive,territorial_authority_25_median_rent,median_rent,territorial_authority,25,Whakatane District,2025-04-01,2025-05-01,,1,575.0,583.0870361328125,-8.0870361328125,8.0870361328125,65.40015341341496,xgboost_pooled_recursive,-8.0870361328125,-1.3869346481183775,below_forecast,,,,unavailable,,,False,unavailable,unavailable,False,1,6,True,False,False,False,unavailable
xgboost_pooled_recursive,territorial_authority_25_median_rent,median_rent,territorial_authority,25,Whakatane District,2025-05-01,2025-06-01,,1,550.0,570.330810546875,-20.330810546875,20.330810546875,413.3418574929237,xgboost_pooled_recursive,-20.330810546875,-3.564740001926308,below_forecast,,,,unavailable,,,False,unavailable,unavailable,False,1,6,True,True,False,False,unavailable
xgboost_pooled_recursive,territorial_authority_25_median_rent,median_rent,territorial_authority,25,Whakatane District,2025-06-01,2025-07-01,,1,573.0,568.5740966796875,4.4259033203125,4.4259033203125,19.58862020075321,xgboost_pooled_recursive,4.4259033203125,0.778421554228117,above_forecast,,,,unavailable,,,False,unavailable,unavailable,False,1,6,True,False,False,False,unavailable
xgboost_pooled_recursive,territorial_authority_25_median_rent,median_rent,territorial_authority,25,Whakatane District,2025-07-01,2025-08-01,,1,550.0,566.3150634765625,-16.3150634765625,16.3150634765625,266.18129624426365,xgboost_pooled_recursive,-16.3150634765625,-2.880916388910025,below_forecast,,,,unavailable,,,False,unavailable,unavailable,False,1,6,True,True,False,False,unavailable
xgboost_pooled_recursive,territorial_authority_25_median_rent,median_rent,territorial_authority,25,Whakatane District,2025-08-01,2025-09-01,,1,580.0,563.5985107421875,16.4014892578125,16.4014892578125,269.00884987413883,xgboost_pooled_recursive,16.4014892578125,2.910137082550808,above_forecast,-5.814239501953125,7.653900146484375,12.812759399414062,mad,11.347516896196257,1.9577612408942475,True,normal,normal,False,1,6,True,True,False,False,normal
xgboost_pooled_recursive,territorial_authority_25_median_rent,median_rent,territorial_authority,25,Whakatane District,2025-09-01,2025-10-01,,1,560.0,574.017822265625,-14.017822265625,14.017822265625,196.499341070652,xgboost_pooled_recursive,-14.017822265625,-2.4420534906559563,below_forecast,-3.54144287109375,7.96734619140625,14.04071044921875,mad,11.812225635887694,-0.8869098608057486,True,normal,normal,False,1,6,True,False,False,False,normal
xgboost_pooled_recursive,territorial_authority_25_median_rent,median_rent,territorial_authority,25,Whakatane District,2025-10-01,2025-11-01,,1,570.0,574.4923706054688,-4.49237060546875,4.49237060546875,20.181393656879663,xgboost_pooled_recursive,-4.49237060546875,-0.7819721958594773,below_forecast,-5.814239501953125,9.22186279296875,15.138671875,mad,13.672146468448851,0.09668334811471233,True,normal,normal,False,1,6,True,False,False,False,normal
xgboost_pooled_recursive,territorial_authority_25_median_rent,median_rent,territorial_authority,25,Whakatane District,2025-11-01,2025-12-01,,1,550.0,574.6597290039062,-24.65972900390625,24.65972900390625,608.1022345460951,xgboost_pooled_recursive,-24.65972900390625,-4.291187942932856,below_forecast,-4.49237060546875,8.91827392578125,13.271240234375,mad,13.222051780253892,-1.5252820616355387,True,normal,normal,False,1,6,True,True,False,False,normal
xgboost_pooled_recursive,territorial_authority_25_median_rent,median_rent,territorial_authority,25,Whakatane District,2025-12-01,2026-01-01,,1,613.0,579.6653442382812,33.33465576171875,33.33465576171875,1111.199274752289,xgboost_pooled_recursive,33.33465576171875,5.750672537707546,above_forecast,-6.289703369140625,8.876739501953125,14.295455932617188,mad,13.16047368710619,3.01086116449447,True,moderate,high,True,1,6,True,True,True,True,dashboard_alert
xgboost_pooled_recursive,territorial_authority_25_median_rent,median_rent,territorial_authority,25,Whakatane District,2026-01-01,2026-02-01,,1,590.0,587.7657470703125,2.2342529296875,2.2342529296875,4.991886153817177,xgboost_pooled_recursive,2.2342529296875,0.3801264263567614,above_forecast,-4.49237060546875,9.52545166015625,17.006103515625,mad,14.12224115664381,0.47631416717393393,True,normal,normal,False,1,6,True,False,False,False,normal
ets_additive_damped,territorial_authority_28_bonds_lodged,bonds_lodged,territorial_authority,28,Gisborne District,2025-02-01,2025-03-01,,1,105.0,84.78886735769215,20.211132642307845,20.211132642307845,408.4898826849617,ets_additive_damped,20.211132642307845,23.83701218350367,above_forecast,,,,unavailable,,,False,unavailable,unavailable,False,1,6,True,True,False,False,unavailable
ets_additive_damped,territorial_authority_28_bonds_lodged,bonds_lodged,territorial_authority,28,Gisborne District,2025-03-01,2025-04-01,,1,111.0,78.9645818261491,32.0354181738509,32.0354181738509,1026.2680175734963,ets_additive_damped,32.0354181738509,40.56935075573639,above_forecast,,,,unavailable,,,False,unavailable,unavailable,False,1,6,True,True,False,False,unavailable
ets_additive_damped,territorial_authority_28_bonds_lodged,bonds_lodged,territorial_authority,28,Gisborne District,2025-04-01,2025-05-01,,1,108.0,93.85018227125896,14.149817728741027,14.149817728741027,200.21734175659387,ets_additive_damped,14.149817728741041,15.077027434899652,above_forecast,,,,unavailable,,,False,unavailable,unavailable,False,1,6,True,True,False,False,unavailable
ets_additive_damped,territorial_authority_28_bonds_lodged,bonds_lodged,territorial_authority,28,Gisborne District,2025-05-01,2025-06-01,,1,93.0,92.81531502851168,0.1846849714883092,0.1846849714883092,0.0341085386936375,ets_additive_damped,0.1846849714883234,0.19898113951516572,above_forecast,,,,unavailable,,,False,unavailable,unavailable,False,1,6,True,False,False,False,unavailable
ets_additive_damped,territorial_authority_28_bonds_lodged,bonds_lodged,territorial_authority,28,Gisborne District,2025-06-01,2025-07-01,,1,102.0,103.3394378939228,-1.339437893922792,1.339437893922792,1.7940938716763246,ets_additive_damped,-1.3394378939228062,-1.2961536478432654,below_forecast,,,,unavailable,,,False,unavailable,unavailable,False,1,6,True,False,False,False,unavailable
ets_additive_damped,territorial_authority_28_bonds_lodged,bonds_lodged,territorial_authority,28,Gisborne District,2025-07-01,2025-08-01,,1,87.0,97.65877024579656,-10.65877024579656,10.65877024579656,113.60938315267808,ets_additive_damped,-10.65877024579656,-10.914299062920401,below_forecast,,,,unavailable,,,False,unavailable,unavailable,False,1,6,True,True,False,False,unavailable
ets_additive_damped,territorial_authority_28_bonds_lodged,bonds_lodged,territorial_authority,28,Gisborne District,2025-08-01,2025-09-01,,1,90.0,97.534051103387,-7.534051103386986,7.534051103386986,56.76192602844666,ets_additive_damped,-7.534051103387,-7.724534168483206,below_forecast,7.167251350114682,10.775285268115326,19.654211091486168,mad,15.975219078006413,-0.9202567039435113,True,normal,normal,False,1,6,True,False,False,False,normal
ets_additive_damped,territorial_authority_28_bonds_lodged,bonds_lodged,territorial_authority,28,Gisborne District,2025-09-01,2025-10-01,,1,90.0,84.90744148463703,5.092558515362967,5.092558515362967,25.934152232395867,ets_additive_damped,5.092558515362967,5.997776433157986,above_forecast,0.1846849714883234,10.843455217284884,21.617219684179346,mad,16.076286460022068,0.3052865197494065,True,normal,normal,False,1,6,True,False,False,False,normal
ets_additive_damped,territorial_authority_28_bonds_lodged,bonds_lodged,territorial_authority,28,Gisborne District,2025-10-01,2025-11-01,,1,87.0,91.29573774365144,-4.295737743651429,4.295737743651429,18.45336276223147,ets_additive_damped,-4.2957377436514435,-4.705299337975022,below_forecast,2.638621743425645,10.84193441606402,18.553237653421597,mad,16.07403175102153,-0.43140138046799614,True,normal,normal,False,1,6,True,False,False,False,normal
ets_additive_damped,territorial_authority_28_bonds_lodged,bonds_lodged,territorial_authority,28,Gisborne District,2025-11-01,2025-12-01,,1,72.0,83.3920097505417,-11.392009750541703,11.392009750541703,129.77788615643723,ets_additive_damped,-11.392009750541703,-13.660792904044024,below_forecast,0.1846849714883234,7.7187360748753235,18.445555472392485,mad,11.443641326723979,-1.0116268407500095,True,normal,normal,False,1,6,True,True,False,False,normal
ets_additive_damped,territorial_authority_28_bonds_lodged,bonds_lodged,territorial_authority,28,Gisborne District,2025-12-01,2026-01-01,,1,75.0,88.48593042868313,-13.485930428683131,13.485930428683131,181.8703195272816,ets_additive_damped,-13.485930428683133,-15.240762416520406,below_forecast,-0.5773764612172414,8.519034213374539,18.609975688849634,mad,12.630147091733935,-1.0220430430231622,True,normal,normal,False,1,6,True,True,False,False,normal
ets_additive_damped,territorial_authority_28_bonds_lodged,bonds_lodged,territorial_authority,28,Gisborne District,2026-01-01,2026-02-01,,1,81.0,92.8377441867222,-11.83774418672219,11.83774418672219,140.13218743027502,ets_additive_damped,-11.837744186722205,-12.751003689742019,below_forecast,-1.3394378939228062,9.319332351873754,18.717598796643784,mad,13.816652856743891,-0.7598299241972478,True,normal,normal,False,1,6,True,True,False,False,normal
seasonal_naive,territorial_authority_28_median_rent,median_rent,territorial_authority,28,Gisborne District,2025-02-01,2025-03-01,2024-03-01,1,650.0,600.0,50.0,50.0,2500.0,seasonal_naive,50.0,8.333333333333332,above_forecast,,,,unavailable,,,False,unavailable,unavailable,False,1,6,True,True,False,False,unavailable
seasonal_naive,territorial_authority_28_median_rent,median_rent,territorial_authority,28,Gisborne District,2025-03-01,2025-04-01,2024-04-01,1,600.0,585.0,15.0,15.0,225.0,seasonal_naive,15.0,2.564102564102564,above_forecast,,,,unavailable,,,False,unavailable,unavailable,False,1,6,True,True,False,False,unavailable
seasonal_naive,territorial_authority_28_median_rent,median_rent,territorial_authority,28,Gisborne District,2025-04-01,2025-05-01,2024-05-01,1,620.0,650.0,-30.0,30.0,900.0,seasonal_naive,-30.0,-4.615384615384616,below_forecast,,,,unavailable,,,False,unavailable,unavailable,False,1,6,True,True,False,False,unavailable
seasonal_naive,territorial_authority_28_median_rent,median_rent,territorial_authority,28,Gisborne District,2025-05-01,2025-06-01,2024-06-01,1,600.0,600.0,0.0,0.0,0.0,seasonal_naive,0.0,0.0,on_forecast,,,,unavailable,,,False,unavailable,unavailable,False,1,6,True,False,False,False,unavailable
seasonal_naive,territorial_authority_28_median_rent,median_rent,territorial_authority,28,Gisborne District,2025-06-01,2025-07-01,2024-07-01,1,600.0,620.0,-20.0,20.0,400.0,seasonal_naive,-20.0,-3.225806451612903,below_forecast,,,,unavailable,,,False,unavailable,unavailable,False,1,6,True,True,False,False,unavailable
seasonal_naive,territorial_authority_28_median_rent,median_rent,territorial_authority,28,Gisborne District,2025-07-01,2025-08-01,2024-08-01,1,623.0,600.0,23.0,23.0,529.0,seasonal_naive,23.0,3.833333333333333,above_forecast,,,,unavailable,,,False,unavailable,unavailable,False,1,6,True,True,False,False,unavailable
seasonal_naive,territorial_authority_28_median_rent,median_rent,territorial_authority,28,Gisborne District,2025-08-01,2025-09-01,2024-09-01,1,630.0,630.0,0.0,0.0,0.0,seasonal_naive,0.0,0.0,on_forecast,7.5,21.5,36.0,mad,31.875463306152707,-0.2352906976744186,True,normal,normal,False,1,6,True,False,False,False,normal
seasonal_naive,territorial_authority_28_median_rent,median_rent,territorial_authority,28,Gisborne District,2025-09-01,2025-10-01,2024-10-01,1,600.0,625.0,-25.0,25.0,625.0,seasonal_naive,-25.0,-4.0,below_forecast,0.0,20.0,29.0,mad,29.65159377316531,-0.8431249999999999,True,normal,normal,False,1,6,True,True,False,False,normal
seasonal_naive,territorial_authority_28_median_rent,median_rent,territorial_authority,28,Gisborne District,2025-10-01,2025-11-01,2024-11-01,1,600.0,640.0,-40.0,40.0,1600.0,seasonal_naive,-40.0,-6.25,below_forecast,0.0,21.5,38.25,mad,31.875463306152707,-1.2548837209302326,True,normal,normal,False,1,6,True,True,False,False,normal
seasonal_naive,territorial_authority_28_median_rent,median_rent,territorial_authority,28,Gisborne District,2025-11-01,2025-12-01,2024-12-01,1,560.0,575.0,-15.0,15.0,225.0,seasonal_naive,-15.0,-2.608695652173913,below_forecast,0.0,23.0,40.0,mad,34.099332839140104,-0.4398913043478261,True,normal,normal,False,1,6,True,True,False,False,normal
seasonal_naive,territorial_authority_28_median_rent,median_rent,territorial_authority,28,Gisborne District,2025-12-01,2026-01-01,2025-01-01,1,645.0,655.0,-10.0,10.0,100.0,seasonal_naive,-10.0,-1.5267175572519083,below_forecast,-7.5,20.0,35.0,mad,29.65159377316531,-0.0843125,True,normal,normal,False,1,6,True,False,False,False,normal
seasonal_naive,territorial_authority_28_median_rent,median_rent,territorial_authority,28,Gisborne District,2026-01-01,2026-02-01,2025-02-01,1,650.0,650.0,0.0,0.0,0.0,seasonal_naive,0.0,0.0,on_forecast,-10.0,15.0,30.0,mad,22.23869532987398,0.44966666666666666,True,normal,normal,False,1,6,True,False,False,False,normal
ets_additive_damped,territorial_authority_2_bonds_lodged,bonds_lodged,territorial_authority,2,Whangarei District,2025-02-01,2025-03-01,,1,219.0,189.60392882892705,29.39607117107297,29.39607117107297,864.1290002947877,ets_additive_damped,29.396071171072947,15.503935679305458,above_forecast,,,,unavailable,,,False,unavailable,unavailable,False,1,6,True,True,False,False,unavailable
ets_additive_damped,territorial_authority_2_bonds_lodged,bonds_lodged,territorial_authority,2,Whangarei District,2025-03-01,2025-04-01,,1,192.0,179.84939322418683,12.150606775813143,12.150606775813143,147.63724502043632,ets_additive_damped,12.150606775813173,6.755989863511597,above_forecast,,,,unavailable,,,False,unavailable,unavailable,False,1,6,True,False,False,False,unavailable
ets_additive_damped,territorial_authority_2_bonds_lodged,bonds_lodged,territorial_authority,2,Whangarei District,2025-04-01,2025-05-01,,1,249.0,197.5292995439368,51.47070045606321,51.47070045606321,2649.233005437786,ets_additive_damped,51.47070045606321,26.05724850688011,above_forecast,,,,unavailable,,,False,unavailable,unavailable,False,1,6,True,True,False,False,unavailable
ets_additive_damped,territorial_authority_2_bonds_lodged,bonds_lodged,territorial_authority,2,Whangarei District,2025-05-01,2025-06-01,,1,213.0,194.01039403245875,18.98960596754125,18.98960596754125,360.6051348024783,ets_additive_damped,18.98960596754125,9.787932271486554,above_forecast,,,,unavailable,,,False,unavailable,unavailable,False,1,6,True,False,False,False,unavailable
ets_additive_damped,territorial_authority_2_bonds_lodged,bonds_lodged,territorial_authority,2,Whangarei District,2025-06-01,2025-07-01,,1,195.0,212.7208337309356,-17.720833730935595,17.720833730935595,314.0279481194648,ets_additive_damped,-17.720833730935595,-8.330558610610826,below_forecast,,,,unavailable,,,False,unavailable,unavailable,False,1,6,True,False,False,False,unavailable
ets_additive_damped,territorial_authority_2_bonds_lodged,bonds_lodged,territorial_authority,2,Whangarei District,2025-07-01,2025-08-01,,1,213.0,206.13205525272312,6.86794474727688,6.86794474727688,47.16866505164808,ets_additive_damped,6.86794474727688,3.33181791587757,above_forecast,,,,unavailable,,,False,unavailable,unavailable,False,1,6,True,False,False,False,unavailable
ets_additive_damped,territorial_authority_2_bonds_lodged,bonds_lodged,territorial_authority,2,Whangarei District,2025-08-01,2025-09-01,,1,210.0,200.3911354717724,9.608864528227656,9.608864528227656,92.33027752183168,ets_additive_damped,9.608864528227599,4.79505468423334,above_forecast,15.570106371677213,11.264063211898034,18.60584461577907,mad,16.699871329722807,-0.35696333976176575,True,normal,normal,False,1,6,True,False,False,False,normal
ets_additive_damped,territorial_authority_2_bonds_lodged,bonds_lodged,territorial_authority,2,Whangarei District,2025-09-01,2025-10-01,,1,195.0,195.54756340547425,-0.5475634054742216,0.5475634054742216,0.2998256830145268,ets_additive_damped,-0.54756340547425,-0.2800154581005233,below_forecast,12.150606775813173,6.838999191728078,15.95443393155486,mad,10.139361292406344,-1.2523639127838797,True,normal,normal,False,1,6,True,False,False,False,normal
ets_additive_damped,territorial_authority_2_bonds_lodged,bonds_lodged,territorial_authority,2,Whangarei District,2025-10-01,2025-11-01,,1,204.0,195.4011734549142,8.598826545085814,8.598826545085814,73.93981795247242,ets_additive_damped,8.598826545085814,4.4006012825045095,above_forecast,10.879735652020386,9.76858468650775,16.577154559335078,mad,14.48270524315456,-0.157491923548791,True,normal,normal,False,1,6,True,False,False,False,normal
ets_additive_damped,territorial_authority_2_bonds_lodged,bonds_lodged,territorial_authority,2,Whangarei District,2025-11-01,2025-12-01,,1,201.0,200.859040748575,0.140959251424988,0.140959251424988,0.0198695105622929,ets_additive_damped,0.140959251424988,0.07017819606209985,above_forecast,9.608864528227599,9.380741439313653,12.121661220264372,mad,13.907696722481324,-0.6807673093344105,True,normal,normal,False,1,6,True,False,False,False,normal
ets_additive_damped,territorial_authority_2_bonds_lodged,bonds_lodged,territorial_authority,2,Whangarei District,2025-12-01,2026-01-01,,1,174.0,193.5249718891375,-19.524971889137504,19.524971889137504,381.22452727160976,ets_additive_damped,-19.524971889137504,-10.089122710387246,below_forecast,9.103845536656706,9.307147613681337,15.457150544221271,mad,13.798588011388196,-2.074764273139135,True,normal,normal,False,1,6,True,True,False,False,normal
ets_additive_damped,territorial_authority_2_bonds_lodged,bonds_lodged,territorial_authority,2,Whangarei District,2026-01-01,2026-02-01,,1,192.0,205.1924418858096,-13.192441885809616,13.192441885809616,174.04052291046395,ets_additive_damped,-13.192441885809586,-6.429302056433069,below_forecast,8.598826545085814,9.146389950560064,15.773408448701844,mad,13.560251965248426,-1.6069958350878017,True,normal,normal,False,1,6,True,False,False,False,normal
xgboost_pooled_recursive,territorial_authority_2_median_rent,median_rent,territorial_authority,2,Whangarei District,2025-02-01,2025-03-01,,1,583.0,588.0841064453125,-5.0841064453125,5.0841064453125,25.848138347268105,xgboost_pooled_recursive,-5.0841064453125,-0.8645202938816855,below_forecast,,,,unavailable,,,False,unavailable,unavailable,False,1,6,True,False,False,False,unavailable
xgboost_pooled_recursive,territorial_authority_2_median_rent,median_rent,territorial_authority,2,Whangarei District,2025-03-01,2025-04-01,,1,600.0,587.6777954101562,12.32220458984375,12.32220458984375,151.83672595396638,xgboost_pooled_recursive,12.32220458984375,2.0967619818345784,above_forecast,,,,unavailable,,,False,unavailable,unavailable,False,1,6,True,False,False,False,unavailable
xgboost_pooled_recursive,territorial_authority_2_median_rent,median_rent,territorial_authority,2,Whangarei District,2025-04-01,2025-05-01,,1,590.0,592.86279296875,-2.86279296875,2.86279296875,8.195583581924438,xgboost_pooled_recursive,-2.86279296875,-0.4828761397581749,below_forecast,,,,unavailable,,,False,unavailable,unavailable,False,1,6,True,False,False,False,unavailable
xgboost_pooled_recursive,territorial_authority_2_median_rent,median_rent,territorial_authority,2,Whangarei District,2025-05-01,2025-06-01,,1,599.0,588.4187622070312,10.58123779296875,10.58123779296875,111.96259323135018,xgboost_pooled_recursive,10.58123779296875,1.798249558406469,above_forecast,,,,unavailable,,,False,unavailable,unavailable,False,1,6,True,False,False,False,unavailable
xgboost_pooled_recursive,territorial_authority_2_median_rent,median_rent,territorial_authority,2,Whangarei District,2025-06-01,2025-07-01,,1,580.0,582.6653442382812,-2.66534423828125,2.66534423828125,7.104059908539057,xgboost_pooled_recursive,-2.66534423828125,-0.45743998070893616,below_forecast,,,,unavailable,,,False,unavailable,unavailable,False,1,6,True,False,False,False,unavailable
xgboost_pooled_recursive,territorial_authority_2_median_rent,median_rent,territorial_authority,2,Whangarei District,2025-07-01,2025-08-01,,1,580.0,580.1434326171875,-0.1434326171875,0.1434326171875,0.0205729156732559,xgboost_pooled_recursive,-0.1434326171875,-0.02472364748497381,below_forecast,,,,unavailable,,,False,unavailable,unavailable,False,1,6,True,False,False,False,unavailable
xgboost_pooled_recursive,territorial_authority_2_median_rent,median_rent,territorial_authority,2,Whangarei District,2025-08-01,2025-09-01,,1,580.0,577.8936767578125,2.1063232421875,2.1063232421875,4.436597600579262,xgboost_pooled_recursive,2.1063232421875,0.3644828325522987,above_forecast,-1.404388427734375,2.569061279296875,10.7135009765625,mad,3.808838071603966,0.9217277300642647,True,normal,normal,False,1,6,True,False,False,False,normal
xgboost_pooled_recursive,territorial_authority_2_median_rent,median_rent,territorial_authority,2,Whangarei District,2025-09-01,2025-10-01,,1,580.0,576.624755859375,3.375244140625,3.375244140625,11.392273008823397,xgboost_pooled_recursive,3.375244140625,0.5853449936596447,above_forecast,-0.1434326171875,2.7193603515625,9.10784912109375,mad,4.031668423369163,0.8727594604300399,True,normal,normal,False,1,6,True,False,False,False,normal
xgboost_pooled_recursive,territorial_authority_2_median_rent,median_rent,territorial_authority,2,Whangarei District,2025-10-01,2025-11-01,,1,560.0,580.9155883789062,-20.91558837890625,20.91558837890625,437.4618372358382,xgboost_pooled_recursive,-20.91558837890625,-3.600452251121881,below_forecast,0.9814453125,3.745513916015625,7.891448974609375,mad,5.553022855471646,-3.9432637432475373,True,high,low,True,1,6,True,True,True,True,dashboard_alert
xgboost_pooled_recursive,territorial_authority_2_median_rent,median_rent,territorial_authority,2,Whangarei District,2025-11-01,2025-12-01,,1,580.0,580.4407348632812,-0.44073486328125,0.44073486328125,0.1942472197115421,xgboost_pooled_recursive,-0.44073486328125,-0.07593107044512684,below_forecast,-0.1434326171875,3.5186767578125,6.238037109375,mad,5.216718692086731,-0.05699027753686036,True,normal,normal,False,1,6,True,False,False,False,normal
xgboost_pooled_recursive,territorial_authority_2_median_rent,median_rent,territorial_authority,2,Whangarei District,2025-12-01,2026-01-01,,1,600.0,593.2285766601562,6.77142333984375,6.77142333984375,45.852174047380686,xgboost_pooled_recursive,6.77142333984375,1.1414526552254924,above_forecast,-0.292083740234375,3.1190185546875,5.8714447021484375,mad,4.6241935577279465,1.5275111199170288,True,normal,normal,False,1,6,True,False,False,False,normal
xgboost_pooled_recursive,territorial_authority_2_median_rent,median_rent,territorial_authority,2,Whangarei District,2026-01-01,2026-02-01,,1,580.0,584.3939819335938,-4.39398193359375,4.39398193359375,19.30707723274827,xgboost_pooled_recursive,-4.39398193359375,-0.7518869237933135,below_forecast,-0.1434326171875,3.5186767578125,7.83740234375,mad,5.216718692086731,-0.814793660017346,True,normal,normal,False,1,6,True,False,False,False,normal
ets_additive_damped,territorial_authority_30_bonds_lodged,bonds_lodged,territorial_authority,30,Hastings District,2025-02-01,2025-03-01,,1,147.0,119.63211575345672,27.36788424654327,27.36788424654327,749.0010881321913,ets_additive_damped,27.367884246543284,22.87670336195028,above_forecast,,,,unavailable,,,False,unavailable,unavailable,False,1,6,True,True,False,False,unavailable
ets_additive_damped,territorial_authority_30_bonds_lodged,bonds_lodged,territorial_authority,30,Hastings District,2025-03-01,2025-04-01,,1,144.0,111.7466761073278,32.25332389267221,32.25332389267221,1040.2769021256202,ets_additive_damped,32.2533238926722,28.862893301358056,above_forecast,,,,unavailable,,,False,unavailable,unavailable,False,1,6,True,True,False,False,unavailable
ets_additive_damped,territorial_authority_30_bonds_lodged,bonds_lodged,territorial_authority,30,Hastings District,2025-04-01,2025-05-01,,1,174.0,136.3593786868701,37.64062131312991,37.64062131312991,1416.8163728384498,ets_additive_damped,37.64062131312991,27.603984174470497,above_forecast,,,,unavailable,,,False,unavailable,unavailable,False,1,6,True,True,False,False,unavailable
ets_additive_damped,territorial_authority_30_bonds_lodged,bonds_lodged,territorial_authority,30,Hastings District,2025-05-01,2025-06-01,,1,135.0,138.79871458437862,-3.798714584378615,3.798714584378615,14.430232493570797,ets_additive_damped,-3.798714584378615,-2.736851415197579,below_forecast,,,,unavailable,,,False,unavailable,unavailable,False,1,6,True,False,False,False,unavailable
ets_additive_damped,territorial_authority_30_bonds_lodged,bonds_lodged,territorial_authority,30,Hastings District,2025-06-01,2025-07-01,,1,135.0,146.28409047548337,-11.284090475483367,11.284090475483367,127.33069785889444,ets_additive_damped,-11.284090475483367,-7.713819348915825,below_forecast,,,,unavailable,,,False,unavailable,unavailable,False,1,6,True,False,False,False,unavailable
ets_additive_damped,territorial_authority_30_bonds_lodged,bonds_lodged,territorial_authority,30,Hastings District,2025-07-01,2025-08-01,,1,159.0,140.12017986966123,18.87982013033877,18.87982013033877,356.4476081539451,ets_additive_damped,18.87982013033877,13.474019336758374,above_forecast,,,,unavailable,,,False,unavailable,unavailable,False,1,6,True,True,False,False,unavailable
ets_additive_damped,territorial_authority_30_bonds_lodged,bonds_lodged,territorial_authority,30,Hastings District,2025-08-01,2025-09-01,,1,141.0,139.52865208602466,1.471347913975336,1.471347913975336,2.1648646839595727,ets_additive_damped,1.471347913975336,1.0545130996235774,above_forecast,23.123852188441028,11.823120414460028,29.16104488683924,mad,17.52871818303933,-1.235258850553973,True,normal,normal,False,1,6,True,False,False,False,normal
ets_additive_damped,territorial_authority_30_bonds_lodged,bonds_lodged,territorial_authority,30,Hastings District,2025-09-01,2025-10-01,,1,156.0,143.0317438521025,12.968256147897534,12.968256147897534,168.1756675174822,ets_additive_damped,12.968256147897506,9.066697922180776,above_forecast,18.87982013033877,17.408472216363435,30.97428740480938,mad,25.809447318552166,-0.22904651577687818,True,normal,normal,False,1,6,True,False,False,False,normal
ets_additive_damped,territorial_authority_30_bonds_lodged,bonds_lodged,territorial_authority,30,Hastings District,2025-10-01,2025-11-01,,1,150.0,143.47440834283643,6.525591657163545,6.525591657163545,42.58334647604247,ets_additive_damped,6.525591657163574,4.548261764962624,above_forecast,15.924038139118139,15.390987989348432,28.435411868688664,mad,22.8183661813913,-0.4118807809131896,True,normal,normal,False,1,6,True,False,False,False,normal
ets_additive_damped,territorial_authority_30_bonds_lodged,bonds_lodged,territorial_authority,30,Hastings District,2025-11-01,2025-12-01,,1,144.0,138.9336090364029,5.066390963597087,5.066390963597087,25.668317396018217,ets_additive_damped,5.066390963597087,3.646627334261221,above_forecast,12.968256147897506,14.399628098645778,25.896536332567948,mad,21.348596143285068,-0.37013511948352873,True,normal,normal,False,1,6,True,False,False,False,normal
ets_additive_damped,territorial_authority_30_bonds_lodged,bonds_lodged,territorial_authority,30,Hastings District,2025-12-01,2026-01-01,,1,135.0,139.54814700314404,-4.548147003144038,4.548147003144038,20.685641162208096,ets_additive_damped,-4.548147003144038,-3.259195554235176,below_forecast,9.74692390253054,11.339267357358693,22.875759541111382,mad,16.811367468285685,-0.8503217202670722,True,normal,normal,False,1,6,True,False,False,False,normal
ets_additive_damped,territorial_authority_30_bonds_lodged,bonds_lodged,territorial_authority,30,Hastings District,2026-01-01,2026-02-01,,1,135.0,141.11592290415692,-6.115922904156918,6.115922904156918,37.40451296959119,ets_additive_damped,-6.115922904156918,-4.333970808036121,below_forecast,6.525591657163574,11.073738660307612,24.287535523642667,mad,16.417700015281856,-0.7699930288379961,True,normal,normal,False,1,6,True,False,False,False,normal
seasonal_naive,territorial_authority_30_median_rent,median_rent,territorial_authority,30,Hastings District,2025-02-01,2025-03-01,2024-03-01,1,600.0,600.0,0.0,0.0,0.0,seasonal_naive,0.0,0.0,on_forecast,,,,unavailable,,,False,unavailable,unavailable,False,1,6,True,False,False,False,unavailable
seasonal_naive,territorial_authority_30_median_rent,median_rent,territorial_authority,30,Hastings District,2025-03-01,2025-04-01,2024-04-01,1,600.0,620.0,-20.0,20.0,400.0,seasonal_naive,-20.0,-3.225806451612903,below_forecast,,,,unavailable,,,False,unavailable,unavailable,False,1,6,True,True,False,False,unavailable
seasonal_naive,territorial_authority_30_median_rent,median_rent,territorial_authority,30,Hastings District,2025-04-01,2025-05-01,2024-05-01,1,610.0,600.0,10.0,10.0,100.0,seasonal_naive,10.0,1.6666666666666667,above_forecast,,,,unavailable,,,False,unavailable,unavailable,False,1,6,True,False,False,False,unavailable
seasonal_naive,territorial_authority_30_median_rent,median_rent,territorial_authority,30,Hastings District,2025-05-01,2025-06-01,2024-06-01,1,620.0,620.0,0.0,0.0,0.0,seasonal_naive,0.0,0.0,on_forecast,,,,unavailable,,,False,unavailable,unavailable,False,1,6,True,False,False,False,unavailable
seasonal_naive,territorial_authority_30_median_rent,median_rent,territorial_authority,30,Hastings District,2025-06-01,2025-07-01,2024-07-01,1,600.0,610.0,-10.0,10.0,100.0,seasonal_naive,-10.0,-1.639344262295082,below_forecast,,,,unavailable,,,False,unavailable,unavailable,False,1,6,True,False,False,False,unavailable
seasonal_naive,territorial_authority_30_median_rent,median_rent,territorial_authority,30,Hastings District,2025-07-01,2025-08-01,2024-08-01,1,600.0,620.0,-20.0,20.0,400.0,seasonal_naive,-20.0,-3.225806451612903,below_forecast,,,,unavailable,,,False,unavailable,unavailable,False,1,6,True,True,False,False,unavailable
seasonal_naive,territorial_authority_30_median_rent,median_rent,territorial_authority,30,Hastings District,2025-08-01,2025-09-01,2024-09-01,1,600.0,600.0,0.0,0.0,0.0,seasonal_naive,0.0,0.0,on_forecast,-5.0,10.0,17.5,mad,14.825796886582655,0.33725,True,normal,normal,False,1,6,True,False,False,False,normal
seasonal_naive,territorial_authority_30_median_rent,median_rent,territorial_authority,30,Hastings District,2025-09-01,2025-10-01,2024-10-01,1,600.0,600.0,0.0,0.0,0.0,seasonal_naive,0.0,0.0,on_forecast,0.0,10.0,15.0,mad,14.825796886582655,0.0,True,normal,normal,False,1,6,True,False,False,False,normal
seasonal_naive,territorial_authority_30_median_rent,median_rent,territorial_authority,30,Hastings District,2025-10-01,2025-11-01,2024-11-01,1,600.0,595.0,5.0,5.0,25.0,seasonal_naive,5.0,0.8403361344537815,above_forecast,0.0,5.0,12.5,mad,7.412898443291327,0.6745,True,normal,normal,False,1,6,True,False,False,False,normal
seasonal_naive,territorial_authority_30_median_rent,median_rent,territorial_authority,30,Hastings District,2025-11-01,2025-12-01,2024-12-01,1,600.0,600.0,0.0,0.0,0.0,seasonal_naive,0.0,0.0,on_forecast,0.0,5.0,10.0,mad,7.412898443291327,0.0,True,normal,normal,False,1,6,True,False,False,False,normal
seasonal_naive,territorial_authority_30_median_rent,median_rent,territorial_authority,30,Hastings District,2025-12-01,2026-01-01,2025-01-01,1,590.0,600.0,-10.0,10.0,100.0,seasonal_naive,-10.0,-1.6666666666666667,below_forecast,0.0,2.5,7.5,mad,3.7064492216456637,-2.698,True,moderate,low,True,1,6,True,False,True,False,statistical_only
seasonal_naive,territorial_authority_30_median_rent,median_rent,territorial_authority,30,Hastings District,2026-01-01,2026-02-01,2025-02-01,1,590.0,600.0,-10.0,10.0,100.0,seasonal_naive,-10.0,-1.6666666666666667,below_forecast,0.0,5.0,10.0,mad,7.412898443291327,-1.349,True,normal,normal,False,1,6,True,False,False,False,normal
ets_additive_damped,territorial_authority_31_bonds_lodged,bonds_lodged,territorial_authority,31,Napier City,2025-02-01,2025-03-01,,1,123.0,121.56299440058596,1.4370055994140358,1.4370055994140358,2.0649850927472926,ets_additive_damped,1.4370055994140358,1.1821077676637992,above_forecast,,,,unavailable,,,False,unavailable,unavailable,False,1,6,True,False,False,False,unavailable
ets_additive_damped,territorial_authority_31_bonds_lodged,bonds_lodged,territorial_authority,31,Napier City,2025-03-01,2025-04-01,,1,141.0,108.69374297557138,32.30625702442862,32.30625702442862,1043.6942429284434,ets_additive_damped,32.30625702442862,29.722278523143103,above_forecast,,,,unavailable,,,False,unavailable,unavailable,False,1,6,True,True,False,False,unavailable
ets_additive_damped,territorial_authority_31_bonds_lodged,bonds_lodged,territorial_authority,31,Napier City,2025-04-01,2025-05-01,,1,144.0,122.98502757408106,21.01497242591894,21.01497242591894,441.6290660621334,ets_additive_damped,21.01497242591894,17.087423437182544,above_forecast,,,,unavailable,,,False,unavailable,unavailable,False,1,6,True,True,False,False,unavailable
ets_additive_damped,territorial_authority_31_bonds_lodged,bonds_lodged,territorial_authority,31,Napier City,2025-05-01,2025-06-01,,1,141.0,123.84841936084152,17.15158063915848,17.15158063915848,294.1767184215561,ets_additive_damped,17.15158063915848,13.848849042785186,above_forecast,,,,unavailable,,,False,unavailable,unavailable,False,1,6,True,True,False,False,unavailable
ets_additive_damped,territorial_authority_31_bonds_lodged,bonds_lodged,territorial_authority,31,Napier City,2025-06-01,2025-07-01,,1,156.0,142.99935556538213,13.000644434617868,13.000644434617868,169.01675571536057,ets_additive_damped,13.000644434617868,9.091400715210717,above_forecast,,,,unavailable,,,False,unavailable,unavailable,False,1,6,True,False,False,False,unavailable
ets_additive_damped,territorial_authority_31_bonds_lodged,bonds_lodged,territorial_authority,31,Napier City,2025-07-01,2025-08-01,,1,138.0,139.96709067872962,-1.967090678729619,1.967090678729619,3.869445738344953,ets_additive_damped,-1.967090678729619,-1.4053951319490787,below_forecast,,,,unavailable,,,False,unavailable,unavailable,False,1,6,True,False,False,False,unavailable
ets_additive_damped,territorial_authority_31_bonds_lodged,bonds_lodged,territorial_authority,31,Napier City,2025-08-01,2025-09-01,,1,102.0,134.7968723587556,-32.79687235875559,32.79687235875559,1075.6348365165063,ets_additive_damped,-32.79687235875559,-24.33058852542828,below_forecast,15.076112536888175,9.788983413252453,15.721209171013832,mad,14.512947981100746,-3.2986395981013366,True,moderate,low,True,1,6,True,True,True,True,dashboard_alert
ets_additive_damped,territorial_authority_31_bonds_lodged,bonds_lodged,territorial_authority,31,Napier City,2025-09-01,2025-10-01,,1,129.0,122.7697327587245,6.230267241275499,6.230267241275499,38.81622989771061,ets_additive_damped,6.230267241275499,5.074758331126816,above_forecast,13.000644434617868,11.563638835203832,19.348319072196503,mad,17.144016064053126,-0.39491197208676326,True,normal,normal,False,1,6,True,False,False,False,normal
ets_additive_damped,territorial_authority_31_bonds_lodged,bonds_lodged,territorial_authority,31,Napier City,2025-10-01,2025-11-01,,1,105.0,124.5800653709342,-19.580065370934207,19.580065370934207,383.3789599300569,ets_additive_damped,-19.580065370934193,-15.716852702424752,below_forecast,9.615455837946683,9.788983413252453,17.531447055970474,mad,14.512947981100746,-2.0116878560372626,True,normal,normal,False,1,6,True,True,False,False,normal
ets_additive_damped,territorial_authority_31_bonds_lodged,bonds_lodged,territorial_authority,31,Napier City,2025-11-01,2025-12-01,,1,117.0,118.20979352158577,-1.209793521585766,1.209793521585766,1.4636003648708893,ets_additive_damped,-1.209793521585766,-1.0234291809035696,below_forecast,6.230267241275499,10.921313397882983,19.1186713178881,mad,16.191717417172697,-0.459497937814209,True,normal,normal,False,1,6,True,False,False,False,normal
ets_additive_damped,territorial_authority_31_bonds_lodged,bonds_lodged,territorial_authority,31,Napier City,2025-12-01,2026-01-01,,1,141.0,121.79539672476103,19.204603275238966,19.204603275238966,368.8167869593192,ets_additive_damped,19.204603275238966,15.76792209859822,above_forecast,3.8336364203447673,11.242476116543408,17.891612977466984,mad,16.66786674061291,0.9221916094062184,True,normal,normal,False,1,6,True,True,False,False,normal
ets_additive_damped,territorial_authority_31_bonds_lodged,bonds_lodged,territorial_authority,31,Napier City,2026-01-01,2026-02-01,,1,105.0,125.23965231846216,-20.23965231846215,20.23965231846215,409.64352597223024,ets_additive_damped,-20.239652318462163,-16.160738187771653,below_forecast,6.230267241275499,10.921313397882983,19.766534057356417,mad,16.191717417172697,-1.6347814674473045,True,normal,normal,False,1,6,True,True,False,False,normal
seasonal_naive,territorial_authority_31_median_rent,median_rent,territorial_authority,31,Napier City,2025-02-01,2025-03-01,2024-03-01,1,670.0,640.0,30.0,30.0,900.0,seasonal_naive,30.0,4.6875,above_forecast,,,,unavailable,,,False,unavailable,unavailable,False,1,6,True,True,False,False,unavailable
seasonal_naive,territorial_authority_31_median_rent,median_rent,territorial_authority,31,Napier City,2025-03-01,2025-04-01,2024-04-01,1,640.0,650.0,-10.0,10.0,100.0,seasonal_naive,-10.0,-1.5384615384615385,below_forecast,,,,unavailable,,,False,unavailable,unavailable,False,1,6,True,False,False,False,unavailable
seasonal_naive,territorial_authority_31_median_rent,median_rent,territorial_authority,31,Napier City,2025-04-01,2025-05-01,2024-05-01,1,650.0,620.0,30.0,30.0,900.0,seasonal_naive,30.0,4.838709677419355,above_forecast,,,,unavailable,,,False,unavailable,unavailable,False,1,6,True,True,False,False,unavailable
seasonal_naive,territorial_authority_31_median_rent,median_rent,territorial_authority,31,Napier City,2025-05-01,2025-06-01,2024-06-01,1,645.0,650.0,-5.0,5.0,25.0,seasonal_naive,-5.0,-0.7692307692307693,below_forecast,,,,unavailable,,,False,unavailable,unavailable,False,1,6,True,False,False,False,unavailable
seasonal_naive,territorial_authority_31_median_rent,median_rent,territorial_authority,31,Napier City,2025-06-01,2025-07-01,2024-07-01,1,625.0,620.0,5.0,5.0,25.0,seasonal_naive,5.0,0.8064516129032258,above_forecast,,,,unavailable,,,False,unavailable,unavailable,False,1,6,True,False,False,False,unavailable
seasonal_naive,territorial_authority_31_median_rent,median_rent,territorial_authority,31,Napier City,2025-07-01,2025-08-01,2024-08-01,1,640.0,640.0,0.0,0.0,0.0,seasonal_naive,0.0,0.0,on_forecast,,,,unavailable,,,False,unavailable,unavailable,False,1,6,True,False,False,False,unavailable
seasonal_naive,territorial_authority_31_median_rent,median_rent,territorial_authority,31,Napier City,2025-08-01,2025-09-01,2024-09-01,1,600.0,650.0,-50.0,50.0,2500.0,seasonal_naive,-50.0,-7.6923076923076925,below_forecast,2.5,10.0,27.5,mad,14.825796886582655,-3.5411249999999996,True,high,low,True,1,6,True,True,True,True,dashboard_alert
seasonal_naive,territorial_authority_31_median_rent,median_rent,territorial_authority,31,Napier City,2025-09-01,2025-10-01,2024-10-01,1,625.0,645.0,-20.0,20.0,400.0,seasonal_naive,-20.0,-3.10077519379845,below_forecast,0.0,10.0,25.0,mad,14.825796886582655,-1.349,True,normal,normal,False,1,6,True,True,False,False,normal
seasonal_naive,territorial_authority_31_median_rent,median_rent,territorial_authority,31,Napier City,2025-10-01,2025-11-01,2024-11-01,1,650.0,620.0,30.0,30.0,900.0,seasonal_naive,30.0,4.838709677419355,above_forecast,-2.5,12.5,23.75,mad,18.532246108228318,1.7537,True,normal,normal,False,1,6,True,True,False,False,normal
seasonal_naive,territorial_authority_31_median_rent,median_rent,territorial_authority,31,Napier City,2025-11-01,2025-12-01,2024-12-01,1,628.0,660.0,-32.0,32.0,1024.0,seasonal_naive,-32.0,-4.848484848484849,below_forecast,0.0,20.0,40.0,mad,29.65159377316531,-1.0792,True,normal,normal,False,1,6,True,True,False,False,normal
seasonal_naive,territorial_authority_31_median_rent,median_rent,territorial_authority,31,Napier City,2025-12-01,2026-01-01,2025-01-01,1,645.0,650.0,-5.0,5.0,25.0,seasonal_naive,-5.0,-0.7692307692307693,below_forecast,-2.5,23.5,41.25,mad,34.840622683469235,-0.07175531914893617,True,normal,normal,False,1,6,True,False,False,False,normal
seasonal_naive,territorial_authority_31_median_rent,median_rent,territorial_authority,31,Napier City,2026-01-01,2026-02-01,2025-02-01,1,650.0,650.0,0.0,0.0,0.0,seasonal_naive,0.0,0.0,on_forecast,-5.0,15.0,32.5,mad,22.23869532987398,0.22483333333333333,True,normal,normal,False,1,6,True,False,False,False,normal
ets_additive_damped,territorial_authority_33_bonds_lodged,bonds_lodged,territorial_authority,33,New Plymouth District,2025-02-01,2025-03-01,,1,186.0,158.81096096453186,27.18903903546814,27.18903903546814,739.2438436722103,ets_additive_damped,27.18903903546814,17.120379393422613,above_forecast,,,,unavailable,,,False,unavailable,unavailable,False,1,6,True,True,False,False,unavailable
ets_additive_damped,territorial_authority_33_bonds_lodged,bonds_lodged,territorial_authority,33,New Plymouth District,2025-03-01,2025-04-01,,1,195.0,156.25251017814082,38.747489821859176,38.747489821859176,1501.3679674950804,ets_additive_damped,38.747489821859176,24.797995102724315,above_forecast,,,,unavailable,,,False,unavailable,unavailable,False,1,6,True,True,False,False,unavailable
ets_additive_damped,territorial_authority_33_bonds_lodged,bonds_lodged,territorial_authority,33,New Plymouth District,2025-04-01,2025-05-01,,1,204.0,177.81974266475763,26.180257335242374,26.180257335242374,685.4058741395121,ets_additive_damped,26.180257335242374,14.72291936930751,above_forecast,,,,unavailable,,,False,unavailable,unavailable,False,1,6,True,True,False,False,unavailable
ets_additive_damped,territorial_authority_33_bonds_lodged,bonds_lodged,territorial_authority,33,New Plymouth District,2025-05-01,2025-06-01,,1,165.0,176.36633038803376,-11.36633038803376,11.36633038803376,129.19346648993968,ets_additive_damped,-11.36633038803376,-6.444728062905226,below_forecast,,,,unavailable,,,False,unavailable,unavailable,False,1,6,True,False,False,False,unavailable
ets_additive_damped,territorial_authority_33_bonds_lodged,bonds_lodged,territorial_authority,33,New Plymouth District,2025-06-01,2025-07-01,,1,174.0,190.0325703847428,-16.032570384742797,16.032570384742797,257.0433131417318,ets_additive_damped,-16.032570384742797,-8.43674868591369,below_forecast,,,,unavailable,,,False,unavailable,unavailable,False,1,6,True,False,False,False,unavailable
ets_additive_damped,territorial_authority_33_bonds_lodged,bonds_lodged,territorial_authority,33,New Plymouth District,2025-07-01,2025-08-01,,1,201.0,175.8651511770448,25.13484882295521,25.13484882295521,631.7606253528127,ets_additive_damped,25.134848822955206,14.292114529075612,above_forecast,,,,unavailable,,,False,unavailable,unavailable,False,1,6,True,True,False,False,unavailable
ets_additive_damped,territorial_authority_33_bonds_lodged,bonds_lodged,territorial_authority,33,New Plymouth District,2025-08-01,2025-09-01,,1,165.0,173.38663757557376,-8.386637575573758,8.386637575573758,70.33568982402568,ets_additive_damped,-8.386637575573758,-4.836957272395508,below_forecast,25.65755307909879,7.310711349564869,29.177879195698218,mad,10.83871215650833,-3.140981157455132,True,moderate,low,True,1,6,True,False,True,False,statistical_only
ets_additive_damped,territorial_authority_33_bonds_lodged,bonds_lodged,territorial_authority,33,New Plymouth District,2025-09-01,2025-10-01,,1,171.0,172.34279250102222,-1.3427925010222168,1.3427925010222168,1.8030917008015,ets_additive_damped,-1.3427925010222168,-0.7791405033745478,below_forecast,25.134848822955206,13.61264099890397,36.561132167159016,mad,20.181825053971785,-1.3119547540011314,True,normal,normal,False,1,6,True,False,False,False,normal
ets_additive_damped,territorial_authority_33_bonds_lodged,bonds_lodged,territorial_authority,33,New Plymouth District,2025-10-01,2025-11-01,,1,186.0,163.6062793057976,22.393720694202383,22.393720694202383,501.4787265299482,ets_additive_damped,22.393720694202386,13.687567976743809,above_forecast,11.896028160966495,17.78783830552095,35.564013538987574,mad,26.371887776902817,0.3980637496277397,True,normal,normal,False,1,6,True,True,False,False,normal
ets_additive_damped,territorial_authority_33_bonds_lodged,bonds_lodged,territorial_authority,33,New Plymouth District,2025-11-01,2025-12-01,,1,189.0,167.348007498875,21.651992501125,21.651992501125,468.808779268773,ets_additive_damped,21.651992501124994,12.938303135321494,above_forecast,22.393720694202386,16.35376912765679,34.56689491081613,mad,24.245765941670555,-0.03059207099754287,True,normal,normal,False,1,6,True,True,False,False,normal
ets_additive_damped,territorial_authority_33_bonds_lodged,bonds_lodged,territorial_authority,33,New Plymouth District,2025-12-01,2026-01-01,,1,177.0,186.97584947756445,-9.975849477564452,9.975849477564452,99.51757279902296,ets_additive_damped,-9.975849477564452,-5.335367912721515,below_forecast,22.02285659766369,10.945407830999969,32.544581514106454,mad,16.227439334321673,-1.9718888122754907,True,normal,normal,False,1,6,True,False,False,False,normal
ets_additive_damped,territorial_authority_33_bonds_lodged,bonds_lodged,territorial_authority,33,New Plymouth District,2026-01-01,2026-02-01,,1,150.0,186.97687358391264,-36.97687358391266,36.97687358391266,1367.289180040658,ets_additive_damped,-36.976873583912635,-19.776174922145078,below_forecast,21.651992501124994,17.095497320734182,34.838796605667895,mad,25.345437095232295,-2.3131921483439815,True,normal,normal,False,1,6,True,True,False,False,normal
ets_additive_damped,territorial_authority_33_median_rent,median_rent,territorial_authority,33,New Plymouth District,2025-02-01,2025-03-01,,1,570.0,592.2475563508101,-22.2475563508101,22.2475563508101,494.95376358247086,ets_additive_damped,-22.2475563508101,-3.7564623293493256,below_forecast,,,,unavailable,,,False,unavailable,unavailable,False,1,6,True,True,False,False,unavailable
ets_additive_damped,territorial_authority_33_median_rent,median_rent,territorial_authority,33,New Plymouth District,2025-03-01,2025-04-01,,1,600.0,584.5472537082935,15.45274629170649,15.45274629170649,238.78736795584865,ets_additive_damped,15.45274629170649,2.6435409958179137,above_forecast,,,,unavailable,,,False,unavailable,unavailable,False,1,6,True,True,False,False,unavailable
ets_additive_damped,territorial_authority_33_median_rent,median_rent,territorial_authority,33,New Plymouth District,2025-04-01,2025-05-01,,1,580.0,582.440430770536,-2.4404307705359543,2.4404307705359543,5.955702345778711,ets_additive_damped,-2.4404307705359543,-0.4190009212285283,below_forecast,,,,unavailable,,,False,unavailable,unavailable,False,1,6,True,False,False,False,unavailable
ets_additive_damped,territorial_authority_33_median_rent,median_rent,territorial_authority,33,New Plymouth District,2025-05-01,2025-06-01,,1,580.0,578.42442014099,1.575579859009963,1.575579859009963,2.482451892117855,ets_additive_damped,1.575579859009963,0.27239165639409174,above_forecast,,,,unavailable,,,False,unavailable,unavailable,False,1,6,True,False,False,False,unavailable
ets_additive_damped,territorial_authority_33_median_rent,median_rent,territorial_authority,33,New Plymouth District,2025-06-01,2025-07-01,,1,575.0,579.3097991802997,-4.309799180299706,4.309799180299706,18.574368974512016,ets_additive_damped,-4.309799180299706,-0.7439541306564984,below_forecast,,,,unavailable,,,False,unavailable,unavailable,False,1,6,True,False,False,False,unavailable
ets_additive_damped,territorial_authority_33_median_rent,median_rent,territorial_authority,33,New Plymouth District,2025-07-01,2025-08-01,,1,600.0,579.7627042846043,20.237295715395703,20.237295715395703,409.5481378723733,ets_additive_damped,20.237295715395703,3.490617034493005,above_forecast,,,,unavailable,,,False,unavailable,unavailable,False,1,6,True,True,False,False,unavailable
ets_additive_damped,territorial_authority_33_median_rent,median_rent,territorial_authority,33,New Plymouth District,2025-08-01,2025-09-01,,1,600.0,583.412374242605,16.587625757395017,16.587625757395017,275.1493282673946,ets_additive_damped,16.587625757395017,2.8432077360253682,above_forecast,-0.4324254557629956,9.881272736003098,15.825911761391126,mad,14.649774256490879,1.1617961420543348,True,normal,normal,False,1,6,True,True,False,False,normal
ets_additive_damped,territorial_authority_33_median_rent,median_rent,territorial_authority,33,New Plymouth District,2025-09-01,2025-10-01,,1,595.0,588.9316815440103,6.068318455989697,6.068318455989697,36.82448888330519,ets_additive_damped,6.068318455989697,1.0303942963435595,above_forecast,1.575579859009963,13.877166432696526,19.395300999968583,mad,20.574005089246146,0.21836966489952167,True,normal,normal,False,1,6,True,False,False,False,normal
ets_additive_damped,territorial_authority_33_median_rent,median_rent,territorial_authority,33,New Plymouth District,2025-10-01,2025-11-01,,1,590.0,586.9623483585708,3.0376516414291928,3.0376516414291928,9.22732749467747,ets_additive_damped,3.0376516414291928,0.5175206978648509,above_forecast,3.82194915749983,9.881272736003098,18.644239031105514,mad,14.649774256490879,-0.0535364915758438,True,normal,normal,False,1,6,True,False,False,False,normal
ets_additive_damped,territorial_authority_33_median_rent,median_rent,territorial_authority,33,New Plymouth District,2025-11-01,2025-12-01,,1,600.0,593.4959466201451,6.504053379854895,6.504053379854895,42.30271036800188,ets_additive_damped,6.504053379854895,1.0958884246631058,above_forecast,3.0376516414291928,7.3474508217288985,17.893177062242444,mad,10.893181351710746,0.31821757359077774,True,normal,normal,False,1,6,True,False,False,False,normal
ets_additive_damped,territorial_authority_33_median_rent,median_rent,territorial_authority,33,New Plymouth District,2025-12-01,2026-01-01,,1,600.0,598.5712507490722,1.428749250927808,1.428749250927808,2.041324422026773,ets_additive_damped,1.4287492509278081,0.23869326318960746,above_forecast,4.552985048709445,7.928100024127275,14.652001176893066,mad,11.754040065422203,-0.26580101653494026,True,normal,normal,False,1,6,True,False,False,False,normal
ets_additive_damped,territorial_authority_33_median_rent,median_rent,territorial_authority,33,New Plymouth District,2026-01-01,2026-02-01,,1,595.0,590.3355886752947,4.66441132470527,4.66441132470527,21.75673300603877,ets_additive_damped,4.66441132470527,0.7901287698361786,above_forecast,3.0376516414291928,5.478082411965147,11.484240595584765,mad,8.121693716775606,0.20029808313455055,True,normal,normal,False,1,6,True,False,False,False,normal
ets_additive_damped,territorial_authority_35_bonds_lodged,bonds_lodged,territorial_authority,35,South Taranaki District,2025-02-01,2025-03-01,,1,60.0,41.92532265523131,18.074677344768688,18.074677344768688,326.69396111749444,ets_additive_damped,18.074677344768688,43.11159986389129,above_forecast,,,,unavailable,,,False,unavailable,unavailable,False,1,6,True,True,False,False,unavailable
ets_additive_damped,territorial_authority_35_bonds_lodged,bonds_lodged,territorial_authority,35,South Taranaki District,2025-03-01,2025-04-01,,1,39.0,40.87831481907165,-1.878314819071648,1.878314819071648,3.528066559544156,ets_additive_damped,-1.8783148190716474,-4.594892982710054,below_forecast,,,,unavailable,,,False,unavailable,unavailable,False,1,6,True,False,False,False,unavailable
ets_additive_damped,territorial_authority_35_bonds_lodged,bonds_lodged,territorial_authority,35,South Taranaki District,2025-04-01,2025-05-01,,1,45.0,45.652906663509846,-0.6529066635098459,0.6529066635098459,0.4262871112555592,ets_additive_damped,-0.6529066635098459,-1.4301535460210055,below_forecast,,,,unavailable,,,False,unavailable,unavailable,False,1,6,True,False,False,False,unavailable
ets_additive_damped,territorial_authority_35_bonds_lodged,bonds_lodged,territorial_authority,35,South Taranaki District,2025-05-01,2025-06-01,,1,57.0,47.24520507446496,9.754794925535045,9.754794925535045,95.15602403924426,ets_additive_damped,9.754794925535037,20.647163897712232,above_forecast,,,,unavailable,,,False,unavailable,unavailable,False,1,6,True,True,False,False,unavailable
ets_additive_damped,territorial_authority_35_bonds_lodged,bonds_lodged,territorial_authority,35,South Taranaki District,2025-06-01,2025-07-01,,1,48.0,49.095566889794,-1.095566889794,1.095566889794,1.2002668100128988,ets_additive_damped,-1.095566889794,-2.2314986040455453,below_forecast,,,,unavailable,,,False,unavailable,unavailable,False,1,6,True,False,False,False,unavailable
ets_additive_damped,territorial_authority_35_bonds_lodged,bonds_lodged,territorial_authority,35,South Taranaki District,2025-07-01,2025-08-01,,1,60.0,47.00712723440769,12.99287276559231,12.99287276559231,168.81474270287035,ets_additive_damped,12.99287276559231,27.64021868599098,above_forecast,,,,unavailable,,,False,unavailable,unavailable,False,1,6,True,True,False,False,unavailable
ets_additive_damped,territorial_authority_35_bonds_lodged,bonds_lodged,territorial_authority,35,South Taranaki District,2025-08-01,2025-09-01,,1,33.0,46.14568794906124,-13.14568794906124,13.14568794906124,172.80911165409393,ets_additive_damped,-13.14568794906124,-28.487359346711543,below_forecast,4.550944131012596,6.0378849854454195,13.168255138800953,mad,8.951645641876086,-1.976913831048944,True,normal,normal,False,1,6,True,True,False,False,normal
ets_additive_damped,territorial_authority_35_bonds_lodged,bonds_lodged,territorial_authority,35,South Taranaki District,2025-09-01,2025-10-01,,1,39.0,45.89963413012368,-6.89963413012368,6.89963413012368,47.604951129567546,ets_additive_damped,-6.89963413012368,-15.032002456846355,below_forecast,-0.6529066635098459,10.407701589044883,12.860774699996497,mad,15.430246981534298,-0.4048365184361225,True,normal,normal,False,1,6,True,True,False,False,normal
ets_additive_damped,territorial_authority_35_bonds_lodged,bonds_lodged,territorial_authority,35,South Taranaki District,2025-10-01,2025-11-01,,1,48.0,44.75991372471403,3.240086275285968,3.240086275285968,10.4981590712965,ets_additive_damped,3.240086275285968,7.238812601859341,above_forecast,-0.874236776651923,8.327214527829359,13.697959032384011,mad,12.345759122059835,0.3332580047334857,True,normal,normal,False,1,6,True,False,False,False,normal
ets_additive_damped,territorial_authority_35_bonds_lodged,bonds_lodged,territorial_authority,35,South Taranaki District,2025-11-01,2025-12-01,,1,39.0,40.83768929467545,-1.8376892946754493,1.8376892946754493,3.377101943764751,ets_additive_damped,-1.8376892946754495,-4.499983535834025,below_forecast,-0.6529066635098459,6.246727466613834,11.633109744606685,mad,9.261271262585373,-0.12792872571954664,True,normal,normal,False,1,6,True,False,False,False,normal
ets_additive_damped,territorial_authority_35_bonds_lodged,bonds_lodged,territorial_authority,35,South Taranaki District,2025-12-01,2026-01-01,,1,45.0,45.393347684380096,-0.393347684380096,0.393347684380096,0.1547224008071836,ets_additive_damped,-0.39334768438009604,-0.8665315612213537,below_forecast,-0.874236776651923,5.069860202704824,9.994276200945368,mad,7.516471760867048,0.06397803485080279,True,normal,normal,False,1,6,True,False,False,False,normal
ets_additive_damped,territorial_authority_35_bonds_lodged,bonds_lodged,territorial_authority,35,South Taranaki District,2026-01-01,2026-02-01,,1,42.0,46.61841757374152,-4.618417573741517,4.618417573741517,21.329780885444485,ets_additive_damped,-4.618417573741517,-9.906851871228907,below_forecast,-0.6529066635098459,3.892992938795814,8.355442657284051,mad,5.7716722591487235,-0.6870644645398756,True,normal,normal,False,1,6,True,False,False,False,normal
xgboost_pooled_recursive,territorial_authority_35_median_rent,median_rent,territorial_authority,35,South Taranaki District,2025-02-01,2025-03-01,,1,500.0,532.3815307617188,-32.38153076171875,32.38153076171875,1048.5635344721377,xgboost_pooled_recursive,-32.38153076171875,-6.082391835679955,below_forecast,,,,unavailable,,,False,unavailable,unavailable,False,1,6,True,True,False,False,unavailable
xgboost_pooled_recursive,territorial_authority_35_median_rent,median_rent,territorial_authority,35,South Taranaki District,2025-03-01,2025-04-01,,1,550.0,515.4988403320312,34.50115966796875,34.50115966796875,1190.3300184346735,xgboost_pooled_recursive,34.50115966796875,6.692771538680215,above_forecast,,,,unavailable,,,False,unavailable,unavailable,False,1,6,True,True,False,False,unavailable
xgboost_pooled_recursive,territorial_authority_35_median_rent,median_rent,territorial_authority,35,South Taranaki District,2025-04-01,2025-05-01,,1,520.0,536.208251953125,-16.208251953125,16.208251953125,262.7074313759804,xgboost_pooled_recursive,-16.208251953125,-3.022753173619923,below_forecast,,,,unavailable,,,False,unavailable,unavailable,False,1,6,True,True,False,False,unavailable
xgboost_pooled_recursive,territorial_authority_35_median_rent,median_rent,territorial_authority,35,South Taranaki District,2025-05-01,2025-06-01,,1,520.0,517.5752563476562,2.42474365234375,2.42474365234375,5.879381779581308,xgboost_pooled_recursive,2.42474365234375,0.4684813701208014,above_forecast,,,,unavailable,,,False,unavailable,unavailable,False,1,6,True,False,False,False,unavailable
xgboost_pooled_recursive,territorial_authority_35_median_rent,median_rent,territorial_authority,35,South Taranaki District,2025-06-01,2025-07-01,,1,550.0,517.9427490234375,32.0572509765625,32.0572509765625,1027.6673401743174,xgboost_pooled_recursive,32.0572509765625,6.189342555138632,above_forecast,,,,unavailable,,,False,unavailable,unavailable,False,1,6,True,True,False,False,unavailable
xgboost_pooled_recursive,territorial_authority_35_median_rent,median_rent,territorial_authority,35,South Taranaki District,2025-07-01,2025-08-01,,1,483.0,520.97119140625,-37.97119140625,37.97119140625,1441.811376810074,xgboost_pooled_recursive,-37.97119140625,-7.288539564683973,below_forecast,,,,unavailable,,,False,unavailable,unavailable,False,1,6,True,True,False,False,unavailable
xgboost_pooled_recursive,territorial_authority_35_median_rent,median_rent,territorial_authority,35,South Taranaki District,2025-08-01,2025-09-01,,1,500.0,510.4639892578125,-10.4639892578125,10.4639892578125,109.4950711876154,xgboost_pooled_recursive,-10.4639892578125,-2.0498976378385834,below_forecast,-6.891754150390625,28.28460693359375,52.987335205078125,mad,41.93418374142884,-0.08518670899733499,True,normal,normal,False,1,6,True,False,False,False,normal
xgboost_pooled_recursive,territorial_authority_35_median_rent,median_rent,territorial_authority,35,South Taranaki District,2025-09-01,2025-10-01,,1,500.0,519.7672729492188,-19.76727294921875,19.76727294921875,390.74507984891534,xgboost_pooled_recursive,-19.76727294921875,-3.8031007294970673,below_forecast,-10.4639892578125,21.91754150390625,41.535888671875,mad,32.49450185901594,-0.28630331776650875,True,normal,normal,False,1,6,True,True,False,False,normal
xgboost_pooled_recursive,territorial_authority_35_median_rent,median_rent,territorial_authority,35,South Taranaki District,2025-10-01,2025-11-01,,1,500.0,511.4764709472656,-11.476470947265623,11.476470947265623,131.70938540343195,xgboost_pooled_recursive,-11.476470947265625,-2.2437925494423916,below_forecast,-13.33612060546875,17.40313720703125,32.75370788574219,mad,25.801537742077464,0.07207514826414341,True,normal,normal,False,1,6,True,False,False,False,normal
xgboost_pooled_recursive,territorial_authority_35_median_rent,median_rent,territorial_authority,35,South Taranaki District,2025-11-01,2025-12-01,,1,510.0,518.4664916992188,-8.46649169921875,8.46649169921875,71.68148169294,xgboost_pooled_recursive,-8.46649169921875,-1.632987248890613,below_forecast,-11.476470947265625,13.901214599609375,22.1920166015625,mad,20.6096584130606,0.1460470226007925,True,normal,normal,False,1,6,True,False,False,False,normal
xgboost_pooled_recursive,territorial_authority_35_median_rent,median_rent,territorial_authority,35,South Taranaki District,2025-12-01,2026-01-01,,1,530.0,527.0072021484375,2.9927978515625,2.9927978515625,8.956838980317116,xgboost_pooled_recursive,2.9927978515625,0.5678855695637239,above_forecast,-10.970230102539062,11.09600830078125,18.579452514648438,mad,16.450716531921795,0.8487793177280153,True,normal,normal,False,1,6,True,False,False,False,normal
xgboost_pooled_recursive,territorial_authority_35_median_rent,median_rent,territorial_authority,35,South Taranaki District,2026-01-01,2026-02-01,,1,525.0,521.7176513671875,3.2823486328125,3.2823486328125,10.773812547326088,xgboost_pooled_recursive,3.2823486328125,0.6291427219705792,above_forecast,-10.4639892578125,12.88873291015625,20.696533203125,mad,19.10857362513899,0.7193806382565623,True,normal,normal,False,1,6,True,False,False,False,normal
ets_additive_damped,territorial_authority_37_bonds_lodged,bonds_lodged,territorial_authority,37,Whanganui District,2025-02-01,2025-03-01,,1,135.0,97.83988132809436,37.16011867190564,37.16011867190564,1380.8744197101098,ets_additive_damped,37.160118671905636,37.980543483381396,above_forecast,,,,unavailable,,,False,unavailable,unavailable,False,1,6,True,True,False,False,unavailable
ets_additive_damped,territorial_authority_37_bonds_lodged,bonds_lodged,territorial_authority,37,Whanganui District,2025-03-01,2025-04-01,,1,93.0,89.36693623271627,3.63306376728373,3.63306376728373,13.199152337149847,ets_additive_damped,3.63306376728373,4.065333243407873,above_forecast,,,,unavailable,,,False,unavailable,unavailable,False,1,6,True,False,False,False,unavailable
ets_additive_damped,territorial_authority_37_bonds_lodged,bonds_lodged,territorial_authority,37,Whanganui District,2025-04-01,2025-05-01,,1,105.0,101.1065897773988,3.893410222601205,3.893410222601205,15.15864316145556,ets_additive_damped,3.8934102226012044,3.850797689026132,above_forecast,,,,unavailable,,,False,unavailable,unavailable,False,1,6,True,False,False,False,unavailable
ets_additive_damped,territorial_authority_37_bonds_lodged,bonds_lodged,territorial_authority,37,Whanganui District,2025-05-01,2025-06-01,,1,111.0,92.97164379264488,18.02835620735512,18.02835620735512,325.0216275392798,ets_additive_damped,18.028356207355117,19.39124175061791,above_forecast,,,,unavailable,,,False,unavailable,unavailable,False,1,6,True,True,False,False,unavailable
ets_additive_damped,territorial_authority_37_bonds_lodged,bonds_lodged,territorial_authority,37,Whanganui District,2025-06-01,2025-07-01,,1,120.0,105.17086873368126,14.82913126631874,14.82913126631874,219.90313411371204,ets_additive_damped,14.82913126631874,14.100036868450502,above_forecast,,,,unavailable,,,False,unavailable,unavailable,False,1,6,True,True,False,False,unavailable
ets_additive_damped,territorial_authority_37_bonds_lodged,bonds_lodged,territorial_authority,37,Whanganui District,2025-07-01,2025-08-01,,1,111.0,107.57773568103018,3.422264318969823,3.422264318969823,11.711893068893987,ets_additive_damped,3.422264318969823,3.181201293469213,above_forecast,,,,unavailable,,,False,unavailable,unavailable,False,1,6,True,False,False,False,unavailable
ets_additive_damped,territorial_authority_37_bonds_lodged,bonds_lodged,territorial_authority,37,Whanganui District,2025-08-01,2025-09-01,,1,114.0,103.04778506016606,10.952214939833937,10.952214939833937,119.95101208832168,ets_additive_damped,10.952214939833937,10.628287578854135,above_forecast,9.361270744459972,5.833606701333196,13.530399590982924,mad,8.64878680701734,0.18394998406980329,True,normal,normal,False,1,6,True,True,False,False,normal
ets_additive_damped,territorial_authority_37_bonds_lodged,bonds_lodged,territorial_authority,37,Whanganui District,2025-09-01,2025-10-01,,1,105.0,102.49626872975762,2.503731270242384,2.503731270242384,6.268670273589538,ets_additive_damped,2.5037312702423833,2.4427535765655417,above_forecast,10.952214939833937,7.07614126752118,12.665506741894461,mad,10.490943317303454,-0.8053121072207942,True,normal,normal,False,1,6,True,False,False,False,normal
ets_additive_damped,territorial_authority_37_bonds_lodged,bonds_lodged,territorial_authority,37,Whanganui District,2025-10-01,2025-11-01,,1,120.0,101.21095307458388,18.78904692541613,18.78904692541613,353.02828436548936,ets_additive_damped,18.789046925416116,18.56424265817375,above_forecast,7.4228125812175705,4.459814786611467,12.04857359637258,mad,6.612030817807957,1.7190231953526676,True,normal,normal,False,1,6,True,True,False,False,normal
ets_additive_damped,territorial_authority_37_bonds_lodged,bonds_lodged,territorial_authority,37,Whanganui District,2025-11-01,2025-12-01,,1,87.0,98.34395670268404,-11.343956702684054,11.343956702684054,128.68535367237047,ets_additive_damped,-11.34395670268404,-11.534980982084521,below_forecast,10.952214939833937,7.319151172550207,14.395292440071387,mad,10.851224866642264,-2.0547147364956566,True,normal,normal,False,1,6,True,True,False,False,normal
ets_additive_damped,territorial_authority_37_bonds_lodged,bonds_lodged,territorial_authority,37,Whanganui District,2025-12-01,2026-01-01,,1,108.0,107.63558408994386,0.3644159100561381,0.3644159100561381,0.1327989555020433,ets_additive_damped,0.36441591005613816,0.3385645306217878,above_forecast,7.4228125812175705,6.162699998038178,13.753585791047723,mad,9.136693844385736,-0.7725329086624301,True,normal,normal,False,1,6,True,False,False,False,normal
ets_additive_damped,territorial_authority_37_bonds_lodged,bonds_lodged,territorial_authority,37,Whanganui District,2026-01-01,2026-02-01,,1,96.0,115.3707638705428,-19.3707638705428,19.3707638705428,375.2264929283264,ets_additive_damped,-19.370763870542802,-16.790010935767643,below_forecast,3.8934102226012044,7.058804717232732,13.465745942230825,mad,10.4652404999744,-2.2229946930699698,True,normal,normal,False,1,6,True,True,False,False,normal
ets_additive_damped,territorial_authority_37_median_rent,median_rent,territorial_authority,37,Whanganui District,2025-02-01,2025-03-01,,1,520.0,513.5569508691777,6.44304913082226,6.44304913082226,41.51288210218948,ets_additive_damped,6.44304913082226,1.2545929170888677,above_forecast,,,,unavailable,,,False,unavailable,unavailable,False,1,6,True,False,False,False,unavailable
ets_additive_damped,territorial_authority_37_median_rent,median_rent,territorial_authority,37,Whanganui District,2025-03-01,2025-04-01,,1,520.0,518.115207044557,1.884792955443004,1.884792955443004,3.552444484887573,ets_additive_damped,1.8847929554430038,0.3637787368169093,above_forecast,,,,unavailable,,,False,unavailable,unavailable,False,1,6,True,False,False,False,unavailable
ets_additive_damped,territorial_authority_37_median_rent,median_rent,territorial_authority,37,Whanganui District,2025-04-01,2025-05-01,,1,520.0,519.1689122716028,0.8310877283971649,0.8310877283971649,0.6907068122923598,ets_additive_damped,0.8310877283971649,0.1600804109708291,above_forecast,,,,unavailable,,,False,unavailable,unavailable,False,1,6,True,False,False,False,unavailable
ets_additive_damped,territorial_authority_37_median_rent,median_rent,territorial_authority,37,Whanganui District,2025-05-01,2025-06-01,,1,495.0,520.452994746098,-25.452994746098057,25.452994746098057,647.8549415448953,ets_additive_damped,-25.452994746098057,-4.890546313123868,below_forecast,,,,unavailable,,,False,unavailable,unavailable,False,1,6,True,True,False,False,unavailable
ets_additive_damped,territorial_authority_37_median_rent,median_rent,territorial_authority,37,Whanganui District,2025-06-01,2025-07-01,,1,480.0,515.9053196668309,-35.905319666830906,35.905319666830906,1289.1919803773142,ets_additive_damped,-35.905319666830906,-6.959672307705294,below_forecast,,,,unavailable,,,False,unavailable,unavailable,False,1,6,True,True,False,False,unavailable
ets_additive_damped,territorial_authority_37_median_rent,median_rent,territorial_authority,37,Whanganui District,2025-07-01,2025-08-01,,1,520.0,511.3583131338536,8.641686866146358,8.641686866146358,74.67875189252646,ets_additive_damped,8.641686866146415,1.6899474681825226,above_forecast,,,,unavailable,,,False,unavailable,unavailable,False,1,6,True,False,False,False,unavailable
ets_additive_damped,territorial_authority_37_median_rent,median_rent,territorial_authority,37,Whanganui District,2025-08-01,2025-09-01,,1,480.0,512.3824231221292,-32.38242312212924,32.38242312212924,1048.6213272606103,ets_additive_damped,-32.38242312212924,-6.31997150191288,below_forecast,1.3579403419200844,6.184427656564253,24.185459214451697,mad,9.168906829598596,-3.6798676321075057,True,high,low,True,1,6,True,True,True,True,dashboard_alert
ets_additive_damped,territorial_authority_37_median_rent,median_rent,territorial_authority,37,Whanganui District,2025-09-01,2025-10-01,,1,515.0,508.0732544672759,6.926745532724112,6.926745532724112,47.979803675113445,ets_additive_damped,6.926745532724112,1.3633359898046458,above_forecast,0.8310877283971649,7.81059913774925,33.08162997724628,mad,11.5798356378788,0.5264027914513261,True,normal,normal,False,1,6,True,False,False,False,normal
ets_additive_damped,territorial_authority_37_median_rent,median_rent,territorial_authority,37,Whanganui District,2025-10-01,2025-11-01,,1,530.0,508.1103762156963,21.88962378430369,21.88962378430369,479.155629418354,ets_additive_damped,21.889623784303694,4.308045025046172,above_forecast,1.3579403419200844,6.426275857515179,33.749325071403575,mad,9.527466060066981,2.1549993789470676,True,normal,normal,False,1,6,True,True,False,False,normal
ets_additive_damped,territorial_authority_37_median_rent,median_rent,territorial_authority,37,Whanganui District,2025-11-01,2025-12-01,,1,515.0,514.3933574156157,0.6066425843843035,0.6066425843843035,0.3680152251884668,ets_additive_damped,0.6066425843843035,0.11793359607755452,above_forecast,1.8847929554430038,6.756893910703411,32.37974027882217,mad,10.017633670427593,-0.12759004901844687,True,normal,normal,False,1,6,True,False,False,False,normal
ets_additive_damped,territorial_authority_37_median_rent,median_rent,territorial_authority,37,Whanganui District,2025-12-01,2026-01-01,,1,515.0,516.1813917354225,-1.181391735422494,1.181391735422494,1.3956864325245724,ets_additive_damped,-1.181391735422494,-0.22887143053541853,below_forecast,1.3579403419200844,6.426275857515179,25.743906845726116,mad,9.527466060066981,-0.266527538522108,True,normal,normal,False,1,6,True,False,False,False,normal
ets_additive_damped,territorial_authority_37_median_rent,median_rent,territorial_authority,37,Whanganui District,2026-01-01,2026-02-01,,1,520.0,515.3296864661766,4.670313533823446,4.670313533823446,21.811828504214443,ets_additive_damped,4.670313533823446,0.9062768275295121,above_forecast,0.8310877283971649,6.095657804326947,20.00209057253346,mad,9.037298449706372,0.42482007502485664,True,normal,normal,False,1,6,True,False,False,False,normal
ets_additive_damped,territorial_authority_38_bonds_lodged,bonds_lodged,territorial_authority,38,Rangitikei District,2025-02-01,2025-03-01,,1,30.0,23.03587029057493,6.964129709425066,6.964129709425066,48.499102609696855,ets_additive_damped,6.96412970942507,30.231676171029783,above_forecast,,,,unavailable,,,False,unavailable,unavailable,False,1,6,True,True,False,False,unavailable
ets_additive_damped,territorial_authority_38_bonds_lodged,bonds_lodged,territorial_authority,38,Rangitikei District,2025-03-01,2025-04-01,,1,15.0,18.207521958375683,-3.2075219583756827,3.2075219583756827,10.288197113462177,ets_additive_damped,-3.2075219583756827,-17.616466236912505,below_forecast,,,,unavailable,,,False,unavailable,unavailable,False,1,6,True,True,False,False,unavailable
ets_additive_damped,territorial_authority_38_bonds_lodged,bonds_lodged,territorial_authority,38,Rangitikei District,2025-04-01,2025-05-01,,1,36.0,22.579778928317484,13.420221071682516,13.420221071682516,180.10233361283142,ets_additive_damped,13.420221071682516,59.43468762155199,above_forecast,,,,unavailable,,,False,unavailable,unavailable,False,1,6,True,True,False,False,unavailable
ets_additive_damped,territorial_authority_38_bonds_lodged,bonds_lodged,territorial_authority,38,Rangitikei District,2025-05-01,2025-06-01,,1,33.0,21.20777503271042,11.79222496728958,11.79222496728958,139.05656967916775,ets_additive_damped,11.792224967289581,55.60331033831463,above_forecast,,,,unavailable,,,False,unavailable,unavailable,False,1,6,True,True,False,False,unavailable
ets_additive_damped,territorial_authority_38_bonds_lodged,bonds_lodged,territorial_authority,38,Rangitikei District,2025-06-01,2025-07-01,,1,21.0,25.24174308234849,-4.2417430823484885,4.2417430823484885,17.992384376651255,ets_additive_damped,-4.2417430823484885,-16.80447768012793,below_forecast,,,,unavailable,,,False,unavailable,unavailable,False,1,6,True,True,False,False,unavailable
ets_additive_damped,territorial_authority_38_bonds_lodged,bonds_lodged,territorial_authority,38,Rangitikei District,2025-07-01,2025-08-01,,1,24.0,23.672939854941763,0.3270601450582369,0.3270601450582369,0.1069683384855149,ets_additive_damped,0.3270601450582369,1.381578067879738,above_forecast,,,,unavailable,,,False,unavailable,unavailable,False,1,6,True,False,False,False,unavailable
ets_additive_damped,territorial_authority_38_bonds_lodged,bonds_lodged,territorial_authority,38,Rangitikei District,2025-08-01,2025-09-01,,1,15.0,23.771095118664423,-8.771095118664423,8.771095118664423,76.93210958065887,ets_additive_damped,-8.771095118664423,-36.89815330290608,below_forecast,3.6455949272416532,7.370227447603739,12.909077585340656,mad,10.926949514608953,-1.1363363607844432,True,normal,normal,False,1,6,True,True,False,False,normal
ets_additive_damped,territorial_authority_38_bonds_lodged,bonds_lodged,territorial_authority,38,Rangitikei District,2025-09-01,2025-10-01,,1,30.0,22.27446260312163,7.725537396878369,7.725537396878369,59.68392807056621,ets_additive_damped,7.725537396878369,34.68338399237377,above_forecast,0.3270601450582369,6.637069564366833,13.10280985871941,mad,9.839984528342228,0.7518789516904429,True,normal,normal,False,1,6,True,True,False,False,normal
ets_additive_damped,territorial_authority_38_bonds_lodged,bonds_lodged,territorial_authority,38,Rangitikei District,2025-10-01,2025-11-01,,1,21.0,23.108452149029155,-2.108452149029155,2.108452149029155,4.445570464745662,ets_additive_damped,-2.108452149029155,-9.12416000618084,below_forecast,3.6455949272416532,7.370227447603739,12.208286528850056,mad,10.926949514608953,-0.5265922633373428,True,normal,normal,False,1,6,True,False,False,False,normal
ets_additive_damped,territorial_authority_38_bonds_lodged,bonds_lodged,territorial_authority,38,Rangitikei District,2025-11-01,2025-12-01,,1,21.0,21.982021284377705,-0.982021284377705,0.982021284377705,0.9643658029708372,ets_additive_damped,-0.982021284377705,-4.467383921039204,below_forecast,0.3270601450582369,6.637069564366833,10.933059355254052,mad,9.839984528342228,-0.13303693981076684,True,normal,normal,False,1,6,True,False,False,False,normal
ets_additive_damped,territorial_authority_38_bonds_lodged,bonds_lodged,territorial_authority,38,Rangitikei District,2025-12-01,2026-01-01,,1,24.0,22.81634325840555,1.1836567415944508,1.1836567415944508,1.4010432819219925,ets_additive_damped,1.1836567415944508,5.187758301972386,above_forecast,-0.32748056965973404,5.602936395886779,10.467939981054094,mad,8.306799697385884,0.18191570355665776,True,normal,normal,False,1,6,True,False,False,False,normal
ets_additive_damped,territorial_authority_38_bonds_lodged,bonds_lodged,territorial_authority,38,Rangitikei District,2026-01-01,2026-02-01,,1,18.0,25.47979739970415,-7.47979739970415,7.47979739970415,55.94736914062097,ets_additive_damped,-7.47979739970415,-29.355796211279916,below_forecast,0.3270601450582369,4.568803227406725,10.002820606854138,mad,6.773614866429541,-1.1525393307277716,True,normal,normal,False,1,6,True,True,False,False,normal
ets_additive_damped,territorial_authority_38_median_rent,median_rent,territorial_authority,38,Rangitikei District,2025-02-01,2025-03-01,,1,480.0,488.6003112260483,-8.60031122604829,8.60031122604829,73.96535318489225,ets_additive_damped,-8.60031122604829,-1.760193562805449,below_forecast,,,,unavailable,,,False,unavailable,unavailable,False,1,6,True,False,False,False,unavailable
ets_additive_damped,territorial_authority_38_median_rent,median_rent,territorial_authority,38,Rangitikei District,2025-03-01,2025-04-01,,1,520.0,495.9828798051727,24.017120194827328,24.017120194827328,576.8220624527827,ets_additive_damped,24.017120194827328,4.8423284699386215,above_forecast,,,,unavailable,,,False,unavailable,unavailable,False,1,6,True,True,False,False,unavailable
ets_additive_damped,territorial_authority_38_median_rent,median_rent,territorial_authority,38,Rangitikei District,2025-04-01,2025-05-01,,1,450.0,501.66922170953967,-51.66922170953967,51.66922170953967,2669.7084720695657,ets_additive_damped,-51.66922170953967,-10.299460176860425,below_forecast,,,,unavailable,,,False,unavailable,unavailable,False,1,6,True,True,False,False,unavailable
ets_additive_damped,territorial_authority_38_median_rent,median_rent,territorial_authority,38,Rangitikei District,2025-05-01,2025-06-01,,1,470.0,490.6329840087473,-20.632984008747314,20.632984008747314,425.7200291052224,ets_additive_damped,-20.632984008747314,-4.2053805351944,below_forecast,,,,unavailable,,,False,unavailable,unavailable,False,1,6,True,True,False,False,unavailable
ets_additive_damped,territorial_authority_38_median_rent,median_rent,territorial_authority,38,Rangitikei District,2025-06-01,2025-07-01,,1,440.0,483.9314094900791,-43.93140949007909,43.93140949007909,1929.9687397850112,ets_additive_damped,-43.93140949007909,-9.07802399856001,below_forecast,,,,unavailable,,,False,unavailable,unavailable,False,1,6,True,True,False,False,unavailable
ets_additive_damped,territorial_authority_38_median_rent,median_rent,territorial_authority,38,Rangitikei District,2025-07-01,2025-08-01,,1,500.0,470.97086317285374,29.02913682714626,29.02913682714626,842.6907849291792,ets_additive_damped,29.02913682714626,6.163679984698354,above_forecast,,,,unavailable,,,False,unavailable,unavailable,False,1,6,True,True,False,False,unavailable
ets_additive_damped,territorial_authority_38_median_rent,median_rent,territorial_authority,38,Rangitikei District,2025-08-01,2025-09-01,,1,510.0,479.278107460336,30.72189253966405,30.72189253966405,943.834681218666,ets_additive_damped,30.721892539663997,6.410034604429845,above_forecast,-14.616647617397803,33.18366798241158,53.96956545935457,mad,49.19743214590301,0.9215631422104098,True,normal,normal,False,1,6,True,True,False,False,normal
ets_additive_damped,territorial_authority_38_median_rent,median_rent,territorial_authority,38,Rangitikei District,2025-09-01,2025-10-01,,1,500.0,486.3794842747679,13.62051572523211,13.62051572523211,185.5184486212952,ets_additive_damped,13.62051572523211,2.8003886195038485,above_forecast,-8.60031122604829,35.3310982640308,58.8053252604,mad,52.381168664241365,0.4242140356530402,True,normal,normal,False,1,6,True,False,False,False,normal
ets_additive_damped,territorial_authority_38_median_rent,median_rent,territorial_authority,38,Rangitikei District,2025-10-01,2025-11-01,,1,500.0,488.1704182243036,11.829581775696395,11.829581775696395,139.93900498788832,ets_additive_damped,11.829581775696397,2.4232483850057798,above_forecast,2.5101022495919096,24.831060417946787,51.72771473198732,mad,36.81402582349413,0.25315024145381415,True,normal,normal,False,1,6,True,False,False,False,normal
ets_additive_damped,territorial_authority_38_median_rent,median_rent,territorial_authority,38,Rangitikei District,2025-11-01,2025-12-01,,1,500.0,494.973585902523,5.026414097477016,5.026414097477016,25.264838679315684,ets_additive_damped,5.026414097477016,1.0154913798707002,above_forecast,11.829581775696397,18.8923107639676,44.65010420357464,mad,28.00935621047828,-0.2428891127342056,True,normal,normal,False,1,6,True,False,False,False,normal
ets_additive_damped,territorial_authority_38_median_rent,median_rent,territorial_authority,38,Rangitikei District,2025-12-01,2026-01-01,,1,460.0,495.79108434476575,-35.79108434476575,35.79108434476575,1281.001718574136,ets_additive_damped,-35.79108434476575,-7.218985067484021,below_forecast,8.427997936586706,18.814724026597275,39.04278489050108,mad,27.894327689543776,-1.5852356354847024,True,normal,normal,False,1,6,True,True,False,False,normal
ets_additive_damped,territorial_authority_38_median_rent,median_rent,territorial_authority,38,Rangitikei District,2026-01-01,2026-02-01,,1,440.0,482.184236074353,-42.18423607435301,42.18423607435301,1779.5097731767455,ets_additive_damped,-42.18423607435301,-8.748572209201834,below_forecast,5.026414097477016,24.002722729669244,47.03085213678625,mad,35.5859491915037,-1.3266654745604418,True,normal,normal,False,1,6,True,True,False,False,normal
ets_additive_damped,territorial_authority_39_bonds_lodged,bonds_lodged,territorial_authority,39,Manawatu District,2025-02-01,2025-03-01,,1,57.0,43.03748361946108,13.962516380538922,13.962516380538922,194.9518636768177,ets_additive_damped,13.962516380538922,32.44268764409178,above_forecast,,,,unavailable,,,False,unavailable,unavailable,False,1,6,True,True,False,False,unavailable
ets_additive_damped,territorial_authority_39_bonds_lodged,bonds_lodged,territorial_authority,39,Manawatu District,2025-03-01,2025-04-01,,1,54.0,40.06394505746571,13.936054942534293,13.936054942534293,194.21362736133443,ets_additive_damped,13.936054942534291,34.784529887271745,above_forecast,,,,unavailable,,,False,unavailable,unavailable,False,1,6,True,True,False,False,unavailable
ets_additive_damped,territorial_authority_39_bonds_lodged,bonds_lodged,territorial_authority,39,Manawatu District,2025-04-01,2025-05-01,,1,54.0,43.37808511085802,10.621914889141976,10.621914889141976,112.825075912176,ets_additive_damped,10.621914889141983,24.486822924516787,above_forecast,,,,unavailable,,,False,unavailable,unavailable,False,1,6,True,True,False,False,unavailable
ets_additive_damped,territorial_authority_39_bonds_lodged,bonds_lodged,territorial_authority,39,Manawatu District,2025-05-01,2025-06-01,,1,51.0,42.66614077181203,8.333859228187968,8.333859228187968,69.45320963525376,ets_additive_damped,8.333859228187968,19.53272331978487,above_forecast,,,,unavailable,,,False,unavailable,unavailable,False,1,6,True,True,False,False,unavailable
ets_additive_damped,territorial_authority_39_bonds_lodged,bonds_lodged,territorial_authority,39,Manawatu District,2025-06-01,2025-07-01,,1,57.0,44.7323280026573,12.267671997342704,12.267671997342704,150.49577623438628,ets_additive_damped,12.267671997342703,27.4246222924368,above_forecast,,,,unavailable,,,False,unavailable,unavailable,False,1,6,True,True,False,False,unavailable
ets_additive_damped,territorial_authority_39_bonds_lodged,bonds_lodged,territorial_authority,39,Manawatu District,2025-07-01,2025-08-01,,1,36.0,48.89923475918219,-12.899234759182193,12.899234759182193,166.3902573724941,ets_additive_damped,-12.899234759182193,-26.379215999407847,below_forecast,,,,unavailable,,,False,unavailable,unavailable,False,1,6,True,True,False,False,unavailable
ets_additive_damped,territorial_authority_39_bonds_lodged,bonds_lodged,territorial_authority,39,Manawatu District,2025-08-01,2025-09-01,,1,30.0,45.38478820022803,-15.38478820022803,15.38478820022803,236.6917079658756,ets_additive_damped,-15.38478820022803,-33.89855678592928,below_forecast,11.444793443242343,2.5044922182942635,4.613086062809922,mad,3.7131092932457577,-7.225637471074196,True,high,low,True,1,6,True,True,True,True,dashboard_alert
ets_additive_damped,territorial_authority_39_bonds_lodged,bonds_lodged,territorial_authority,39,Manawatu District,2025-09-01,2025-10-01,,1,45.0,44.06848721559443,0.9315127844055696,0.9315127844055696,0.867716067511017,ets_additive_damped,0.9315127844055695,2.1137843462798442,above_forecast,10.621914889141983,3.3141400533923075,15.384551235435609,mad,4.913476728528255,-1.9722088126463972,True,normal,normal,False,1,6,True,False,False,False,normal
ets_additive_damped,territorial_authority_39_bonds_lodged,bonds_lodged,territorial_authority,39,Manawatu District,2025-10-01,2025-11-01,,1,48.0,44.267518824721954,3.7324811752780462,3.7324811752780462,13.931415723804983,ets_additive_damped,3.7324811752780462,8.43164756998664,above_forecast,9.477887058664976,4.471398602871631,15.21094183513197,mad,6.629204748512425,-0.8666810124813512,True,normal,normal,False,1,6,True,False,False,False,normal
ets_additive_damped,territorial_authority_39_bonds_lodged,bonds_lodged,territorial_authority,39,Manawatu District,2025-11-01,2025-12-01,,1,45.0,41.84017006509574,3.159829934904259,3.159829934904259,9.984525217517056,ets_additive_damped,3.159829934904259,7.55214409976856,above_forecast,8.333859228187968,5.602195714346323,11.336159212937133,mad,8.30570157797824,-0.6229490964378186,True,normal,normal,False,1,6,True,False,False,False,normal
ets_additive_damped,territorial_authority_39_bonds_lodged,bonds_lodged,territorial_authority,39,Manawatu District,2025-12-01,2026-01-01,,1,30.0,42.85734557703982,-12.857345577039824,12.857345577039824,165.3113352874255,ets_additive_damped,-12.857345577039823,-30.00033110759886,below_forecast,6.033170201733007,5.668079606468567,10.367640648262281,mad,8.40337969824843,-2.24796646790937,True,normal,normal,False,1,6,True,True,False,False,normal
ets_additive_damped,territorial_authority_39_bonds_lodged,bonds_lodged,territorial_authority,39,Manawatu District,2026-01-01,2026-02-01,,1,36.0,45.0702966910666,-9.070296691066602,9.070296691066602,82.27028206397375,ets_additive_damped,-9.070296691066602,-20.124776975041367,below_forecast,3.7324811752780462,8.535190822064656,17.40770983955947,mad,12.654100551615503,-1.0117493388109804,True,normal,normal,False,1,6,True,True,False,False,normal
seasonal_naive,territorial_authority_39_median_rent,median_rent,territorial_authority,39,Manawatu District,2025-02-01,2025-03-01,2024-03-01,1,540.0,560.0,-20.0,20.0,400.0,seasonal_naive,-20.0,-3.571428571428571,below_forecast,,,,unavailable,,,False,unavailable,unavailable,False,1,6,True,True,False,False,unavailable
seasonal_naive,territorial_authority_39_median_rent,median_rent,territorial_authority,39,Manawatu District,2025-03-01,2025-04-01,2024-04-01,1,580.0,575.0,5.0,5.0,25.0,seasonal_naive,5.0,0.8695652173913043,above_forecast,,,,unavailable,,,False,unavailable,unavailable,False,1,6,True,False,False,False,unavailable
seasonal_naive,territorial_authority_39_median_rent,median_rent,territorial_authority,39,Manawatu District,2025-04-01,2025-05-01,2024-05-01,1,550.0,550.0,0.0,0.0,0.0,seasonal_naive,0.0,0.0,on_forecast,,,,unavailable,,,False,unavailable,unavailable,False,1,6,True,False,False,False,unavailable
seasonal_naive,territorial_authority_39_median_rent,median_rent,territorial_authority,39,Manawatu District,2025-05-01,2025-06-01,2024-06-01,1,555.0,580.0,-25.0,25.0,625.0,seasonal_naive,-25.0,-4.310344827586207,below_forecast,,,,unavailable,,,False,unavailable,unavailable,False,1,6,True,True,False,False,unavailable
seasonal_naive,territorial_authority_39_median_rent,median_rent,territorial_authority,39,Manawatu District,2025-06-01,2025-07-01,2024-07-01,1,570.0,535.0,35.0,35.0,1225.0,seasonal_naive,35.0,6.5420560747663545,above_forecast,,,,unavailable,,,False,unavailable,unavailable,False,1,6,True,True,False,False,unavailable
seasonal_naive,territorial_authority_39_median_rent,median_rent,territorial_authority,39,Manawatu District,2025-07-01,2025-08-01,2024-08-01,1,530.0,520.0,10.0,10.0,100.0,seasonal_naive,10.0,1.9230769230769231,above_forecast,,,,unavailable,,,False,unavailable,unavailable,False,1,6,True,False,False,False,unavailable
seasonal_naive,territorial_authority_39_median_rent,median_rent,territorial_authority,39,Manawatu District,2025-08-01,2025-09-01,2024-09-01,1,590.0,570.0,20.0,20.0,400.0,seasonal_naive,20.0,3.508771929824561,above_forecast,2.5,15.0,23.75,mad,22.23869532987398,0.7869166666666667,True,normal,normal,False,1,6,True,True,False,False,normal
seasonal_naive,territorial_authority_39_median_rent,median_rent,territorial_authority,39,Manawatu District,2025-09-01,2025-10-01,2024-10-01,1,600.0,580.0,20.0,20.0,400.0,seasonal_naive,20.0,3.4482758620689653,above_forecast,5.0,15.0,25.0,mad,22.23869532987398,0.6745,True,normal,normal,False,1,6,True,True,False,False,normal
seasonal_naive,territorial_authority_39_median_rent,median_rent,territorial_authority,39,Manawatu District,2025-10-01,2025-11-01,2024-11-01,1,540.0,550.0,-10.0,10.0,100.0,seasonal_naive,-10.0,-1.8181818181818181,below_forecast,7.5,12.5,25.0,mad,18.532246108228318,-0.9443,True,normal,normal,False,1,6,True,False,False,False,normal
seasonal_naive,territorial_authority_39_median_rent,median_rent,territorial_authority,39,Manawatu District,2025-11-01,2025-12-01,2024-12-01,1,580.0,570.0,10.0,10.0,100.0,seasonal_naive,10.0,1.7543859649122806,above_forecast,5.0,15.0,30.0,mad,22.23869532987398,0.22483333333333333,True,normal,normal,False,1,6,True,False,False,False,normal
seasonal_naive,territorial_authority_39_median_rent,median_rent,territorial_authority,39,Manawatu District,2025-12-01,2026-01-01,2025-01-01,1,595.0,530.0,65.0,65.0,4225.0,seasonal_naive,65.0,12.264150943396226,above_forecast,7.5,12.5,25.0,mad,18.532246108228318,3.1027,True,moderate,high,True,1,6,True,True,True,True,dashboard_alert
seasonal_naive,territorial_authority_39_median_rent,median_rent,territorial_authority,39,Manawatu District,2026-01-01,2026-02-01,2025-02-01,1,570.0,570.0,0.0,0.0,0.0,seasonal_naive,0.0,0.0,on_forecast,10.0,10.0,25.0,mad,14.825796886582655,-0.6745,True,normal,normal,False,1,6,True,False,False,False,normal
ets_additive_damped,territorial_authority_3_bonds_lodged,bonds_lodged,territorial_authority,3,Kaipara District,2025-02-01,2025-03-01,,1,48.0,40.10562988845345,7.89437011154655,7.89437011154655,62.32107945807949,ets_additive_damped,7.89437011154655,19.68394495611542,above_forecast,,,,unavailable,,,False,unavailable,unavailable,False,1,6,True,True,False,False,unavailable
ets_additive_damped,territorial_authority_3_bonds_lodged,bonds_lodged,territorial_authority,3,Kaipara District,2025-03-01,2025-04-01,,1,54.0,42.35620090253784,11.643799097462155,11.643799097462155,135.57805742206054,ets_additive_damped,11.643799097462157,27.490187621535476,above_forecast,,,,unavailable,,,False,unavailable,unavailable,False,1,6,True,True,False,False,unavailable
ets_additive_damped,territorial_authority_3_bonds_lodged,bonds_lodged,territorial_authority,3,Kaipara District,2025-04-01,2025-05-01,,1,48.0,46.706842834795445,1.2931571652045548,1.2931571652045548,1.6722554539198802,ets_additive_damped,1.2931571652045548,2.768667472940784,above_forecast,,,,unavailable,,,False,unavailable,unavailable,False,1,6,True,False,False,False,unavailable
ets_additive_damped,territorial_authority_3_bonds_lodged,bonds_lodged,territorial_authority,3,Kaipara District,2025-05-01,2025-06-01,,1,54.0,44.31781634615058,9.68218365384942,9.68218365384942,93.74468030686891,ets_additive_damped,9.682183653849421,21.847158664644834,above_forecast,,,,unavailable,,,False,unavailable,unavailable,False,1,6,True,True,False,False,unavailable
ets_additive_damped,territorial_authority_3_bonds_lodged,bonds_lodged,territorial_authority,3,Kaipara District,2025-06-01,2025-07-01,,1,36.0,46.37492541557257,-10.37492541557257,10.37492541557257,107.63907737869366,ets_additive_damped,-10.37492541557257,-22.371842806433275,below_forecast,,,,unavailable,,,False,unavailable,unavailable,False,1,6,True,True,False,False,unavailable
ets_additive_damped,territorial_authority_3_bonds_lodged,bonds_lodged,territorial_authority,3,Kaipara District,2025-07-01,2025-08-01,,1,51.0,45.37450053493224,5.625499465067762,5.625499465067762,31.64624423147768,ets_additive_damped,5.625499465067762,12.397931434500059,above_forecast,,,,unavailable,,,False,unavailable,unavailable,False,1,6,True,True,False,False,unavailable
ets_additive_damped,territorial_authority_3_bonds_lodged,bonds_lodged,territorial_authority,3,Kaipara District,2025-08-01,2025-09-01,,1,51.0,45.41543321383444,5.58456678616556,5.58456678616556,31.18738618914353,ets_additive_damped,5.58456678616556,12.296627800226268,above_forecast,6.759934788307156,3.903056587348633,6.858987528103347,mad,5.7865924200869285,-0.2031191963791255,True,normal,normal,False,1,6,True,True,False,False,normal
ets_additive_damped,territorial_authority_3_bonds_lodged,bonds_lodged,territorial_authority,3,Kaipara District,2025-09-01,2025-10-01,,1,48.0,43.39983678750508,4.60016321249492,4.60016321249492,21.16150158159158,ets_additive_damped,4.60016321249492,10.599494267728025,above_forecast,5.625499465067762,4.056684188781659,5.349414907012928,mad,6.01435758158882,-0.17048142526669952,True,normal,normal,False,1,6,True,True,False,False,normal
ets_additive_damped,territorial_authority_3_bonds_lodged,bonds_lodged,territorial_authority,3,Kaipara District,2025-10-01,2025-11-01,,1,54.0,44.39630887423839,9.603691125761614,9.603691125761614,92.23088323903238,ets_additive_damped,9.603691125761607,21.631733288832685,above_forecast,5.605033125616661,3.183243757081325,4.567911796449939,mad,4.719412538296997,0.8472787593152142,True,normal,normal,False,1,6,True,True,False,False,normal
ets_additive_damped,territorial_authority_3_bonds_lodged,bonds_lodged,territorial_authority,3,Kaipara District,2025-11-01,2025-12-01,,1,39.0,46.5302509084942,-7.530250908494203,7.530250908494203,56.70467874487777,ets_additive_damped,-7.530250908494203,-16.183559644462477,below_forecast,5.625499465067762,3.978191660693845,5.003527913266687,mad,5.897986153734389,-2.2305495521097867,True,normal,normal,False,1,6,True,True,False,False,normal
ets_additive_damped,territorial_authority_3_bonds_lodged,bonds_lodged,territorial_authority,3,Kaipara District,2025-12-01,2026-01-01,,1,42.0,48.03423994229577,-6.03423994229577,6.03423994229577,36.41205168119765,ets_additive_damped,-6.03423994229577,-12.562372069475419,below_forecast,5.605033125616661,4.037904264188853,7.056452195180697,mad,5.986514846832992,-1.94424859299729,True,normal,normal,False,1,6,True,True,False,False,normal
ets_additive_damped,territorial_authority_3_bonds_lodged,bonds_lodged,territorial_authority,3,Kaipara District,2026-01-01,2026-02-01,,1,51.0,46.59133440626808,4.408665593731925,4.408665593731925,19.436332317355667,ets_additive_damped,4.408665593731918,9.462415382416706,above_forecast,5.58456678616556,4.097616867683861,11.119572007199686,mad,6.075043539931595,-0.19356259501753012,True,normal,normal,False,1,6,True,False,False,False,normal
ets_additive_damped,territorial_authority_3_median_rent,median_rent,territorial_authority,3,Kaipara District,2025-02-01,2025-03-01,,1,520.0,500.3171297433631,19.682870256636875,19.682870256636875,387.41538153960056,ets_additive_damped,19.682870256636875,3.9340788245114,above_forecast,,,,unavailable,,,False,unavailable,unavailable,False,1,6,True,True,False,False,unavailable
ets_additive_damped,territorial_authority_3_median_rent,median_rent,territorial_authority,3,Kaipara District,2025-03-01,2025-04-01,,1,580.0,511.7657711230968,68.23422887690322,68.23422887690322,4655.909990425613,ets_additive_damped,68.23422887690322,13.333097429935501,above_forecast,,,,unavailable,,,False,unavailable,unavailable,False,1,6,True,True,False,False,unavailable
ets_additive_damped,territorial_authority_3_median_rent,median_rent,territorial_authority,3,Kaipara District,2025-04-01,2025-05-01,,1,570.0,535.4949557059555,34.505044294044524,34.505044294044524,1190.5980817339746,ets_additive_damped,34.505044294044524,6.443579706284202,above_forecast,,,,unavailable,,,False,unavailable,unavailable,False,1,6,True,True,False,False,unavailable
ets_additive_damped,territorial_authority_3_median_rent,median_rent,territorial_authority,3,Kaipara District,2025-05-01,2025-06-01,,1,565.0,540.0499276427139,24.950072357286103,24.950072357286103,622.5061106338121,ets_additive_damped,24.950072357286103,4.6199566151581015,above_forecast,,,,unavailable,,,False,unavailable,unavailable,False,1,6,True,True,False,False,unavailable
ets_additive_damped,territorial_authority_3_median_rent,median_rent,territorial_authority,3,Kaipara District,2025-06-01,2025-07-01,,1,560.0,548.2670429581628,11.732957041837151,11.732957041837151,137.66228094559605,ets_additive_damped,11.732957041837153,2.140007719328202,above_forecast,,,,unavailable,,,False,unavailable,unavailable,False,1,6,True,False,False,False,unavailable
ets_additive_damped,territorial_authority_3_median_rent,median_rent,territorial_authority,3,Kaipara District,2025-07-01,2025-08-01,,1,575.0,542.6563722264194,32.34362777358058,32.34362777358058,1046.110257555933,ets_additive_damped,32.34362777358058,5.960241034465442,above_forecast,,,,unavailable,,,False,unavailable,unavailable,False,1,6,True,True,False,False,unavailable
ets_additive_damped,territorial_authority_3_median_rent,median_rent,territorial_authority,3,Kaipara District,2025-08-01,2025-09-01,,1,555.0,554.8261533458781,0.1738466541219168,0.1738466541219168,0.0302226591493853,ets_additive_damped,0.1738466541219168,0.0313335362930415,above_forecast,28.64685006543334,7.4110870187038245,12.965019382129356,mad,10.987527084809228,-2.591393239947202,True,moderate,low,True,1,6,True,False,True,False,statistical_only
ets_additive_damped,territorial_authority_3_median_rent,median_rent,territorial_authority,3,Kaipara District,2025-09-01,2025-10-01,,1,580.0,555.962244553643,24.037755446356982,24.037755446356982,577.8136868988647,ets_additive_damped,24.037755446356982,4.323630908723993,above_forecast,24.950072357286103,9.55497193675842,17.716422384575537,mad,14.166007319137762,-0.06440183817331607,True,normal,normal,False,1,6,True,True,False,False,normal
ets_additive_damped,territorial_authority_3_median_rent,median_rent,territorial_authority,3,Kaipara District,2025-10-01,2025-11-01,,1,570.0,555.881660489754,14.11833951024596,14.11833951024596,199.32751052657213,ets_additive_damped,14.11833951024596,2.5398102714536646,above_forecast,24.493913901821543,8.930422131991008,15.18858995075962,mad,13.240062464034112,-0.7836499578276348,True,normal,normal,False,1,6,True,False,False,False,normal
ets_additive_damped,territorial_authority_3_median_rent,median_rent,territorial_authority,3,Kaipara District,2025-11-01,2025-12-01,,1,550.0,567.4371424836493,-17.437142483649268,17.437142483649268,304.05393799508613,ets_additive_damped,-17.437142483649268,-3.0729645943386092,below_forecast,24.037755446356982,9.919415936111022,18.22528826333462,mad,14.706324590231317,-2.820208249555159,True,moderate,low,True,1,6,True,True,True,True,dashboard_alert
ets_additive_damped,territorial_authority_3_median_rent,median_rent,territorial_authority,3,Kaipara District,2025-12-01,2026-01-01,,1,565.0,553.5951683579195,11.404831642080469,11.404831642080469,130.07018478419982,ets_additive_damped,11.404831642080467,2.0601393028608994,above_forecast,21.86031285149693,10.305335365871713,18.165936260567605,mad,15.278480898253095,-0.6843272756659935,True,normal,normal,False,1,6,True,False,False,False,normal
ets_additive_damped,territorial_authority_3_median_rent,median_rent,territorial_authority,3,Kaipara District,2026-01-01,2026-02-01,,1,580.0,576.4826454353072,3.517354564692824,3.517354564692824,12.37178313376544,ets_additive_damped,3.5173545646928233,0.6101405814284031,above_forecast,19.682870256636875,8.278038614556408,17.07795572347453,mad,12.272851911870138,-1.3171767905313827,True,normal,normal,False,1,6,True,False,False,False,normal
xgboost_pooled_recursive,territorial_authority_40_bonds_lodged,bonds_lodged,territorial_authority,40,Palmerston North City,2025-02-01,2025-03-01,,1,270.0,296.0328369140625,-26.0328369140625,26.0328369140625,677.7085977941751,xgboost_pooled_recursive,-26.0328369140625,-8.793901779760924,below_forecast,,,,unavailable,,,False,unavailable,unavailable,False,1,6,True,False,False,False,unavailable
xgboost_pooled_recursive,territorial_authority_40_bonds_lodged,bonds_lodged,territorial_authority,40,Palmerston North City,2025-03-01,2025-04-01,,1,270.0,281.6093139648437,-11.60931396484375,11.60931396484375,134.7761707343161,xgboost_pooled_recursive,-11.609313964843693,-4.122489345751188,below_forecast,,,,unavailable,,,False,unavailable,unavailable,False,1,6,True,False,False,False,unavailable
xgboost_pooled_recursive,territorial_authority_40_bonds_lodged,bonds_lodged,territorial_authority,40,Palmerston North City,2025-04-01,2025-05-01,,1,300.0,303.73809814453125,-3.73809814453125,3.73809814453125,13.973377738147974,xgboost_pooled_recursive,-3.73809814453125,-1.2306978174178556,below_forecast,,,,unavailable,,,False,unavailable,unavailable,False,1,6,True,False,False,False,unavailable
xgboost_pooled_recursive,territorial_authority_40_bonds_lodged,bonds_lodged,territorial_authority,40,Palmerston North City,2025-05-01,2025-06-01,,1,258.0,292.8310852050781,-34.831085205078125,34.831085205078125,1213.2044965634122,xgboost_pooled_recursive,-34.831085205078125,-11.894599639476425,below_forecast,,,,unavailable,,,False,unavailable,unavailable,False,1,6,True,True,False,False,unavailable
xgboost_pooled_recursive,territorial_authority_40_bonds_lodged,bonds_lodged,territorial_authority,40,Palmerston North City,2025-06-01,2025-07-01,,1,300.0,297.877685546875,2.122314453125,2.122314453125,4.504218637943268,xgboost_pooled_recursive,2.122314453125,0.7124784957384885,above_forecast,,,,unavailable,,,False,unavailable,unavailable,False,1,6,True,False,False,False,unavailable
xgboost_pooled_recursive,territorial_authority_40_bonds_lodged,bonds_lodged,territorial_authority,40,Palmerston North City,2025-07-01,2025-08-01,,1,300.0,315.2215270996094,-15.221527099609377,15.221527099609377,231.6948872441426,xgboost_pooled_recursive,-15.221527099609375,-4.82883489578407,below_forecast,,,,unavailable,,,False,unavailable,unavailable,False,1,6,True,False,False,False,unavailable
xgboost_pooled_recursive,territorial_authority_40_bonds_lodged,bonds_lodged,territorial_authority,40,Palmerston North City,2025-08-01,2025-09-01,,1,264.0,271.7497863769531,-7.749786376953125,7.749786376953125,60.05918888840824,xgboost_pooled_recursive,-7.749786376953125,-2.851809556237568,below_forecast,-13.415420532226534,11.147369384765625,17.624107360839858,mad,16.5268634318245,0.3428136366373995,True,normal,normal,False,1,6,True,False,False,False,normal
xgboost_pooled_recursive,territorial_authority_40_bonds_lodged,bonds_lodged,territorial_authority,40,Palmerston North City,2025-09-01,2025-10-01,,1,288.0,275.79296875,12.20703125,12.20703125,149.01161193847656,xgboost_pooled_recursive,12.20703125,4.42615752871691,above_forecast,-11.609313964843693,7.871215820312443,14.88323974609375,mad,11.669704700240835,2.0408695701059325,True,normal,normal,False,1,6,True,False,False,False,normal
xgboost_pooled_recursive,territorial_authority_40_bonds_lodged,bonds_lodged,territorial_authority,40,Palmerston North City,2025-10-01,2025-11-01,,1,318.0,320.74835205078125,-2.74835205078125,2.74835205078125,7.553438995033503,xgboost_pooled_recursive,-2.74835205078125,-0.856856171889584,below_forecast,-9.679550170898409,8.871658325195284,15.651359558105469,mad,13.152940437650532,0.5269694752267317,True,normal,normal,False,1,6,True,False,False,False,normal
xgboost_pooled_recursive,territorial_authority_40_bonds_lodged,bonds_lodged,territorial_authority,40,Palmerston North City,2025-11-01,2025-12-01,,1,246.0,283.83416748046875,-37.83416748046875,37.83416748046875,1431.424228940159,xgboost_pooled_recursive,-37.83416748046875,-13.329673385101604,below_forecast,-7.749786376953125,7.47174072265625,12.473175048828125,mad,11.077451034330986,-2.7158216281235448,True,moderate,low,True,1,6,True,True,True,True,dashboard_alert
xgboost_pooled_recursive,territorial_authority_40_bonds_lodged,bonds_lodged,territorial_authority,40,Palmerston North City,2025-12-01,2026-01-01,,1,273.0,311.4830322265625,-38.4830322265625,38.4830322265625,1480.943769350648,xgboost_pooled_recursive,-38.4830322265625,-12.354776422804054,below_forecast,-9.679550170898409,9.366531372070284,20.33422088623047,mad,13.886629165411838,-2.0741881786118728,True,normal,normal,False,1,6,True,True,False,False,normal
xgboost_pooled_recursive,territorial_authority_40_bonds_lodged,bonds_lodged,territorial_authority,40,Palmerston North City,2026-01-01,2026-02-01,,1,309.0,310.2356872558594,-1.235687255859375,1.235687255859375,1.5269229942932725,xgboost_pooled_recursive,-1.235687255859375,-0.398305967565966,below_forecast,-11.609313964843693,13.731628417968693,27.188735961914062,mad,20.358233384683015,0.5095543661852877,True,normal,normal,False,1,6,True,False,False,False,normal
xgboost_pooled_recursive,territorial_authority_40_median_rent,median_rent,territorial_authority,40,Palmerston North City,2025-02-01,2025-03-01,,1,540.0,546.2713623046875,-6.2713623046875,6.2713623046875,39.32998515665531,xgboost_pooled_recursive,-6.2713623046875,-1.1480305828643447,below_forecast,,,,unavailable,,,False,unavailable,unavailable,False,1,6,True,False,False,False,unavailable
xgboost_pooled_recursive,territorial_authority_40_median_rent,median_rent,territorial_authority,40,Palmerston North City,2025-03-01,2025-04-01,,1,550.0,547.0927124023438,2.90728759765625,2.90728759765625,8.45232117548585,xgboost_pooled_recursive,2.90728759765625,0.5314067491211925,above_forecast,,,,unavailable,,,False,unavailable,unavailable,False,1,6,True,False,False,False,unavailable
xgboost_pooled_recursive,territorial_authority_40_median_rent,median_rent,territorial_authority,40,Palmerston North City,2025-04-01,2025-05-01,,1,528.0,552.6931762695312,-24.69317626953125,24.69317626953125,609.7529542781413,xgboost_pooled_recursive,-24.69317626953125,-4.4677910511218535,below_forecast,,,,unavailable,,,False,unavailable,unavailable,False,1,6,True,True,False,False,unavailable
xgboost_pooled_recursive,territorial_authority_40_median_rent,median_rent,territorial_authority,40,Palmerston North City,2025-05-01,2025-06-01,,1,500.0,544.622314453125,-44.622314453125,44.622314453125,1991.1509471535685,xgboost_pooled_recursive,-44.622314453125,-8.193258570011382,below_forecast,,,,unavailable,,,False,unavailable,unavailable,False,1,6,True,True,False,False,unavailable
xgboost_pooled_recursive,territorial_authority_40_median_rent,median_rent,territorial_authority,40,Palmerston North City,2025-06-01,2025-07-01,,1,550.0,536.9073486328125,13.0926513671875,13.0926513671875,171.4175198227167,xgboost_pooled_recursive,13.0926513671875,2.4385308564926125,above_forecast,,,,unavailable,,,False,unavailable,unavailable,False,1,6,True,False,False,False,unavailable
xgboost_pooled_recursive,territorial_authority_40_median_rent,median_rent,territorial_authority,40,Palmerston North City,2025-07-01,2025-08-01,,1,540.0,538.2146606445312,1.78533935546875,1.78533935546875,3.187436614185572,xgboost_pooled_recursive,1.78533935546875,0.33171511034848855,above_forecast,,,,unavailable,,,False,unavailable,unavailable,False,1,6,True,False,False,False,unavailable
xgboost_pooled_recursive,territorial_authority_40_median_rent,median_rent,territorial_authority,40,Palmerston North City,2025-08-01,2025-09-01,,1,520.0,538.53955078125,-18.53955078125,18.53955078125,343.7149431705475,xgboost_pooled_recursive,-18.53955078125,-3.4425606725364912,below_forecast,-2.243011474609375,10.24298095703125,22.714523315429688,mad,15.186035518207932,-1.0731266423749113,True,normal,normal,False,1,6,True,True,False,False,normal
xgboost_pooled_recursive,territorial_authority_40_median_rent,median_rent,territorial_authority,40,Palmerston North City,2025-09-01,2025-10-01,,1,540.0,529.9370727539062,10.06292724609375,10.06292724609375,101.26250476017594,xgboost_pooled_recursive,10.06292724609375,1.8988909746963112,above_forecast,-6.2713623046875,12.2681884765625,23.962677001953125,mad,18.18856705198295,0.8980525790788151,True,normal,normal,False,1,6,True,False,False,False,normal
xgboost_pooled_recursive,territorial_authority_40_median_rent,median_rent,territorial_authority,40,Palmerston North City,2025-10-01,2025-11-01,,1,550.0,544.6588134765625,5.3411865234375,5.3411865234375,28.528273478150368,xgboost_pooled_recursive,5.3411865234375,0.9806481399510741,above_forecast,-2.243011474609375,13.82080078125,24.774154663085938,mad,20.490438519273535,0.3701335132927045,True,normal,normal,False,1,6,True,False,False,False,normal
xgboost_pooled_recursive,territorial_authority_40_median_rent,median_rent,territorial_authority,40,Palmerston North City,2025-11-01,2025-12-01,,1,550.0,550.6990966796875,-0.6990966796875,0.6990966796875,0.488736167550087,xgboost_pooled_recursive,-0.6990966796875,-0.12694712664366825,below_forecast,1.78533935546875,8.277587890625,23.8807373046875,mad,12.272183677724241,-0.20244449564960917,True,normal,normal,False,1,6,True,False,False,False,normal
xgboost_pooled_recursive,territorial_authority_40_median_rent,median_rent,territorial_authority,40,Palmerston North City,2025-12-01,2026-01-01,,1,540.0,544.2247924804688,-4.22479248046875,4.22479248046875,17.848871503025293,xgboost_pooled_recursive,-4.22479248046875,-0.7762954828303545,below_forecast,0.543121337890625,8.167144775390625,20.205215454101562,mad,12.108442958325611,-0.393767706943775,True,normal,normal,False,1,6,True,False,False,False,normal
xgboost_pooled_recursive,territorial_authority_40_median_rent,median_rent,territorial_authority,40,Palmerston North City,2026-01-01,2026-02-01,,1,540.0,538.0429077148438,1.95709228515625,1.95709228515625,3.830210212618113,xgboost_pooled_recursive,1.95709228515625,0.3637427902299356,above_forecast,-0.6990966796875,6.040283203125,16.529693603515625,mad,8.955201190696812,0.29660851925952875,True,normal,normal,False,1,6,True,False,False,False,normal
ets_additive_damped,territorial_authority_41_bonds_lodged,bonds_lodged,territorial_authority,41,Tararua District,2025-02-01,2025-03-01,,1,21.0,25.04956590884074,-4.049565908840741,4.049565908840741,16.398984050045133,ets_additive_damped,-4.049565908840741,-16.166211915917984,below_forecast,,,,unavailable,,,False,unavailable,unavailable,False,1,6,True,True,False,False,unavailable
ets_additive_damped,territorial_authority_41_bonds_lodged,bonds_lodged,territorial_authority,41,Tararua District,2025-03-01,2025-04-01,,1,36.0,22.77859654306935,13.221403456930648,13.221403456930648,174.8055093709377,ets_additive_damped,13.221403456930648,58.043099503219445,above_forecast,,,,unavailable,,,False,unavailable,unavailable,False,1,6,True,True,False,False,unavailable
ets_additive_damped,territorial_authority_41_bonds_lodged,bonds_lodged,territorial_authority,41,Tararua District,2025-04-01,2025-05-01,,1,36.0,27.45552656826049,8.544473431739505,8.544473431739505,73.00802622570227,ets_additive_damped,8.544473431739512,31.121142078612362,above_forecast,,,,unavailable,,,False,unavailable,unavailable,False,1,6,True,True,False,False,unavailable
ets_additive_damped,territorial_authority_41_bonds_lodged,bonds_lodged,territorial_authority,41,Tararua District,2025-05-01,2025-06-01,,1,33.0,25.352725937704484,7.647274062295516,7.647274062295516,58.48080058385776,ets_additive_damped,7.647274062295516,30.163518041752337,above_forecast,,,,unavailable,,,False,unavailable,unavailable,False,1,6,True,True,False,False,unavailable
ets_additive_damped,territorial_authority_41_bonds_lodged,bonds_lodged,territorial_authority,41,Tararua District,2025-06-01,2025-07-01,,1,27.0,29.14549127580017,-2.1454912758001683,2.1454912758001683,4.603132814534634,ets_additive_damped,-2.1454912758001683,-7.361314501435746,below_forecast,,,,unavailable,,,False,unavailable,unavailable,False,1,6,True,False,False,False,unavailable
ets_additive_damped,territorial_authority_41_bonds_lodged,bonds_lodged,territorial_authority,41,Tararua District,2025-07-01,2025-08-01,,1,27.0,30.870655783750767,-3.870655783750767,3.870655783750767,14.98197619628326,ets_additive_damped,-3.8706557837507667,-12.538301132521273,below_forecast,,,,unavailable,,,False,unavailable,unavailable,False,1,6,True,True,False,False,unavailable
ets_additive_damped,territorial_authority_41_bonds_lodged,bonds_lodged,territorial_authority,41,Tararua District,2025-08-01,2025-09-01,,1,30.0,25.304249104066383,4.695750895933617,4.695750895933617,22.05007647666137,ets_additive_damped,4.695750895933617,18.557163568149555,above_forecast,2.7508913932476737,6.207564607745139,11.75953824614163,mad,9.203209203476856,0.21132405660747128,True,normal,normal,False,1,6,True,True,False,False,normal
ets_additive_damped,territorial_authority_41_bonds_lodged,bonds_lodged,territorial_authority,41,Tararua District,2025-09-01,2025-10-01,,1,33.0,27.218562244537548,5.781437755462452,5.781437755462452,33.42502252028672,ets_additive_damped,5.781437755462452,21.24079039708543,above_forecast,4.695750895933617,6.841242171733786,11.103947276792981,mad,10.142686689004872,0.10704134839398796,True,normal,normal,False,1,6,True,True,False,False,normal
ets_additive_damped,territorial_authority_41_bonds_lodged,bonds_lodged,territorial_authority,41,Tararua District,2025-10-01,2025-11-01,,1,21.0,27.09888910218036,-6.098889102180358,6.098889102180358,37.196448280694334,ets_additive_damped,-6.098889102180362,-22.506048418382026,below_forecast,5.238594325698035,5.34498235376984,10.448356307444332,mad,7.924362273936012,-1.4307124076303865,True,normal,normal,False,1,6,True,True,False,False,normal
ets_additive_damped,territorial_authority_41_bonds_lodged,bonds_lodged,territorial_authority,41,Tararua District,2025-11-01,2025-12-01,,1,24.0,25.00294452461417,-1.0029445246141755,1.0029445246141755,1.0058977194535546,ets_additive_damped,-1.0029445246141684,-4.011305642928651,below_forecast,4.695750895933617,6.841242171733786,11.517929846046282,mad,10.142686689004872,-0.5618526525841943,True,normal,normal,False,1,6,True,False,False,False,normal
ets_additive_damped,territorial_authority_41_bonds_lodged,bonds_lodged,territorial_authority,41,Tararua District,2025-12-01,2026-01-01,,1,30.0,27.07247350431656,2.9275264956834413,2.9275264956834413,8.57041138292857,ets_additive_damped,2.9275264956834413,10.813664644335743,above_forecast,1.8464031856597245,5.758964923023141,10.620179642350367,mad,8.53812442256952,0.12662304465438515,True,normal,normal,False,1,6,True,True,False,False,normal
ets_additive_damped,territorial_authority_41_bonds_lodged,bonds_lodged,territorial_authority,41,Tararua District,2026-01-01,2026-02-01,,1,30.0,27.766466007325576,2.233533992674424,2.233533992674424,4.988674096432153,ets_additive_damped,2.233533992674424,8.043998080580923,above_forecast,2.9275264956834413,5.0730177714836096,9.722429438654451,mad,7.521153108204017,-0.0922720882057321,True,normal,normal,False,1,6,True,False,False,False,normal
ets_additive_damped,territorial_authority_41_median_rent,median_rent,territorial_authority,41,Tararua District,2025-02-01,2025-03-01,,1,450.0,472.7068453525468,-22.7068453525468,22.7068453525468,515.6008258644758,ets_additive_damped,-22.706845352546793,-4.803578703331857,below_forecast,,,,unavailable,,,False,unavailable,unavailable,False,1,6,True,True,False,False,unavailable
ets_additive_damped,territorial_authority_41_median_rent,median_rent,territorial_authority,41,Tararua District,2025-03-01,2025-04-01,,1,490.0,473.8407659819073,16.159234018092718,16.159234018092718,261.12084405148494,ets_additive_damped,16.159234018092718,3.410266734776832,above_forecast,,,,unavailable,,,False,unavailable,unavailable,False,1,6,True,True,False,False,unavailable
ets_additive_damped,territorial_authority_41_median_rent,median_rent,territorial_authority,41,Tararua District,2025-04-01,2025-05-01,,1,450.0,478.60379570172233,-28.603795701722333,28.603795701722333,818.177128545869,ets_additive_damped,-28.603795701722333,-5.976508326638705,below_forecast,,,,unavailable,,,False,unavailable,unavailable,False,1,6,True,True,False,False,unavailable
ets_additive_damped,territorial_authority_41_median_rent,median_rent,territorial_authority,41,Tararua District,2025-05-01,2025-06-01,,1,450.0,477.4868786830576,-27.48687868305757,27.48687868305757,755.5284997371245,ets_additive_damped,-27.486878683057625,-5.756572569882626,below_forecast,,,,unavailable,,,False,unavailable,unavailable,False,1,6,True,True,False,False,unavailable
ets_additive_damped,territorial_authority_41_median_rent,median_rent,territorial_authority,41,Tararua District,2025-06-01,2025-07-01,,1,473.0,473.9795318710029,-0.9795318710028482,0.9795318710028482,0.9594826863103404,ets_additive_damped,-0.9795318710029051,-0.20666121744461574,below_forecast,,,,unavailable,,,False,unavailable,unavailable,False,1,6,True,False,False,False,unavailable
ets_additive_damped,territorial_authority_41_median_rent,median_rent,territorial_authority,41,Tararua District,2025-07-01,2025-08-01,,1,470.0,474.9855024810138,-4.985502481013839,4.985502481013839,24.855234988195143,ets_additive_damped,-4.985502481013782,-1.0496115049770522,below_forecast,,,,unavailable,,,False,unavailable,unavailable,False,1,6,True,False,False,False,unavailable
ets_additive_damped,territorial_authority_41_median_rent,median_rent,territorial_authority,41,Tararua District,2025-08-01,2025-09-01,,1,480.0,476.944180104763,3.055819895236993,3.055819895236993,9.338035232126227,ets_additive_damped,3.0558198952369935,0.6407080792066209,above_forecast,-13.846173916780288,13.25367340602736,24.310845826924293,mad,19.649626991886375,0.8601686850847788,True,normal,normal,False,1,6,True,False,False,False,normal
ets_additive_damped,territorial_authority_41_median_rent,median_rent,territorial_authority,41,Tararua District,2025-09-01,2025-10-01,,1,500.0,476.11363951902274,23.88636048097726,23.88636048097726,570.5582170271922,ets_additive_damped,23.88636048097726,5.0169452202855656,above_forecast,-4.985502481013782,17.72134287153301,26.135006029919253,mad,26.273302997083782,1.0989049593496367,True,normal,normal,False,1,6,True,True,False,False,normal
ets_additive_damped,territorial_authority_41_median_rent,median_rent,territorial_authority,41,Tararua District,2025-10-01,2025-11-01,,1,423.0,481.3277752742672,-58.3277752742672,58.3277752742672,3402.129368445416,ets_additive_damped,-58.327775274267196,-12.118098782276013,below_forecast,-2.9825171760083435,19.433039685319756,30.233527111125426,mad,28.81102992634508,-1.9209746489364694,True,normal,normal,False,1,6,True,True,False,False,normal
ets_additive_damped,territorial_authority_41_median_rent,median_rent,territorial_authority,41,Tararua District,2025-11-01,2025-12-01,,1,480.0,477.7875165150823,2.2124834849176978,2.2124834849176978,4.89508317103356,ets_additive_damped,2.2124834849176978,0.4630684997915504,above_forecast,-4.985502481013782,21.1447364991065,30.54269857829462,mad,31.348756855606375,0.22960993314936506,True,normal,normal,False,1,6,True,False,False,False,normal
ets_additive_damped,territorial_authority_41_median_rent,median_rent,territorial_authority,41,Tararua District,2025-12-01,2026-01-01,,1,450.0,478.1250927263297,-28.125092726329683,28.125092726329683,791.0208408646429,ets_additive_damped,-28.125092726329683,-5.8823711941067245,below_forecast,-2.9825171760083435,19.433039685319756,29.136856143087087,mad,28.81102992634508,-0.8726718765208297,True,normal,normal,False,1,6,True,True,False,False,normal
ets_additive_damped,territorial_authority_41_median_rent,median_rent,territorial_authority,41,Tararua District,2026-01-01,2026-02-01,,1,450.0,472.531904301272,-22.531904301272,22.531904301272,507.68671144167934,ets_additive_damped,-22.531904301271993,-4.7683350258835295,below_forecast,-4.985502481013782,21.1447364991065,30.440137394771,mad,31.348756855606375,-0.5597160327944626,True,normal,normal,False,1,6,True,True,False,False,normal
ets_additive_damped,territorial_authority_42_bonds_lodged,bonds_lodged,territorial_authority,42,Horowhenua District,2025-02-01,2025-03-01,,1,96.0,77.52964709469474,18.470352905305266,18.470352905305266,341.1539364465185,ets_additive_damped,18.470352905305262,23.823599871086177,above_forecast,,,,unavailable,,,False,unavailable,unavailable,False,1,6,True,True,False,False,unavailable
ets_additive_damped,territorial_authority_42_bonds_lodged,bonds_lodged,territorial_authority,42,Horowhenua District,2025-03-01,2025-04-01,,1,93.0,73.35364623420112,19.64635376579888,19.64635376579888,385.9792162909197,ets_additive_damped,19.646353765798878,26.783063657221135,above_forecast,,,,unavailable,,,False,unavailable,unavailable,False,1,6,True,True,False,False,unavailable
ets_additive_damped,territorial_authority_42_bonds_lodged,bonds_lodged,territorial_authority,42,Horowhenua District,2025-04-01,2025-05-01,,1,111.0,81.2684292445889,29.7315707554111,29.7315707554111,883.9662995840165,ets_additive_damped,29.7315707554111,36.584404339758684,above_forecast,,,,unavailable,,,False,unavailable,unavailable,False,1,6,True,True,False,False,unavailable
ets_additive_damped,territorial_authority_42_bonds_lodged,bonds_lodged,territorial_authority,42,Horowhenua District,2025-05-01,2025-06-01,,1,84.0,83.64432798373873,0.3556720162612663,0.3556720162612663,0.1265025831513545,ets_additive_damped,0.3556720162612663,0.42521952753378855,above_forecast,,,,unavailable,,,False,unavailable,unavailable,False,1,6,True,False,False,False,unavailable
ets_additive_damped,territorial_authority_42_bonds_lodged,bonds_lodged,territorial_authority,42,Horowhenua District,2025-06-01,2025-07-01,,1,117.0,90.07275501824556,26.927244981754427,26.927244981754427,725.0765223074189,ets_additive_damped,26.92724498175444,29.894994303549318,above_forecast,,,,unavailable,,,False,unavailable,unavailable,False,1,6,True,True,False,False,unavailable
ets_additive_damped,territorial_authority_42_bonds_lodged,bonds_lodged,territorial_authority,42,Horowhenua District,2025-07-01,2025-08-01,,1,105.0,94.87534671311892,10.12465328688107,10.12465328688107,102.50860417955168,ets_additive_damped,10.124653286881085,10.671532318607163,above_forecast,,,,unavailable,,,False,unavailable,unavailable,False,1,6,True,True,False,False,unavailable
ets_additive_damped,territorial_authority_42_bonds_lodged,bonds_lodged,territorial_authority,42,Horowhenua District,2025-08-01,2025-09-01,,1,102.0,96.7087656676984,5.291234332301613,5.291234332301613,27.997160759327297,ets_additive_damped,5.291234332301599,5.471307896207509,above_forecast,19.05835333555207,8.401295847436678,12.895943986278422,mad,12.45559058181865,-1.1052963657416817,True,normal,normal,False,1,6,True,False,False,False,normal
ets_additive_damped,territorial_authority_42_bonds_lodged,bonds_lodged,territorial_authority,42,Horowhenua District,2025-09-01,2025-10-01,,1,87.0,97.72487059977198,-10.724870599771975,10.724870599771975,115.02284938185328,ets_additive_damped,-10.724870599771975,-10.974555948705445,below_forecast,18.470352905305262,8.45689207644918,15.578855564185318,mad,12.538016421718575,-2.3285360716631978,True,normal,normal,False,1,6,True,True,False,False,normal
ets_additive_damped,territorial_authority_42_bonds_lodged,bonds_lodged,territorial_authority,42,Horowhenua District,2025-10-01,2025-11-01,,1,75.0,92.16721967082846,-17.16721967082846,17.16721967082846,294.7134312264796,ets_additive_damped,-17.16721967082846,-18.626166366025252,below_forecast,14.297503096093173,10.818005324726421,17.409232816496253,mad,16.038554966236354,-1.961817809220329,True,normal,normal,False,1,6,True,True,False,False,normal
ets_additive_damped,territorial_authority_42_bonds_lodged,bonds_lodged,territorial_authority,42,Horowhenua District,2025-11-01,2025-12-01,,1,84.0,85.3447656424411,-1.3447656424411036,1.3447656424411036,1.8083946330900345,ets_additive_damped,-1.3447656424411036,-1.57568613882556,below_forecast,10.124653286881085,9.768981270619818,19.29068174953761,mad,14.483293210703955,-0.791906837931421,True,normal,normal,False,1,6,True,False,False,False,normal
ets_additive_damped,territorial_authority_42_bonds_lodged,bonds_lodged,territorial_authority,42,Horowhenua District,2025-12-01,2026-01-01,,1,57.0,88.68513990473917,-31.685139904739174,31.685139904739174,1003.9480907828948,ets_additive_damped,-31.685139904739174,-35.727676518043104,below_forecast,7.707943809591342,11.350409525960728,20.272009778440985,mad,16.827886621142667,-2.3409406422335164,True,normal,normal,False,1,6,True,True,False,False,normal
ets_additive_damped,territorial_authority_42_bonds_lodged,bonds_lodged,territorial_authority,42,Horowhenua District,2026-01-01,2026-02-01,,1,93.0,87.0210898903158,5.978910109684193,5.978910109684193,35.74736609968385,ets_additive_damped,5.978910109684193,6.87064494046237,above_forecast,5.291234332301599,14.35511943349728,25.09317145665861,mad,21.28260850036661,0.03231163028586221,True,normal,normal,False,1,6,True,False,False,False,normal
ets_additive_damped,territorial_authority_42_median_rent,median_rent,territorial_authority,42,Horowhenua District,2025-02-01,2025-03-01,,1,520.0,528.7309445758891,-8.730944575889112,8.730944575889112,76.2293931872475,ets_additive_damped,-8.730944575889112,-1.651301983637909,below_forecast,,,,unavailable,,,False,unavailable,unavailable,False,1,6,True,False,False,False,unavailable
ets_additive_damped,territorial_authority_42_median_rent,median_rent,territorial_authority,42,Horowhenua District,2025-03-01,2025-04-01,,1,533.0,528.9421524677574,4.05784753224259,4.05784753224259,16.466126594927278,ets_additive_damped,4.05784753224259,0.7671628198491788,above_forecast,,,,unavailable,,,False,unavailable,unavailable,False,1,6,True,False,False,False,unavailable
ets_additive_damped,territorial_authority_42_median_rent,median_rent,territorial_authority,42,Horowhenua District,2025-04-01,2025-05-01,,1,523.0,531.9967153413237,-8.996715341323693,8.996715341323693,80.9408869328091,ets_additive_damped,-8.996715341323693,-1.6911223475414676,below_forecast,,,,unavailable,,,False,unavailable,unavailable,False,1,6,True,False,False,False,unavailable
ets_additive_damped,territorial_authority_42_median_rent,median_rent,territorial_authority,42,Horowhenua District,2025-05-01,2025-06-01,,1,520.0,531.2965768205066,-11.29657682050663,11.29657682050663,127.61264786160768,ets_additive_damped,-11.29657682050663,-2.126228045380964,below_forecast,,,,unavailable,,,False,unavailable,unavailable,False,1,6,True,False,False,False,unavailable
ets_additive_damped,territorial_authority_42_median_rent,median_rent,territorial_authority,42,Horowhenua District,2025-06-01,2025-07-01,,1,500.0,527.3423750787947,-27.342375078794703,27.342375078794703,747.6054749494937,ets_additive_damped,-27.342375078794703,-5.1849379778572215,below_forecast,,,,unavailable,,,False,unavailable,unavailable,False,1,6,True,True,False,False,unavailable
ets_additive_damped,territorial_authority_42_median_rent,median_rent,territorial_authority,42,Horowhenua District,2025-07-01,2025-08-01,,1,510.0,520.8293217013932,-10.829321701393155,10.829321701393155,117.27420851226476,ets_additive_damped,-10.829321701393155,-2.0792457817115615,below_forecast,,,,unavailable,,,False,unavailable,unavailable,False,1,6,True,False,False,False,unavailable
ets_additive_damped,territorial_authority_42_median_rent,median_rent,territorial_authority,42,Horowhenua District,2025-08-01,2025-09-01,,1,520.0,517.4307502076363,2.5692497923637347,2.5692497923637347,6.601044495561094,ets_additive_damped,2.5692497923637347,0.4965398348151396,above_forecast,-9.913018521358424,1.282816122308759,2.382375773480504,mad,1.9018771272183232,6.56313078015648,True,high,high,True,1,6,True,False,True,False,statistical_only
ets_additive_damped,territorial_authority_42_median_rent,median_rent,territorial_authority,42,Horowhenua District,2025-09-01,2025-10-01,,1,500.0,518.2922380987975,-18.292238098797498,18.292238098797498,334.60597466309866,ets_additive_damped,-18.292238098797498,-3.5293289681314137,below_forecast,-8.996715341323693,2.299861479182937,7.982101869187204,mad,3.409727915764176,-2.7261772748781112,True,moderate,low,True,1,6,True,True,True,True,dashboard_alert
ets_additive_damped,territorial_authority_42_median_rent,median_rent,territorial_authority,42,Horowhenua District,2025-10-01,2025-11-01,,1,490.0,513.6311910246338,-23.63119102463384,23.63119102463384,558.4331892427348,ets_additive_damped,-23.631191024633836,-4.60080918713141,below_forecast,-9.913018521358424,4.8813889382936395,7.139596156253447,mad,7.237048092355285,-1.895548064378118,True,normal,normal,False,1,6,True,True,False,False,normal
ets_additive_damped,territorial_authority_42_median_rent,median_rent,territorial_authority,42,Horowhenua District,2025-11-01,2025-12-01,,1,520.0,509.747448286933,10.25255171306702,10.25255171306702,105.1148166291135,ets_additive_damped,10.252551713067021,2.011300252217435,above_forecast,-10.829321701393155,7.462916397404342,9.561293522908386,mad,11.064368268946394,1.9053842842188495,True,normal,normal,False,1,6,True,False,False,False,normal
ets_additive_damped,territorial_authority_42_median_rent,median_rent,territorial_authority,42,Horowhenua District,2025-12-01,2026-01-01,,1,510.0,509.0593868910185,0.9406131089814947,0.9406131089814947,0.8847530207878336,ets_additive_damped,0.9406131089814949,0.18477473025811528,above_forecast,-9.913018521358424,10.430743945580616,16.287523979525304,mad,15.464409111312996,0.7018458676445607,True,normal,normal,False,1,6,True,False,False,False,normal
ets_additive_damped,territorial_authority_42_median_rent,median_rent,territorial_authority,42,Horowhenua District,2026-01-01,2026-02-01,,1,540.0,508.2118696676205,31.788130332379467,31.788130332379467,1010.4852300283436,ets_additive_damped,31.788130332379524,6.254897264239326,above_forecast,-8.996715341323693,9.937328450305188,16.54933891032468,mad,14.732881319948389,2.7682871251043304,True,moderate,high,True,1,6,True,True,True,True,dashboard_alert
ets_additive_damped,territorial_authority_43_bonds_lodged,bonds_lodged,territorial_authority,43,Kapiti Coast District,2025-02-01,2025-03-01,,1,138.0,104.2058115850756,33.794188414924406,33.794188414924406,1142.047170623411,ets_additive_damped,33.794188414924406,32.43023388127849,above_forecast,,,,unavailable,,,False,unavailable,unavailable,False,1,6,True,True,False,False,unavailable
ets_additive_damped,territorial_authority_43_bonds_lodged,bonds_lodged,territorial_authority,43,Kapiti Coast District,2025-03-01,2025-04-01,,1,111.0,108.85974572448566,2.140254275514337,2.140254275514337,4.5806883638574005,ets_additive_damped,2.1402542755143372,1.9660658412073921,above_forecast,,,,unavailable,,,False,unavailable,unavailable,False,1,6,True,False,False,False,unavailable
ets_additive_damped,territorial_authority_43_bonds_lodged,bonds_lodged,territorial_authority,43,Kapiti Coast District,2025-04-01,2025-05-01,,1,138.0,111.112120391066,26.887879608933986,26.887879608933986,722.958069864528,ets_additive_damped,26.887879608934,24.198871837114115,above_forecast,,,,unavailable,,,False,unavailable,unavailable,False,1,6,True,True,False,False,unavailable
ets_additive_damped,territorial_authority_43_bonds_lodged,bonds_lodged,territorial_authority,43,Kapiti Coast District,2025-05-01,2025-06-01,,1,117.0,109.46233001660558,7.537669983394423,7.537669983394423,56.81646877856528,ets_additive_damped,7.537669983394423,6.886085818062661,above_forecast,,,,unavailable,,,False,unavailable,unavailable,False,1,6,True,False,False,False,unavailable
ets_additive_damped,territorial_authority_43_bonds_lodged,bonds_lodged,territorial_authority,43,Kapiti Coast District,2025-06-01,2025-07-01,,1,117.0,117.96959976214076,-0.969599762140774,0.969599762140774,0.9401236987434458,ets_additive_damped,-0.9695997621407599,-0.8219064607286457,below_forecast,,,,unavailable,,,False,unavailable,unavailable,False,1,6,True,False,False,False,unavailable
ets_additive_damped,territorial_authority_43_bonds_lodged,bonds_lodged,territorial_authority,43,Kapiti Coast District,2025-07-01,2025-08-01,,1,120.0,114.90834411394134,5.0916558860586605,5.0916558860586605,25.924959662035803,ets_additive_damped,5.0916558860586605,4.431058445163784,above_forecast,,,,unavailable,,,False,unavailable,unavailable,False,1,6,True,False,False,False,unavailable
ets_additive_damped,territorial_authority_43_bonds_lodged,bonds_lodged,territorial_authority,43,Kapiti Coast District,2025-08-01,2025-09-01,,1,93.0,112.77346301734666,-19.773463017346657,19.773463017346657,390.989839698376,ets_additive_damped,-19.773463017346657,-17.533790741448747,below_forecast,6.314662934726542,5.729335678039753,19.172222524398688,mad,8.49419670576687,-3.0712881813016506,True,moderate,low,True,1,6,True,True,True,True,dashboard_alert
ets_additive_damped,territorial_authority_43_bonds_lodged,bonds_lodged,territorial_authority,43,Kapiti Coast District,2025-09-01,2025-10-01,,1,111.0,110.60842527958948,0.3915747204105173,0.3915747204105173,0.1533307616645748,ets_additive_damped,0.39157472041051733,0.35401889089435795,above_forecast,5.0916558860586605,6.06125564819942,16.627447539477423,mad,8.98629451178565,-0.5230277239950151,True,normal,normal,False,1,6,True,False,False,False,normal
ets_additive_damped,territorial_authority_43_bonds_lodged,bonds_lodged,territorial_authority,43,Kapiti Coast District,2025-10-01,2025-11-01,,1,102.0,102.85719919771807,-0.8571991977180744,0.8571991977180744,0.7347904645685104,ets_additive_damped,-0.8571991977180744,-0.8333876523998252,below_forecast,3.615955080786499,4.2536348727675914,12.32394129000662,mad,6.3063526653337165,-0.7093092498765077,True,normal,normal,False,1,6,True,False,False,False,normal
ets_additive_damped,territorial_authority_43_bonds_lodged,bonds_lodged,territorial_authority,43,Kapiti Coast District,2025-11-01,2025-12-01,,1,108.0,99.72656713041654,8.27343286958346,8.27343286958346,68.449691447504,ets_additive_damped,8.27343286958346,8.296117180855077,above_forecast,2.1402542755143372,3.109854037655097,8.394869181112497,mad,4.6106064309193435,1.3302325162562576,True,normal,normal,False,1,6,True,False,False,False,normal
ets_additive_damped,territorial_authority_43_bonds_lodged,bonds_lodged,territorial_authority,43,Kapiti Coast District,2025-12-01,2026-01-01,,1,108.0,104.643904043507,3.356095956493008,3.356095956493008,11.263380069188711,ets_additive_damped,3.356095956492993,3.2071585890924466,above_forecast,3.615955080786499,4.529354560715916,8.634497866222127,mad,6.715129074449098,-0.038697562088905096,True,normal,normal,False,1,6,True,False,False,False,normal
ets_additive_damped,territorial_authority_43_bonds_lodged,bonds_lodged,territorial_authority,43,Kapiti Coast District,2026-01-01,2026-02-01,,1,111.0,117.0121776057082,-6.012177605708189,6.012177605708189,36.14627956257905,ets_additive_damped,-6.012177605708203,-5.138078556205684,below_forecast,3.356095956492993,4.2132951542110675,8.13836366514272,mad,6.246545817955623,-1.4997526369329115,True,normal,normal,False,1,6,True,False,False,False,normal
ets_additive_damped,territorial_authority_43_median_rent,median_rent,territorial_authority,43,Kapiti Coast District,2025-02-01,2025-03-01,,1,620.0,604.4716198199912,15.528380180008751,15.528380180008751,241.1305910148887,ets_additive_damped,15.528380180008753,2.568917989008819,above_forecast,,,,unavailable,,,False,unavailable,unavailable,False,1,6,True,True,False,False,unavailable
ets_additive_damped,territorial_authority_43_median_rent,median_rent,territorial_authority,43,Kapiti Coast District,2025-03-01,2025-04-01,,1,600.0,614.3297832326166,-14.329783232616592,14.329783232616592,205.3426874937796,ets_additive_damped,-14.329783232616592,-2.3325880697518784,below_forecast,,,,unavailable,,,False,unavailable,unavailable,False,1,6,True,False,False,False,unavailable
ets_additive_damped,territorial_authority_43_median_rent,median_rent,territorial_authority,43,Kapiti Coast District,2025-04-01,2025-05-01,,1,600.0,608.7971333308118,-8.79713333081179,8.79713333081179,77.38955484007973,ets_additive_damped,-8.79713333081179,-1.445002423497213,below_forecast,,,,unavailable,,,False,unavailable,unavailable,False,1,6,True,False,False,False,unavailable
ets_additive_damped,territorial_authority_43_median_rent,median_rent,territorial_authority,43,Kapiti Coast District,2025-05-01,2025-06-01,,1,600.0,606.131897815542,-6.131897815541947,6.131897815541947,37.6001708202481,ets_additive_damped,-6.131897815541947,-1.0116441384525199,below_forecast,,,,unavailable,,,False,unavailable,unavailable,False,1,6,True,False,False,False,unavailable
ets_additive_damped,territorial_authority_43_median_rent,median_rent,territorial_authority,43,Kapiti Coast District,2025-06-01,2025-07-01,,1,595.0,604.6863996423441,-9.6863996423441,9.6863996423441,93.8263380312039,ets_additive_damped,-9.6863996423441,-1.6018881271471206,below_forecast,,,,unavailable,,,False,unavailable,unavailable,False,1,6,True,False,False,False,unavailable
ets_additive_damped,territorial_authority_43_median_rent,median_rent,territorial_authority,43,Kapiti Coast District,2025-07-01,2025-08-01,,1,600.0,599.2101675513783,0.7898324486217234,0.7898324486217234,0.6238352968957873,ets_additive_damped,0.7898324486217234,0.13181225743369926,above_forecast,,,,unavailable,,,False,unavailable,unavailable,False,1,6,True,False,False,False,unavailable
ets_additive_damped,territorial_authority_43_median_rent,median_rent,territorial_authority,43,Kapiti Coast District,2025-08-01,2025-09-01,,1,595.0,600.2628040922609,-5.262804092260922,5.262804092260922,27.697106913518304,ets_additive_damped,-5.262804092260922,-0.8767499929001138,below_forecast,-7.464515573176868,4.543575864303477,8.523482947041828,mad,6.736213290294259,0.3268470557617645,True,normal,normal,False,1,6,True,False,False,False,normal
ets_additive_damped,territorial_authority_43_median_rent,median_rent,territorial_authority,43,Kapiti Coast District,2025-09-01,2025-10-01,,1,600.0,601.2644026314334,-1.264402631433427,1.264402631433427,1.5987140143757743,ets_additive_damped,-1.264402631433427,-0.21029061855313058,below_forecast,-6.131897815541947,3.554501826802152,7.005280664758345,mad,5.2698322117155705,0.923652782205741,True,normal,normal,False,1,6,True,False,False,False,normal
ets_additive_damped,territorial_authority_43_median_rent,median_rent,territorial_authority,43,Kapiti Coast District,2025-10-01,2025-11-01,,1,600.0,597.9878889396615,2.0121110603384977,2.0121110603384977,4.0485909191365135,ets_additive_damped,2.0121110603384977,0.33648023606403255,above_forecast,-5.697350953901434,4.210998505455336,8.268606047275227,mad,6.243140853158393,1.234869146086898,True,normal,normal,False,1,6,True,False,False,False,normal
ets_additive_damped,territorial_authority_43_median_rent,median_rent,territorial_authority,43,Kapiti Coast District,2025-11-01,2025-12-01,,1,595.0,599.538264916074,-4.538264916074013,4.538264916074013,20.595848448468267,ets_additive_damped,-4.538264916074013,-0.7569600110026837,below_forecast,-5.262804092260922,4.423595550083178,9.586965779433513,mad,6.558332913392406,0.11047612034262054,True,normal,normal,False,1,6,True,False,False,False,normal
ets_additive_damped,territorial_authority_43_median_rent,median_rent,territorial_authority,43,Kapiti Coast District,2025-12-01,2026-01-01,,1,583.0,604.7717527505202,-21.77175275052025,21.77175275052025,474.00921782978605,ets_additive_damped,-21.77175275052025,-3.5999949818260624,below_forecast,-4.900534504167467,4.341231982410477,8.407098130602265,mad,6.436222360875429,-2.621292009566001,True,moderate,low,True,1,6,True,True,True,True,dashboard_alert
ets_additive_damped,territorial_authority_43_median_rent,median_rent,territorial_authority,43,Kapiti Coast District,2026-01-01,2026-02-01,,1,590.0,596.9420255310293,-6.942025531029344,6.942025531029344,48.19171847346325,ets_additive_damped,-6.942025531029344,-1.1629312787709725,below_forecast,-5.262804092260922,4.423595550083178,9.004481395172093,mad,6.558332913392406,-0.25604394606735775,True,normal,normal,False,1,6,True,False,False,False,normal
ets_additive_damped,territorial_authority_44_bonds_lodged,bonds_lodged,territorial_authority,44,Porirua City,2025-02-01,2025-03-01,,1,102.0,92.14489046143306,9.855109538566936,9.855109538566936,97.123184017153,ets_additive_damped,9.855109538566936,10.695231704346925,above_forecast,,,,unavailable,,,False,unavailable,unavailable,False,1,6,True,True,False,False,unavailable
ets_additive_damped,territorial_authority_44_bonds_lodged,bonds_lodged,territorial_authority,44,Porirua City,2025-03-01,2025-04-01,,1,102.0,84.93433694093503,17.065663059064974,17.065663059064974,291.2368556455349,ets_additive_damped,17.065663059064974,20.09277245660111,above_forecast,,,,unavailable,,,False,unavailable,unavailable,False,1,6,True,True,False,False,unavailable
ets_additive_damped,territorial_authority_44_bonds_lodged,bonds_lodged,territorial_authority,44,Porirua City,2025-04-01,2025-05-01,,1,105.0,87.05036789961157,17.949632100388428,17.949632100388428,322.1892925392947,ets_additive_damped,17.949632100388428,20.619823366040617,above_forecast,,,,unavailable,,,False,unavailable,unavailable,False,1,6,True,True,False,False,unavailable
ets_additive_damped,territorial_authority_44_bonds_lodged,bonds_lodged,territorial_authority,44,Porirua City,2025-05-01,2025-06-01,,1,93.0,83.74758926688212,9.252410733117884,9.252410733117884,85.60710437431501,ets_additive_damped,9.252410733117884,11.047972621197275,above_forecast,,,,unavailable,,,False,unavailable,unavailable,False,1,6,True,True,False,False,unavailable
ets_additive_damped,territorial_authority_44_bonds_lodged,bonds_lodged,territorial_authority,44,Porirua City,2025-06-01,2025-07-01,,1,81.0,95.72674032449598,-14.726740324495978,14.726740324495978,216.8768805851359,ets_additive_damped,-14.726740324495978,-15.384144779791987,below_forecast,,,,unavailable,,,False,unavailable,unavailable,False,1,6,True,True,False,False,unavailable
ets_additive_damped,territorial_authority_44_bonds_lodged,bonds_lodged,territorial_authority,44,Porirua City,2025-07-01,2025-08-01,,1,93.0,90.43815582473502,2.56184417526498,2.56184417526498,6.563045578339106,ets_additive_damped,2.56184417526498,2.832702803261177,above_forecast,,,,unavailable,,,False,unavailable,unavailable,False,1,6,True,False,False,False,unavailable
ets_additive_damped,territorial_authority_44_bonds_lodged,bonds_lodged,territorial_authority,44,Porirua City,2025-08-01,2025-09-01,,1,90.0,86.47893274931593,3.521067250684069,3.521067250684069,12.39791458383987,ets_additive_damped,3.5210672506840694,4.071589621591302,above_forecast,9.55376013584241,7.251909441899997,11.028538864212258,mad,10.751533642550033,-0.5611006843975717,True,normal,normal,False,1,6,True,False,False,False,normal
ets_additive_damped,territorial_authority_44_bonds_lodged,bonds_lodged,territorial_authority,44,Porirua City,2025-09-01,2025-10-01,,1,75.0,84.8760845442695,-9.876084544269505,9.876084544269505,97.53704592555896,ets_additive_damped,-9.876084544269503,-11.6358861242219,below_forecast,9.252410733117884,6.690566557852904,10.41893058584143,mad,9.919298084288961,-1.9284121834875338,True,normal,normal,False,1,6,True,True,False,False,normal
ets_additive_damped,territorial_authority_44_bonds_lodged,bonds_lodged,territorial_authority,44,Porirua City,2025-10-01,2025-11-01,,1,81.0,85.83617092094589,-4.836170920945889,4.836170920945889,23.388549176602613,ets_additive_damped,-4.836170920945889,-5.6341876263328965,below_forecast,6.386738991900977,7.251909441899997,12.205385923310086,mad,10.751533642550033,-1.0438427005828568,True,normal,normal,False,1,6,True,False,False,False,normal
ets_additive_damped,territorial_authority_44_bonds_lodged,bonds_lodged,territorial_authority,44,Porirua City,2025-11-01,2025-12-01,,1,84.0,84.02488661481514,-0.0248866148151449,0.0248866148151449,0.0006193435969573,ets_additive_damped,-0.02488661481514498,-0.02961814745342008,below_forecast,3.5210672506840694,8.357238171629959,14.691280459512825,mad,12.390271566538116,-0.28618855094957096,True,normal,normal,False,1,6,True,False,False,False,normal
ets_additive_damped,territorial_authority_44_bonds_lodged,bonds_lodged,territorial_authority,44,Porirua City,2025-12-01,2026-01-01,,1,78.0,84.55051814444263,-6.550518144442634,6.550518144442634,42.909287960672174,ets_additive_damped,-6.550518144442634,-7.747460675819866,below_forecast,3.0414557129745248,7.3456402297564125,13.337784681617876,mad,10.89049700482789,-0.8807654832616839,True,normal,normal,False,1,6,True,False,False,False,normal
ets_additive_damped,territorial_authority_44_bonds_lodged,bonds_lodged,territorial_authority,44,Porirua City,2026-01-01,2026-02-01,,1,102.0,94.65468359271846,7.345316407281544,7.345316407281544,53.95367312307945,ets_additive_damped,7.345316407281544,7.76011933956388,above_forecast,2.56184417526498,7.3980150962108695,15.247104668536672,mad,10.968146918029458,0.43612401144567864,True,normal,normal,False,1,6,True,False,False,False,normal
xgboost_pooled_recursive,territorial_authority_44_median_rent,median_rent,territorial_authority,44,Porirua City,2025-02-01,2025-03-01,,1,650.0,675.300537109375,-25.300537109375,25.300537109375,640.1171780228615,xgboost_pooled_recursive,-25.300537109375,-3.746559601103531,below_forecast,,,,unavailable,,,False,unavailable,unavailable,False,1,6,True,True,False,False,unavailable
xgboost_pooled_recursive,territorial_authority_44_median_rent,median_rent,territorial_authority,44,Porirua City,2025-03-01,2025-04-01,,1,650.0,668.3905029296875,-18.3905029296875,18.3905029296875,338.2105980068445,xgboost_pooled_recursive,-18.3905029296875,-2.7514608375011758,below_forecast,,,,unavailable,,,False,unavailable,unavailable,False,1,6,True,True,False,False,unavailable
xgboost_pooled_recursive,territorial_authority_44_median_rent,median_rent,territorial_authority,44,Porirua City,2025-04-01,2025-05-01,,1,650.0,668.345458984375,-18.345458984375,18.345458984375,336.5558653473854,xgboost_pooled_recursive,-18.345458984375,-2.7449066553475143,below_forecast,,,,unavailable,,,False,unavailable,unavailable,False,1,6,True,True,False,False,unavailable
xgboost_pooled_recursive,territorial_authority_44_median_rent,median_rent,territorial_authority,44,Porirua City,2025-05-01,2025-06-01,,1,650.0,657.3015747070312,-7.30157470703125,7.30157470703125,53.31299320235848,xgboost_pooled_recursive,-7.30157470703125,-1.1108408967810044,below_forecast,,,,unavailable,,,False,unavailable,unavailable,False,1,6,True,False,False,False,unavailable
xgboost_pooled_recursive,territorial_authority_44_median_rent,median_rent,territorial_authority,44,Porirua City,2025-06-01,2025-07-01,,1,640.0,651.0379028320312,-11.03790283203125,11.03790283203125,121.83529892936347,xgboost_pooled_recursive,-11.03790283203125,-1.695431676714381,below_forecast,,,,unavailable,,,False,unavailable,unavailable,False,1,6,True,False,False,False,unavailable
xgboost_pooled_recursive,territorial_authority_44_median_rent,median_rent,territorial_authority,44,Porirua City,2025-07-01,2025-08-01,,1,650.0,646.9564208984375,3.0435791015625,3.0435791015625,9.263373747467996,xgboost_pooled_recursive,3.0435791015625,0.4704457677900219,above_forecast,,,,unavailable,,,False,unavailable,unavailable,False,1,6,True,False,False,False,unavailable
xgboost_pooled_recursive,territorial_authority_44_median_rent,median_rent,territorial_authority,44,Porirua City,2025-08-01,2025-09-01,,1,630.0,638.9850463867188,-8.98504638671875,8.98504638671875,80.73105857148767,xgboost_pooled_recursive,-8.98504638671875,-1.4061434516389182,below_forecast,-14.691680908203125,5.544464111328125,10.143585205078125,mad,8.220109875949777,0.694228496650723,True,normal,normal,False,1,6,True,False,False,False,normal
xgboost_pooled_recursive,territorial_authority_44_median_rent,median_rent,territorial_authority,44,Porirua City,2025-09-01,2025-10-01,,1,635.0,639.5294799804688,-4.52947998046875,4.52947998046875,20.516188893467188,xgboost_pooled_recursive,-4.52947998046875,-0.7082519449466318,below_forecast,-11.03790283203125,7.30755615234375,10.22467041015625,mad,10.834034325194589,0.600738622031789,True,normal,normal,False,1,6,True,False,False,False,normal
xgboost_pooled_recursive,territorial_authority_44_median_rent,median_rent,territorial_authority,44,Porirua City,2025-10-01,2025-11-01,,1,610.0,631.0372314453125,-21.0372314453125,21.0372314453125,442.56510688364506,xgboost_pooled_recursive,-21.0372314453125,-3.333754396254771,below_forecast,-10.011474609375,6.907989501953125,11.7481689453125,mad,10.24164492506023,-1.0765611302300309,True,normal,normal,False,1,6,True,True,False,False,normal
xgboost_pooled_recursive,territorial_authority_44_median_rent,median_rent,territorial_authority,44,Porirua City,2025-11-01,2025-12-01,,1,590.0,620.9827270507812,-30.98272705078125,30.98272705078125,959.9293755032122,xgboost_pooled_recursive,-30.98272705078125,-4.989305773113335,below_forecast,-11.03790283203125,7.30755615234375,11.08892822265625,mad,10.834034325194589,-1.8409415754174079,True,normal,normal,False,1,6,True,True,False,False,normal
xgboost_pooled_recursive,territorial_authority_44_median_rent,median_rent,territorial_authority,44,Porirua City,2025-12-01,2026-01-01,,1,680.0,620.4611206054688,59.53887939453125,59.53887939453125,3544.878159556538,xgboost_pooled_recursive,59.53887939453125,9.59590817494431,above_forecast,-14.691680908203125,6.867828369140625,12.653106689453125,mad,10.18210284527891,7.29029763602835,True,high,high,True,1,6,True,True,True,True,dashboard_alert
xgboost_pooled_recursive,territorial_authority_44_median_rent,median_rent,territorial_authority,44,Porirua City,2026-01-01,2026-02-01,,1,650.0,644.5892333984375,5.4107666015625,5.4107666015625,29.27639521658421,xgboost_pooled_recursive,5.4107666015625,0.8394131209786998,above_forecast,-11.03790283203125,7.35260009765625,13.79833984375,mad,10.900815563611935,1.5089393392271613,True,normal,normal,False,1,6,True,False,False,False,normal
ets_additive_damped,territorial_authority_45_bonds_lodged,bonds_lodged,territorial_authority,45,Upper Hutt City,2025-02-01,2025-03-01,,1,90.0,89.6944190957252,0.3055809042748052,0.3055809042748052,0.0933796890574076,ets_additive_damped,0.3055809042748052,0.34069110135902436,above_forecast,,,,unavailable,,,False,unavailable,unavailable,False,1,6,True,False,False,False,unavailable
ets_additive_damped,territorial_authority_45_bonds_lodged,bonds_lodged,territorial_authority,45,Upper Hutt City,2025-03-01,2025-04-01,,1,99.0,76.43082652581597,22.569173474184023,22.569173474184023,509.3675913078119,ets_additive_damped,22.569173474184026,29.528888408083425,above_forecast,,,,unavailable,,,False,unavailable,unavailable,False,1,6,True,True,False,False,unavailable
ets_additive_damped,territorial_authority_45_bonds_lodged,bonds_lodged,territorial_authority,45,Upper Hutt City,2025-04-01,2025-05-01,,1,81.0,86.18316645994868,-5.18316645994868,5.18316645994868,26.86521455153693,ets_additive_damped,-5.18316645994868,-6.014128597093746,below_forecast,,,,unavailable,,,False,unavailable,unavailable,False,1,6,True,False,False,False,unavailable
ets_additive_damped,territorial_authority_45_bonds_lodged,bonds_lodged,territorial_authority,45,Upper Hutt City,2025-05-01,2025-06-01,,1,99.0,77.52541363137239,21.47458636862761,21.47458636862761,461.15785970364686,ets_additive_damped,21.474586368627612,27.700060357933314,above_forecast,,,,unavailable,,,False,unavailable,unavailable,False,1,6,True,True,False,False,unavailable
ets_additive_damped,territorial_authority_45_bonds_lodged,bonds_lodged,territorial_authority,45,Upper Hutt City,2025-06-01,2025-07-01,,1,93.0,86.41730335280279,6.58269664719721,6.58269664719721,43.33189514902139,ets_additive_damped,6.58269664719721,7.617336334047632,above_forecast,,,,unavailable,,,False,unavailable,unavailable,False,1,6,True,False,False,False,unavailable
ets_additive_damped,territorial_authority_45_bonds_lodged,bonds_lodged,territorial_authority,45,Upper Hutt City,2025-07-01,2025-08-01,,1,93.0,87.2853861933853,5.714613806614693,5.714613806614693,32.65681095875127,ets_additive_damped,5.714613806614693,6.547045336952133,above_forecast,,,,unavailable,,,False,unavailable,unavailable,False,1,6,True,False,False,False,unavailable
ets_additive_damped,territorial_authority_45_bonds_lodged,bonds_lodged,territorial_authority,45,Upper Hutt City,2025-08-01,2025-09-01,,1,87.0,84.52183342420648,2.478166575793523,2.478166575793523,6.141309577380195,ets_additive_damped,2.478166575793523,2.931983932903889,above_forecast,6.148655226905952,8.587448004742889,16.093774808410235,mad,12.731575989240755,-0.2882980594244026,True,normal,normal,False,1,6,True,False,False,False,normal
ets_additive_damped,territorial_authority_45_bonds_lodged,bonds_lodged,territorial_authority,45,Upper Hutt City,2025-09-01,2025-10-01,,1,96.0,84.41806053412024,11.581939465879756,11.581939465879756,134.14132179130306,ets_additive_damped,11.581939465879756,13.719741240914374,above_forecast,5.714613806614693,5.409032902339888,12.636767767878247,mad,8.019322316293385,0.7316485642862903,True,normal,normal,False,1,6,True,True,False,False,normal
ets_additive_damped,territorial_authority_45_bonds_lodged,bonds_lodged,territorial_authority,45,Upper Hutt City,2025-10-01,2025-11-01,,1,84.0,85.92525727472741,-1.9252572747274144,1.9252572747274144,3.706615573890831,ets_additive_damped,-1.9252572747274144,-2.2406185745499965,below_forecast,6.148655226905952,5.6381792808024755,12.120081033652877,mad,8.359050082731617,-0.96588875789998,True,normal,normal,False,1,6,True,False,False,False,normal
ets_additive_damped,territorial_authority_45_bonds_lodged,bonds_lodged,territorial_authority,45,Upper Hutt City,2025-11-01,2025-12-01,,1,87.0,84.71144197583557,2.2885580241644305,2.2885580241644305,5.237497829967403,ets_additive_damped,2.2885580241644305,2.7015925721312297,above_forecast,5.714613806614693,5.867325659265063,11.276358561604951,mad,8.698777849169849,-0.3938548428130305,True,normal,normal,False,1,6,True,False,False,False,normal
ets_additive_damped,territorial_authority_45_bonds_lodged,bonds_lodged,territorial_authority,45,Upper Hutt City,2025-12-01,2026-01-01,,1,93.0,94.96824296083892,-1.9682429608389207,1.9682429608389207,3.873980352891964,ets_additive_damped,-1.9682429608389214,-2.0725275096966316,below_forecast,4.096390191204108,4.906228376430413,9.530803576961908,mad,7.273874538814548,-0.8337555342316101,True,normal,normal,False,1,6,True,False,False,False,normal
ets_additive_damped,territorial_authority_45_bonds_lodged,bonds_lodged,territorial_authority,45,Upper Hutt City,2026-01-01,2026-02-01,,1,87.0,94.676534005863,-7.67653400586299,7.67653400586299,58.929174343170885,ets_additive_damped,-7.6765340058630045,-8.108169660485904,below_forecast,2.478166575793523,4.403423850520937,9.892156241764788,mad,6.528426761335711,-1.5554590643181059,True,normal,normal,False,1,6,True,False,False,False,normal
xgboost_pooled_recursive,territorial_authority_45_median_rent,median_rent,territorial_authority,45,Upper Hutt City,2025-02-01,2025-03-01,,1,605.0,664.1676025390625,-59.1676025390625,59.1676025390625,3500.805190220475,xgboost_pooled_recursive,-59.1676025390625,-8.908534880784494,below_forecast,,,,unavailable,,,False,unavailable,unavailable,False,1,6,True,True,False,False,unavailable
xgboost_pooled_recursive,territorial_authority_45_median_rent,median_rent,territorial_authority,45,Upper Hutt City,2025-03-01,2025-04-01,,1,630.0,661.2822265625,-31.2822265625,31.2822265625,978.5776987075806,xgboost_pooled_recursive,-31.2822265625,-4.730540956032094,below_forecast,,,,unavailable,,,False,unavailable,unavailable,False,1,6,True,True,False,False,unavailable
xgboost_pooled_recursive,territorial_authority_45_median_rent,median_rent,territorial_authority,45,Upper Hutt City,2025-04-01,2025-05-01,,1,633.0,629.6735229492188,3.32647705078125,3.32647705078125,11.065449569374325,xgboost_pooled_recursive,3.32647705078125,0.5282859973531904,above_forecast,,,,unavailable,,,False,unavailable,unavailable,False,1,6,True,False,False,False,unavailable
xgboost_pooled_recursive,territorial_authority_45_median_rent,median_rent,territorial_authority,45,Upper Hutt City,2025-05-01,2025-06-01,,1,600.0,637.1195068359375,-37.1195068359375,37.1195068359375,1377.8577877432108,xgboost_pooled_recursive,-37.1195068359375,-5.826145085445644,below_forecast,,,,unavailable,,,False,unavailable,unavailable,False,1,6,True,True,False,False,unavailable
xgboost_pooled_recursive,territorial_authority_45_median_rent,median_rent,territorial_authority,45,Upper Hutt City,2025-06-01,2025-07-01,,1,605.0,626.5088500976562,-21.50885009765625,21.50885009765625,462.6306325234473,xgboost_pooled_recursive,-21.50885009765625,-3.4331278950494615,below_forecast,,,,unavailable,,,False,unavailable,unavailable,False,1,6,True,True,False,False,unavailable
xgboost_pooled_recursive,territorial_authority_45_median_rent,median_rent,territorial_authority,45,Upper Hutt City,2025-07-01,2025-08-01,,1,600.0,609.5616455078125,-9.5616455078125,9.5616455078125,91.42506481707096,xgboost_pooled_recursive,-9.5616455078125,-1.5686100951851887,below_forecast,,,,unavailable,,,False,unavailable,unavailable,False,1,6,True,False,False,False,unavailable
xgboost_pooled_recursive,territorial_authority_45_median_rent,median_rent,territorial_authority,45,Upper Hutt City,2025-08-01,2025-09-01,,1,590.0,610.667236328125,-20.667236328125,20.667236328125,427.1346574425697,xgboost_pooled_recursive,-20.667236328125,-3.38436960404079,below_forecast,-26.395538330078125,13.7789306640625,23.111740112304688,mad,20.428362733969607,0.28040925631439534,True,normal,normal,False,1,6,True,True,False,False,normal
xgboost_pooled_recursive,territorial_authority_45_median_rent,median_rent,territorial_authority,45,Upper Hutt City,2025-09-01,2025-10-01,,1,595.0,607.3837280273438,-12.38372802734375,12.38372802734375,153.35671985521913,xgboost_pooled_recursive,-12.38372802734375,-2.038863976083707,below_forecast,-21.50885009765625,11.94720458984375,19.08642578125,mad,17.712682861147147,0.5151744736721109,True,normal,normal,False,1,6,True,False,False,False,normal
xgboost_pooled_recursive,territorial_authority_45_median_rent,median_rent,territorial_authority,45,Upper Hutt City,2025-10-01,2025-11-01,,1,595.0,602.3475341796875,-7.3475341796875,7.3475341796875,53.98625852167606,xgboost_pooled_recursive,-7.3475341796875,-1.219816428682456,below_forecast,-21.088043212890625,10.86029052734375,21.063339233398438,mad,16.101246148767604,0.8533817138280834,True,normal,normal,False,1,6,True,False,False,False,normal
xgboost_pooled_recursive,territorial_authority_45_median_rent,median_rent,territorial_authority,45,Upper Hutt City,2025-11-01,2025-12-01,,1,600.0,607.4324340820312,-7.43243408203125,7.43243408203125,55.24107638373971,xgboost_pooled_recursive,-7.43243408203125,-1.2235820257545764,below_forecast,-20.667236328125,11.1055908203125,21.7205810546875,mad,16.464923380744995,0.8038180281829473,True,normal,normal,False,1,6,True,False,False,False,normal
xgboost_pooled_recursive,territorial_authority_45_median_rent,median_rent,territorial_authority,45,Upper Hutt City,2025-12-01,2026-01-01,,1,583.0,619.045654296875,-36.045654296875,36.045654296875,1299.2891936898232,xgboost_pooled_recursive,-36.045654296875,-5.8227780207610715,below_forecast,-16.525482177734375,9.135498046875,20.8741455078125,mad,13.54410385007413,-1.4412302456639674,True,normal,normal,False,1,6,True,True,False,False,normal
xgboost_pooled_recursive,territorial_authority_45_median_rent,median_rent,territorial_authority,45,Upper Hutt City,2026-01-01,2026-02-01,,1,630.0,614.9431762695312,15.05682373046875,15.05682373046875,226.70794085040689,xgboost_pooled_recursive,15.05682373046875,2.448490252678128,above_forecast,-20.667236328125,13.23480224609375,25.166900634765625,mad,19.621648993467385,1.820645149165971,True,normal,normal,False,1,6,True,True,False,False,normal
ets_additive_damped,territorial_authority_46_bonds_lodged,bonds_lodged,territorial_authority,46,Lower Hutt City,2025-02-01,2025-03-01,,1,312.0,281.54104591506893,30.458954084931065,30.458954084931065,927.7478839479388,ets_additive_damped,30.458954084931065,10.81865487354887,above_forecast,,,,unavailable,,,False,unavailable,unavailable,False,1,6,True,True,False,False,unavailable
ets_additive_damped,territorial_authority_46_bonds_lodged,bonds_lodged,territorial_authority,46,Lower Hutt City,2025-03-01,2025-04-01,,1,276.0,250.034835959298,25.965164040702035,25.965164040702035,674.189743660566,ets_additive_damped,25.965164040702007,10.384618583679577,above_forecast,,,,unavailable,,,False,unavailable,unavailable,False,1,6,True,True,False,False,unavailable
ets_additive_damped,territorial_authority_46_bonds_lodged,bonds_lodged,territorial_authority,46,Lower Hutt City,2025-04-01,2025-05-01,,1,306.0,259.27043804263093,46.72956195736907,46.72956195736907,2183.6519607275945,ets_additive_damped,46.72956195736907,18.02348247264715,above_forecast,,,,unavailable,,,False,unavailable,unavailable,False,1,6,True,True,False,False,unavailable
ets_additive_damped,territorial_authority_46_bonds_lodged,bonds_lodged,territorial_authority,46,Lower Hutt City,2025-05-01,2025-06-01,,1,270.0,262.6344568097153,7.365543190284711,7.365543190284711,54.25122648794948,ets_additive_damped,7.365543190284711,2.804484712233025,above_forecast,,,,unavailable,,,False,unavailable,unavailable,False,1,6,True,False,False,False,unavailable
ets_additive_damped,territorial_authority_46_bonds_lodged,bonds_lodged,territorial_authority,46,Lower Hutt City,2025-06-01,2025-07-01,,1,282.0,282.77858695508417,-0.7785869550841653,0.7785869550841653,0.6061976466272321,ets_additive_damped,-0.7785869550841653,-0.2753344811104223,below_forecast,,,,unavailable,,,False,unavailable,unavailable,False,1,6,True,False,False,False,unavailable
ets_additive_damped,territorial_authority_46_bonds_lodged,bonds_lodged,territorial_authority,46,Lower Hutt City,2025-07-01,2025-08-01,,1,264.0,268.40209515275984,-4.402095152759841,4.402095152759841,19.37844173395169,ets_additive_damped,-4.402095152759841,-1.640112067774437,below_forecast,,,,unavailable,,,False,unavailable,unavailable,False,1,6,True,False,False,False,unavailable
ets_additive_damped,territorial_authority_46_bonds_lodged,bonds_lodged,territorial_authority,46,Lower Hutt City,2025-08-01,2025-09-01,,1,237.0,262.3945318398868,-25.39453183988678,25.39453183988678,644.8822473670235,ets_additive_damped,-25.39453183988678,-9.677995826293564,below_forecast,16.66535361549336,15.618770520007615,28.078060992615747,mad,23.156071934777785,-1.8163652960591723,True,normal,normal,False,1,6,True,False,False,False,normal
ets_additive_damped,territorial_authority_46_bonds_lodged,bonds_lodged,territorial_authority,46,Lower Hutt City,2025-09-01,2025-10-01,,1,276.0,256.05444634292166,19.94555365707833,19.94555365707833,397.825110687391,ets_additive_damped,19.945553657078335,7.7895752024419815,above_forecast,7.365543190284711,18.599620850417296,30.80240011673854,mad,27.575420089573456,0.45620376501717386,True,normal,normal,False,1,6,True,False,False,False,normal
ets_additive_damped,territorial_authority_46_bonds_lodged,bonds_lodged,territorial_authority,46,Lower Hutt City,2025-10-01,2025-11-01,,1,219.0,260.1239396465939,-41.1239396465939,41.1239396465939,1691.1784120566974,ets_additive_damped,-41.1239396465939,-15.809363683506083,below_forecast,13.655548423681523,15.618770520007615,28.773075556262356,mad,23.156071934777785,-2.365664099877098,True,normal,normal,False,1,6,True,True,False,False,normal
ets_additive_damped,territorial_authority_46_bonds_lodged,bonds_lodged,territorial_authority,46,Lower Hutt City,2025-11-01,2025-12-01,,1,210.0,229.9285586255277,-19.9285586255277,19.9285586255277,397.1474488910945,ets_additive_damped,-19.9285586255277,-8.667282891980491,below_forecast,7.365543190284711,18.599620850417296,30.367259193461848,mad,27.575420089573456,-0.989798223459616,True,normal,normal,False,1,6,True,False,False,False,normal
ets_additive_damped,territorial_authority_46_bonds_lodged,bonds_lodged,territorial_authority,46,Lower Hutt City,2025-12-01,2026-01-01,,1,291.0,261.65049967785274,29.349500322147264,29.349500322147264,861.3931691597223,ets_additive_damped,29.349500322147264,11.217062592382863,above_forecast,3.293478117600273,22.946861333114853,40.507204202131824,mad,34.02055053093381,0.7658906689606646,True,normal,normal,False,1,6,True,True,False,False,normal
ets_additive_damped,territorial_authority_46_bonds_lodged,bonds_lodged,territorial_authority,46,Lower Hutt City,2026-01-01,2026-02-01,,1,321.0,292.8091598075807,28.19084019241928,28.19084019241928,794.7234707545219,ets_additive_damped,28.190840192419273,9.627718002723979,above_forecast,7.365543190284711,21.983957131862553,39.822659070568406,mad,32.592968320033435,0.6389506103785639,True,normal,normal,False,1,6,True,False,False,False,normal
ets_additive_damped,territorial_authority_46_median_rent,median_rent,territorial_authority,46,Lower Hutt City,2025-02-01,2025-03-01,,1,600.0,622.8725642232228,-22.87256422322276,22.87256422322276,523.1541941454494,ets_additive_damped,-22.872564223222753,-3.6721097600031345,below_forecast,,,,unavailable,,,False,unavailable,unavailable,False,1,6,True,True,False,False,unavailable
ets_additive_damped,territorial_authority_46_median_rent,median_rent,territorial_authority,46,Lower Hutt City,2025-03-01,2025-04-01,,1,610.0,619.6768242723323,-9.676824272332285,9.676824272332285,93.64092799759922,ets_additive_damped,-9.676824272332283,-1.5615920901504563,below_forecast,,,,unavailable,,,False,unavailable,unavailable,False,1,6,True,False,False,False,unavailable
ets_additive_damped,territorial_authority_46_median_rent,median_rent,territorial_authority,46,Lower Hutt City,2025-04-01,2025-05-01,,1,600.0,615.4501489501049,-15.450148950104904,15.450148950104904,238.7071025804277,ets_additive_damped,-15.450148950104904,-2.5103818686958284,below_forecast,,,,unavailable,,,False,unavailable,unavailable,False,1,6,True,True,False,False,unavailable
ets_additive_damped,territorial_authority_46_median_rent,median_rent,territorial_authority,46,Lower Hutt City,2025-05-01,2025-06-01,,1,595.0,608.9455665607604,-13.945566560760426,13.945566560760426,194.47882670059937,ets_additive_damped,-13.945566560760426,-2.2901171018491913,below_forecast,,,,unavailable,,,False,unavailable,unavailable,False,1,6,True,False,False,False,unavailable
ets_additive_damped,territorial_authority_46_median_rent,median_rent,territorial_authority,46,Lower Hutt City,2025-06-01,2025-07-01,,1,600.0,602.4280315854484,-2.428031585448366,2.428031585448366,5.895337379934906,ets_additive_damped,-2.428031585448366,-0.4030409373644782,below_forecast,,,,unavailable,,,False,unavailable,unavailable,False,1,6,True,False,False,False,unavailable
ets_additive_damped,territorial_authority_46_median_rent,median_rent,territorial_authority,46,Lower Hutt City,2025-07-01,2025-08-01,,1,590.0,599.5906637196067,-9.59066371960671,9.59066371960671,91.9808305825804,ets_additive_damped,-9.59066371960671,-1.5995351995827107,below_forecast,,,,unavailable,,,False,unavailable,unavailable,False,1,6,True,False,False,False,unavailable
ets_additive_damped,territorial_authority_46_median_rent,median_rent,territorial_authority,46,Lower Hutt City,2025-08-01,2025-09-01,,1,595.0,592.697636267987,2.302363732012964,2.302363732012964,5.300878754488663,ets_additive_damped,2.3023637320129637,0.3884550217730166,above_forecast,-11.811195416546354,2.929742615249097,5.461799494980681,mad,4.343576894364858,3.2492941858286315,True,moderate,high,True,1,6,True,False,True,False,statistical_only
ets_additive_damped,territorial_authority_46_median_rent,median_rent,territorial_authority,46,Lower Hutt City,2025-09-01,2025-10-01,,1,575.0,590.660005318885,-15.660005318885055,15.660005318885055,245.2357665875082,ets_additive_damped,-15.660005318885055,-2.6512723356697467,below_forecast,-9.676824272332283,5.773324677772621,8.688510102905127,mad,8.559413903295212,-0.6990176096343887,True,normal,normal,False,1,6,True,True,False,False,normal
ets_additive_damped,territorial_authority_46_median_rent,median_rent,territorial_authority,46,Lower Hutt City,2025-10-01,2025-11-01,,1,580.0,587.5702833822875,-7.570283382287471,7.570283382287471,57.30919048813783,ets_additive_damped,-7.570283382287471,-1.288404740061039,below_forecast,-11.811195416546354,3.743881717948625,7.702607356232818,mad,5.550602991769645,0.7640452831065828,True,normal,normal,False,1,6,True,False,False,False,normal
ets_additive_damped,territorial_authority_46_median_rent,median_rent,territorial_authority,46,Lower Hutt City,2025-11-01,2025-12-01,,1,600.0,583.6956686868405,16.304331313159537,16.304331313159537,265.8312195692746,ets_additive_damped,16.304331313159537,2.793293181331966,above_forecast,-9.676824272332283,5.773324677772621,7.879865567817433,mad,8.559413903295212,3.035389558096912,True,moderate,high,True,1,6,True,True,True,True,dashboard_alert
ets_additive_damped,territorial_authority_46_median_rent,median_rent,territorial_authority,46,Lower Hutt City,2025-12-01,2026-01-01,,1,595.0,592.9104335591154,2.089566440884596,2.089566440884596,4.366287910871118,ets_additive_damped,2.089566440884596,0.3524253112466536,above_forecast,-9.633743995969496,5.921333138525483,11.360408818110642,mad,8.77884824095698,1.3354041572515138,True,normal,normal,False,1,6,True,False,False,False,normal
ets_additive_damped,territorial_authority_46_median_rent,median_rent,territorial_authority,46,Lower Hutt City,2026-01-01,2026-02-01,,1,600.0,590.0164253625744,9.98357463742559,9.98357463742559,99.67176254104751,ets_additive_damped,9.98357463742559,1.6920841875360546,above_forecast,-9.59066371960671,6.069341599278346,14.52862518315078,mad,8.998282578618749,2.1753304795676884,True,normal,normal,False,1,6,True,False,False,False,normal
ets_additive_damped,territorial_authority_47_bonds_lodged,bonds_lodged,territorial_authority,47,Wellington City,2025-02-01,2025-03-01,,1,945.0,941.3565871040348,3.643412895965071,3.643412895965071,13.274457530484582,ets_additive_damped,3.6434128959651844,0.3870385511587789,above_forecast,,,,unavailable,,,False,unavailable,unavailable,False,1,6,True,False,False,False,unavailable
ets_additive_damped,territorial_authority_47_bonds_lodged,bonds_lodged,territorial_authority,47,Wellington City,2025-03-01,2025-04-01,,1,777.0,757.7216739874727,19.27832601252726,19.27832601252726,371.65385384528514,ets_additive_damped,19.27832601252726,2.544248986712499,above_forecast,,,,unavailable,,,False,unavailable,unavailable,False,1,6,True,False,False,False,unavailable
ets_additive_damped,territorial_authority_47_bonds_lodged,bonds_lodged,territorial_authority,47,Wellington City,2025-04-01,2025-05-01,,1,870.0,752.6866782397008,117.31332176029925,117.31332176029925,13762.415462435498,ets_additive_damped,117.31332176029923,15.58594368039813,above_forecast,,,,unavailable,,,False,unavailable,unavailable,False,1,6,True,True,False,False,unavailable
ets_additive_damped,territorial_authority_47_bonds_lodged,bonds_lodged,territorial_authority,47,Wellington City,2025-05-01,2025-06-01,,1,909.0,759.6302359764805,149.36976402351945,149.36976402351945,22311.326404441887,ets_additive_damped,149.36976402351945,19.663483225033737,above_forecast,,,,unavailable,,,False,unavailable,unavailable,False,1,6,True,True,False,False,unavailable
ets_additive_damped,territorial_authority_47_bonds_lodged,bonds_lodged,territorial_authority,47,Wellington City,2025-06-01,2025-07-01,,1,843.0,810.411651884935,32.588348115064946,32.588348115064946,1062.000432868657,ets_additive_damped,32.588348115064946,4.021209226109689,above_forecast,,,,unavailable,,,False,unavailable,unavailable,False,1,6,True,False,False,False,unavailable
ets_additive_damped,territorial_authority_47_bonds_lodged,bonds_lodged,territorial_authority,47,Wellington City,2025-07-01,2025-08-01,,1,933.0,760.8042705870122,172.19572941298782,172.19572941298782,29651.36922807092,ets_additive_damped,172.19572941298782,22.633381024547496,above_forecast,,,,unavailable,,,False,unavailable,unavailable,False,1,6,True,True,False,False,unavailable
ets_additive_damped,territorial_authority_47_bonds_lodged,bonds_lodged,territorial_authority,47,Wellington City,2025-08-01,2025-09-01,,1,816.0,730.844082589846,85.15591741015396,85.15591741015396,7251.530269964963,ets_additive_damped,85.15591741015396,11.651721542082178,above_forecast,74.95083493768209,63.48996548343587,118.74982191955272,mad,94.12893325935636,0.10841600046983953,True,normal,normal,False,1,6,True,True,False,False,normal
ets_additive_damped,territorial_authority_47_bonds_lodged,bonds_lodged,territorial_authority,47,Wellington City,2025-09-01,2025-10-01,,1,870.0,807.7048210083581,62.29517899164193,62.29517899164193,3880.6893256007065,ets_additive_damped,62.29517899164193,7.712616957500779,above_forecast,85.15591741015396,64.21384661336549,107.40820582811324,mad,95.20214471959302,-0.24012839716842205,True,normal,normal,False,1,6,True,True,False,False,normal
ets_additive_damped,territorial_authority_47_bonds_lodged,bonds_lodged,territorial_authority,47,Wellington City,2025-10-01,2025-11-01,,1,1020.0,966.295859520072,53.704140479928014,53.704140479928014,2884.1347046878427,ets_additive_damped,53.704140479928014,5.557732649977527,above_forecast,73.72554820089795,49.017497873885986,96.06658973667376,mad,72.67234673667308,-0.27550242451254725,True,normal,normal,False,1,6,True,True,False,False,normal
ets_additive_damped,territorial_authority_47_bonds_lodged,bonds_lodged,territorial_authority,47,Wellington City,2025-11-01,2025-12-01,,1,750.0,819.9116245080425,-69.91162450804245,69.91162450804245,4887.635241353521,ets_additive_damped,-69.91162450804245,-8.52672683473543,below_forecast,62.29517899164193,43.016852979114674,84.72497364523429,mad,63.77591249683421,-2.0729896025595407,True,normal,normal,False,1,6,True,True,False,False,normal
ets_additive_damped,territorial_authority_47_bonds_lodged,bonds_lodged,territorial_authority,47,Wellington City,2025-12-01,2026-01-01,,1,1455.0,1367.022326732387,87.977673267613,87.977673267613,7740.070993582867,ets_additive_damped,87.977673267613,6.4357159021614,above_forecast,57.999659735784974,46.53879028153875,86.66813913460123,mad,68.99746520613603,0.43447992534604074,True,normal,normal,False,1,6,True,True,False,False,normal
ets_additive_damped,territorial_authority_47_bonds_lodged,bonds_lodged,territorial_authority,47,Wellington City,2026-01-01,2026-02-01,,1,1764.0,1757.0627548825964,6.937245117403563,6.937245117403563,48.125369818939575,ets_additive_damped,6.937245117403563,0.3948205662049388,above_forecast,62.29517899164193,43.016852979114674,76.71216045016001,mad,63.77591249683421,-0.8680069278034446,True,normal,normal,False,1,6,True,False,False,False,normal
ets_additive_damped,territorial_authority_47_median_rent,median_rent,territorial_authority,47,Wellington City,2025-02-01,2025-03-01,,1,625.0,619.3071486599814,5.692851340018592,5.692851340018592,32.40855637955148,ets_additive_damped,5.692851340018592,0.9192290695071795,above_forecast,,,,unavailable,,,False,unavailable,unavailable,False,1,6,True,False,False,False,unavailable
ets_additive_damped,territorial_authority_47_median_rent,median_rent,territorial_authority,47,Wellington City,2025-03-01,2025-04-01,,1,595.0,624.7920068281661,-29.79200682816611,29.79200682816611,887.563670849496,ets_additive_damped,-29.79200682816611,-4.768307933292699,below_forecast,,,,unavailable,,,False,unavailable,unavailable,False,1,6,True,True,False,False,unavailable
ets_additive_damped,territorial_authority_47_median_rent,median_rent,territorial_authority,47,Wellington City,2025-04-01,2025-05-01,,1,580.0,606.1909295027735,-26.190929502773542,26.190929502773542,685.9647882192536,ets_additive_damped,-26.190929502773542,-4.3205742989682445,below_forecast,,,,unavailable,,,False,unavailable,unavailable,False,1,6,True,True,False,False,unavailable
ets_additive_damped,territorial_authority_47_median_rent,median_rent,territorial_authority,47,Wellington City,2025-05-01,2025-06-01,,1,580.0,596.2381422464341,-16.23814224643411,16.23814224643411,263.67726361542816,ets_additive_damped,-16.23814224643411,-2.723432316029631,below_forecast,,,,unavailable,,,False,unavailable,unavailable,False,1,6,True,True,False,False,unavailable
ets_additive_damped,territorial_authority_47_median_rent,median_rent,territorial_authority,47,Wellington City,2025-06-01,2025-07-01,,1,575.0,592.7076588342587,-17.707658834258723,17.707658834258723,313.561181390501,ets_additive_damped,-17.707658834258723,-2.9875873156568047,below_forecast,,,,unavailable,,,False,unavailable,unavailable,False,1,6,True,True,False,False,unavailable
ets_additive_damped,territorial_authority_47_median_rent,median_rent,territorial_authority,47,Wellington City,2025-07-01,2025-08-01,,1,550.0,597.517374259157,-47.51737425915701,47.51737425915701,2257.9008564847973,ets_additive_damped,-47.51737425915701,-7.952467376881267,below_forecast,,,,unavailable,,,False,unavailable,unavailable,False,1,6,True,True,False,False,unavailable
ets_additive_damped,territorial_authority_47_median_rent,median_rent,territorial_authority,47,Wellington City,2025-08-01,2025-09-01,,1,550.0,588.8433904838203,-38.84339048382026,38.84339048382026,1508.8089842785382,ets_additive_damped,-38.84339048382026,-6.596557100166272,below_forecast,-21.949294168516133,6.776932290866,12.286216103427705,mad,10.04734216585026,-1.6814492864317074,True,normal,normal,False,1,6,True,True,False,False,normal
ets_additive_damped,territorial_authority_47_median_rent,median_rent,territorial_authority,47,Wellington City,2025-09-01,2025-10-01,,1,550.0,577.7082898946345,-27.708289894634504,27.708289894634504,767.7493288851045,ets_additive_damped,-27.708289894634504,-4.796242390720772,below_forecast,-26.190929502773542,9.952787256339434,17.344798115646768,mad,14.755800231785669,-0.10283145393852615,True,normal,normal,False,1,6,True,True,False,False,normal
ets_additive_damped,territorial_authority_47_median_rent,median_rent,territorial_authority,47,Wellington City,2025-10-01,2025-11-01,,1,600.0,615.3474342770925,-15.347434277092477,15.347434277092477,235.54373888967305,ets_additive_damped,-15.347434277092475,-2.4941087623323845,below_forecast,-26.949609698704023,9.976709158357608,14.714573054777077,mad,14.791266357831887,0.7843936510188166,True,normal,normal,False,1,6,True,True,False,False,normal
ets_additive_damped,territorial_authority_47_median_rent,median_rent,territorial_authority,47,Wellington City,2025-11-01,2025-12-01,,1,600.0,585.9800290370122,14.019970962987829,14.019970962987829,196.55958580302183,ets_additive_damped,14.019970962987827,2.3925680515132854,above_forecast,-26.190929502773542,9.952787256339434,13.553864581732,mad,14.755800231785669,2.7250911393570187,True,moderate,high,True,1,6,True,False,True,False,statistical_only
ets_additive_damped,territorial_authority_47_median_rent,median_rent,territorial_authority,47,Wellington City,2025-12-01,2026-01-01,,1,650.0,609.5538841862327,40.44611581376728,40.44611581376728,1635.8882844206755,ets_additive_damped,40.44611581376728,6.635363478614149,above_forecast,-21.949294168516133,7.222286275536817,13.700966325355324,mad,10.707614937786238,5.827199646682798,True,high,high,True,1,6,True,True,True,True,dashboard_alert
ets_additive_damped,territorial_authority_47_median_rent,median_rent,territorial_authority,47,Wellington City,2026-01-01,2026-02-01,,1,625.0,633.6150828780974,-8.615082878097382,8.615082878097382,74.21965299648667,ets_additive_damped,-8.615082878097382,-1.3596713700318996,below_forecast,-17.707658834258723,12.084347993907386,23.922856892863365,mad,17.916008886445347,0.5075112439266806,True,normal,normal,False,1,6,True,False,False,False,normal
xgboost_pooled_recursive,territorial_authority_48_bonds_lodged,bonds_lodged,territorial_authority,48,Masterton District,2025-02-01,2025-03-01,,1,69.0,54.25984954833984,14.740150451660156,14.740150451660156,217.2720353375771,xgboost_pooled_recursive,14.740150451660163,27.165852051484652,above_forecast,,,,unavailable,,,False,unavailable,unavailable,False,1,6,True,True,False,False,unavailable
xgboost_pooled_recursive,territorial_authority_48_bonds_lodged,bonds_lodged,territorial_authority,48,Masterton District,2025-03-01,2025-04-01,,1,60.0,59.310646057128906,0.6893539428710938,0.6893539428710938,0.4752088585519232,xgboost_pooled_recursive,0.6893539428710938,1.1622769076012047,above_forecast,,,,unavailable,,,False,unavailable,unavailable,False,1,6,True,False,False,False,unavailable
xgboost_pooled_recursive,territorial_authority_48_bonds_lodged,bonds_lodged,territorial_authority,48,Masterton District,2025-04-01,2025-05-01,,1,72.0,60.73265075683594,11.267349243164062,11.267349243164062,126.95315896742976,xgboost_pooled_recursive,11.267349243164062,18.552375209632743,above_forecast,,,,unavailable,,,False,unavailable,unavailable,False,1,6,True,True,False,False,unavailable
xgboost_pooled_recursive,territorial_authority_48_bonds_lodged,bonds_lodged,territorial_authority,48,Masterton District,2025-05-01,2025-06-01,,1,66.0,67.80331420898438,-1.803314208984375,1.803314208984375,3.251942136324942,xgboost_pooled_recursive,-1.803314208984375,-2.659625462298455,below_forecast,,,,unavailable,,,False,unavailable,unavailable,False,1,6,True,False,False,False,unavailable
xgboost_pooled_recursive,territorial_authority_48_bonds_lodged,bonds_lodged,territorial_authority,48,Masterton District,2025-06-01,2025-07-01,,1,39.0,66.33778381347656,-27.33778381347656,27.33778381347656,747.3544238323811,xgboost_pooled_recursive,-27.337783813476562,-41.209974530265924,below_forecast,,,,unavailable,,,False,unavailable,unavailable,False,1,6,True,True,False,False,unavailable
xgboost_pooled_recursive,territorial_authority_48_bonds_lodged,bonds_lodged,territorial_authority,48,Masterton District,2025-07-01,2025-08-01,,1,60.0,62.7988166809082,-2.798816680908203,2.798816680908203,7.83337481333001,xgboost_pooled_recursive,-2.798816680908203,-4.4567984379856735,below_forecast,,,,unavailable,,,False,unavailable,unavailable,False,1,6,True,False,False,False,unavailable
xgboost_pooled_recursive,territorial_authority_48_bonds_lodged,bonds_lodged,territorial_authority,48,Masterton District,2025-08-01,2025-09-01,,1,69.0,62.62562942504883,6.374370574951172,6.374370574951172,40.63260022680333,xgboost_pooled_recursive,6.374370574951172,10.178533347245798,above_forecast,-0.5569801330566406,7.033082962036133,11.172791481018066,mad,10.42710594816328,0.6647434813136007,True,normal,normal,False,1,6,True,True,False,False,normal
xgboost_pooled_recursive,territorial_authority_48_bonds_lodged,bonds_lodged,territorial_authority,48,Masterton District,2025-09-01,2025-10-01,,1,66.0,64.46363067626953,1.5363693237304688,1.5363693237304688,2.360430698900018,xgboost_pooled_recursive,1.5363693237304688,2.3833118110364824,above_forecast,0.6893539428710938,5.685016632080078,11.121925354003906,mad,8.428490188406343,0.10049431890239033,True,normal,normal,False,1,6,True,False,False,False,normal
xgboost_pooled_recursive,territorial_authority_48_bonds_lodged,bonds_lodged,territorial_authority,48,Masterton District,2025-10-01,2025-11-01,,1,81.0,65.27302551269531,15.726974487304688,15.726974487304688,247.3377265243325,xgboost_pooled_recursive,15.726974487304688,24.09414051788646,above_forecast,1.1128616333007812,4.5865936279296875,9.649805068969727,mad,6.79999055289798,2.149137228988612,True,normal,normal,False,1,6,True,True,False,False,normal
xgboost_pooled_recursive,territorial_authority_48_bonds_lodged,bonds_lodged,territorial_authority,48,Masterton District,2025-11-01,2025-12-01,,1,69.0,69.95484161376953,-0.9548416137695312,0.9548416137695312,0.9117225073860028,xgboost_pooled_recursive,-0.9548416137695312,-1.3649399980652452,below_forecast,1.5363693237304688,4.838001251220703,13.070663452148438,mad,7.172722388763089,-0.3473173507178773,True,normal,normal,False,1,6,True,False,False,False,normal
xgboost_pooled_recursive,territorial_authority_48_bonds_lodged,bonds_lodged,territorial_authority,48,Masterton District,2025-12-01,2026-01-01,,1,87.0,77.78306579589844,9.216934204101562,9.216934204101562,84.9518761227373,xgboost_pooled_recursive,9.216934204101562,11.849538340757428,above_forecast,1.1128616333007812,4.5865936279296875,11.635300636291504,mad,6.79999055289798,1.1917770337705889,True,normal,normal,False,1,6,True,True,False,False,normal
xgboost_pooled_recursive,territorial_authority_48_bonds_lodged,bonds_lodged,territorial_authority,48,Masterton District,2026-01-01,2026-02-01,,1,66.0,76.54240417480469,-10.542404174804688,10.542404174804688,111.1422857849393,xgboost_pooled_recursive,-10.542404174804688,-13.773285917082429,below_forecast,1.5363693237304688,4.838001251220703,11.621219635009766,mad,7.172722388763089,-1.6839873124684113,True,normal,normal,False,1,6,True,True,False,False,normal
seasonal_naive,territorial_authority_48_median_rent,median_rent,territorial_authority,48,Masterton District,2025-02-01,2025-03-01,2024-03-01,1,510.0,520.0,-10.0,10.0,100.0,seasonal_naive,-10.0,-1.9230769230769231,below_forecast,,,,unavailable,,,False,unavailable,unavailable,False,1,6,True,False,False,False,unavailable
seasonal_naive,territorial_authority_48_median_rent,median_rent,territorial_authority,48,Masterton District,2025-03-01,2025-04-01,2024-04-01,1,550.0,550.0,0.0,0.0,0.0,seasonal_naive,0.0,0.0,on_forecast,,,,unavailable,,,False,unavailable,unavailable,False,1,6,True,False,False,False,unavailable
seasonal_naive,territorial_authority_48_median_rent,median_rent,territorial_authority,48,Masterton District,2025-04-01,2025-05-01,2024-05-01,1,530.0,515.0,15.0,15.0,225.0,seasonal_naive,15.0,2.912621359223301,above_forecast,,,,unavailable,,,False,unavailable,unavailable,False,1,6,True,True,False,False,unavailable
seasonal_naive,territorial_authority_48_median_rent,median_rent,territorial_authority,48,Masterton District,2025-05-01,2025-06-01,2024-06-01,1,500.0,530.0,-30.0,30.0,900.0,seasonal_naive,-30.0,-5.660377358490567,below_forecast,,,,unavailable,,,False,unavailable,unavailable,False,1,6,True,True,False,False,unavailable
seasonal_naive,territorial_authority_48_median_rent,median_rent,territorial_authority,48,Masterton District,2025-06-01,2025-07-01,2024-07-01,1,520.0,550.0,-30.0,30.0,900.0,seasonal_naive,-30.0,-5.454545454545454,below_forecast,,,,unavailable,,,False,unavailable,unavailable,False,1,6,True,True,False,False,unavailable
seasonal_naive,territorial_authority_48_median_rent,median_rent,territorial_authority,48,Masterton District,2025-07-01,2025-08-01,2024-08-01,1,540.0,550.0,-10.0,10.0,100.0,seasonal_naive,-10.0,-1.8181818181818181,below_forecast,,,,unavailable,,,False,unavailable,unavailable,False,1,6,True,False,False,False,unavailable
seasonal_naive,territorial_authority_48_median_rent,median_rent,territorial_authority,48,Masterton District,2025-08-01,2025-09-01,2024-09-01,1,530.0,540.0,-10.0,10.0,100.0,seasonal_naive,-10.0,-1.8518518518518516,below_forecast,-10.0,15.0,22.5,mad,22.23869532987398,0.0,True,normal,normal,False,1,6,True,False,False,False,normal
seasonal_naive,territorial_authority_48_median_rent,median_rent,territorial_authority,48,Masterton District,2025-09-01,2025-10-01,2024-10-01,1,550.0,545.0,5.0,5.0,25.0,seasonal_naive,5.0,0.9174311926605505,above_forecast,-10.0,10.0,15.0,mad,14.825796886582655,1.01175,True,normal,normal,False,1,6,True,False,False,False,normal
seasonal_naive,territorial_authority_48_median_rent,median_rent,territorial_authority,48,Masterton District,2025-10-01,2025-11-01,2024-11-01,1,510.0,530.0,-20.0,20.0,400.0,seasonal_naive,-20.0,-3.7735849056603774,below_forecast,-10.0,12.5,16.25,mad,18.532246108228318,-0.5396,True,normal,normal,False,1,6,True,True,False,False,normal
seasonal_naive,territorial_authority_48_median_rent,median_rent,territorial_authority,48,Masterton District,2025-11-01,2025-12-01,2024-12-01,1,540.0,525.0,15.0,15.0,225.0,seasonal_naive,15.0,2.857142857142857,above_forecast,-10.0,10.0,20.0,mad,14.825796886582655,1.6862499999999998,True,normal,normal,False,1,6,True,True,False,False,normal
seasonal_naive,territorial_authority_48_median_rent,median_rent,territorial_authority,48,Masterton District,2025-12-01,2026-01-01,2025-01-01,1,500.0,550.0,-50.0,50.0,2500.0,seasonal_naive,-50.0,-9.090909090909092,below_forecast,-10.0,12.5,21.25,mad,18.532246108228318,-2.1584,True,normal,normal,False,1,6,True,True,False,False,normal
seasonal_naive,territorial_authority_48_median_rent,median_rent,territorial_authority,48,Masterton District,2026-01-01,2026-02-01,2025-02-01,1,550.0,550.0,0.0,0.0,0.0,seasonal_naive,0.0,0.0,on_forecast,-10.0,15.0,27.5,mad,22.23869532987398,0.44966666666666666,True,normal,normal,False,1,6,True,False,False,False,normal
ets_additive_damped,territorial_authority_51_bonds_lodged,bonds_lodged,territorial_authority,51,Tasman District,2025-02-01,2025-03-01,,1,87.0,70.37863360204086,16.621366397959136,16.621366397959136,276.2698209352051,ets_additive_damped,16.621366397959136,23.617063229652054,above_forecast,,,,unavailable,,,False,unavailable,unavailable,False,1,6,True,True,False,False,unavailable
ets_additive_damped,territorial_authority_51_bonds_lodged,bonds_lodged,territorial_authority,51,Tasman District,2025-03-01,2025-04-01,,1,81.0,72.6514638979307,8.348536102069303,8.348536102069303,69.69805504755452,ets_additive_damped,8.348536102069303,11.491215254517522,above_forecast,,,,unavailable,,,False,unavailable,unavailable,False,1,6,True,True,False,False,unavailable
ets_additive_damped,territorial_authority_51_bonds_lodged,bonds_lodged,territorial_authority,51,Tasman District,2025-04-01,2025-05-01,,1,96.0,80.64358609533788,15.35641390466212,15.35641390466212,235.81944801130007,ets_additive_damped,15.35641390466212,19.04232518443261,above_forecast,,,,unavailable,,,False,unavailable,unavailable,False,1,6,True,True,False,False,unavailable
ets_additive_damped,territorial_authority_51_bonds_lodged,bonds_lodged,territorial_authority,51,Tasman District,2025-05-01,2025-06-01,,1,96.0,74.84607714863438,21.15392285136562,21.15392285136562,447.48845200152863,ets_additive_damped,21.15392285136562,28.26323523857735,above_forecast,,,,unavailable,,,False,unavailable,unavailable,False,1,6,True,True,False,False,unavailable
ets_additive_damped,territorial_authority_51_bonds_lodged,bonds_lodged,territorial_authority,51,Tasman District,2025-06-01,2025-07-01,,1,84.0,85.38436670580629,-1.3843667058062863,1.3843667058062863,1.9164711761449489,ets_additive_damped,-1.3843667058062863,-1.6213350982342616,below_forecast,,,,unavailable,,,False,unavailable,unavailable,False,1,6,True,False,False,False,unavailable
ets_additive_damped,territorial_authority_51_bonds_lodged,bonds_lodged,territorial_authority,51,Tasman District,2025-07-01,2025-08-01,,1,120.0,80.0255680152398,39.9744319847602,39.9744319847602,1597.9552125042194,ets_additive_damped,39.9744319847602,49.95207528817241,above_forecast,,,,unavailable,,,False,unavailable,unavailable,False,1,6,True,True,False,False,unavailable
ets_additive_damped,territorial_authority_51_bonds_lodged,bonds_lodged,territorial_authority,51,Tasman District,2025-08-01,2025-09-01,,1,96.0,84.7378979066425,11.262102093357498,11.262102093357498,126.83494356120734,ets_additive_damped,11.262102093357498,13.290513892337982,above_forecast,15.988890151310628,6.402693374648159,9.920278185296493,mad,9.492503149960205,-0.4979495906696586,True,normal,normal,False,1,6,True,True,False,False,normal
ets_additive_damped,territorial_authority_51_bonds_lodged,bonds_lodged,territorial_authority,51,Tasman District,2025-09-01,2025-10-01,,1,93.0,86.8044606190907,6.195539380909295,6.195539380909295,38.38470822039793,ets_additive_damped,6.195539380909295,7.13735139498894,above_forecast,15.35641390466212,5.797508946703502,9.082325526948978,mad,8.595269009197185,-1.0658042830248158,True,normal,normal,False,1,6,True,False,False,False,normal
ets_additive_damped,territorial_authority_51_bonds_lodged,bonds_lodged,territorial_authority,51,Tasman District,2025-10-01,2025-11-01,,1,63.0,85.03366231312268,-22.03366231312268,22.03366231312268,485.4822749287225,ets_additive_damped,-22.033662313122676,-25.91169392656203,below_forecast,13.309257999009809,6.037220257520509,9.944218589531456,mad,8.95066012975613,-3.9486384020588923,True,high,low,True,1,6,True,True,True,True,dashboard_alert
ets_additive_damped,territorial_authority_51_bonds_lodged,bonds_lodged,territorial_authority,51,Tasman District,2025-11-01,2025-12-01,,1,69.0,78.36022873547408,-9.36022873547408,9.36022873547408,87.61388198039471,ets_additive_damped,-9.360228735474081,-11.94512686668136,below_forecast,11.262102093357498,5.359264304601638,10.42582701704984,mad,7.945536404153652,-2.595461121800529,True,moderate,low,True,1,6,True,True,True,True,dashboard_alert
ets_additive_damped,territorial_authority_51_bonds_lodged,bonds_lodged,territorial_authority,51,Tasman District,2025-12-01,2026-01-01,,1,69.0,75.31729355696231,-6.317293556962312,6.317293556962312,39.90819788483754,ets_additive_damped,-6.317293556962312,-8.387573767749045,below_forecast,9.8053190977134,9.002866551882711,15.794518458762273,mad,13.347467089522182,-1.2079155203410865,True,normal,normal,False,1,6,True,False,False,False,normal
ets_additive_damped,territorial_authority_51_bonds_lodged,bonds_lodged,territorial_authority,51,Tasman District,2026-01-01,2026-02-01,,1,63.0,80.08230815094178,-17.082308150941785,17.082308150941785,291.80525176373214,ets_additive_damped,-17.082308150941785,-21.330938812033846,below_forecast,8.348536102069303,9.73290280787559,19.839720282694927,mad,14.429804014641348,-1.7623832054272823,True,normal,normal,False,1,6,True,True,False,False,normal
ets_additive_damped,territorial_authority_51_median_rent,median_rent,territorial_authority,51,Tasman District,2025-02-01,2025-03-01,,1,578.0,583.9074421401214,-5.907442140121361,5.907442140121361,34.89787263888165,ets_additive_damped,-5.907442140121361,-1.0117086568497171,below_forecast,,,,unavailable,,,False,unavailable,unavailable,False,1,6,True,False,False,False,unavailable
ets_additive_damped,territorial_authority_51_median_rent,median_rent,territorial_authority,51,Tasman District,2025-03-01,2025-04-01,,1,590.0,586.2951457128066,3.7048542871933705,3.7048542871933705,13.725945289335096,ets_additive_damped,3.7048542871933705,0.6319094255315859,above_forecast,,,,unavailable,,,False,unavailable,unavailable,False,1,6,True,False,False,False,unavailable
ets_additive_damped,territorial_authority_51_median_rent,median_rent,territorial_authority,51,Tasman District,2025-04-01,2025-05-01,,1,560.0,585.3599198049372,-25.35991980493725,25.35991980493725,643.1255325128485,ets_additive_damped,-25.35991980493725,-4.33236355051232,below_forecast,,,,unavailable,,,False,unavailable,unavailable,False,1,6,True,True,False,False,unavailable
ets_additive_damped,territorial_authority_51_median_rent,median_rent,territorial_authority,51,Tasman District,2025-05-01,2025-06-01,,1,580.0,576.7642360215465,3.2357639784535195,3.2357639784535195,10.470168524257348,ets_additive_damped,3.2357639784535195,0.5610202187246296,above_forecast,,,,unavailable,,,False,unavailable,unavailable,False,1,6,True,False,False,False,unavailable
ets_additive_damped,territorial_authority_51_median_rent,median_rent,territorial_authority,51,Tasman District,2025-06-01,2025-07-01,,1,580.0,579.0053732180615,0.9946267819384502,0.9946267819384502,0.9892824353492374,ets_additive_damped,0.9946267819384502,0.17178196057325013,above_forecast,,,,unavailable,,,False,unavailable,unavailable,False,1,6,True,False,False,False,unavailable
ets_additive_damped,territorial_authority_51_median_rent,median_rent,territorial_authority,51,Tasman District,2025-07-01,2025-08-01,,1,580.0,578.1304146753537,1.869585324646323,1.869585324646323,3.495349286132897,ets_additive_damped,1.869585324646323,0.32338470303386124,above_forecast,,,,unavailable,,,False,unavailable,unavailable,False,1,6,True,False,False,False,unavailable
ets_additive_damped,territorial_authority_51_median_rent,median_rent,territorial_authority,51,Tasman District,2025-08-01,2025-09-01,,1,580.0,584.7688566862138,-4.7688566862137804,4.7688566862137804,22.74199409364588,ets_additive_damped,-4.7688566862137804,-0.815511399365227,below_forecast,1.4321060532923866,2.0382030795310584,7.076144224608129,mad,3.0217984870734744,-2.052076856227307,True,normal,normal,False,1,6,True,False,False,False,normal
ets_additive_damped,territorial_authority_51_median_rent,median_rent,territorial_authority,51,Tasman District,2025-09-01,2025-10-01,,1,580.0,584.2290674031012,-4.229067403101226,4.229067403101226,17.885011099973347,ets_additive_damped,-4.229067403101226,-0.7238714468452305,below_forecast,0.9946267819384502,2.7102275052549203,7.890824064717492,mad,4.018128250933907,-1.300031720945086,True,normal,normal,False,1,6,True,False,False,False,normal
ets_additive_damped,territorial_authority_51_median_rent,median_rent,territorial_authority,51,Tasman District,2025-10-01,2025-11-01,,1,575.0,585.9131066206038,-10.9131066206038,10.9131066206038,119.09589611266648,ets_additive_damped,-10.913106620603799,-1.862581071713482,below_forecast,-1.6172203105813878,3.888513732383842,7.264633037788798,mad,5.765031478701026,-1.6124606334529425,True,normal,normal,False,1,6,True,False,False,False,normal
ets_additive_damped,territorial_authority_51_median_rent,median_rent,territorial_authority,51,Tasman District,2025-11-01,2025-12-01,,1,590.0,592.5672395079044,-2.5672395079044463,2.5672395079044463,6.590718690945463,ets_additive_damped,-2.5672395079044463,-0.43324020241760275,below_forecast,-4.229067403101226,6.098652727747549,7.777027464767684,mad,9.041738662338842,0.18379517007262314,True,normal,normal,False,1,6,True,False,False,False,normal
ets_additive_damped,territorial_authority_51_median_rent,median_rent,territorial_authority,51,Tasman District,2025-12-01,2026-01-01,,1,595.0,589.8136200180934,5.186379981906612,5.186379981906612,26.898537316721622,ets_additive_damped,5.186379981906612,0.8793252318838469,above_forecast,-3.398153455502836,4.830259508795223,7.273641465613821,mad,7.161244638688247,1.1987488028312785,True,normal,normal,False,1,6,True,False,False,False,normal
ets_additive_damped,territorial_authority_51_median_rent,median_rent,territorial_authority,51,Tasman District,2026-01-01,2026-02-01,,1,593.0,587.3447902918605,5.655209708139523,5.655209708139523,31.981396843035512,ets_additive_damped,5.655209708139523,0.9628432569103685,above_forecast,-2.5672395079044463,4.436824832550769,7.890824064717492,mad,6.57794637887438,1.2500024692282452,True,normal,normal,False,1,6,True,False,False,False,normal
ets_additive_damped,territorial_authority_52_bonds_lodged,bonds_lodged,territorial_authority,52,Nelson City,2025-02-01,2025-03-01,,1,147.0,131.18465634244816,15.815343657551836,15.815343657551836,250.12509500646507,ets_additive_damped,15.815343657551836,12.05578769537423,above_forecast,,,,unavailable,,,False,unavailable,unavailable,False,1,6,True,True,False,False,unavailable
ets_additive_damped,territorial_authority_52_bonds_lodged,bonds_lodged,territorial_authority,52,Nelson City,2025-03-01,2025-04-01,,1,144.0,126.44423929018426,17.555760709815743,17.555760709815743,308.2047341003102,ets_additive_damped,17.555760709815743,13.884191805311119,above_forecast,,,,unavailable,,,False,unavailable,unavailable,False,1,6,True,True,False,False,unavailable
ets_additive_damped,territorial_authority_52_bonds_lodged,bonds_lodged,territorial_authority,52,Nelson City,2025-04-01,2025-05-01,,1,162.0,139.56065990636222,22.43934009363778,22.43934009363778,503.52398383794,ets_additive_damped,22.43934009363778,16.07855688608336,above_forecast,,,,unavailable,,,False,unavailable,unavailable,False,1,6,True,True,False,False,unavailable
ets_additive_damped,territorial_authority_52_bonds_lodged,bonds_lodged,territorial_authority,52,Nelson City,2025-05-01,2025-06-01,,1,144.0,128.62517308168893,15.374826918311072,15.374826918311072,236.3853027680228,ets_additive_damped,15.374826918311072,11.953202122065662,above_forecast,,,,unavailable,,,False,unavailable,unavailable,False,1,6,True,True,False,False,unavailable
ets_additive_damped,territorial_authority_52_bonds_lodged,bonds_lodged,territorial_authority,52,Nelson City,2025-06-01,2025-07-01,,1,165.0,142.78928137737287,22.210718622627127,22.210718622627127,493.3160217335154,ets_additive_damped,22.210718622627127,15.55489208179932,above_forecast,,,,unavailable,,,False,unavailable,unavailable,False,1,6,True,True,False,False,unavailable
ets_additive_damped,territorial_authority_52_bonds_lodged,bonds_lodged,territorial_authority,52,Nelson City,2025-07-01,2025-08-01,,1,153.0,138.10967998532234,14.890320014677656,14.890320014677656,221.72163013951,ets_additive_damped,14.890320014677656,10.781518005298492,above_forecast,,,,unavailable,,,False,unavailable,unavailable,False,1,6,True,True,False,False,unavailable
ets_additive_damped,territorial_authority_52_bonds_lodged,bonds_lodged,territorial_authority,52,Nelson City,2025-08-01,2025-09-01,,1,126.0,136.41746109398986,-10.417461093989855,10.417461093989855,108.52349564479236,ets_additive_damped,-10.417461093989857,-7.636457247076576,below_forecast,16.68555218368379,1.5529787171894256,5.562023041303018,mad,2.302414703023611,-11.771560198117665,True,high,low,True,1,6,True,False,True,False,statistical_only
ets_additive_damped,territorial_authority_52_bonds_lodged,bonds_lodged,territorial_authority,52,Nelson City,2025-09-01,2025-10-01,,1,147.0,136.0231947950527,10.976805204947311,10.976805204947311,120.49025250735838,ets_additive_damped,10.976805204947311,8.069803992977931,above_forecast,15.815343657551836,1.7404170522639077,4.750666199727071,mad,2.5803069714809603,-1.875179389926408,True,normal,normal,False,1,6,True,False,False,False,normal
ets_additive_damped,territorial_authority_52_bonds_lodged,bonds_lodged,territorial_authority,52,Nelson City,2025-10-01,2025-11-01,,1,120.0,133.33191946678292,-13.33191946678292,13.33191946678292,177.7400766687854,ets_additive_damped,-13.33191946678292,-9.999045629958331,below_forecast,15.595085287931454,3.289477752434216,4.80755887577352,mad,4.876912902052211,-5.931417135323835,True,high,low,True,1,6,True,False,True,False,statistical_only
ets_additive_damped,territorial_authority_52_bonds_lodged,bonds_lodged,territorial_authority,52,Nelson City,2025-11-01,2025-12-01,,1,141.0,131.17739058848832,9.822609411511678,9.822609411511678,96.4836556511178,ets_additive_damped,9.822609411511678,7.488035375185818,above_forecast,15.374826918311072,4.398021713363761,6.578955504868432,mad,6.520417662511136,-0.8515125555103061,True,normal,normal,False,1,6,True,False,False,False,normal
ets_additive_damped,territorial_authority_52_bonds_lodged,bonds_lodged,territorial_authority,52,Nelson City,2025-12-01,2026-01-01,,1,138.0,137.33538838961402,0.6646116103859754,0.6646116103859754,0.4417085926598395,ets_additive_damped,0.6646116103859754,0.48393325142133325,above_forecast,15.132573466494364,4.732866158264869,7.00949808687918,mad,7.01685123538157,-2.0618880706997964,True,normal,normal,False,1,6,True,False,False,False,normal
ets_additive_damped,territorial_authority_52_bonds_lodged,bonds_lodged,territorial_authority,52,Nelson City,2026-01-01,2026-02-01,,1,123.0,143.12487690338702,-20.12487690338702,20.12487690338702,405.0106703764803,ets_additive_damped,-20.12487690338702,-14.061061458220033,below_forecast,14.890320014677656,5.0677106031659775,11.441941672734963,mad,7.513284808252005,-4.660437852642923,True,high,low,True,1,6,True,True,True,True,dashboard_alert
xgboost_pooled_recursive,territorial_authority_52_median_rent,median_rent,territorial_authority,52,Nelson City,2025-02-01,2025-03-01,,1,550.0,564.6405029296875,-14.6405029296875,14.6405029296875,214.34432603418827,xgboost_pooled_recursive,-14.6405029296875,-2.592889254972668,below_forecast,,,,unavailable,,,False,unavailable,unavailable,False,1,6,True,False,False,False,unavailable
xgboost_pooled_recursive,territorial_authority_52_median_rent,median_rent,territorial_authority,52,Nelson City,2025-03-01,2025-04-01,,1,550.0,559.1361083984375,-9.1361083984375,9.1361083984375,83.46847666800022,xgboost_pooled_recursive,-9.1361083984375,-1.633968592120893,below_forecast,,,,unavailable,,,False,unavailable,unavailable,False,1,6,True,False,False,False,unavailable
xgboost_pooled_recursive,territorial_authority_52_median_rent,median_rent,territorial_authority,52,Nelson City,2025-04-01,2025-05-01,,1,560.0,550.4430541992188,9.55694580078125,9.55694580078125,91.33521303907035,xgboost_pooled_recursive,9.55694580078125,1.7362278854957371,above_forecast,,,,unavailable,,,False,unavailable,unavailable,False,1,6,True,False,False,False,unavailable
xgboost_pooled_recursive,territorial_authority_52_median_rent,median_rent,territorial_authority,52,Nelson City,2025-05-01,2025-06-01,,1,563.0,552.7256469726562,10.27435302734375,10.27435302734375,105.56233013048768,xgboost_pooled_recursive,10.27435302734375,1.8588522323177143,above_forecast,,,,unavailable,,,False,unavailable,unavailable,False,1,6,True,False,False,False,unavailable
xgboost_pooled_recursive,territorial_authority_52_median_rent,median_rent,territorial_authority,52,Nelson City,2025-06-01,2025-07-01,,1,523.0,555.82080078125,-32.82080078125,32.82080078125,1077.2049639225006,xgboost_pooled_recursive,-32.82080078125,-5.904924884984113,below_forecast,,,,unavailable,,,False,unavailable,unavailable,False,1,6,True,True,False,False,unavailable
xgboost_pooled_recursive,territorial_authority_52_median_rent,median_rent,territorial_authority,52,Nelson City,2025-07-01,2025-08-01,,1,523.0,536.8450317382812,-13.84503173828125,13.84503173828125,191.6849038340152,xgboost_pooled_recursive,-13.84503173828125,-2.5789624416289425,below_forecast,,,,unavailable,,,False,unavailable,unavailable,False,1,6,True,False,False,False,unavailable
xgboost_pooled_recursive,territorial_authority_52_median_rent,median_rent,territorial_authority,52,Nelson City,2025-08-01,2025-09-01,,1,520.0,535.7914428710938,-15.79144287109375,15.79144287109375,249.3696679510176,xgboost_pooled_recursive,-15.79144287109375,-2.947311511074845,below_forecast,-11.490570068359375,12.098724365234375,19.3253173828125,mad,17.93732300257135,-0.2397722782891202,True,normal,normal,False,1,6,True,True,False,False,normal
xgboost_pooled_recursive,territorial_authority_52_median_rent,median_rent,territorial_authority,52,Nelson City,2025-09-01,2025-10-01,,1,540.0,531.1235961914062,8.87640380859375,8.87640380859375,78.79054457321763,xgboost_pooled_recursive,8.87640380859375,1.6712501331601304,above_forecast,-13.84503173828125,4.70892333984375,15.4263916015625,mad,6.981354099101186,3.2545886119428133,True,moderate,high,True,1,6,True,False,True,False,statistical_only
xgboost_pooled_recursive,territorial_authority_52_median_rent,median_rent,territorial_authority,52,Nelson City,2025-10-01,2025-11-01,,1,500.0,539.5125122070312,-39.51251220703125,39.51251220703125,1561.2386209107935,xgboost_pooled_recursive,-39.51251220703125,-7.323743437458743,below_forecast,-11.490570068359375,12.33392333984375,23.974777221679688,mad,18.28602422512046,-1.532423986411255,True,normal,normal,False,1,6,True,True,False,False,normal
xgboost_pooled_recursive,territorial_authority_52_median_rent,median_rent,territorial_authority,52,Nelson City,2025-11-01,2025-12-01,,1,540.0,539.3321533203125,0.6678466796875,0.6678466796875,0.4460191875696182,xgboost_pooled_recursive,0.6678466796875,0.1238284562817196,above_forecast,-13.84503173828125,18.97576904296875,24.6678466796875,mad,28.13308975977576,0.5158650735447846,True,normal,normal,False,1,6,True,False,False,False,normal
xgboost_pooled_recursive,territorial_authority_52_median_rent,median_rent,territorial_authority,52,Nelson City,2025-12-01,2026-01-01,,1,570.0,561.6437377929688,8.35626220703125,8.35626220703125,69.82711807265878,xgboost_pooled_recursive,8.35626220703125,1.4878225545375008,above_forecast,-11.490570068359375,16.2626953125,22.327972412109375,mad,24.11074175315048,0.8231531189950759,True,normal,normal,False,1,6,True,False,False,False,normal
xgboost_pooled_recursive,territorial_authority_52_median_rent,median_rent,territorial_authority,52,Nelson City,2026-01-01,2026-02-01,,1,540.0,546.4937133789062,-6.49371337890625,6.49371337890625,42.168313447386026,xgboost_pooled_recursive,-6.49371337890625,-1.188250334803741,below_forecast,-9.1361083984375,17.49237060546875,23.832305908203125,mad,25.933833366150854,0.10188987421273922,True,normal,normal,False,1,6,True,False,False,False,normal
ets_additive_damped,territorial_authority_53_bonds_lodged,bonds_lodged,territorial_authority,53,Marlborough District,2025-02-01,2025-03-01,,1,120.0,90.85123357497211,29.148766425027887,29.148766425027887,849.650584100833,ets_additive_damped,29.148766425027887,32.08406234899803,above_forecast,,,,unavailable,,,False,unavailable,unavailable,False,1,6,True,True,False,False,unavailable
ets_additive_damped,territorial_authority_53_bonds_lodged,bonds_lodged,territorial_authority,53,Marlborough District,2025-03-01,2025-04-01,,1,129.0,88.17738676022437,40.822613239775634,40.822613239775634,1666.485751724305,ets_additive_damped,40.822613239775634,46.296011641603975,above_forecast,,,,unavailable,,,False,unavailable,unavailable,False,1,6,True,True,False,False,unavailable
ets_additive_damped,territorial_authority_53_bonds_lodged,bonds_lodged,territorial_authority,53,Marlborough District,2025-04-01,2025-05-01,,1,99.0,111.76008272483868,-12.760082724838682,12.760082724838682,162.81971114472657,ets_additive_damped,-12.760082724838682,-11.417388403563479,below_forecast,,,,unavailable,,,False,unavailable,unavailable,False,1,6,True,True,False,False,unavailable
ets_additive_damped,territorial_authority_53_bonds_lodged,bonds_lodged,territorial_authority,53,Marlborough District,2025-05-01,2025-06-01,,1,96.0,101.13244966533466,-5.132449665334661,5.132449665334661,26.34203956719388,ets_additive_damped,-5.132449665334661,-5.074978092905743,below_forecast,,,,unavailable,,,False,unavailable,unavailable,False,1,6,True,False,False,False,unavailable
ets_additive_damped,territorial_authority_53_bonds_lodged,bonds_lodged,territorial_authority,53,Marlborough District,2025-06-01,2025-07-01,,1,99.0,108.1638505693466,-9.163850569346591,9.163850569346591,83.97615725731387,ets_additive_damped,-9.163850569346593,-8.472193363226669,below_forecast,,,,unavailable,,,False,unavailable,unavailable,False,1,6,True,False,False,False,unavailable
ets_additive_damped,territorial_authority_53_bonds_lodged,bonds_lodged,territorial_authority,53,Marlborough District,2025-07-01,2025-08-01,,1,96.0,102.56046768440495,-6.560467684404969,6.560467684404969,43.0397362381219,ets_additive_damped,-6.560467684404955,-6.396682691222283,below_forecast,,,,unavailable,,,False,unavailable,unavailable,False,1,6,True,False,False,False,unavailable
ets_additive_damped,territorial_authority_53_bonds_lodged,bonds_lodged,territorial_authority,53,Marlborough District,2025-08-01,2025-09-01,,1,87.0,98.94766063501964,-11.94766063501963,11.94766063501963,142.74659464959768,ets_additive_damped,-11.947660635019645,-12.074727748329522,below_forecast,-5.846458674869808,5.115507972222829,29.091467250548433,mad,7.584148216786997,-0.8044676588262397,True,normal,normal,False,1,6,True,True,False,False,normal
ets_additive_damped,territorial_authority_53_bonds_lodged,bonds_lodged,territorial_authority,53,Marlborough District,2025-09-01,2025-10-01,,1,102.0,92.27716338314896,9.722836616851026,9.722836616851026,94.53355187797912,ets_additive_damped,9.72283661685104,10.536557757503152,above_forecast,-6.560467684404955,5.38719295061469,22.56391398202973,mad,7.986942847464329,2.0387405559594773,True,normal,normal,False,1,6,True,True,False,False,normal
ets_additive_damped,territorial_authority_53_bonds_lodged,bonds_lodged,territorial_authority,53,Marlborough District,2025-10-01,2025-11-01,,1,78.0,97.78973621692536,-19.789736216925363,19.789736216925363,391.63365953548737,ets_additive_damped,-19.789736216925363,-20.237027915717164,below_forecast,-5.846458674869808,6.507413005059355,24.439122154660108,mad,9.647758347011646,-1.4452349489427696,True,normal,normal,False,1,6,True,True,False,False,normal
ets_additive_damped,territorial_authority_53_bonds_lodged,bonds_lodged,territorial_authority,53,Marlborough District,2025-11-01,2025-12-01,,1,75.0,87.06165091058786,-12.061650910587858,12.061650910587858,145.4834226888849,ets_additive_damped,-12.061650910587858,-13.85414908221204,below_forecast,-6.560467684404955,6.199615040433727,21.670497251870685,mad,9.191423336447334,-0.598512659553903,True,normal,normal,False,1,6,True,True,False,False,normal
ets_additive_damped,territorial_authority_53_bonds_lodged,bonds_lodged,territorial_authority,53,Marlborough District,2025-12-01,2026-01-01,,1,75.0,83.71656227655367,-8.716562276553674,8.716562276553674,75.97845792103857,ets_additive_damped,-8.716562276553674,-10.41199260877307,below_forecast,-7.862159126875774,4.548707690837496,18.04216838800042,mad,6.743821632079312,-0.12669420935062053,True,normal,normal,False,1,6,True,True,False,False,normal
ets_additive_damped,territorial_authority_53_bonds_lodged,bonds_lodged,territorial_authority,53,Marlborough District,2026-01-01,2026-02-01,,1,84.0,86.68280108452798,-2.6828010845279806,2.6828010845279806,7.197421659144509,ets_additive_damped,-2.6828010845279806,-3.0949635348214812,below_forecast,-8.716562276553674,3.5841126112190125,14.29984924856194,mad,5.313732559257246,1.1355033631705946,True,normal,normal,False,1,6,True,False,False,False,normal
xgboost_pooled_recursive,territorial_authority_53_median_rent,median_rent,territorial_authority,53,Marlborough District,2025-02-01,2025-03-01,,1,580.0,572.3496704101562,7.65032958984375,7.65032958984375,58.52754283323884,xgboost_pooled_recursive,7.65032958984375,1.3366530960630034,above_forecast,,,,unavailable,,,False,unavailable,unavailable,False,1,6,True,False,False,False,unavailable
xgboost_pooled_recursive,territorial_authority_53_median_rent,median_rent,territorial_authority,53,Marlborough District,2025-03-01,2025-04-01,,1,560.0,567.880859375,-7.880859375,7.880859375,62.10794448852539,xgboost_pooled_recursive,-7.880859375,-1.387766332479235,below_forecast,,,,unavailable,,,False,unavailable,unavailable,False,1,6,True,False,False,False,unavailable
xgboost_pooled_recursive,territorial_authority_53_median_rent,median_rent,territorial_authority,53,Marlborough District,2025-04-01,2025-05-01,,1,590.0,572.6395263671875,17.3604736328125,17.3604736328125,301.38604475557804,xgboost_pooled_recursive,17.3604736328125,3.031658282994707,above_forecast,,,,unavailable,,,False,unavailable,unavailable,False,1,6,True,True,False,False,unavailable
xgboost_pooled_recursive,territorial_authority_53_median_rent,median_rent,territorial_authority,53,Marlborough District,2025-05-01,2025-06-01,,1,550.0,570.7421264648438,-20.74212646484375,20.74212646484375,430.2358102835715,xgboost_pooled_recursive,-20.74212646484375,-3.6342378638352377,below_forecast,,,,unavailable,,,False,unavailable,unavailable,False,1,6,True,True,False,False,unavailable
xgboost_pooled_recursive,territorial_authority_53_median_rent,median_rent,territorial_authority,53,Marlborough District,2025-06-01,2025-07-01,,1,535.0,563.470947265625,-28.470947265625,28.470947265625,810.5948382019997,xgboost_pooled_recursive,-28.470947265625,-5.052779988708727,below_forecast,,,,unavailable,,,False,unavailable,unavailable,False,1,6,True,True,False,False,unavailable
xgboost_pooled_recursive,territorial_authority_53_median_rent,median_rent,territorial_authority,53,Marlborough District,2025-07-01,2025-08-01,,1,550.0,551.5883178710938,-1.58831787109375,1.58831787109375,2.5227536596357822,xgboost_pooled_recursive,-1.58831787109375,-0.287953500760134,below_forecast,,,,unavailable,,,False,unavailable,unavailable,False,1,6,True,False,False,False,unavailable
xgboost_pooled_recursive,territorial_authority_53_median_rent,median_rent,territorial_authority,53,Marlborough District,2025-08-01,2025-09-01,,1,560.0,536.0036010742188,23.99639892578125,23.99639892578125,575.8271614052355,xgboost_pooled_recursive,23.99639892578125,4.476910020322521,above_forecast,-4.734588623046875,14.19622802734375,22.867477416992188,mad,21.04703932890104,1.3650845185325313,True,normal,normal,False,1,6,True,True,False,False,normal
xgboost_pooled_recursive,territorial_authority_53_median_rent,median_rent,territorial_authority,53,Marlborough District,2025-09-01,2025-10-01,,1,560.0,542.2791137695312,17.72088623046875,17.72088623046875,314.02980879321694,xgboost_pooled_recursive,17.72088623046875,3.267853358261578,above_forecast,-1.58831787109375,18.94879150390625,26.81689453125,mad,28.093093408311713,0.6873292243370257,True,normal,normal,False,1,6,True,True,False,False,normal
xgboost_pooled_recursive,territorial_authority_53_median_rent,median_rent,territorial_authority,53,Marlborough District,2025-10-01,2025-11-01,,1,570.0,560.0440673828125,9.9559326171875,9.9559326171875,99.12059427797794,xgboost_pooled_recursive,9.9559326171875,1.777705219468421,above_forecast,3.031005859375,14.509674072265625,28.5467529296875,mad,21.511748068592475,0.32191371597192575,True,normal,normal,False,1,6,True,False,False,False,normal
xgboost_pooled_recursive,territorial_authority_53_median_rent,median_rent,territorial_authority,53,Marlborough District,2025-11-01,2025-12-01,,1,560.0,560.2177734375,-0.2177734375,0.2177734375,0.0474252700805664,xgboost_pooled_recursive,-0.2177734375,-0.03887299686401249,below_forecast,7.65032958984375,10.070556640625,25.2413330078125,mad,14.93040272887324,-0.5269853178258866,True,normal,normal,False,1,6,True,False,False,False,normal
xgboost_pooled_recursive,territorial_authority_53_median_rent,median_rent,territorial_authority,53,Marlborough District,2025-12-01,2026-01-01,,1,560.0,577.0369262695312,-17.03692626953125,17.03692626953125,290.256856713444,xgboost_pooled_recursive,-17.03692626953125,-2.95248458008966,below_forecast,3.716278076171875,12.62066650390625,21.817062377929688,mad,18.711143816021128,-1.1091360608288154,True,normal,normal,False,1,6,True,True,False,False,normal
xgboost_pooled_recursive,territorial_authority_53_median_rent,median_rent,territorial_authority,53,Marlborough District,2026-01-01,2026-02-01,,1,560.0,561.2263793945312,-1.22637939453125,1.22637939453125,1.5040064193308351,xgboost_pooled_recursive,-1.22637939453125,-0.2185177745661754,below_forecast,-0.2177734375,16.81915283203125,26.117095947265625,mad,24.935734369208674,-0.040448215484549924,True,normal,normal,False,1,6,True,False,False,False,normal
ets_additive_damped,territorial_authority_55_bonds_lodged,bonds_lodged,territorial_authority,55,Buller District,2025-02-01,2025-03-01,,1,21.0,13.586440763727214,7.413559236272786,7.413559236272786,54.96086054972553,ets_additive_damped,7.413559236272786,54.5658672878135,above_forecast,,,,unavailable,,,False,unavailable,unavailable,False,1,6,True,True,False,False,unavailable
ets_additive_damped,territorial_authority_55_bonds_lodged,bonds_lodged,territorial_authority,55,Buller District,2025-03-01,2025-04-01,,1,15.0,12.376625742145912,2.6233742578540866,2.6233742578540866,6.88209249677148,ets_additive_damped,2.6233742578540884,21.196199291384865,above_forecast,,,,unavailable,,,False,unavailable,unavailable,False,1,6,True,True,False,False,unavailable
ets_additive_damped,territorial_authority_55_bonds_lodged,bonds_lodged,territorial_authority,55,Buller District,2025-04-01,2025-05-01,,1,18.0,14.123655350049503,3.876344649950495,3.876344649950495,15.026047845199823,ets_additive_damped,3.8763446499504965,27.445760703420945,above_forecast,,,,unavailable,,,False,unavailable,unavailable,False,1,6,True,True,False,False,unavailable
ets_additive_damped,territorial_authority_55_bonds_lodged,bonds_lodged,territorial_authority,55,Buller District,2025-05-01,2025-06-01,,1,15.0,14.851939722940132,0.1480602770598675,0.1480602770598675,0.0219218456430447,ets_additive_damped,0.14806027705986757,0.9969086854774626,above_forecast,,,,unavailable,,,False,unavailable,unavailable,False,1,6,True,False,False,False,unavailable
ets_additive_damped,territorial_authority_55_bonds_lodged,bonds_lodged,territorial_authority,55,Buller District,2025-06-01,2025-07-01,,1,18.0,14.974985529361913,3.025014470638089,3.025014470638089,9.15071254756984,ets_additive_damped,3.0250144706380873,20.200450041883837,above_forecast,,,,unavailable,,,False,unavailable,unavailable,False,1,6,True,True,False,False,unavailable
ets_additive_damped,territorial_authority_55_bonds_lodged,bonds_lodged,territorial_authority,55,Buller District,2025-07-01,2025-08-01,,1,24.0,16.689179841397884,7.310820158602116,7.310820158602116,53.44809139142307,ets_additive_damped,7.310820158602116,43.80574856331443,above_forecast,,,,unavailable,,,False,unavailable,unavailable,False,1,6,True,True,False,False,unavailable
ets_additive_damped,territorial_authority_55_bonds_lodged,bonds_lodged,territorial_authority,55,Buller District,2025-08-01,2025-09-01,,1,21.0,14.794046046785908,6.205953953214092,6.205953953214092,38.51386446941361,ets_additive_damped,6.205953953214092,41.94899714106521,above_forecast,3.450679560294292,2.064962292837314,3.728416970389123,mad,3.0614711532058028,0.8999837839512645,True,normal,normal,False,1,6,True,True,False,False,normal
ets_additive_damped,territorial_authority_55_bonds_lodged,bonds_lodged,territorial_authority,55,Buller District,2025-09-01,2025-10-01,,1,18.0,15.974284031174458,2.0257159688255424,2.0257159688255424,4.103525186354806,ets_additive_damped,2.0257159688255424,12.681106488855939,above_forecast,3.8763446499504965,2.329609303263595,3.934192691662016,mad,3.4538314355279396,-0.5358190507181119,True,normal,normal,False,1,6,True,True,False,False,normal
ets_additive_damped,territorial_authority_55_bonds_lodged,bonds_lodged,territorial_authority,55,Buller District,2025-10-01,2025-11-01,,1,15.0,15.02504172564512,-0.0250417256451207,0.0250417256451207,0.0006270880232854,ets_additive_damped,-0.02504172564512075,-0.16666659635546235,below_forecast,3.450679560294292,2.0901189921942747,4.008210818964146,mad,3.098767964706115,-1.1216461914950278,True,normal,normal,False,1,6,True,False,False,False,normal
ets_additive_damped,territorial_authority_55_bonds_lodged,bonds_lodged,territorial_authority,55,Buller District,2025-11-01,2025-12-01,,1,9.0,13.971520214596175,-4.971520214596175,4.971520214596175,24.7160132441384,ets_additive_damped,-4.971520214596175,-35.58324461644756,below_forecast,3.0250144706380873,2.8769541935782197,4.180237984388549,mad,4.265313852599288,-1.874782246178945,True,normal,normal,False,1,6,True,True,False,False,normal
ets_additive_damped,territorial_authority_55_bonds_lodged,bonds_lodged,territorial_authority,55,Buller District,2025-12-01,2026-01-01,,1,12.0,19.22805113925949,-7.228051139259492,7.228051139259492,52.24472327175044,ets_additive_damped,-7.228051139259492,-37.59117908991508,below_forecast,2.824194364246088,2.7626850885387144,5.006077427396907,mad,4.09590079842656,-2.454220938985424,True,normal,normal,False,1,6,True,True,False,False,normal
ets_additive_damped,territorial_authority_55_bonds_lodged,bonds_lodged,territorial_authority,55,Buller District,2026-01-01,2026-02-01,,1,15.0,14.87203569568976,0.1279643043102396,0.1279643043102396,0.0163748631776036,ets_additive_damped,0.12796430431023964,0.8604356991109596,above_forecast,2.6233742578540884,2.648415983499209,4.979640025874921,mad,3.9264877442538313,-0.6355323424084858,True,normal,normal,False,1,6,True,False,False,False,normal
xgboost_pooled_recursive,territorial_authority_55_median_rent,median_rent,territorial_authority,55,Buller District,2025-02-01,2025-03-01,,1,430.0,454.2225036621094,-24.22250366210937,24.22250366210937,586.7296836609021,xgboost_pooled_recursive,-24.222503662109375,-5.332739674238642,below_forecast,,,,unavailable,,,False,unavailable,unavailable,False,1,6,True,True,False,False,unavailable
xgboost_pooled_recursive,territorial_authority_55_median_rent,median_rent,territorial_authority,55,Buller District,2025-03-01,2025-04-01,,1,420.0,444.7145080566406,-24.714508056640625,24.714508056640625,610.8069084817544,xgboost_pooled_recursive,-24.714508056640625,-5.557387404481278,below_forecast,,,,unavailable,,,False,unavailable,unavailable,False,1,6,True,True,False,False,unavailable
xgboost_pooled_recursive,territorial_authority_55_median_rent,median_rent,territorial_authority,55,Buller District,2025-04-01,2025-05-01,,1,410.0,435.6127014160156,-25.612701416015625,25.612701416015625,656.0104738259688,xgboost_pooled_recursive,-25.612701416015625,-5.879695732644667,below_forecast,,,,unavailable,,,False,unavailable,unavailable,False,1,6,True,True,False,False,unavailable
xgboost_pooled_recursive,territorial_authority_55_median_rent,median_rent,territorial_authority,55,Buller District,2025-05-01,2025-06-01,,1,475.0,426.208984375,48.791015625,48.791015625,2380.563205718994,xgboost_pooled_recursive,48.791015625,11.44767412553444,above_forecast,,,,unavailable,,,False,unavailable,unavailable,False,1,6,True,True,False,False,unavailable
xgboost_pooled_recursive,territorial_authority_55_median_rent,median_rent,territorial_authority,55,Buller District,2025-06-01,2025-07-01,,1,450.0,444.9986267089844,5.001373291015625,5.001373291015625,25.013734796084464,xgboost_pooled_recursive,5.001373291015625,1.123907578772456,above_forecast,,,,unavailable,,,False,unavailable,unavailable,False,1,6,True,False,False,False,unavailable
xgboost_pooled_recursive,territorial_authority_55_median_rent,median_rent,territorial_authority,55,Buller District,2025-07-01,2025-08-01,,1,420.0,447.3811950683594,-27.38119506835937,27.38119506835937,749.7298433715478,xgboost_pooled_recursive,-27.381195068359375,-6.12032766915372,below_forecast,,,,unavailable,,,False,unavailable,unavailable,False,1,6,True,True,False,False,unavailable
xgboost_pooled_recursive,territorial_authority_55_median_rent,median_rent,territorial_authority,55,Buller District,2025-08-01,2025-09-01,,1,425.0,438.7908630371094,-13.790863037109377,13.790863037109377,190.1879033083096,xgboost_pooled_recursive,-13.790863037109375,-3.142923930014253,below_forecast,-24.468505859375,2.0284423828125,23.08355712890625,mad,3.0073274763713864,3.550542102966841,True,high,high,True,1,6,True,False,True,False,statistical_only
xgboost_pooled_recursive,territorial_authority_55_median_rent,median_rent,territorial_authority,55,Buller District,2025-09-01,2025-10-01,,1,425.0,435.0860290527344,-10.086029052734377,10.086029052734377,101.72798205260187,xgboost_pooled_recursive,-10.086029052734375,-2.3181689089611983,below_forecast,-24.222503662109375,3.15869140625,20.76885986328125,mad,4.683011721645664,3.018671626217344,True,moderate,high,True,1,6,True,False,True,False,statistical_only
xgboost_pooled_recursive,territorial_authority_55_median_rent,median_rent,territorial_authority,55,Buller District,2025-10-01,2025-11-01,,1,420.0,430.0628967285156,-10.062896728515623,10.062896728515623,101.26189056877048,xgboost_pooled_recursive,-10.062896728515625,-2.339866285853531,below_forecast,-19.006683349609375,7.490264892578125,18.6248779296875,mad,11.104914592406413,0.805389951149156,True,normal,normal,False,1,6,True,False,False,False,normal
xgboost_pooled_recursive,territorial_authority_55_median_rent,median_rent,territorial_authority,55,Buller District,2025-11-01,2025-12-01,,1,400.0,444.9848327636719,-44.98483276367188,44.98483276367188,2023.6351787755264,xgboost_pooled_recursive,-44.984832763671875,-10.10929574481991,below_forecast,-13.790863037109375,10.92364501953125,14.651611328125,mad,16.195174232070052,-1.9261274549792426,True,normal,normal,False,1,6,True,True,False,False,normal
xgboost_pooled_recursive,territorial_authority_55_median_rent,median_rent,territorial_authority,55,Buller District,2025-12-01,2026-01-01,,1,450.0,433.020751953125,16.979248046875,16.979248046875,288.2948642373085,xgboost_pooled_recursive,16.979248046875,3.9211164754323424,above_forecast,-19.006683349609375,8.6475830078125,15.319473266601562,mad,12.820730923369162,2.8068548986462645,True,moderate,high,True,1,6,True,True,True,True,dashboard_alert
xgboost_pooled_recursive,territorial_authority_55_median_rent,median_rent,territorial_authority,55,Buller District,2026-01-01,2026-02-01,,1,500.0,430.649658203125,69.350341796875,69.350341796875,4809.469907343388,xgboost_pooled_recursive,69.350341796875,16.103656528194538,above_forecast,-13.790863037109375,11.82183837890625,22.632843017578125,mad,17.526817463167163,4.74365668545968,True,high,high,True,1,6,True,True,True,True,dashboard_alert
xgboost_pooled_recursive,territorial_authority_59_bonds_lodged,bonds_lodged,territorial_authority,59,Waimakariri District,2025-02-01,2025-03-01,,1,81.0,71.11233520507812,9.887664794921877,9.887664794921877,97.76591509673744,xgboost_pooled_recursive,9.887664794921875,13.904289271906512,above_forecast,,,,unavailable,,,False,unavailable,unavailable,False,1,6,True,True,False,False,unavailable
xgboost_pooled_recursive,territorial_authority_59_bonds_lodged,bonds_lodged,territorial_authority,59,Waimakariri District,2025-03-01,2025-04-01,,1,75.0,77.14048767089844,-2.140487670898437,2.140487670898437,4.581687469268218,xgboost_pooled_recursive,-2.1404876708984375,-2.7747914688202644,below_forecast,,,,unavailable,,,False,unavailable,unavailable,False,1,6,True,False,False,False,unavailable
xgboost_pooled_recursive,territorial_authority_59_bonds_lodged,bonds_lodged,territorial_authority,59,Waimakariri District,2025-04-01,2025-05-01,,1,90.0,79.19465637207031,10.805343627929688,10.805343627929688,116.7554509176407,xgboost_pooled_recursive,10.805343627929688,13.64403120478773,above_forecast,,,,unavailable,,,False,unavailable,unavailable,False,1,6,True,True,False,False,unavailable
xgboost_pooled_recursive,territorial_authority_59_bonds_lodged,bonds_lodged,territorial_authority,59,Waimakariri District,2025-05-01,2025-06-01,,1,96.0,86.22513580322266,9.774864196777344,9.774864196777344,95.5479700654396,xgboost_pooled_recursive,9.774864196777344,11.336443956533623,above_forecast,,,,unavailable,,,False,unavailable,unavailable,False,1,6,True,True,False,False,unavailable
xgboost_pooled_recursive,territorial_authority_59_bonds_lodged,bonds_lodged,territorial_authority,59,Waimakariri District,2025-06-01,2025-07-01,,1,81.0,90.8984832763672,-9.898483276367188,9.898483276367188,97.97997117252088,xgboost_pooled_recursive,-9.898483276367202,-10.889602245916373,below_forecast,,,,unavailable,,,False,unavailable,unavailable,False,1,6,True,True,False,False,unavailable
xgboost_pooled_recursive,territorial_authority_59_bonds_lodged,bonds_lodged,territorial_authority,59,Waimakariri District,2025-07-01,2025-08-01,,1,102.0,90.73672485351562,11.263275146484377,11.263275146484377,126.86136702541262,xgboost_pooled_recursive,11.263275146484375,12.413138301682899,above_forecast,,,,unavailable,,,False,unavailable,unavailable,False,1,6,True,True,False,False,unavailable
xgboost_pooled_recursive,territorial_authority_59_bonds_lodged,bonds_lodged,territorial_authority,59,Waimakariri District,2025-08-01,2025-09-01,,1,90.0,91.6507797241211,-1.6507797241210938,1.6507797241210938,2.7250736975693144,xgboost_pooled_recursive,-1.6507797241210938,-1.801162771435357,below_forecast,9.83126449584961,1.2030448913574219,9.737573623657227,mad,1.7836099204706033,-6.4375310364618175,True,high,low,True,1,6,True,False,True,False,statistical_only
xgboost_pooled_recursive,territorial_authority_59_bonds_lodged,bonds_lodged,territorial_authority,59,Waimakariri District,2025-09-01,2025-10-01,,1,90.0,87.7645263671875,2.2354736328125,2.2354736328125,4.997342362999916,xgboost_pooled_recursive,2.2354736328125,2.5471266414174782,above_forecast,9.774864196777344,1.4884109497070312,12.242137908935547,mad,2.2066878424122036,-3.4166094628605403,True,moderate,low,True,1,6,True,False,True,False,statistical_only
xgboost_pooled_recursive,territorial_authority_59_bonds_lodged,bonds_lodged,territorial_authority,59,Waimakariri District,2025-10-01,2025-11-01,,1,69.0,93.10458374023438,-24.10458374023437,24.10458374023437,581.0309572899714,xgboost_pooled_recursive,-24.104583740234375,-25.88979271685179,below_forecast,6.005168914794922,5.029140472412109,11.890291213989258,mad,7.456101515807427,-4.038270212817601,True,high,low,True,1,6,True,True,True,True,dashboard_alert
xgboost_pooled_recursive,territorial_authority_59_bonds_lodged,bonds_lodged,territorial_authority,59,Waimakariri District,2025-11-01,2025-12-01,,1,57.0,85.77273559570312,-28.772735595703125,28.772735595703125,827.8703136602417,xgboost_pooled_recursive,-28.772735595703125,-33.54531646434339,below_forecast,2.2354736328125,7.652191162109375,12.028152465820312,mad,11.344983190673647,-2.733208917753752,True,moderate,low,True,1,6,True,True,True,True,dashboard_alert
xgboost_pooled_recursive,territorial_authority_59_bonds_lodged,bonds_lodged,territorial_authority,59,Waimakariri District,2025-12-01,2026-01-01,,1,84.0,85.14031982421875,-1.14031982421875,1.14031982421875,1.300329301506281,xgboost_pooled_recursive,-1.14031982421875,-1.339341720318953,below_forecast,0.2923469543457031,9.893074035644538,17.818449020385753,mad,14.667270623639048,-0.09767780354822408,True,normal,normal,False,1,6,True,False,False,False,normal
xgboost_pooled_recursive,territorial_authority_59_bonds_lodged,bonds_lodged,territorial_authority,59,Waimakariri District,2026-01-01,2026-02-01,,1,60.0,78.80457305908203,-18.80457305908203,18.80457305908203,353.61196793435374,xgboost_pooled_recursive,-18.80457305908203,-23.862286576927087,below_forecast,-1.14031982421875,10.915184020996094,15.850749969482429,mad,16.18263012749606,-1.0915563845737153,True,normal,normal,False,1,6,True,True,False,False,normal
ets_additive_damped,territorial_authority_59_median_rent,median_rent,territorial_authority,59,Waimakariri District,2025-02-01,2025-03-01,,1,600.0,593.587976324514,6.412023675486012,6.412023675486012,41.11404761499314,ets_additive_damped,6.412023675486012,1.0802145480083922,above_forecast,,,,unavailable,,,False,unavailable,unavailable,False,1,6,True,False,False,False,unavailable
ets_additive_damped,territorial_authority_59_median_rent,median_rent,territorial_authority,59,Waimakariri District,2025-03-01,2025-04-01,,1,593.0,597.2060927631177,-4.206092763117681,4.206092763117681,17.69121633195093,ets_additive_damped,-4.206092763117681,-0.7042950187693466,below_forecast,,,,unavailable,,,False,unavailable,unavailable,False,1,6,True,False,False,False,unavailable
ets_additive_damped,territorial_authority_59_median_rent,median_rent,territorial_authority,59,Waimakariri District,2025-04-01,2025-05-01,,1,585.0,598.041730151936,-13.041730151936008,13.041730151936008,170.0867253559168,ets_additive_damped,-13.041730151936008,-2.180739151534238,below_forecast,,,,unavailable,,,False,unavailable,unavailable,False,1,6,True,False,False,False,unavailable
ets_additive_damped,territorial_authority_59_median_rent,median_rent,territorial_authority,59,Waimakariri District,2025-05-01,2025-06-01,,1,590.0,595.1206731733478,-5.120673173347768,5.120673173347768,26.221293748243504,ets_additive_damped,-5.120673173347768,-0.8604428318786045,below_forecast,,,,unavailable,,,False,unavailable,unavailable,False,1,6,True,False,False,False,unavailable
ets_additive_damped,territorial_authority_59_median_rent,median_rent,territorial_authority,59,Waimakariri District,2025-06-01,2025-07-01,,1,600.0,595.7048663359368,4.295133664063201,4.295133664063201,18.448173192168976,ets_additive_damped,4.295133664063201,0.7210170516957031,above_forecast,,,,unavailable,,,False,unavailable,unavailable,False,1,6,True,False,False,False,unavailable
ets_additive_damped,territorial_authority_59_median_rent,median_rent,territorial_authority,59,Waimakariri District,2025-07-01,2025-08-01,,1,600.0,594.2590693451853,5.740930654814747,5.740930654814747,32.95828478339168,ets_additive_damped,5.740930654814747,0.966065298951295,above_forecast,,,,unavailable,,,False,unavailable,unavailable,False,1,6,True,False,False,False,unavailable
ets_additive_damped,territorial_authority_59_median_rent,median_rent,territorial_authority,59,Waimakariri District,2025-08-01,2025-09-01,,1,593.0,595.8949573889106,-2.8949573889105977,2.8949573889105977,8.380778283608066,ets_additive_damped,-2.8949573889105977,-0.48581672877308896,below_forecast,0.044520450472759876,5.430801914081258,10.271509477917107,mad,8.051596610943303,-0.3650801178226161,True,normal,normal,False,1,6,True,False,False,False,normal
ets_additive_damped,territorial_authority_59_median_rent,median_rent,territorial_authority,59,Waimakariri District,2025-09-01,2025-10-01,,1,590.0,598.2958399072388,-8.295839907238815,8.295839907238815,68.8209597665361,ets_additive_damped,-8.295839907238815,-1.3865782367005963,below_forecast,-2.8949573889105977,7.1900910529737985,9.681415127671698,mad,10.659882954742473,-0.5066549549613413,True,normal,normal,False,1,6,True,False,False,False,normal
ets_additive_damped,territorial_authority_59_median_rent,median_rent,territorial_authority,59,Waimakariri District,2025-10-01,2025-11-01,,1,560.0,598.2665659288366,-38.2665659288366,38.2665659288366,1464.330067985998,ets_additive_damped,-38.2665659288366,-6.3962400889687,below_forecast,-3.5505250760141394,6.295486785651008,10.571047768571617,mad,9.333560838622695,-3.7194851411013383,True,high,low,True,1,6,True,True,True,True,dashboard_alert
ets_additive_damped,territorial_authority_59_median_rent,median_rent,territorial_authority,59,Waimakariri District,2025-11-01,2025-12-01,,1,595.0,590.7689768504164,4.231023149583621,4.231023149583621,17.9015568923125,ets_additive_damped,4.231023149583621,0.7161891222082438,above_forecast,-4.206092763117681,8.501226427180882,12.590973571302015,mad,12.60374562962325,0.6694133760420475,True,normal,normal,False,1,6,True,False,False,False,normal
ets_additive_damped,territorial_authority_59_median_rent,median_rent,territorial_authority,59,Waimakariri District,2025-12-01,2026-01-01,,1,595.0,597.7074987366827,-2.707498736682737,2.707498736682737,7.330549409138618,ets_additive_damped,-2.707498736682737,-0.4529805535994309,below_forecast,-3.5505250760141394,7.81360348283755,11.781154259209359,mad,11.584289818884432,0.07277324311733989,True,normal,normal,False,1,6,True,False,False,False,normal
ets_additive_damped,territorial_authority_59_median_rent,median_rent,territorial_authority,59,Waimakariri District,2026-01-01,2026-02-01,,1,595.0,593.3168916696108,1.6831083303892456,1.6831083303892456,2.832853651825674,ets_additive_damped,1.6831083303892456,0.2836778042258211,above_forecast,-2.8949573889105977,7.125980538494218,10.971334947116702,mad,10.564834008145617,0.433330586715333,True,normal,normal,False,1,6,True,False,False,False,normal
ets_additive_damped,territorial_authority_60_bonds_lodged,bonds_lodged,territorial_authority,60,Christchurch City,2025-02-01,2025-03-01,,1,1377.0,1356.241811154223,20.75818884577734,20.75818884577734,430.9024041569548,ets_additive_damped,20.758188845777113,1.5305669442612861,above_forecast,,,,unavailable,,,False,unavailable,unavailable,False,1,6,True,False,False,False,unavailable
ets_additive_damped,territorial_authority_60_bonds_lodged,bonds_lodged,territorial_authority,60,Christchurch City,2025-03-01,2025-04-01,,1,1320.0,1232.8746592889022,87.1253407110978,87.1253407110978,7590.824994024877,ets_additive_damped,87.1253407110978,7.066844959028519,above_forecast,,,,unavailable,,,False,unavailable,unavailable,False,1,6,True,True,False,False,unavailable
ets_additive_damped,territorial_authority_60_bonds_lodged,bonds_lodged,territorial_authority,60,Christchurch City,2025-04-01,2025-05-01,,1,1404.0,1270.603260049356,133.3967399506439,133.3967399506439,17794.690229459717,ets_additive_damped,133.3967399506439,10.498693348658822,above_forecast,,,,unavailable,,,False,unavailable,unavailable,False,1,6,True,True,False,False,unavailable
ets_additive_damped,territorial_authority_60_bonds_lodged,bonds_lodged,territorial_authority,60,Christchurch City,2025-05-01,2025-06-01,,1,1293.0,1266.7188191809723,26.281180819027668,26.281180819027668,690.7004652424278,ets_additive_damped,26.281180819027668,2.0747446411209394,above_forecast,,,,unavailable,,,False,unavailable,unavailable,False,1,6,True,False,False,False,unavailable
ets_additive_damped,territorial_authority_60_bonds_lodged,bonds_lodged,territorial_authority,60,Christchurch City,2025-06-01,2025-07-01,,1,1302.0,1324.727423585696,-22.727423585695988,22.727423585695988,516.5357828436503,ets_additive_damped,-22.727423585695988,-1.7156301878448854,below_forecast,,,,unavailable,,,False,unavailable,unavailable,False,1,6,True,False,False,False,unavailable
ets_additive_damped,territorial_authority_60_bonds_lodged,bonds_lodged,territorial_authority,60,Christchurch City,2025-07-01,2025-08-01,,1,1350.0,1255.3097901649464,94.69020983505357,94.69020983505357,8966.235838606475,ets_additive_damped,94.69020983505357,7.543174647161109,above_forecast,,,,unavailable,,,False,unavailable,unavailable,False,1,6,True,True,False,False,unavailable
ets_additive_damped,territorial_authority_60_bonds_lodged,bonds_lodged,territorial_authority,60,Christchurch City,2025-08-01,2025-09-01,,1,1230.0,1261.8112383520577,-31.81123835205767,31.81123835205767,1011.9548854914248,ets_additive_damped,-31.81123835205767,-2.52107743101128,below_forecast,56.70326076506274,36.966010494638226,70.66005571497487,mad,54.80505633007891,-1.6150790646763844,True,normal,normal,False,1,6,True,False,False,False,normal
ets_additive_damped,territorial_authority_60_bonds_lodged,bonds_lodged,territorial_authority,60,Christchurch City,2025-09-01,2025-10-01,,1,1338.0,1283.33722180607,54.66277819393008,54.66277819393008,2988.019319878798,ets_additive_damped,54.66277819393008,4.259424355899371,above_forecast,26.281180819027668,58.09241917108534,91.89239264303512,mad,86.12664072807316,0.3295333143726268,True,normal,normal,False,1,6,True,True,False,False,normal
ets_additive_damped,territorial_authority_60_bonds_lodged,bonds_lodged,territorial_authority,60,Christchurch City,2025-10-01,2025-11-01,,1,1521.0,1565.5001079703516,-44.50010797035157,44.50010797035157,1980.259609372947,ets_additive_damped,-44.500107970351564,-2.8425490195618903,below_forecast,40.471979506478874,50.43579576659681,79.12977225417791,mad,74.77508638487296,-1.13636896438304,True,normal,normal,False,1,6,True,False,False,False,normal
ets_additive_damped,territorial_authority_60_bonds_lodged,bonds_lodged,territorial_authority,60,Christchurch City,2025-11-01,2025-12-01,,1,1536.0,1575.7979845120822,-39.79798451208217,39.79798451208217,1583.879571223932,ets_additive_damped,-39.79798451208217,-2.5255765588762893,below_forecast,26.281180819027668,58.09241917108534,109.8527642967938,mad,86.12664072807316,-0.7672325864855332,True,normal,normal,False,1,6,True,False,False,False,normal
ets_additive_damped,territorial_authority_60_bonds_lodged,bonds_lodged,territorial_authority,60,Christchurch City,2025-12-01,2026-01-01,,1,1692.0,1663.837643740031,28.16235625996933,28.16235625996933,793.1183101134336,ets_additive_damped,28.1623562599691,1.6926144426366505,above_forecast,23.51968483240239,59.32429626447231,108.54998474227312,mad,87.95299668565205,0.052785824275661995,True,normal,normal,False,1,6,True,False,False,False,normal
ets_additive_damped,territorial_authority_60_bonds_lodged,bonds_lodged,territorial_authority,60,Christchurch City,2026-01-01,2026-02-01,,1,1506.0,1814.4087492961007,-308.4087492961007,308.4087492961007,95115.9566423851,ets_additive_damped,-308.4087492961007,-16.997754746043185,below_forecast,26.281180819027668,58.09241917108534,98.16339042139077,mad,86.12664072807316,-3.8860209487543096,True,high,low,True,1,6,True,True,True,True,dashboard_alert
seasonal_naive,territorial_authority_60_median_rent,median_rent,territorial_authority,60,Christchurch City,2025-02-01,2025-03-01,2024-03-01,1,550.0,550.0,0.0,0.0,0.0,seasonal_naive,0.0,0.0,on_forecast,,,,unavailable,,,False,unavailable,unavailable,False,1,6,True,False,False,False,unavailable
seasonal_naive,territorial_authority_60_median_rent,median_rent,territorial_authority,60,Christchurch City,2025-03-01,2025-04-01,2024-04-01,1,550.0,540.0,10.0,10.0,100.0,seasonal_naive,10.0,1.8518518518518516,above_forecast,,,,unavailable,,,False,unavailable,unavailable,False,1,6,True,False,False,False,unavailable
seasonal_naive,territorial_authority_60_median_rent,median_rent,territorial_authority,60,Christchurch City,2025-04-01,2025-05-01,2024-05-01,1,540.0,547.0,-7.0,7.0,49.0,seasonal_naive,-7.0,-1.2797074954296161,below_forecast,,,,unavailable,,,False,unavailable,unavailable,False,1,6,True,False,False,False,unavailable
seasonal_naive,territorial_authority_60_median_rent,median_rent,territorial_authority,60,Christchurch City,2025-05-01,2025-06-01,2024-06-01,1,535.0,550.0,-15.0,15.0,225.0,seasonal_naive,-15.0,-2.727272727272727,below_forecast,,,,unavailable,,,False,unavailable,unavailable,False,1,6,True,True,False,False,unavailable
seasonal_naive,territorial_authority_60_median_rent,median_rent,territorial_authority,60,Christchurch City,2025-06-01,2025-07-01,2024-07-01,1,530.0,530.0,0.0,0.0,0.0,seasonal_naive,0.0,0.0,on_forecast,,,,unavailable,,,False,unavailable,unavailable,False,1,6,True,False,False,False,unavailable
seasonal_naive,territorial_authority_60_median_rent,median_rent,territorial_authority,60,Christchurch City,2025-07-01,2025-08-01,2024-08-01,1,530.0,540.0,-10.0,10.0,100.0,seasonal_naive,-10.0,-1.8518518518518516,below_forecast,,,,unavailable,,,False,unavailable,unavailable,False,1,6,True,False,False,False,unavailable
seasonal_naive,territorial_authority_60_median_rent,median_rent,territorial_authority,60,Christchurch City,2025-08-01,2025-09-01,2024-09-01,1,539.0,530.0,9.0,9.0,81.0,seasonal_naive,9.0,1.6981132075471699,above_forecast,-3.5,5.0,9.25,mad,7.412898443291327,1.6862499999999998,True,normal,normal,False,1,6,True,False,False,False,normal
seasonal_naive,territorial_authority_60_median_rent,median_rent,territorial_authority,60,Christchurch City,2025-09-01,2025-10-01,2024-10-01,1,540.0,545.0,-5.0,5.0,25.0,seasonal_naive,-5.0,-0.9174311926605505,below_forecast,0.0,9.0,13.0,mad,13.343217197924389,-0.37472222222222223,True,normal,normal,False,1,6,True,False,False,False,normal
seasonal_naive,territorial_authority_60_median_rent,median_rent,territorial_authority,60,Christchurch City,2025-10-01,2025-11-01,2024-11-01,1,570.0,550.0,20.0,20.0,400.0,seasonal_naive,20.0,3.6363636363636362,above_forecast,-2.5,6.0,10.0,mad,8.895478131949593,2.529375,True,moderate,high,True,1,6,True,True,True,True,dashboard_alert
seasonal_naive,territorial_authority_60_median_rent,median_rent,territorial_authority,60,Christchurch City,2025-11-01,2025-12-01,2024-12-01,1,580.0,575.0,5.0,5.0,25.0,seasonal_naive,5.0,0.8695652173913043,above_forecast,0.0,9.0,16.0,mad,13.343217197924389,0.37472222222222223,True,normal,normal,False,1,6,True,False,False,False,normal
seasonal_naive,territorial_authority_60_median_rent,median_rent,territorial_authority,60,Christchurch City,2025-12-01,2026-01-01,2025-01-01,1,580.0,550.0,30.0,30.0,900.0,seasonal_naive,30.0,5.454545454545454,above_forecast,0.0,8.0,14.5,mad,11.860637509266123,2.529375,True,moderate,high,True,1,6,True,True,True,True,dashboard_alert
seasonal_naive,territorial_authority_60_median_rent,median_rent,territorial_authority,60,Christchurch City,2026-01-01,2026-02-01,2025-02-01,1,550.0,549.0,1.0,1.0,1.0,seasonal_naive,1.0,0.18214936247723132,above_forecast,0.0,9.0,15.5,mad,13.343217197924389,0.07494444444444444,True,normal,normal,False,1,6,True,False,False,False,normal
ets_additive_damped,territorial_authority_62_bonds_lodged,bonds_lodged,territorial_authority,62,Selwyn District,2025-02-01,2025-03-01,,1,156.0,150.9246372522205,5.075362747779508,5.075362747779508,25.759307021547954,ets_additive_damped,5.075362747779508,3.36284574883405,above_forecast,,,,unavailable,,,False,unavailable,unavailable,False,1,6,True,False,False,False,unavailable
ets_additive_damped,territorial_authority_62_bonds_lodged,bonds_lodged,territorial_authority,62,Selwyn District,2025-03-01,2025-04-01,,1,141.0,148.13440290108613,-7.134402901086133,7.134402901086133,50.89970475502624,ets_additive_damped,-7.134402901086133,-4.816168804386374,below_forecast,,,,unavailable,,,False,unavailable,unavailable,False,1,6,True,False,False,False,unavailable
ets_additive_damped,territorial_authority_62_bonds_lodged,bonds_lodged,territorial_authority,62,Selwyn District,2025-04-01,2025-05-01,,1,174.0,146.20163287430813,27.79836712569187,27.79836712569187,772.7492148547464,ets_additive_damped,27.79836712569187,19.01371864265741,above_forecast,,,,unavailable,,,False,unavailable,unavailable,False,1,6,True,True,False,False,unavailable
ets_additive_damped,territorial_authority_62_bonds_lodged,bonds_lodged,territorial_authority,62,Selwyn District,2025-05-01,2025-06-01,,1,168.0,162.22477498996338,5.775225010036621,5.775225010036621,33.353223916552494,ets_additive_damped,5.775225010036621,3.5600141904304854,above_forecast,,,,unavailable,,,False,unavailable,unavailable,False,1,6,True,False,False,False,unavailable
ets_additive_damped,territorial_authority_62_bonds_lodged,bonds_lodged,territorial_authority,62,Selwyn District,2025-06-01,2025-07-01,,1,156.0,163.56062984209888,-7.5606298420988765,7.5606298420988765,57.16312360923608,ets_additive_damped,-7.5606298420988765,-4.622524289248515,below_forecast,,,,unavailable,,,False,unavailable,unavailable,False,1,6,True,False,False,False,unavailable
ets_additive_damped,territorial_authority_62_bonds_lodged,bonds_lodged,territorial_authority,62,Selwyn District,2025-07-01,2025-08-01,,1,159.0,158.6222649634457,0.3777350365542986,0.3777350365542986,0.1426837578406773,ets_additive_damped,0.37773503655429863,0.2381349406663353,above_forecast,,,,unavailable,,,False,unavailable,unavailable,False,1,6,True,False,False,False,unavailable
ets_additive_damped,territorial_authority_62_bonds_lodged,bonds_lodged,territorial_authority,62,Selwyn District,2025-08-01,2025-09-01,,1,159.0,156.16931195391925,2.830688046080752,2.830688046080752,8.012794814224465,ets_additive_damped,2.830688046080752,1.8125763702640894,above_forecast,2.726548892166903,6.454813955561377,10.856627861148368,mad,9.569776064583213,0.010882088902712927,True,normal,normal,False,1,6,True,False,False,False,normal
ets_additive_damped,territorial_authority_62_bonds_lodged,bonds_lodged,territorial_authority,62,Selwyn District,2025-09-01,2025-10-01,,1,150.0,160.32302646269565,-10.323026462695651,10.323026462695651,106.5648753495147,ets_additive_damped,-10.323026462695651,-6.438891961098076,below_forecast,2.830688046080752,2.944536963955869,8.803627811173982,mad,4.3655106952644465,-3.013098678934653,True,moderate,low,True,1,6,True,False,True,False,statistical_only
ets_additive_damped,territorial_authority_62_bonds_lodged,bonds_lodged,territorial_authority,62,Selwyn District,2025-10-01,2025-11-01,,1,186.0,162.42543385285313,23.574566147146868,23.574566147146868,555.7601690262031,ets_additive_damped,23.574566147146868,14.514085379327902,above_forecast,1.6042115413175253,6.454813955561377,12.491287949683105,mad,9.569776064583213,2.2958065536287138,True,normal,normal,False,1,6,True,True,False,False,normal
ets_additive_damped,territorial_authority_62_bonds_lodged,bonds_lodged,territorial_authority,62,Selwyn District,2025-11-01,2025-12-01,,1,138.0,171.8926256452648,-33.892625645264815,33.892625645264815,1148.7100731300625,ets_additive_damped,-33.892625645264786,-19.717323834013143,below_forecast,2.830688046080752,9.965090947166885,12.909627911122755,mad,14.77404143390198,-2.4856647286149194,True,normal,normal,False,1,6,True,True,False,False,normal
ets_additive_damped,territorial_authority_62_bonds_lodged,bonds_lodged,territorial_authority,62,Selwyn District,2025-12-01,2026-01-01,,1,156.0,160.0178245310138,-4.017824531013787,4.017824531013787,16.142913962016156,ets_additive_damped,-4.017824531013787,-2.5108606136781177,below_forecast,1.6042115413175253,8.95172791291003,13.054332551318033,mad,13.271649982075656,-0.42361244305902335,True,normal,normal,False,1,6,True,False,False,False,normal
ets_additive_damped,territorial_authority_62_bonds_lodged,bonds_lodged,territorial_authority,62,Selwyn District,2026-01-01,2026-02-01,,1,129.0,156.50388251484375,-27.503882514843752,27.503882514843752,756.4635533903279,ets_additive_damped,-27.503882514843752,-17.573929843072822,below_forecast,0.37773503655429863,7.512137937640432,12.77281025050057,mad,11.137343124744895,-2.5034352663024997,True,moderate,low,True,1,6,True,True,True,True,dashboard_alert
ets_additive_damped,territorial_authority_62_median_rent,median_rent,territorial_authority,62,Selwyn District,2025-02-01,2025-03-01,,1,625.0,614.3652276057657,10.634772394234346,10.634772394234346,113.09838387716891,ets_additive_damped,10.634772394234346,1.7310179542027424,above_forecast,,,,unavailable,,,False,unavailable,unavailable,False,1,6,True,False,False,False,unavailable
ets_additive_damped,territorial_authority_62_median_rent,median_rent,territorial_authority,62,Selwyn District,2025-03-01,2025-04-01,,1,630.0,625.2851096121607,4.714890387839319,4.714890387839319,22.2301913693396,ets_additive_damped,4.7148903878393185,0.7540384882607833,above_forecast,,,,unavailable,,,False,unavailable,unavailable,False,1,6,True,False,False,False,unavailable
ets_additive_damped,territorial_authority_62_median_rent,median_rent,territorial_authority,62,Selwyn District,2025-04-01,2025-05-01,,1,620.0,622.6785902465876,-2.678590246587646,2.678590246587646,7.174845709114467,ets_additive_damped,-2.678590246587646,-0.4301722089925871,below_forecast,,,,unavailable,,,False,unavailable,unavailable,False,1,6,True,False,False,False,unavailable
ets_additive_damped,territorial_authority_62_median_rent,median_rent,territorial_authority,62,Selwyn District,2025-05-01,2025-06-01,,1,620.0,621.2704604715396,-1.27046047153965,1.27046047153965,1.6140698097447497,ets_additive_damped,-1.27046047153965,-0.20449394464616583,below_forecast,,,,unavailable,,,False,unavailable,unavailable,False,1,6,True,False,False,False,unavailable
ets_additive_damped,territorial_authority_62_median_rent,median_rent,territorial_authority,62,Selwyn District,2025-06-01,2025-07-01,,1,630.0,618.5658054305918,11.434194569408191,11.434194569408191,130.7408054510838,ets_additive_damped,11.434194569408191,1.84850091437704,above_forecast,,,,unavailable,,,False,unavailable,unavailable,False,1,6,True,False,False,False,unavailable
ets_additive_damped,territorial_authority_62_median_rent,median_rent,territorial_authority,62,Selwyn District,2025-07-01,2025-08-01,,1,630.0,622.869139311122,7.130860688877988,7.130860688877988,50.84917416418545,ets_additive_damped,7.130860688877988,1.1448409045862418,above_forecast,,,,unavailable,,,False,unavailable,unavailable,False,1,6,True,False,False,False,unavailable
ets_additive_damped,territorial_authority_62_median_rent,median_rent,territorial_authority,62,Selwyn District,2025-08-01,2025-09-01,,1,630.0,621.0640751547162,8.935924845283807,8.935924845283807,79.85075284056043,ets_additive_damped,8.935924845283807,1.4388088448132725,above_forecast,5.922875538358653,5.111607943462616,9.532917224590165,mad,7.578366113361922,0.3975856090685097,True,normal,normal,False,1,6,True,False,False,False,normal
ets_additive_damped,territorial_authority_62_median_rent,median_rent,territorial_authority,62,Selwyn District,2025-09-01,2025-10-01,,1,620.0,625.9230874180062,-5.923087418006162,5.923087418006162,35.082964561342905,ets_additive_damped,-5.923087418006162,-0.9462963640532059,below_forecast,7.130860688877988,3.5039117053563587,8.063133661609243,mad,5.194828325213282,-2.5128738217442823,True,moderate,low,True,1,6,True,False,True,False,statistical_only
ets_additive_damped,territorial_authority_62_median_rent,median_rent,territorial_authority,62,Selwyn District,2025-10-01,2025-11-01,,1,629.0,628.6416373132275,0.3583626867724661,0.3583626867724661,0.1284238152707806,ets_additive_damped,0.3583626867724661,0.057005878309951644,above_forecast,5.922875538358653,5.111607943462616,10.983129647823091,mad,7.578366113361922,-0.7342628699047706,True,normal,normal,False,1,6,True,False,False,False,normal
ets_additive_damped,territorial_authority_62_median_rent,median_rent,territorial_authority,62,Selwyn District,2025-11-01,2025-12-01,,1,640.0,630.2512905194886,9.748709480511366,9.748709480511366,95.03733653541218,ets_additive_damped,9.748709480511366,1.5467972263057057,above_forecast,4.7148903878393185,5.919882006395028,10.206385316823457,mad,8.776696821934808,0.5735436912998381,True,normal,normal,False,1,6,True,False,False,False,normal
ets_additive_damped,territorial_authority_62_median_rent,median_rent,territorial_authority,62,Selwyn District,2025-12-01,2026-01-01,,1,620.0,631.5259578642535,-11.525957864253542,11.525957864253542,132.84770468854805,ets_additive_damped,-11.525957864253542,-1.8250964541874057,below_forecast,5.922875538358653,5.111607943462616,10.408768003666097,mad,7.578366113361922,-2.302453212420946,True,normal,normal,False,1,6,True,False,False,False,normal
ets_additive_damped,territorial_authority_62_median_rent,median_rent,territorial_authority,62,Selwyn District,2026-01-01,2026-02-01,,1,640.0,638.0904782191602,1.909521780839782,1.909521780839782,3.646273431501532,ets_additive_damped,1.909521780839782,0.29925564571485935,above_forecast,4.7148903878393185,5.919882006395028,11.316842521961235,mad,8.776696821934808,-0.31963831768557066,True,normal,normal,False,1,6,True,False,False,False,normal
ets_additive_damped,territorial_authority_63_bonds_lodged,bonds_lodged,territorial_authority,63,Ashburton District,2025-02-01,2025-03-01,,1,63.0,44.413685862302806,18.5863141376972,18.5863141376972,345.4510732251626,ets_additive_damped,18.586314137697194,41.84816859226894,above_forecast,,,,unavailable,,,False,unavailable,unavailable,False,1,6,True,True,False,False,unavailable
ets_additive_damped,territorial_authority_63_bonds_lodged,bonds_lodged,territorial_authority,63,Ashburton District,2025-03-01,2025-04-01,,1,48.0,45.66807573119818,2.3319242688018207,2.3319242688018207,5.437870795426906,ets_additive_damped,2.3319242688018207,5.106245952922349,above_forecast,,,,unavailable,,,False,unavailable,unavailable,False,1,6,True,False,False,False,unavailable
ets_additive_damped,territorial_authority_63_bonds_lodged,bonds_lodged,territorial_authority,63,Ashburton District,2025-04-01,2025-05-01,,1,72.0,53.42865302827403,18.571346971725973,18.571346971725973,344.89492834423544,ets_additive_damped,18.571346971725973,34.759152475541846,above_forecast,,,,unavailable,,,False,unavailable,unavailable,False,1,6,True,True,False,False,unavailable
ets_additive_damped,territorial_authority_63_bonds_lodged,bonds_lodged,territorial_authority,63,Ashburton District,2025-05-01,2025-06-01,,1,63.0,56.29262001775599,6.707379982244007,6.707379982244007,44.98894622620761,ets_additive_damped,6.7073799822440066,11.915203058817202,above_forecast,,,,unavailable,,,False,unavailable,unavailable,False,1,6,True,True,False,False,unavailable
ets_additive_damped,territorial_authority_63_bonds_lodged,bonds_lodged,territorial_authority,63,Ashburton District,2025-06-01,2025-07-01,,1,66.0,52.47415886113373,13.52584113886627,13.52584113886627,182.9483785138472,ets_additive_damped,13.52584113886627,25.776194287669686,above_forecast,,,,unavailable,,,False,unavailable,unavailable,False,1,6,True,True,False,False,unavailable
ets_additive_damped,territorial_authority_63_bonds_lodged,bonds_lodged,territorial_authority,63,Ashburton District,2025-07-01,2025-08-01,,1,60.0,51.433010004196,8.566989995804,8.566989995804,73.39331758820583,ets_additive_damped,8.566989995804,16.656598544602172,above_forecast,,,,unavailable,,,False,unavailable,unavailable,False,1,6,True,True,False,False,unavailable
ets_additive_damped,territorial_authority_63_bonds_lodged,bonds_lodged,territorial_authority,63,Ashburton District,2025-08-01,2025-09-01,,1,60.0,50.63049438824979,9.369505611750212,9.369505611750212,87.78763540861874,ets_additive_damped,9.369505611750213,18.50565696613989,above_forecast,11.046415567335135,5.931983494740983,10.137688027877042,mad,8.794638242759056,-0.19067412544974005,True,normal,normal,False,1,6,True,True,False,False,normal
ets_additive_damped,territorial_authority_63_bonds_lodged,bonds_lodged,territorial_authority,63,Ashburton District,2025-09-01,2025-10-01,,1,69.0,56.60673313581507,12.39326686418493,12.39326686418493,153.5930635669042,ets_additive_damped,12.39326686418493,21.893626743041477,above_forecast,9.369505611750213,4.156335527116056,8.411409066272117,mad,6.16209863175101,0.49070315701446193,True,normal,normal,False,1,6,True,True,False,False,normal
ets_additive_damped,territorial_authority_63_bonds_lodged,bonds_lodged,territorial_authority,63,Ashburton District,2025-10-01,2025-11-01,,1,54.0,57.49494442329144,-3.494944423291443,3.494944423291443,12.214636521895958,ets_additive_damped,-3.494944423291443,-6.078698672288178,below_forecast,10.881386237967572,3.4092305783111314,6.685130104667193,mad,5.054456009356755,-2.844288412965847,True,moderate,low,True,1,6,True,False,True,False,statistical_only
ets_additive_damped,territorial_authority_63_bonds_lodged,bonds_lodged,territorial_authority,63,Ashburton District,2025-11-01,2025-12-01,,1,45.0,55.45482841181227,-10.454828411812272,10.454828411812272,109.30343712043712,ets_additive_damped,-10.454828411812272,-18.852873070265094,below_forecast,9.369505611750213,4.156335527116056,6.818461156622263,mad,6.16209863175101,-3.2171400050974586,True,moderate,low,True,1,6,True,True,True,True,dashboard_alert
ets_additive_damped,territorial_authority_63_bonds_lodged,bonds_lodged,territorial_authority,63,Ashburton District,2025-12-01,2026-01-01,,1,51.0,57.13396006431188,-6.133960064311879,6.133960064311879,37.62546607057298,ets_additive_damped,-6.133960064311879,-10.736101711499238,below_forecast,8.968247803777107,5.596958435032224,9.816909373033567,mad,8.297936894043328,-1.8199955074290939,True,normal,normal,False,1,6,True,True,False,False,normal
ets_additive_damped,territorial_authority_63_bonds_lodged,bonds_lodged,territorial_authority,63,Ashburton District,2026-01-01,2026-02-01,,1,63.0,55.54945661641723,7.450543383582769,7.450543383582769,55.510596710648976,ets_additive_damped,7.450543383582769,13.412450521398647,above_forecast,8.566989995804,6.23506572700218,13.541064078770411,mad,9.243981804302713,-0.12077550949976658,True,normal,normal,False,1,6,True,True,False,False,normal
xgboost_pooled_recursive,territorial_authority_63_median_rent,median_rent,territorial_authority,63,Ashburton District,2025-02-01,2025-03-01,,1,500.0,486.64794921875,13.35205078125,13.35205078125,178.27726006507874,xgboost_pooled_recursive,13.35205078125,2.743677601577276,above_forecast,,,,unavailable,,,False,unavailable,unavailable,False,1,6,True,False,False,False,unavailable
xgboost_pooled_recursive,territorial_authority_63_median_rent,median_rent,territorial_authority,63,Ashburton District,2025-03-01,2025-04-01,,1,525.0,499.0496520996094,25.950347900390625,25.950347900390625,673.4205561513081,xgboost_pooled_recursive,25.950347900390625,5.199953109116883,above_forecast,,,,unavailable,,,False,unavailable,unavailable,False,1,6,True,True,False,False,unavailable
xgboost_pooled_recursive,territorial_authority_63_median_rent,median_rent,territorial_authority,63,Ashburton District,2025-04-01,2025-05-01,,1,500.0,501.4987182617188,-1.49871826171875,1.49871826171875,2.246156428009272,xgboost_pooled_recursive,-1.4987182617188068,-0.2988478748088576,below_forecast,,,,unavailable,,,False,unavailable,unavailable,False,1,6,True,False,False,False,unavailable
xgboost_pooled_recursive,territorial_authority_63_median_rent,median_rent,territorial_authority,63,Ashburton District,2025-05-01,2025-06-01,,1,450.0,501.2214660644531,-51.221466064453125,51.221466064453125,2623.638585791923,xgboost_pooled_recursive,-51.221466064453125,-10.219328087968691,below_forecast,,,,unavailable,,,False,unavailable,unavailable,False,1,6,True,True,False,False,unavailable
xgboost_pooled_recursive,territorial_authority_63_median_rent,median_rent,territorial_authority,63,Ashburton District,2025-06-01,2025-07-01,,1,480.0,488.176025390625,-8.176025390625,8.176025390625,66.84739118814468,xgboost_pooled_recursive,-8.176025390625,-1.6748109217536378,below_forecast,,,,unavailable,,,False,unavailable,unavailable,False,1,6,True,False,False,False,unavailable
xgboost_pooled_recursive,territorial_authority_63_median_rent,median_rent,territorial_authority,63,Ashburton District,2025-07-01,2025-08-01,,1,480.0,480.60247802734375,-0.60247802734375,0.60247802734375,0.3629797734320164,xgboost_pooled_recursive,-0.60247802734375,-0.12535890988674264,below_forecast,,,,unavailable,,,False,unavailable,unavailable,False,1,6,True,False,False,False,unavailable
xgboost_pooled_recursive,territorial_authority_63_median_rent,median_rent,territorial_authority,63,Ashburton District,2025-08-01,2025-09-01,,1,490.0,477.4558715820313,12.54412841796875,12.54412841796875,157.35515776649115,xgboost_pooled_recursive,12.544128417968693,2.62728540260783,above_forecast,-1.0505981445312784,10.7640380859375,16.370117187500014,mad,15.95854423415493,0.8518776125834931,True,normal,normal,False,1,6,True,False,False,False,normal
xgboost_pooled_recursive,territorial_authority_63_median_rent,median_rent,territorial_authority,63,Ashburton District,2025-09-01,2025-10-01,,1,470.0,479.0987548828125,-9.0987548828125,9.0987548828125,82.78734041750431,xgboost_pooled_recursive,-9.0987548828125,-1.8991397473028404,below_forecast,-0.60247802734375,13.146606445312443,17.78546142578125,mad,19.490891690604066,-0.4359101158806671,True,normal,normal,False,1,6,True,False,False,False,normal
xgboost_pooled_recursive,territorial_authority_63_median_rent,median_rent,territorial_authority,63,Ashburton District,2025-10-01,2025-11-01,,1,485.0,478.8960266113281,6.103973388671875,6.103973388671875,37.25849112961441,xgboost_pooled_recursive,6.103973388671875,1.2745926149906976,above_forecast,-1.0505981445312784,10.821441650390597,21.152816772460895,mad,16.043649592869677,0.44594414081337697,True,normal,normal,False,1,6,True,False,False,False,normal
xgboost_pooled_recursive,territorial_authority_63_median_rent,median_rent,territorial_authority,63,Ashburton District,2025-11-01,2025-12-01,,1,490.0,486.9094543457031,3.090545654296875,3.090545654296875,9.5514724412933,xgboost_pooled_recursive,3.090545654296875,0.6347269757679842,above_forecast,-0.60247802734375,8.49627685546875,20.720153808593693,mad,12.596407495135285,0.2931807091082807,True,normal,normal,False,1,6,True,False,False,False,normal
xgboost_pooled_recursive,territorial_authority_63_median_rent,median_rent,territorial_authority,63,Ashburton District,2025-12-01,2026-01-01,,1,500.0,502.8666076660156,-2.866607666015625,2.866607666015625,8.217439510859549,xgboost_pooled_recursive,-2.866607666015625,-0.5700532949126569,below_forecast,1.2440338134765625,9.881423950195312,17.44078826904294,mad,14.649998443580893,-0.2805898918913076,True,normal,normal,False,1,6,True,False,False,False,normal
xgboost_pooled_recursive,territorial_authority_63_median_rent,median_rent,territorial_authority,63,Ashburton District,2026-01-01,2026-02-01,,1,500.0,486.1003112792969,13.899688720703123,13.899688720703123,193.20134653244168,xgboost_pooled_recursive,13.899688720703125,2.859428064162837,above_forecast,-0.60247802734375,7.57354736328125,14.845367431640597,mad,11.228387491892143,1.291562725148084,True,normal,normal,False,1,6,True,False,False,False,normal
ets_additive_damped,territorial_authority_64_bonds_lodged,bonds_lodged,territorial_authority,64,Timaru District,2025-02-01,2025-03-01,,1,72.0,69.39973652056119,2.6002634794388086,2.6002634794388086,6.761370162503219,ets_additive_damped,2.6002634794388086,3.746791572715011,above_forecast,,,,unavailable,,,False,unavailable,unavailable,False,1,6,True,False,False,False,unavailable
ets_additive_damped,territorial_authority_64_bonds_lodged,bonds_lodged,territorial_authority,64,Timaru District,2025-03-01,2025-04-01,,1,81.0,62.41326396312018,18.58673603687982,18.58673603687982,345.466756504647,ets_additive_damped,18.58673603687982,29.78010579267681,above_forecast,,,,unavailable,,,False,unavailable,unavailable,False,1,6,True,True,False,False,unavailable
ets_additive_damped,territorial_authority_64_bonds_lodged,bonds_lodged,territorial_authority,64,Timaru District,2025-04-01,2025-05-01,,1,84.0,65.95290646751512,18.04709353248488,18.04709353248488,325.6975849702576,ets_additive_damped,18.04709353248488,27.36360609274121,above_forecast,,,,unavailable,,,False,unavailable,unavailable,False,1,6,True,True,False,False,unavailable
ets_additive_damped,territorial_authority_64_bonds_lodged,bonds_lodged,territorial_authority,64,Timaru District,2025-05-01,2025-06-01,,1,69.0,68.01548785238188,0.9845121476181192,0.9845121476181192,0.9692641688076412,ets_additive_damped,0.9845121476181191,1.4474822995533976,above_forecast,,,,unavailable,,,False,unavailable,unavailable,False,1,6,True,False,False,False,unavailable
ets_additive_damped,territorial_authority_64_bonds_lodged,bonds_lodged,territorial_authority,64,Timaru District,2025-06-01,2025-07-01,,1,81.0,69.99064884553961,11.00935115446039,11.00935115446039,121.20581284221832,ets_additive_damped,11.00935115446039,15.729745810410497,above_forecast,,,,unavailable,,,False,unavailable,unavailable,False,1,6,True,True,False,False,unavailable
ets_additive_damped,territorial_authority_64_bonds_lodged,bonds_lodged,territorial_authority,64,Timaru District,2025-07-01,2025-08-01,,1,81.0,70.18375543907263,10.816244560927371,10.816244560927371,116.991146401791,ets_additive_damped,10.816244560927373,15.411322026386983,above_forecast,,,,unavailable,,,False,unavailable,unavailable,False,1,6,True,True,False,False,unavailable
ets_additive_damped,territorial_authority_64_bonds_lodged,bonds_lodged,territorial_authority,64,Timaru District,2025-08-01,2025-09-01,,1,72.0,68.71647385437802,3.283526145621977,3.283526145621977,10.781543948983115,ets_additive_damped,3.283526145621977,4.778368215721213,above_forecast,10.912797857693882,7.404116926988468,11.633399188167807,mad,10.977193368403956,-0.6950111431972682,True,normal,normal,False,1,6,True,False,False,False,normal
ets_additive_damped,territorial_authority_64_bonds_lodged,bonds_lodged,territorial_authority,64,Timaru District,2025-09-01,2025-10-01,,1,72.0,65.78941774632476,6.210582253675241,6.210582253675241,38.57133192966584,ets_additive_damped,6.210582253675241,9.440093052080838,above_forecast,10.816244560927373,7.532718415305396,11.586327530942242,mad,11.167855322913857,-0.4124034717572297,True,normal,normal,False,1,6,True,False,False,False,normal
ets_additive_damped,territorial_authority_64_bonds_lodged,bonds_lodged,territorial_authority,64,Timaru District,2025-10-01,2025-11-01,,1,60.0,67.02229844828271,-7.022298448282712,7.022298448282712,49.312675496753776,ets_additive_damped,-7.0222984482827115,-10.47755539703166,below_forecast,8.513413407301307,5.5715185947709145,9.656076269890328,mad,8.260220303589199,-1.8807866236731607,True,normal,normal,False,1,6,True,True,False,False,normal
ets_additive_damped,territorial_authority_64_bonds_lodged,bonds_lodged,territorial_authority,64,Timaru District,2025-11-01,2025-12-01,,1,69.0,64.64395882682909,4.356041173170908,4.356041173170908,18.97509470236018,ets_additive_damped,4.356041173170908,6.738512387275122,above_forecast,6.210582253675241,4.798768900785149,8.409087675021581,mad,7.114557302869012,-0.2606685140839996,True,normal,normal,False,1,6,True,False,False,False,normal
ets_additive_damped,territorial_authority_64_bonds_lodged,bonds_lodged,territorial_authority,64,Timaru District,2025-12-01,2026-01-01,,1,63.0,73.94889443026938,-10.948894430269377,10.948894430269377,119.87828924518378,ets_additive_damped,-10.948894430269377,-14.806028561513806,below_forecast,5.283311713423075,4.915866206654627,8.189995360092535,mad,7.288163390147705,-2.227201185642393,True,normal,normal,False,1,6,True,True,False,False,normal
ets_additive_damped,territorial_authority_64_bonds_lodged,bonds_lodged,territorial_authority,64,Timaru District,2026-01-01,2026-02-01,,1,66.0,73.93073642603149,-7.930736426031487,7.930736426031487,62.89658025918269,ets_additive_damped,-7.930736426031487,-10.727252032672874,below_forecast,4.356041173170908,6.460203387756465,9.120410044165418,mad,9.577766327289051,-1.28284374240733,True,normal,normal,False,1,6,True,True,False,False,normal
xgboost_pooled_recursive,territorial_authority_64_median_rent,median_rent,territorial_authority,64,Timaru District,2025-02-01,2025-03-01,,1,500.0,483.1237182617188,16.87628173828125,16.87628173828125,284.8088853098452,xgboost_pooled_recursive,16.876281738281193,3.493159433157645,above_forecast,,,,unavailable,,,False,unavailable,unavailable,False,1,6,True,True,False,False,unavailable
xgboost_pooled_recursive,territorial_authority_64_median_rent,median_rent,territorial_authority,64,Timaru District,2025-03-01,2025-04-01,,1,488.0,489.5226135253906,-1.522613525390625,1.522613525390625,2.3183519477024674,xgboost_pooled_recursive,-1.522613525390625,-0.31104048787965743,below_forecast,,,,unavailable,,,False,unavailable,unavailable,False,1,6,True,False,False,False,unavailable
xgboost_pooled_recursive,territorial_authority_64_median_rent,median_rent,territorial_authority,64,Timaru District,2025-04-01,2025-05-01,,1,480.0,484.05120849609375,-4.05120849609375,4.05120849609375,16.412290278822184,xgboost_pooled_recursive,-4.05120849609375,-0.8369379984982401,below_forecast,,,,unavailable,,,False,unavailable,unavailable,False,1,6,True,False,False,False,unavailable
xgboost_pooled_recursive,territorial_authority_64_median_rent,median_rent,territorial_authority,64,Timaru District,2025-05-01,2025-06-01,,1,460.0,488.8049621582031,-28.804962158203125,28.804962158203125,829.725844935514,xgboost_pooled_recursive,-28.804962158203125,-5.892935708144533,below_forecast,,,,unavailable,,,False,unavailable,unavailable,False,1,6,True,True,False,False,unavailable
xgboost_pooled_recursive,territorial_authority_64_median_rent,median_rent,territorial_authority,64,Timaru District,2025-06-01,2025-07-01,,1,450.0,483.7986145019531,-33.798614501953125,33.798614501953125,1142.346342251636,xgboost_pooled_recursive,-33.798614501953125,-6.986091627556052,below_forecast,,,,unavailable,,,False,unavailable,unavailable,False,1,6,True,True,False,False,unavailable
xgboost_pooled_recursive,territorial_authority_64_median_rent,median_rent,territorial_authority,64,Timaru District,2025-07-01,2025-08-01,,1,480.0,471.8577880859375,8.1422119140625,8.1422119140625,66.29561485350132,xgboost_pooled_recursive,8.1422119140625,1.7255648035589048,above_forecast,,,,unavailable,,,False,unavailable,unavailable,False,1,6,True,False,False,False,unavailable
xgboost_pooled_recursive,territorial_authority_64_median_rent,median_rent,territorial_authority,64,Timaru District,2025-08-01,2025-09-01,,1,460.0,479.2088012695313,-19.20880126953125,19.20880126953125,368.97804621234536,xgboost_pooled_recursive,-19.208801269531307,-4.008440833858414,below_forecast,-2.7869110107421875,15.296157836914034,28.342529296875,mad,22.677772923519694,-0.7241403428004856,True,normal,normal,False,1,6,True,True,False,False,normal
xgboost_pooled_recursive,territorial_authority_64_median_rent,median_rent,territorial_authority,64,Timaru District,2025-09-01,2025-10-01,,1,480.0,469.9634094238281,10.036590576171877,10.036590576171877,100.73315039370208,xgboost_pooled_recursive,10.036590576171875,2.1356110656522524,above_forecast,-4.05120849609375,15.157592773437557,27.316680908203153,mad,22.472339174851825,0.6268950892317828,True,normal,normal,False,1,6,True,False,False,False,normal
xgboost_pooled_recursive,territorial_authority_64_median_rent,median_rent,territorial_authority,64,Timaru District,2025-10-01,2025-11-01,,1,490.0,479.9143676757813,10.08563232421875,10.08563232421875,101.7199793793261,xgboost_pooled_recursive,10.085632324218693,2.1015483185184207,above_forecast,-2.7869110107421875,14.622695922851591,30.223648071289105,mad,21.6793119686458,0.5937708426161352,True,normal,normal,False,1,6,True,False,False,False,normal
xgboost_pooled_recursive,territorial_authority_64_median_rent,median_rent,territorial_authority,64,Timaru District,2025-11-01,2025-12-01,,1,465.0,482.6641845703125,-17.6641845703125,17.6641845703125,312.0234165340662,xgboost_pooled_recursive,-17.6641845703125,-3.659725568002913,below_forecast,-1.522613525390625,11.608245849609318,29.245391845703182,mad,17.210149517582384,-0.93790998320097,True,normal,normal,False,1,6,True,True,False,False,normal
xgboost_pooled_recursive,territorial_authority_64_median_rent,median_rent,territorial_authority,64,Timaru District,2025-12-01,2026-01-01,,1,480.0,497.031494140625,-17.031494140625,17.031494140625,290.0717926621437,xgboost_pooled_recursive,-17.031494140625,-3.426642846862795,below_forecast,-2.7869110107421875,13.874908447265597,28.385643005371136,mad,20.570657445908964,-0.6924709707183295,True,normal,normal,False,1,6,True,True,False,False,normal
xgboost_pooled_recursive,territorial_authority_64_median_rent,median_rent,territorial_authority,64,Timaru District,2026-01-01,2026-02-01,,1,490.0,474.2125854492188,15.78741455078125,15.78741455078125,249.2424581982196,xgboost_pooled_recursive,15.787414550781193,3.3291850607098223,above_forecast,-4.05120849609375,14.087799072265625,27.52589416503909,mad,20.88628476243977,0.9498397284399349,True,normal,normal,False,1,6,True,True,False,False,normal
ets_additive_damped,territorial_authority_68_bonds_lodged,bonds_lodged,territorial_authority,68,Waitaki District,2025-02-01,2025-03-01,,1,30.0,21.15212886761161,8.847871132388391,8.847871132388391,78.28482357535184,ets_additive_damped,8.847871132388391,41.82969566688087,above_forecast,,,,unavailable,,,False,unavailable,unavailable,False,1,6,True,True,False,False,unavailable
ets_additive_damped,territorial_authority_68_bonds_lodged,bonds_lodged,territorial_authority,68,Waitaki District,2025-03-01,2025-04-01,,1,42.0,22.190511382193208,19.809488617806792,19.809488617806792,392.41583929901685,ets_additive_damped,19.809488617806792,89.27008610402251,above_forecast,,,,unavailable,,,False,unavailable,unavailable,False,1,6,True,True,False,False,unavailable
ets_additive_damped,territorial_authority_68_bonds_lodged,bonds_lodged,territorial_authority,68,Waitaki District,2025-04-01,2025-05-01,,1,27.0,26.28259620967389,0.7174037903261095,0.7174037903261095,0.5146681983742685,ets_additive_damped,0.7174037903261095,2.729577339327129,above_forecast,,,,unavailable,,,False,unavailable,unavailable,False,1,6,True,False,False,False,unavailable
ets_additive_damped,territorial_authority_68_bonds_lodged,bonds_lodged,territorial_authority,68,Waitaki District,2025-05-01,2025-06-01,,1,39.0,25.96311573214417,13.036884267855823,13.036884267855823,169.96035141346673,ets_additive_damped,13.036884267855829,50.21309615669603,above_forecast,,,,unavailable,,,False,unavailable,unavailable,False,1,6,True,True,False,False,unavailable
ets_additive_damped,territorial_authority_68_bonds_lodged,bonds_lodged,territorial_authority,68,Waitaki District,2025-06-01,2025-07-01,,1,30.0,29.37515295468308,0.624847045316919,0.624847045316919,0.3904338300412838,ets_additive_damped,0.624847045316919,2.1271278017883612,above_forecast,,,,unavailable,,,False,unavailable,unavailable,False,1,6,True,False,False,False,unavailable
ets_additive_damped,territorial_authority_68_bonds_lodged,bonds_lodged,territorial_authority,68,Waitaki District,2025-07-01,2025-08-01,,1,27.0,27.440989767469663,-0.440989767469663,0.440989767469663,0.1944719750129474,ets_additive_damped,-0.440989767469663,-1.6070475999828586,below_forecast,,,,unavailable,,,False,unavailable,unavailable,False,1,6,True,False,False,False,unavailable
ets_additive_damped,territorial_authority_68_bonds_lodged,bonds_lodged,territorial_authority,68,Waitaki District,2025-08-01,2025-09-01,,1,30.0,27.116018319607267,2.8839816803927327,2.8839816803927327,8.31735033284089,ets_additive_damped,2.8839816803927327,10.635712243590573,above_forecast,4.78263746135725,4.690708822433622,11.341644752419754,mad,6.954349625550218,-0.2730170157089706,True,normal,normal,False,1,6,True,True,False,False,normal
ets_additive_damped,territorial_authority_68_bonds_lodged,bonds_lodged,territorial_authority,68,Waitaki District,2025-09-01,2025-10-01,,1,33.0,29.556195451482697,3.4438045485173028,3.4438045485173028,11.859789768388463,ets_additive_damped,3.4438045485173028,11.651718010088281,above_forecast,2.8839816803927327,3.3249714478623957,10.271252282300596,mad,4.929535133969453,0.11356504272924797,True,normal,normal,False,1,6,True,True,False,False,normal
ets_additive_damped,territorial_authority_68_bonds_lodged,bonds_lodged,territorial_authority,68,Waitaki District,2025-10-01,2025-11-01,,1,30.0,27.289520128793644,2.7104798712063563,2.7104798712063563,7.346701132214825,ets_additive_damped,2.7104798712063563,9.932310492871151,above_forecast,3.1638931144550178,3.0719644755313897,9.200859812181438,mad,4.554432135702579,-0.09955428684386725,True,normal,normal,False,1,6,True,False,False,False,normal
ets_additive_damped,territorial_authority_68_bonds_lodged,bonds_lodged,territorial_authority,68,Waitaki District,2025-11-01,2025-12-01,,1,27.0,26.80118344847217,0.1988165515278339,0.1988165515278339,0.0395280211614198,ets_additive_damped,0.1988165515278304,0.7418200465291922,above_forecast,2.8839816803927327,2.2591346350758137,8.130467342062282,mad,3.349347123907804,-0.8016980711548415,True,normal,normal,False,1,6,True,False,False,False,normal
ets_additive_damped,territorial_authority_68_bonds_lodged,bonds_lodged,territorial_authority,68,Waitaki District,2025-12-01,2026-01-01,,1,30.0,34.034930909628784,-4.034930909628784,4.034930909628784,16.280667445477768,ets_additive_damped,-4.034930909628784,-11.855263994343137,below_forecast,2.7972307757995445,2.3853989773771698,6.848868254851403,mad,3.536544073205589,-1.9318751707894117,True,normal,normal,False,1,6,True,True,False,False,normal
ets_additive_damped,territorial_authority_68_bonds_lodged,bonds_lodged,territorial_authority,68,Waitaki District,2026-01-01,2026-02-01,,1,18.0,31.93425175649775,-13.934251756497751,13.934251756497751,194.16337201346067,ets_additive_damped,-13.934251756497751,-43.63418896659293,below_forecast,2.7104798712063563,2.511663319678526,5.734006042030472,mad,3.7237410225033742,-4.469895067115674,True,high,low,True,1,6,True,True,True,True,dashboard_alert
ets_additive_damped,territorial_authority_68_median_rent,median_rent,territorial_authority,68,Waitaki District,2025-02-01,2025-03-01,,1,470.0,443.1048019802087,26.895198019791337,26.895198019791337,723.3516765237879,ets_additive_damped,26.89519801979128,6.069714861946487,above_forecast,,,,unavailable,,,False,unavailable,unavailable,False,1,6,True,True,False,False,unavailable
ets_additive_damped,territorial_authority_68_median_rent,median_rent,territorial_authority,68,Waitaki District,2025-03-01,2025-04-01,,1,475.0,453.3615681709134,21.638431829086585,21.638431829086585,468.2217320220274,ets_additive_damped,21.638431829086585,4.772886223326518,above_forecast,,,,unavailable,,,False,unavailable,unavailable,False,1,6,True,True,False,False,unavailable
ets_additive_damped,territorial_authority_68_median_rent,median_rent,territorial_authority,68,Waitaki District,2025-04-01,2025-05-01,,1,480.0,461.5754361348463,18.424563865153686,18.424563865153686,339.4645536211269,ets_additive_damped,18.424563865153686,3.9916690583532413,above_forecast,,,,unavailable,,,False,unavailable,unavailable,False,1,6,True,True,False,False,unavailable
ets_additive_damped,territorial_authority_68_median_rent,median_rent,territorial_authority,68,Waitaki District,2025-05-01,2025-06-01,,1,468.0,462.0625338312191,5.9374661687808725,5.9374661687808725,35.25350450541741,ets_additive_damped,5.9374661687808725,1.2849919078160303,above_forecast,,,,unavailable,,,False,unavailable,unavailable,False,1,6,True,False,False,False,unavailable
ets_additive_damped,territorial_authority_68_median_rent,median_rent,territorial_authority,68,Waitaki District,2025-06-01,2025-07-01,,1,475.0,466.90346167681935,8.096538323180653,8.096538323180653,65.55393281873297,ets_additive_damped,8.096538323180653,1.7340925882414864,above_forecast,,,,unavailable,,,False,unavailable,unavailable,False,1,6,True,False,False,False,unavailable
ets_additive_damped,territorial_authority_68_median_rent,median_rent,territorial_authority,68,Waitaki District,2025-07-01,2025-08-01,,1,480.0,467.8903085640808,12.10969143591916,12.10969143591916,146.64462667317386,ets_additive_damped,12.109691435919217,2.588147523953408,above_forecast,,,,unavailable,,,False,unavailable,unavailable,False,1,6,True,False,False,False,unavailable
ets_additive_damped,territorial_authority_68_median_rent,median_rent,territorial_authority,68,Waitaki District,2025-08-01,2025-09-01,,1,470.0,473.9426319336354,-3.9426319336354254,3.9426319336354254,15.544346564121811,ets_additive_damped,-3.9426319336354254,-0.8318795710674743,below_forecast,15.267127650536452,6.770946752952966,11.735138236738067,mad,10.038468128914701,-1.9136146409470864,True,normal,normal,False,1,6,True,False,False,False,normal
ets_additive_damped,territorial_authority_68_median_rent,median_rent,territorial_authority,68,Waitaki District,2025-09-01,2025-10-01,,1,455.0,474.4102418583339,-19.410241858333904,19.410241858333904,376.75748899901765,ets_additive_damped,-19.410241858333904,-4.091446631148004,below_forecast,12.109691435919217,6.31487242923447,13.014495601139373,mad,9.362301600051104,-3.3666863812720016,True,moderate,low,True,1,6,True,True,True,True,dashboard_alert
ets_additive_damped,territorial_authority_68_median_rent,median_rent,territorial_authority,68,Waitaki District,2025-10-01,2025-11-01,,1,473.0,473.5151586250062,-0.5151586250062223,0.5151586250062223,0.2653884089183016,ets_additive_damped,-0.5151586250062223,-0.10879453711727845,below_forecast,10.103114879549935,9.928382967570201,15.760589212960113,mad,14.719618928940253,-0.72136877699188,True,normal,normal,False,1,6,True,False,False,False,normal
ets_additive_damped,territorial_authority_68_median_rent,median_rent,territorial_authority,68,Waitaki District,2025-11-01,2025-12-01,,1,460.0,476.6100748327243,-16.610074832724308,16.610074832724308,275.89458594870143,ets_additive_damped,-16.610074832724308,-3.4850448426953498,below_forecast,8.096538323180653,10.328025541973034,18.93972249015991,mad,15.312120892472993,-1.6135330519791047,True,normal,normal,False,1,6,True,True,False,False,normal
ets_additive_damped,territorial_authority_68_median_rent,median_rent,territorial_authority,68,Waitaki District,2025-12-01,2026-01-01,,1,480.0,478.9060224415867,1.0939775584133145,1.0939775584133145,1.196786898311957,ets_additive_damped,1.0939775584133145,0.2284326166616018,above_forecast,7.017002245980763,11.183597899394556,19.931609364323194,mad,16.580575091763613,-0.35722673398160393,True,normal,normal,False,1,6,True,False,False,False,normal
ets_additive_damped,territorial_authority_68_median_rent,median_rent,territorial_authority,68,Waitaki District,2026-01-01,2026-02-01,,1,480.0,480.4780927111337,-0.4780927111336837,0.4780927111336837,0.2285726404391559,ets_additive_damped,-0.4780927111336837,-0.09950353999201289,below_forecast,5.9374661687808725,9.880098102416298,17.496022929857276,mad,14.648032768593474,-0.4379809208011888,True,normal,normal,False,1,6,True,False,False,False,normal
ets_additive_damped,territorial_authority_69_bonds_lodged,bonds_lodged,territorial_authority,69,Central Otago District,2025-02-01,2025-03-01,,1,51.0,43.18994921943819,7.810050780561809,7.810050780561809,60.996893194954126,ets_additive_damped,7.810050780561809,18.083028393668023,above_forecast,,,,unavailable,,,False,unavailable,unavailable,False,1,6,True,True,False,False,unavailable
ets_additive_damped,territorial_authority_69_bonds_lodged,bonds_lodged,territorial_authority,69,Central Otago District,2025-03-01,2025-04-01,,1,60.0,41.36451780603185,18.63548219396815,18.63548219396815,347.28119660170404,ets_additive_damped,18.63548219396815,45.051854058481716,above_forecast,,,,unavailable,,,False,unavailable,unavailable,False,1,6,True,True,False,False,unavailable
ets_additive_damped,territorial_authority_69_bonds_lodged,bonds_lodged,territorial_authority,69,Central Otago District,2025-04-01,2025-05-01,,1,75.0,44.575548710801066,30.42445128919893,30.42445128919893,925.6472362488388,ets_additive_damped,30.424451289198934,68.25367756342797,above_forecast,,,,unavailable,,,False,unavailable,unavailable,False,1,6,True,True,False,False,unavailable
ets_additive_damped,territorial_authority_69_bonds_lodged,bonds_lodged,territorial_authority,69,Central Otago District,2025-05-01,2025-06-01,,1,48.0,48.36669816497096,-0.3666981649709555,0.3666981649709555,0.1344675441930661,ets_additive_damped,-0.36669816497096264,-0.7581624937890419,below_forecast,,,,unavailable,,,False,unavailable,unavailable,False,1,6,True,False,False,False,unavailable
ets_additive_damped,territorial_authority_69_bonds_lodged,bonds_lodged,territorial_authority,69,Central Otago District,2025-06-01,2025-07-01,,1,45.0,45.940545781362864,-0.9405457813628644,0.9405457813628644,0.884626366839481,ets_additive_damped,-0.9405457813628644,-2.0473108565994105,below_forecast,,,,unavailable,,,False,unavailable,unavailable,False,1,6,True,False,False,False,unavailable
ets_additive_damped,territorial_authority_69_bonds_lodged,bonds_lodged,territorial_authority,69,Central Otago District,2025-07-01,2025-08-01,,1,39.0,45.37176908762227,-6.371769087622269,6.371769087622269,40.59944130597872,ets_additive_damped,-6.371769087622269,-14.043466269338243,below_forecast,,,,unavailable,,,False,unavailable,unavailable,False,1,6,True,True,False,False,unavailable
ets_additive_damped,territorial_authority_69_bonds_lodged,bonds_lodged,territorial_authority,69,Central Otago District,2025-08-01,2025-09-01,,1,48.0,44.32145325063673,3.678546749363271,3.678546749363271,13.531706187251087,ets_additive_damped,3.678546749363271,8.299697955663095,above_forecast,3.7216763077954234,7.37783374228799,16.726208217881457,mad,10.938226452613774,-0.003943012024755288,True,normal,normal,False,1,6,True,False,False,False,normal
ets_additive_damped,territorial_authority_69_bonds_lodged,bonds_lodged,territorial_authority,69,Central Otago District,2025-09-01,2025-10-01,,1,48.0,46.23259824844937,1.7674017515506293,1.7674017515506293,3.1237089513842324,ets_additive_damped,1.7674017515506293,3.8228475545605045,above_forecast,3.678546749363271,4.619092530726135,13.876388460431894,mad,6.848172766087673,-0.2790737125203208,True,normal,normal,False,1,6,True,False,False,False,normal
ets_additive_damped,territorial_authority_69_bonds_lodged,bonds_lodged,territorial_authority,69,Central Otago District,2025-10-01,2025-11-01,,1,54.0,46.60240274372009,7.397597256279909,7.397597256279909,54.724445166120034,ets_additive_damped,7.397597256279909,15.873853751621791,above_forecast,2.72297425045695,4.375298280962337,11.026568702982333,mad,6.486728363176185,0.7206441743976557,True,normal,normal,False,1,6,True,True,False,False,normal
ets_additive_damped,territorial_authority_69_bonds_lodged,bonds_lodged,territorial_authority,69,Central Otago District,2025-11-01,2025-12-01,,1,45.0,42.891919943071485,2.1080800569285145,2.1080800569285145,4.444001526419729,ets_additive_damped,2.1080800569285145,4.914865223395163,above_forecast,3.678546749363271,4.1315040311985385,8.176748945532772,mad,6.125283960264698,-0.25639083879580504,True,normal,normal,False,1,6,True,False,False,False,normal
ets_additive_damped,territorial_authority_69_bonds_lodged,bonds_lodged,territorial_authority,69,Central Otago District,2025-12-01,2026-01-01,,1,57.0,46.074657457558544,10.925342542441456,10.925342542441456,119.36310966968114,ets_additive_damped,10.925342542441456,23.712259939219916,above_forecast,2.8933134031458927,4.1690715188213865,7.540110585331899,mad,6.180980754368253,1.2994748662854398,True,normal,normal,False,1,6,True,True,False,False,normal
ets_additive_damped,territorial_authority_69_bonds_lodged,bonds_lodged,territorial_authority,69,Central Otago District,2026-01-01,2026-02-01,,1,39.0,51.182446027223406,-12.182446027223406,12.182446027223406,148.41199120621135,ets_additive_damped,-12.182446027223406,-23.80200043730558,below_forecast,3.678546749363271,4.1315040311985385,8.6673448682118,mad,6.125283960264698,-2.5894297928844527,True,moderate,low,True,1,6,True,True,True,True,dashboard_alert
ets_additive_damped,territorial_authority_69_median_rent,median_rent,territorial_authority,69,Central Otago District,2025-02-01,2025-03-01,,1,620.0,613.6614672336166,6.338532766383423,6.338532766383423,40.17699763051629,ets_additive_damped,6.338532766383423,1.0329038248005864,above_forecast,,,,unavailable,,,False,unavailable,unavailable,False,1,6,True,False,False,False,unavailable
ets_additive_damped,territorial_authority_69_median_rent,median_rent,territorial_authority,69,Central Otago District,2025-03-01,2025-04-01,,1,628.0,618.0300884999538,9.969911500046235,9.969911500046235,99.3991353187542,ets_additive_damped,9.969911500046237,1.613175747518154,above_forecast,,,,unavailable,,,False,unavailable,unavailable,False,1,6,True,False,False,False,unavailable
ets_additive_damped,territorial_authority_69_median_rent,median_rent,territorial_authority,69,Central Otago District,2025-04-01,2025-05-01,,1,600.0,625.0250463758606,-25.0250463758606,25.0250463758606,626.2529461139736,ets_additive_damped,-25.025046375860597,-4.003846969167971,below_forecast,,,,unavailable,,,False,unavailable,unavailable,False,1,6,True,True,False,False,unavailable
ets_additive_damped,territorial_authority_69_median_rent,median_rent,territorial_authority,69,Central Otago District,2025-05-01,2025-06-01,,1,650.0,616.5675474835173,33.432452516482726,33.432452516482726,1117.728881266872,ets_additive_damped,33.432452516482726,5.422350341488979,above_forecast,,,,unavailable,,,False,unavailable,unavailable,False,1,6,True,True,False,False,unavailable
ets_additive_damped,territorial_authority_69_median_rent,median_rent,territorial_authority,69,Central Otago District,2025-06-01,2025-07-01,,1,585.0,631.5417633425421,-46.54176334254214,46.54176334254214,2166.135735033199,ets_additive_damped,-46.54176334254214,-7.369546409126128,below_forecast,,,,unavailable,,,False,unavailable,unavailable,False,1,6,True,True,False,False,unavailable
ets_additive_damped,territorial_authority_69_median_rent,median_rent,territorial_authority,69,Central Otago District,2025-07-01,2025-08-01,,1,620.0,621.1577432160899,-1.157743216089898,1.157743216089898,1.3403693544021802,ets_additive_damped,-1.157743216089898,-0.18638473539677655,below_forecast,,,,unavailable,,,False,unavailable,unavailable,False,1,6,True,False,False,False,unavailable
ets_additive_damped,territorial_authority_69_median_rent,median_rent,territorial_authority,69,Central Otago District,2025-08-01,2025-09-01,,1,580.0,622.4862155392223,-42.48621553922226,42.48621553922226,1805.0785108452508,ets_additive_damped,-42.48621553922226,-6.825246002020946,below_forecast,2.5903947751467626,17.497478937953417,28.120287402548456,mad,25.941406876135535,-1.7376316762463901,True,normal,normal,False,1,6,True,True,False,False,normal
ets_additive_damped,territorial_authority_69_median_rent,median_rent,territorial_authority,69,Central Otago District,2025-09-01,2025-10-01,,1,600.0,618.1056471672408,-18.10564716724081,18.10564716724081,327.81445934461544,ets_additive_damped,-18.105647167240818,-2.929215620374679,below_forecast,-1.157743216089898,23.8673031597707,41.90985309075626,mad,35.385178887725274,-0.4789548755688207,True,normal,normal,False,1,6,True,True,False,False,normal
ets_additive_damped,territorial_authority_69_median_rent,median_rent,territorial_authority,69,Central Otago District,2025-10-01,2025-11-01,,1,610.0,617.8783977390847,-7.878397739084676,7.878397739084676,62.06915093521453,ets_additive_damped,-7.878397739084676,-1.275072533351706,below_forecast,-9.631695191665358,17.785917324880188,36.63671611650014,mad,26.369039770022518,0.0664907583997013,True,normal,normal,False,1,6,True,False,False,False,normal
ets_additive_damped,territorial_authority_69_median_rent,median_rent,territorial_authority,69,Central Otago District,2025-11-01,2025-12-01,,1,650.0,620.3999012270148,29.60009877298524,29.60009877298524,876.165847370482,ets_additive_damped,29.600098772985234,4.771132089873441,above_forecast,-7.878397739084676,17.14664863677592,31.36357914224402,mad,25.421272997443918,1.4742966064617744,True,normal,normal,False,1,6,True,True,False,False,normal
ets_additive_damped,territorial_authority_69_median_rent,median_rent,territorial_authority,69,Central Otago District,2025-12-01,2026-01-01,,1,598.0,627.2431796180982,-29.243179618098225,29.243179618098225,855.1635541763554,ets_additive_damped,-29.243179618098225,-4.662175782589323,below_forecast,-4.518070477587287,17.497478937953417,32.357263390336186,mad,25.941406876135535,-0.9531136556535985,True,normal,normal,False,1,6,True,True,False,False,normal
ets_additive_damped,territorial_authority_69_median_rent,median_rent,territorial_authority,69,Central Otago District,2026-01-01,2026-02-01,,1,665.0,625.1544339378854,39.845566062114585,39.845566062114585,1587.6691348103377,ets_additive_damped,39.845566062114585,6.373715661124718,above_forecast,-7.878397739084676,17.848309239130913,35.28833513019424,mad,26.46154075482715,1.8035217315338445,True,normal,normal,False,1,6,True,True,False,False,normal
ets_additive_damped,territorial_authority_70_bonds_lodged,bonds_lodged,territorial_authority,70,Queenstown-Lakes District,2025-02-01,2025-03-01,,1,258.0,216.4712238979165,41.5287761020835,41.5287761020835,1724.639244536981,ets_additive_damped,41.5287761020835,19.18443262540412,above_forecast,,,,unavailable,,,False,unavailable,unavailable,False,1,6,True,True,False,False,unavailable
ets_additive_damped,territorial_authority_70_bonds_lodged,bonds_lodged,territorial_authority,70,Queenstown-Lakes District,2025-03-01,2025-04-01,,1,237.0,225.6876216701088,11.31237832989126,11.31237832989126,127.96990347859337,ets_additive_damped,11.312378329891203,5.012405308797434,above_forecast,,,,unavailable,,,False,unavailable,unavailable,False,1,6,True,False,False,False,unavailable
ets_additive_damped,territorial_authority_70_bonds_lodged,bonds_lodged,territorial_authority,70,Queenstown-Lakes District,2025-04-01,2025-05-01,,1,324.0,294.9845248762243,29.01547512377568,29.01547512377568,841.8977966584449,ets_additive_damped,29.015475123775673,9.836270270771182,above_forecast,,,,unavailable,,,False,unavailable,unavailable,False,1,6,True,False,False,False,unavailable
ets_additive_damped,territorial_authority_70_bonds_lodged,bonds_lodged,territorial_authority,70,Queenstown-Lakes District,2025-05-01,2025-06-01,,1,327.0,270.106557998961,56.89344200103898,56.89344200103898,3236.863742725586,ets_additive_damped,56.89344200103898,21.06333234650964,above_forecast,,,,unavailable,,,False,unavailable,unavailable,False,1,6,True,True,False,False,unavailable
ets_additive_damped,territorial_authority_70_bonds_lodged,bonds_lodged,territorial_authority,70,Queenstown-Lakes District,2025-06-01,2025-07-01,,1,231.0,243.33652407795668,-12.336524077956682,12.336524077956682,152.18982632600495,ets_additive_damped,-12.336524077956682,-5.06973793790384,below_forecast,,,,unavailable,,,False,unavailable,unavailable,False,1,6,True,False,False,False,unavailable
ets_additive_damped,territorial_authority_70_bonds_lodged,bonds_lodged,territorial_authority,70,Queenstown-Lakes District,2025-07-01,2025-08-01,,1,192.0,198.48747534652392,-6.487475346523922,6.487475346523922,42.08733637175568,ets_additive_damped,-6.487475346523922,-3.268455772938792,below_forecast,,,,unavailable,,,False,unavailable,unavailable,False,1,6,True,False,False,False,unavailable
ets_additive_damped,territorial_authority_70_bonds_lodged,bonds_lodged,territorial_authority,70,Queenstown-Lakes District,2025-08-01,2025-09-01,,1,177.0,215.9743991766764,-38.9743991766764,38.9743991766764,1519.003791182914,ets_additive_damped,-38.9743991766764,-18.04584215779837,below_forecast,20.163926726833438,24.00812572430371,40.43796278492668,mad,35.59395956160669,-1.6614708403304252,True,normal,normal,False,1,6,True,True,False,False,normal
ets_additive_damped,territorial_authority_70_bonds_lodged,bonds_lodged,territorial_authority,70,Queenstown-Lakes District,2025-09-01,2025-10-01,,1,276.0,230.7355627766273,45.26443722337271,45.26443722337271,2048.869277148649,ets_additive_damped,45.26443722337271,19.617451544386654,above_forecast,11.312378329891203,23.648902407847885,44.68412532516989,mad,35.06138236893682,0.9683605322864242,True,normal,normal,False,1,6,True,True,False,False,normal
ets_additive_damped,territorial_authority_70_bonds_lodged,bonds_lodged,territorial_authority,70,Queenstown-Lakes District,2025-10-01,2025-11-01,,1,210.0,248.3250483082381,-38.32504830823811,38.32504830823811,1468.8093278287847,ets_additive_damped,-38.32504830823811,-15.433420256770242,below_forecast,20.163926726833438,25.875956284948316,50.41242891178791,mad,38.36316721267356,-1.5246127805565874,True,normal,normal,False,1,6,True,True,False,False,normal
ets_additive_damped,territorial_authority_70_bonds_lodged,bonds_lodged,territorial_authority,70,Queenstown-Lakes District,2025-11-01,2025-12-01,,1,222.0,236.45246851678104,-14.45246851678104,14.45246851678104,208.8738462285472,ets_additive_damped,-14.452468516781039,-6.112208769668795,below_forecast,11.312378329891203,30.216397772192295,53.86530018004018,mad,44.79821760147116,-0.5751310705233534,True,normal,normal,False,1,6,True,False,False,False,normal
ets_additive_damped,territorial_authority_70_bonds_lodged,bonds_lodged,territorial_authority,70,Queenstown-Lakes District,2025-12-01,2026-01-01,,1,201.0,215.3121730539184,-14.312173053918343,14.312173053918343,204.8382975253063,ets_additive_damped,-14.3121730539184,-6.6471731955138225,below_forecast,2.4124514916836404,32.859674121245945,52.32393326458149,mad,48.71708542808887,-0.3433010082323008,True,normal,normal,False,1,6,True,False,False,False,normal
ets_additive_damped,territorial_authority_70_bonds_lodged,bonds_lodged,territorial_authority,70,Queenstown-Lakes District,2026-01-01,2026-02-01,,1,201.0,220.5702469289737,-19.57024692897369,19.57024692897369,382.9945648610041,ets_additive_damped,-19.57024692897369,-8.872568808102004,below_forecast,-6.487475346523922,31.837572961714187,49.654446398279305,mad,47.20173900921303,-0.27716715225039096,True,normal,normal,False,1,6,True,False,False,False,normal
seasonal_naive,territorial_authority_70_median_rent,median_rent,territorial_authority,70,Queenstown-Lakes District,2025-02-01,2025-03-01,2024-03-01,1,750.0,750.0,0.0,0.0,0.0,seasonal_naive,0.0,0.0,on_forecast,,,,unavailable,,,False,unavailable,unavailable,False,1,6,True,False,False,False,unavailable
seasonal_naive,territorial_authority_70_median_rent,median_rent,territorial_authority,70,Queenstown-Lakes District,2025-03-01,2025-04-01,2024-04-01,1,825.0,750.0,75.0,75.0,5625.0,seasonal_naive,75.0,10.0,above_forecast,,,,unavailable,,,False,unavailable,unavailable,False,1,6,True,True,False,False,unavailable
seasonal_naive,territorial_authority_70_median_rent,median_rent,territorial_authority,70,Queenstown-Lakes District,2025-04-01,2025-05-01,2024-05-01,1,760.0,800.0,-40.0,40.0,1600.0,seasonal_naive,-40.0,-5.0,below_forecast,,,,unavailable,,,False,unavailable,unavailable,False,1,6,True,True,False,False,unavailable
seasonal_naive,territorial_authority_70_median_rent,median_rent,territorial_authority,70,Queenstown-Lakes District,2025-05-01,2025-06-01,2024-06-01,1,825.0,768.0,57.0,57.0,3249.0,seasonal_naive,57.0,7.421875,above_forecast,,,,unavailable,,,False,unavailable,unavailable,False,1,6,True,True,False,False,unavailable
seasonal_naive,territorial_authority_70_median_rent,median_rent,territorial_authority,70,Queenstown-Lakes District,2025-06-01,2025-07-01,2024-07-01,1,790.0,800.0,-10.0,10.0,100.0,seasonal_naive,-10.0,-1.25,below_forecast,,,,unavailable,,,False,unavailable,unavailable,False,1,6,True,False,False,False,unavailable
seasonal_naive,territorial_authority_70_median_rent,median_rent,territorial_authority,70,Queenstown-Lakes District,2025-07-01,2025-08-01,2024-08-01,1,750.0,750.0,0.0,0.0,0.0,seasonal_naive,0.0,0.0,on_forecast,,,,unavailable,,,False,unavailable,unavailable,False,1,6,True,False,False,False,unavailable
seasonal_naive,territorial_authority_70_median_rent,median_rent,territorial_authority,70,Queenstown-Lakes District,2025-08-01,2025-09-01,2024-09-01,1,750.0,750.0,0.0,0.0,0.0,seasonal_naive,0.0,0.0,on_forecast,0.0,25.0,50.25,mad,37.064492216456635,0.0,True,normal,normal,False,1,6,True,False,False,False,normal
seasonal_naive,territorial_authority_70_median_rent,median_rent,territorial_authority,70,Queenstown-Lakes District,2025-09-01,2025-10-01,2024-10-01,1,770.0,750.0,20.0,20.0,400.0,seasonal_naive,20.0,2.666666666666667,above_forecast,0.0,10.0,33.5,mad,14.825796886582655,1.349,True,normal,normal,False,1,6,True,True,False,False,normal
seasonal_naive,territorial_authority_70_median_rent,median_rent,territorial_authority,70,Queenstown-Lakes District,2025-10-01,2025-11-01,2024-11-01,1,750.0,745.0,5.0,5.0,25.0,seasonal_naive,5.0,0.6711409395973155,above_forecast,0.0,15.0,31.75,mad,22.23869532987398,0.22483333333333333,True,normal,normal,False,1,6,True,False,False,False,normal
seasonal_naive,territorial_authority_70_median_rent,median_rent,territorial_authority,70,Queenstown-Lakes District,2025-11-01,2025-12-01,2024-12-01,1,790.0,740.0,50.0,50.0,2500.0,seasonal_naive,50.0,6.756756756756757,above_forecast,0.0,10.0,20.0,mad,14.825796886582655,3.3724999999999996,True,moderate,high,True,1,6,True,True,True,True,dashboard_alert
seasonal_naive,territorial_authority_70_median_rent,median_rent,territorial_authority,70,Queenstown-Lakes District,2025-12-01,2026-01-01,2025-01-01,1,750.0,750.0,0.0,0.0,0.0,seasonal_naive,0.0,0.0,on_forecast,2.5,15.0,42.5,mad,22.23869532987398,-0.11241666666666666,True,normal,normal,False,1,6,True,False,False,False,normal
seasonal_naive,territorial_authority_70_median_rent,median_rent,territorial_authority,70,Queenstown-Lakes District,2026-01-01,2026-02-01,2025-02-01,1,780.0,800.0,-20.0,20.0,400.0,seasonal_naive,-20.0,-2.5,below_forecast,0.0,10.0,35.0,mad,14.825796886582655,-1.349,True,normal,normal,False,1,6,True,True,False,False,normal
ets_additive_damped,territorial_authority_71_bonds_lodged,bonds_lodged,territorial_authority,71,Dunedin City,2025-02-01,2025-03-01,,1,306.0,335.7041371950693,-29.70413719506928,29.70413719506928,882.3357665034982,ets_additive_damped,-29.70413719506928,-8.848308347718977,below_forecast,,,,unavailable,,,False,unavailable,unavailable,False,1,6,True,False,False,False,unavailable
ets_additive_damped,territorial_authority_71_bonds_lodged,bonds_lodged,territorial_authority,71,Dunedin City,2025-03-01,2025-04-01,,1,279.0,273.8230650643019,5.176934935698114,5.176934935698114,26.80065532845164,ets_additive_damped,5.176934935698114,1.8906131718606005,above_forecast,,,,unavailable,,,False,unavailable,unavailable,False,1,6,True,False,False,False,unavailable
ets_additive_damped,territorial_authority_71_bonds_lodged,bonds_lodged,territorial_authority,71,Dunedin City,2025-04-01,2025-05-01,,1,252.0,253.4324038994191,-1.4324038994191142,1.4324038994191142,2.051780931071084,ets_additive_damped,-1.4324038994191142,-0.5652015596188714,below_forecast,,,,unavailable,,,False,unavailable,unavailable,False,1,6,True,False,False,False,unavailable
ets_additive_damped,territorial_authority_71_bonds_lodged,bonds_lodged,territorial_authority,71,Dunedin City,2025-05-01,2025-06-01,,1,294.0,249.9632916111696,44.03670838883039,44.03670838883039,1939.231685722885,ets_additive_damped,44.03670838883039,17.617270161945093,above_forecast,,,,unavailable,,,False,unavailable,unavailable,False,1,6,True,True,False,False,unavailable
ets_additive_damped,territorial_authority_71_bonds_lodged,bonds_lodged,territorial_authority,71,Dunedin City,2025-06-01,2025-07-01,,1,294.0,273.69618952975924,20.30381047024076,20.30381047024076,412.2447196114584,ets_additive_damped,20.303810470240762,7.418375281411476,above_forecast,,,,unavailable,,,False,unavailable,unavailable,False,1,6,True,False,False,False,unavailable
ets_additive_damped,territorial_authority_71_bonds_lodged,bonds_lodged,territorial_authority,71,Dunedin City,2025-07-01,2025-08-01,,1,261.0,262.10312538340384,-1.1031253834038353,1.1031253834038353,1.2168856115098583,ets_additive_damped,-1.1031253834038353,-0.420874562937846,below_forecast,,,,unavailable,,,False,unavailable,unavailable,False,1,6,True,False,False,False,unavailable
ets_additive_damped,territorial_authority_71_bonds_lodged,bonds_lodged,territorial_authority,71,Dunedin City,2025-08-01,2025-09-01,,1,264.0,232.9586303021881,31.041369697811888,31.041369697811888,963.566632716234,ets_additive_damped,31.041369697811888,13.324842122202469,above_forecast,2.0369047761471393,10.868107184829938,17.872175857020395,mad,16.112834966389826,1.800084527779618,True,normal,normal,False,1,6,True,True,False,False,normal
ets_additive_damped,territorial_authority_71_bonds_lodged,bonds_lodged,territorial_authority,71,Dunedin City,2025-09-01,2025-10-01,,1,246.0,263.0369883969256,-17.036988396925608,17.036988396925608,290.25897363697777,ets_additive_damped,-17.036988396925608,-6.477031424651431,below_forecast,5.176934935698114,15.126875534542648,26.9403547254378,mad,22.42679842037457,-0.9905080036944794,True,normal,normal,False,1,6,True,False,False,False,normal
ets_additive_damped,territorial_authority_71_bonds_lodged,bonds_lodged,territorial_authority,71,Dunedin City,2025-10-01,2025-11-01,,1,279.0,283.77578998698107,-4.775789986981067,4.775789986981067,22.80816999974862,ets_additive_damped,-4.775789986981067,-1.682944830212672,below_forecast,2.0369047761471393,18.670399433583185,28.32175030092928,mad,27.680354979367213,-0.24612020937615692,True,normal,normal,False,1,6,True,False,False,False,normal
ets_additive_damped,territorial_authority_71_bonds_lodged,bonds_lodged,territorial_authority,71,Dunedin City,2025-11-01,2025-12-01,,1,420.0,417.7928397903845,2.207160209615552,2.207160209615552,4.871556190910166,ets_additive_damped,2.2071602096154948,0.5282905783456877,above_forecast,-1.1031253834038353,15.933863013521773,25.07960045722183,mad,23.62322166571056,0.1401284566458713,True,normal,normal,False,1,6,True,False,False,False,normal
ets_additive_damped,territorial_authority_71_bonds_lodged,bonds_lodged,territorial_authority,71,Dunedin City,2025-12-01,2026-01-01,,1,2184.0,2160.2317731459534,23.76822685404659,23.76822685404659,564.9286077854214,ets_additive_damped,23.76822685404659,1.1002628120515434,above_forecast,0.5520174131058297,11.458406605059167,20.46203505169568,mad,16.988000897048433,1.3666239825178277,True,normal,normal,False,1,6,True,False,False,False,normal
ets_additive_damped,territorial_authority_71_bonds_lodged,bonds_lodged,territorial_authority,71,Dunedin City,2026-01-01,2026-02-01,,1,555.0,537.2036566278979,17.796343372102115,17.796343372102115,316.70983741776286,ets_additive_damped,17.796343372102115,3.312774057386772,above_forecast,2.2071602096154948,18.096650260625267,25.140115605343766,mad,26.829726109155327,0.5810414574887142,True,normal,normal,False,1,6,True,False,False,False,normal
seasonal_naive,territorial_authority_71_median_rent,median_rent,territorial_authority,71,Dunedin City,2025-02-01,2025-03-01,2024-03-01,1,500.0,450.0,50.0,50.0,2500.0,seasonal_naive,50.0,11.11111111111111,above_forecast,,,,unavailable,,,False,unavailable,unavailable,False,1,6,True,True,False,False,unavailable
seasonal_naive,territorial_authority_71_median_rent,median_rent,territorial_authority,71,Dunedin City,2025-03-01,2025-04-01,2024-04-01,1,520.0,500.0,20.0,20.0,400.0,seasonal_naive,20.0,4.0,above_forecast,,,,unavailable,,,False,unavailable,unavailable,False,1,6,True,True,False,False,unavailable
seasonal_naive,territorial_authority_71_median_rent,median_rent,territorial_authority,71,Dunedin City,2025-04-01,2025-05-01,2024-05-01,1,545.0,500.0,45.0,45.0,2025.0,seasonal_naive,45.0,9.0,above_forecast,,,,unavailable,,,False,unavailable,unavailable,False,1,6,True,True,False,False,unavailable
seasonal_naive,territorial_authority_71_median_rent,median_rent,territorial_authority,71,Dunedin City,2025-05-01,2025-06-01,2024-06-01,1,490.0,490.0,0.0,0.0,0.0,seasonal_naive,0.0,0.0,on_forecast,,,,unavailable,,,False,unavailable,unavailable,False,1,6,True,False,False,False,unavailable
seasonal_naive,territorial_authority_71_median_rent,median_rent,territorial_authority,71,Dunedin City,2025-06-01,2025-07-01,2024-07-01,1,517.0,480.0,37.0,37.0,1369.0,seasonal_naive,37.0,7.708333333333334,above_forecast,,,,unavailable,,,False,unavailable,unavailable,False,1,6,True,True,False,False,unavailable
seasonal_naive,territorial_authority_71_median_rent,median_rent,territorial_authority,71,Dunedin City,2025-07-01,2025-08-01,2024-08-01,1,500.0,500.0,0.0,0.0,0.0,seasonal_naive,0.0,0.0,on_forecast,,,,unavailable,,,False,unavailable,unavailable,False,1,6,True,False,False,False,unavailable
seasonal_naive,territorial_authority_71_median_rent,median_rent,territorial_authority,71,Dunedin City,2025-08-01,2025-09-01,2024-09-01,1,495.0,530.0,-35.0,35.0,1225.0,seasonal_naive,-35.0,-6.60377358490566,below_forecast,28.5,19.0,38.0,mad,28.169014084507044,-2.25425,True,normal,normal,False,1,6,True,True,False,False,normal
seasonal_naive,territorial_authority_71_median_rent,median_rent,territorial_authority,71,Dunedin City,2025-09-01,2025-10-01,2024-10-01,1,550.0,550.0,0.0,0.0,0.0,seasonal_naive,0.0,0.0,on_forecast,20.0,20.0,41.0,mad,29.65159377316531,-0.6745,True,normal,normal,False,1,6,True,False,False,False,normal
seasonal_naive,territorial_authority_71_median_rent,median_rent,territorial_authority,71,Dunedin City,2025-10-01,2025-11-01,2024-11-01,1,500.0,495.0,5.0,5.0,25.0,seasonal_naive,5.0,1.0101010101010102,above_forecast,10.0,18.5,39.0,mad,27.42772424017791,-0.1822972972972973,True,normal,normal,False,1,6,True,False,False,False,normal
seasonal_naive,territorial_authority_71_median_rent,median_rent,territorial_authority,71,Dunedin City,2025-11-01,2025-12-01,2024-12-01,1,543.0,550.0,-7.0,7.0,49.0,seasonal_naive,-7.0,-1.2727272727272727,below_forecast,5.0,15.0,37.0,mad,22.23869532987398,-0.5396,True,normal,normal,False,1,6,True,False,False,False,normal
seasonal_naive,territorial_authority_71_median_rent,median_rent,territorial_authority,71,Dunedin City,2025-12-01,2026-01-01,2025-01-01,1,770.0,720.0,50.0,50.0,2500.0,seasonal_naive,50.0,6.944444444444445,above_forecast,2.5,13.5,32.75,mad,20.014825796886583,2.3732407407407408,True,normal,normal,False,1,6,True,True,False,False,normal
seasonal_naive,territorial_authority_71_median_rent,median_rent,territorial_authority,71,Dunedin City,2026-01-01,2026-02-01,2025-02-01,1,510.0,480.0,30.0,30.0,900.0,seasonal_naive,30.0,6.25,above_forecast,5.0,15.0,41.0,mad,22.23869532987398,1.1241666666666668,True,normal,normal,False,1,6,True,True,False,False,normal
ets_additive_damped,territorial_authority_72_bonds_lodged,bonds_lodged,territorial_authority,72,Clutha District,2025-02-01,2025-03-01,,1,18.0,17.066811832503706,0.9331881674962936,0.9331881674962936,0.8708401559550906,ets_additive_damped,0.9331881674962936,5.4678529104014535,above_forecast,,,,unavailable,,,False,unavailable,unavailable,False,1,6,True,False,False,False,unavailable
ets_additive_damped,territorial_authority_72_bonds_lodged,bonds_lodged,territorial_authority,72,Clutha District,2025-03-01,2025-04-01,,1,21.0,17.7164360265519,3.2835639734481,3.2835639734481,10.781792367726274,ets_additive_damped,3.2835639734481,18.533998421166487,above_forecast,,,,unavailable,,,False,unavailable,unavailable,False,1,6,True,True,False,False,unavailable
ets_additive_damped,territorial_authority_72_bonds_lodged,bonds_lodged,territorial_authority,72,Clutha District,2025-04-01,2025-05-01,,1,27.0,21.29124857400217,5.708751425997825,5.708751425997825,32.5898428438322,ets_additive_damped,5.7087514259978285,26.812666275328446,above_forecast,,,,unavailable,,,False,unavailable,unavailable,False,1,6,True,True,False,False,unavailable
ets_additive_damped,territorial_authority_72_bonds_lodged,bonds_lodged,territorial_authority,72,Clutha District,2025-05-01,2025-06-01,,1,18.0,20.229700053385653,-2.2297000533856526,2.2297000533856526,4.971562328067982,ets_additive_damped,-2.2297000533856526,-11.021913560267983,below_forecast,,,,unavailable,,,False,unavailable,unavailable,False,1,6,True,True,False,False,unavailable
ets_additive_damped,territorial_authority_72_bonds_lodged,bonds_lodged,territorial_authority,72,Clutha District,2025-06-01,2025-07-01,,1,27.0,19.703002862149045,7.296997137850955,7.296997137850955,53.24616722980503,ets_additive_damped,7.296997137850955,37.03494938768464,above_forecast,,,,unavailable,,,False,unavailable,unavailable,False,1,6,True,True,False,False,unavailable
ets_additive_damped,territorial_authority_72_bonds_lodged,bonds_lodged,territorial_authority,72,Clutha District,2025-07-01,2025-08-01,,1,15.0,18.12156520470293,-3.1215652047029288,3.1215652047029288,9.744169327212038,ets_additive_damped,-3.1215652047029288,-17.225693086890843,below_forecast,,,,unavailable,,,False,unavailable,unavailable,False,1,6,True,True,False,False,unavailable
ets_additive_damped,territorial_authority_72_bonds_lodged,bonds_lodged,territorial_authority,72,Clutha District,2025-08-01,2025-09-01,,1,24.0,17.73386932954446,6.266130670455539,6.266130670455539,39.26439357922358,ets_additive_damped,6.266130670455539,35.33425533939298,above_forecast,2.1083760704721968,3.9692257396917405,6.541432561025562,mad,5.884693461366554,0.7065371590345881,True,normal,normal,False,1,6,True,True,False,False,normal
ets_additive_damped,territorial_authority_72_bonds_lodged,bonds_lodged,territorial_authority,72,Clutha District,2025-09-01,2025-10-01,,1,27.0,17.2955274143224,9.7044725856776,9.7044725856776,94.17678816616808,ets_additive_damped,9.7044725856776,56.10972335912312,above_forecast,3.2835639734481,2.9825666970074387,6.635696991171363,mad,4.421892805051799,1.4520724258385282,True,normal,normal,False,1,6,True,True,False,False,normal
ets_additive_damped,territorial_authority_72_bonds_lodged,bonds_lodged,territorial_authority,72,Clutha District,2025-10-01,2025-11-01,,1,18.0,18.956421578131604,-0.9564215781316036,0.9564215781316036,0.9147422351157471,ets_additive_damped,-0.9564215781316037,-5.045369845725236,below_forecast,4.496157699722964,3.1819044851773306,6.381381175028586,mad,4.717426960974545,-1.155837562078153,True,normal,normal,False,1,6,True,False,False,False,normal
ets_additive_damped,territorial_authority_72_bonds_lodged,bonds_lodged,territorial_authority,72,Clutha District,2025-11-01,2025-12-01,,1,21.0,17.34534417987773,3.6546558201222688,3.6546558201222688,13.356509163553572,ets_additive_damped,3.6546558201222688,21.06995273326442,above_forecast,3.2835639734481,4.013433164402855,7.222552248587142,mad,5.950234491331141,0.062365919732207224,True,normal,normal,False,1,6,True,True,False,False,normal
ets_additive_damped,territorial_authority_72_bonds_lodged,bonds_lodged,territorial_authority,72,Clutha District,2025-12-01,2026-01-01,,1,18.0,23.52480787878298,-5.52480787878298,5.52480787878298,30.523502097462487,ets_additive_damped,-5.52480787878298,-23.485028686528842,below_forecast,3.4691098967851843,3.3124540073680624,6.61080500106574,mad,4.910977030938565,-1.8313907230491127,True,normal,normal,False,1,6,True,True,False,False,normal
ets_additive_damped,territorial_authority_72_bonds_lodged,bonds_lodged,territorial_authority,72,Clutha District,2026-01-01,2026-02-01,,1,24.0,20.21113846750785,3.788861532492149,3.788861532492149,14.355471712398757,ets_additive_damped,3.788861532492149,18.746403319057254,above_forecast,3.2835639734481,4.013433164402855,7.580501863985312,mad,5.950234491331141,0.08492061275571808,True,normal,normal,False,1,6,True,True,False,False,normal
ets_additive_damped,territorial_authority_72_median_rent,median_rent,territorial_authority,72,Clutha District,2025-02-01,2025-03-01,,1,450.0,443.0412576086524,6.958742391347641,6.958742391347641,48.42409566913869,ets_additive_damped,6.9587423913475845,1.5706759295754769,above_forecast,,,,unavailable,,,False,unavailable,unavailable,False,1,6,True,False,False,False,unavailable
ets_additive_damped,territorial_authority_72_median_rent,median_rent,territorial_authority,72,Clutha District,2025-03-01,2025-04-01,,1,430.0,442.45306680682137,-12.453066806821369,12.453066806821369,155.07887289515617,ets_additive_damped,-12.453066806821369,-2.8145509074431345,below_forecast,,,,unavailable,,,False,unavailable,unavailable,False,1,6,True,False,False,False,unavailable
ets_additive_damped,territorial_authority_72_median_rent,median_rent,territorial_authority,72,Clutha District,2025-04-01,2025-05-01,,1,455.0,448.2443670909442,6.755632909055805,6.755632909055805,45.6385760019178,ets_additive_damped,6.755632909055805,1.50713169088975,above_forecast,,,,unavailable,,,False,unavailable,unavailable,False,1,6,True,False,False,False,unavailable
ets_additive_damped,territorial_authority_72_median_rent,median_rent,territorial_authority,72,Clutha District,2025-05-01,2025-06-01,,1,470.0,448.0574706982496,21.94252930175037,21.94252930175037,481.4745921581736,ets_additive_damped,21.942529301750426,4.897257770873755,above_forecast,,,,unavailable,,,False,unavailable,unavailable,False,1,6,True,True,False,False,unavailable
ets_additive_damped,territorial_authority_72_median_rent,median_rent,territorial_authority,72,Clutha District,2025-06-01,2025-07-01,,1,440.0,450.6911753125358,-10.69117531253579,10.69117531253579,114.30122956337476,ets_additive_damped,-10.69117531253579,-2.3721732082111218,below_forecast,,,,unavailable,,,False,unavailable,unavailable,False,1,6,True,False,False,False,unavailable
ets_additive_damped,territorial_authority_72_median_rent,median_rent,territorial_authority,72,Clutha District,2025-07-01,2025-08-01,,1,390.0,457.9856852705262,-67.98568527052618,67.98568527052618,4622.05340170304,ets_additive_damped,-67.98568527052618,-14.844500048154979,below_forecast,,,,unavailable,,,False,unavailable,unavailable,False,1,6,True,True,False,False,unavailable
ets_additive_damped,territorial_authority_72_median_rent,median_rent,territorial_authority,72,Clutha District,2025-08-01,2025-09-01,,1,490.0,454.0299056053806,35.97009439461942,35.97009439461942,1293.8476907578315,ets_additive_damped,35.97009439461942,7.9224064209291924,above_forecast,-1.9677712017399926,9.705904599084477,18.920558954024614,mad,14.38977701865749,2.636445689684417,True,moderate,high,True,1,6,True,True,True,True,dashboard_alert
ets_additive_damped,territorial_authority_72_median_rent,median_rent,territorial_authority,72,Clutha District,2025-09-01,2025-10-01,,1,440.0,459.564310089857,-19.56431008985703,19.56431008985703,382.76222929208166,ets_additive_damped,-19.564310089856974,-4.257143050562746,below_forecast,6.755632909055805,17.446808221591596,26.022756906227585,mad,25.866283501247732,-1.0175386424432857,True,normal,normal,False,1,6,True,True,False,False,normal
ets_additive_damped,territorial_authority_72_median_rent,median_rent,territorial_authority,72,Clutha District,2025-10-01,2025-11-01,,1,455.0,457.72463031383,-2.724630313830005,2.724630313830005,7.423610347041391,ets_additive_damped,-2.724630313830005,-0.5952553420518173,below_forecast,-1.9677712017399926,14.040917246599179,24.935566746528565,mad,20.816778719939478,-0.03635812832871448,True,normal,normal,False,1,6,True,False,False,False,normal
ets_additive_damped,territorial_authority_72_median_rent,median_rent,territorial_authority,72,Clutha District,2025-11-01,2025-12-01,,1,435.0,462.0568335967821,-27.0568335967821,27.0568335967821,732.0722442839565,ets_additive_damped,-27.0568335967821,-5.855737136525824,below_forecast,-2.724630313830005,9.728436492991364,19.411809198168953,mad,14.423182346910844,-1.6870204298681395,True,normal,normal,False,1,6,True,True,False,False,normal
ets_additive_damped,territorial_authority_72_median_rent,median_rent,territorial_authority,72,Clutha District,2025-12-01,2026-01-01,,1,385.0,455.0755267471784,-70.0755267471784,70.0755267471784,4910.579448894516,ets_additive_damped,-70.0755267471784,-15.398658602467439,below_forecast,-6.707902813182898,13.565090463384593,24.694464289872712,mad,20.111327595825934,-3.150842411176641,True,moderate,low,True,1,6,True,True,True,True,dashboard_alert
ets_additive_damped,territorial_authority_72_median_rent,median_rent,territorial_authority,72,Clutha District,2026-01-01,2026-02-01,,1,430.0,452.0497221105143,-22.049722110514324,22.049722110514324,486.1902451509043,ets_additive_damped,-22.049722110514324,-4.877720532062122,below_forecast,-10.69117531253579,17.446808221591596,30.16775949352123,mad,25.866283501247732,-0.43912558205088187,True,normal,normal,False,1,6,True,True,False,False,normal
ets_additive_damped,territorial_authority_73_bonds_lodged,bonds_lodged,territorial_authority,73,Southland District,2025-02-01,2025-03-01,,1,24.0,17.156473315333187,6.843526684666813,6.843526684666813,46.83385748374674,ets_additive_damped,6.843526684666813,39.88888951058826,above_forecast,,,,unavailable,,,False,unavailable,unavailable,False,1,6,True,True,False,False,unavailable
ets_additive_damped,territorial_authority_73_bonds_lodged,bonds_lodged,territorial_authority,73,Southland District,2025-03-01,2025-04-01,,1,27.0,18.699839226873664,8.300160773126336,8.300160773126336,68.89266885974519,ets_additive_damped,8.300160773126336,44.38626809795306,above_forecast,,,,unavailable,,,False,unavailable,unavailable,False,1,6,True,True,False,False,unavailable
ets_additive_damped,territorial_authority_73_bonds_lodged,bonds_lodged,territorial_authority,73,Southland District,2025-04-01,2025-05-01,,1,42.0,24.235175597846563,17.764824402153437,17.764824402153437,315.5889860393462,ets_additive_damped,17.764824402153437,73.30181838555337,above_forecast,,,,unavailable,,,False,unavailable,unavailable,False,1,6,True,True,False,False,unavailable
ets_additive_damped,territorial_authority_73_bonds_lodged,bonds_lodged,territorial_authority,73,Southland District,2025-05-01,2025-06-01,,1,33.0,26.65854550229941,6.341454497700589,6.341454497700589,40.21404514640703,ets_additive_damped,6.341454497700589,23.787698759310075,above_forecast,,,,unavailable,,,False,unavailable,unavailable,False,1,6,True,True,False,False,unavailable
ets_additive_damped,territorial_authority_73_bonds_lodged,bonds_lodged,territorial_authority,73,Southland District,2025-06-01,2025-07-01,,1,24.0,25.569900766184787,-1.5699007661847872,1.5699007661847872,2.464588415667582,ets_additive_damped,-1.5699007661847872,-6.139643561937169,below_forecast,,,,unavailable,,,False,unavailable,unavailable,False,1,6,True,False,False,False,unavailable
ets_additive_damped,territorial_authority_73_bonds_lodged,bonds_lodged,territorial_authority,73,Southland District,2025-07-01,2025-08-01,,1,27.0,24.46121763951772,2.538782360482287,2.538782360482287,6.445415873896013,ets_additive_damped,2.53878236048228,10.378806148966241,above_forecast,,,,unavailable,,,False,unavailable,unavailable,False,1,6,True,True,False,False,unavailable
ets_additive_damped,territorial_authority_73_bonds_lodged,bonds_lodged,territorial_authority,73,Southland District,2025-08-01,2025-09-01,,1,30.0,25.703102485469024,4.296897514530976,4.296897514530976,18.463328250382474,ets_additive_damped,4.296897514530976,16.717427466042984,above_forecast,6.592490591183701,2.880689206322028,4.446551856224598,mad,4.270851306630139,-0.5375024583714749,True,normal,normal,False,1,6,True,True,False,False,normal
ets_additive_damped,territorial_authority_73_bonds_lodged,bonds_lodged,territorial_authority,73,Southland District,2025-09-01,2025-10-01,,1,33.0,28.039259471095,4.960740528905003,4.960740528905003,24.60894659512069,ets_additive_damped,4.960740528904999,17.692123909402486,above_forecast,6.341454497700589,2.0445569831696133,4.154003791389947,mad,3.0312186555516876,-0.45549797810422127,True,normal,normal,False,1,6,True,True,False,False,normal
ets_additive_damped,territorial_authority_73_bonds_lodged,bonds_lodged,territorial_authority,73,Southland District,2025-10-01,2025-11-01,,1,21.0,25.15500149962353,-4.1550014996235305,4.1550014996235305,17.264037461873787,ets_additive_damped,-4.1550014996235305,-16.51759591302634,below_forecast,5.651097513302794,2.0016316292976803,3.350316480762892,mad,2.9675783977726913,-3.3044111051240526,True,moderate,low,True,1,6,True,True,True,True,dashboard_alert
ets_additive_damped,territorial_authority_73_bonds_lodged,bonds_lodged,territorial_authority,73,Southland District,2025-11-01,2025-12-01,,1,21.0,21.3950645572772,-0.3950645572772018,0.3950645572772018,0.1560760044166314,ets_additive_damped,-0.39506455727719825,-1.8465219220047795,below_forecast,4.960740528904999,2.4219581684227194,4.304744324184533,mad,3.590745987283498,-1.4915577724377036,True,normal,normal,False,1,6,True,False,False,False,normal
ets_additive_damped,territorial_authority_73_bonds_lodged,bonds_lodged,territorial_authority,73,Southland District,2025-12-01,2026-01-01,,1,24.0,26.36909014490855,-2.369090144908551,2.369090144908551,5.6125881147028185,ets_additive_damped,-2.369090144908551,-8.984345428262658,below_forecast,4.628819021717987,2.943024707178587,6.3796114657625855,mad,4.363268654082413,-1.6038226663121171,True,normal,normal,False,1,6,True,False,False,False,normal
ets_additive_damped,territorial_authority_73_bonds_lodged,bonds_lodged,territorial_authority,73,Southland District,2026-01-01,2026-02-01,,1,21.0,22.677122578156307,-1.6771225781563075,1.6771225781563075,2.81274014216166,ets_additive_damped,-1.6771225781563075,-7.3956586527948325,below_forecast,4.296897514530976,4.003263258595361,7.574973252914694,mad,5.935156795545383,-1.0065479815412912,True,normal,normal,False,1,6,True,False,False,False,normal
xgboost_pooled_recursive,territorial_authority_73_median_rent,median_rent,territorial_authority,73,Southland District,2025-02-01,2025-03-01,,1,455.0,471.473388671875,-16.473388671875,16.473388671875,271.3725343346596,xgboost_pooled_recursive,-16.473388671875,-3.494023006956976,below_forecast,,,,unavailable,,,False,unavailable,unavailable,False,1,6,True,True,False,False,unavailable
xgboost_pooled_recursive,territorial_authority_73_median_rent,median_rent,territorial_authority,73,Southland District,2025-03-01,2025-04-01,,1,460.0,473.9526977539063,-13.95269775390625,13.95269775390625,194.6777746118605,xgboost_pooled_recursive,-13.952697753906307,-2.943900904041496,below_forecast,,,,unavailable,,,False,unavailable,unavailable,False,1,6,True,False,False,False,unavailable
xgboost_pooled_recursive,territorial_authority_73_median_rent,median_rent,territorial_authority,73,Southland District,2025-04-01,2025-05-01,,1,450.0,468.2881774902344,-18.28817749023437,18.28817749023437,334.4574359143153,xgboost_pooled_recursive,-18.288177490234375,-3.905325474635916,below_forecast,,,,unavailable,,,False,unavailable,unavailable,False,1,6,True,True,False,False,unavailable
xgboost_pooled_recursive,territorial_authority_73_median_rent,median_rent,territorial_authority,73,Southland District,2025-05-01,2025-06-01,,1,468.0,467.6658630371094,0.334136962890625,0.334136962890625,0.1116475099697709,xgboost_pooled_recursive,0.334136962890625,0.07144779837482197,above_forecast,,,,unavailable,,,False,unavailable,unavailable,False,1,6,True,False,False,False,unavailable
xgboost_pooled_recursive,territorial_authority_73_median_rent,median_rent,territorial_authority,73,Southland District,2025-06-01,2025-07-01,,1,423.0,466.9898071289063,-43.98980712890625,43.98980712890625,1935.1031312383711,xgboost_pooled_recursive,-43.98980712890631,-9.419864514679547,below_forecast,,,,unavailable,,,False,unavailable,unavailable,False,1,6,True,True,False,False,unavailable
xgboost_pooled_recursive,territorial_authority_73_median_rent,median_rent,territorial_authority,73,Southland District,2025-07-01,2025-08-01,,1,480.0,454.10003662109375,25.89996337890625,25.89996337890625,670.8081030286849,xgboost_pooled_recursive,25.89996337890625,5.703580993215703,above_forecast,,,,unavailable,,,False,unavailable,unavailable,False,1,6,True,True,False,False,unavailable
xgboost_pooled_recursive,territorial_authority_73_median_rent,median_rent,territorial_authority,73,Southland District,2025-08-01,2025-09-01,,1,430.0,460.7479553222656,-30.747955322265625,30.747955322265625,945.436756500043,xgboost_pooled_recursive,-30.747955322265625,-6.673487091388017,below_forecast,-15.213043212890653,9.3111572265625,14.596908569335923,mad,13.804532582005189,-1.1253486503139851,True,normal,normal,False,1,6,True,True,False,False,normal
xgboost_pooled_recursive,territorial_authority_73_median_rent,median_rent,territorial_authority,73,Southland District,2025-09-01,2025-10-01,,1,430.0,457.2936401367188,-27.29364013671875,27.29364013671875,744.9427919127047,xgboost_pooled_recursive,-27.293640136718807,-5.968515138010387,below_forecast,-16.473388671875,14.274566650390625,17.70878601074216,mad,21.16318258026779,-0.5112771400900937,True,normal,normal,False,1,6,True,True,False,False,normal
xgboost_pooled_recursive,territorial_authority_73_median_rent,median_rent,territorial_authority,73,Southland District,2025-10-01,2025-11-01,,1,475.0,453.0665283203125,21.9334716796875,21.9334716796875,481.0771799236536,xgboost_pooled_recursive,21.9334716796875,4.84111500379494,above_forecast,-17.380783081054688,11.640014648437528,17.776229858398438,mad,17.25724929345816,2.2781298509517014,True,normal,normal,False,1,6,True,True,False,False,normal
xgboost_pooled_recursive,territorial_authority_73_median_rent,median_rent,territorial_authority,73,Southland District,2025-11-01,2025-12-01,,1,455.0,464.3385314941406,-9.338531494140623,9.338531494140623,87.20817046705633,xgboost_pooled_recursive,-9.338531494140625,-2.011147225730171,below_forecast,-16.473388671875,14.274566650390625,27.627777099609432,mad,21.16318258026779,0.33713535999008015,True,normal,normal,False,1,6,True,False,False,False,normal
xgboost_pooled_recursive,territorial_authority_73_median_rent,median_rent,territorial_authority,73,Southland District,2025-12-01,2026-01-01,,1,460.0,478.808349609375,-18.808349609375,18.808349609375,353.7540150284767,xgboost_pooled_recursive,-18.808349609375,-3.92815823381513,below_forecast,-15.213043212890653,13.807754516601562,22.95824432373051,mad,20.471096392292903,-0.17562842397820627,True,normal,normal,False,1,6,True,True,False,False,normal
xgboost_pooled_recursive,territorial_authority_73_median_rent,median_rent,territorial_authority,73,Southland District,2026-01-01,2026-02-01,,1,470.0,460.540771484375,9.459228515625,9.459228515625,89.47700411081314,xgboost_pooled_recursive,9.459228515625,2.0539394340997945,above_forecast,-16.473388671875,10.820251464843807,18.548797607421903,mad,16.04188504795227,1.6165567269670886,True,normal,normal,False,1,6,True,False,False,False,normal
ets_additive_damped,territorial_authority_74_bonds_lodged,bonds_lodged,territorial_authority,74,Gore District,2025-02-01,2025-03-01,,1,30.0,22.20178613990497,7.798213860095029,7.798213860095029,60.81213940777821,ets_additive_damped,7.798213860095029,35.12426347571514,above_forecast,,,,unavailable,,,False,unavailable,unavailable,False,1,6,True,True,False,False,unavailable
ets_additive_damped,territorial_authority_74_bonds_lodged,bonds_lodged,territorial_authority,74,Gore District,2025-03-01,2025-04-01,,1,30.0,20.728213484181545,9.271786515818455,9.271786515818455,85.96602519491293,ets_additive_damped,9.271786515818455,44.730273175226095,above_forecast,,,,unavailable,,,False,unavailable,unavailable,False,1,6,True,True,False,False,unavailable
ets_additive_damped,territorial_authority_74_bonds_lodged,bonds_lodged,territorial_authority,74,Gore District,2025-04-01,2025-05-01,,1,33.0,24.329942379940626,8.670057620059374,8.670057620059374,75.16989913514962,ets_additive_damped,8.670057620059374,35.6353397170706,above_forecast,,,,unavailable,,,False,unavailable,unavailable,False,1,6,True,True,False,False,unavailable
ets_additive_damped,territorial_authority_74_bonds_lodged,bonds_lodged,territorial_authority,74,Gore District,2025-05-01,2025-06-01,,1,30.0,24.13923195182388,5.860768048176119,5.860768048176119,34.34860211452212,ets_additive_damped,5.860768048176119,24.27901624986581,above_forecast,,,,unavailable,,,False,unavailable,unavailable,False,1,6,True,True,False,False,unavailable
ets_additive_damped,territorial_authority_74_bonds_lodged,bonds_lodged,territorial_authority,74,Gore District,2025-06-01,2025-07-01,,1,27.0,26.957586194702984,0.0424138052970164,0.0424138052970164,0.0017989308797732,ets_additive_damped,0.04241380529701644,0.15733532294278824,above_forecast,,,,unavailable,,,False,unavailable,unavailable,False,1,6,True,False,False,False,unavailable
ets_additive_damped,territorial_authority_74_bonds_lodged,bonds_lodged,territorial_authority,74,Gore District,2025-07-01,2025-08-01,,1,27.0,25.499669712749125,1.5003302872508757,1.5003302872508757,2.2509909708422944,ets_additive_damped,1.5003302872508755,5.883724393891863,above_forecast,,,,unavailable,,,False,unavailable,unavailable,False,1,6,True,False,False,False,unavailable
ets_additive_damped,territorial_authority_74_bonds_lodged,bonds_lodged,territorial_authority,74,Gore District,2025-08-01,2025-09-01,,1,24.0,26.48207777470251,-2.4820777747025105,2.4820777747025105,6.160710079672167,ets_additive_damped,-2.4820777747025105,-9.372670059422454,below_forecast,6.829490954135574,2.141431113803341,5.861656952586101,mad,3.1748422739856794,-2.932923252640325,True,moderate,low,True,1,6,True,False,True,False,statistical_only
ets_additive_damped,territorial_authority_74_bonds_lodged,bonds_lodged,territorial_authority,74,Gore District,2025-09-01,2025-10-01,,1,24.0,25.587142674291343,-1.5871426742913428,1.5871426742913428,2.5190218685566754,ets_additive_damped,-1.5871426742913428,-6.202891407198909,below_forecast,5.860768048176119,3.411018467642336,7.4627636938032555,mad,5.057106697764768,-1.472761238310322,True,normal,normal,False,1,6,True,False,False,False,normal
ets_additive_damped,territorial_authority_74_bonds_lodged,bonds_lodged,territorial_authority,74,Gore District,2025-10-01,2025-11-01,,1,24.0,25.07439876402909,-1.074398764029091,1.074398764029091,1.1543327041472384,ets_additive_damped,-1.074398764029091,-4.28484357347937,below_forecast,3.6805491677134974,4.553586572363704,8.38115011468619,mad,6.751054962733439,-0.7043266508701856,True,normal,normal,False,1,6,True,False,False,False,normal
ets_additive_damped,territorial_authority_74_bonds_lodged,bonds_lodged,territorial_authority,74,Gore District,2025-11-01,2025-12-01,,1,18.0,21.9964834103584,-3.9964834103583975,3.9964834103583975,15.971879649269887,ets_additive_damped,-3.996483410358401,-18.16873786505533,below_forecast,1.5003302872508755,3.982408061953386,8.87261262412412,mad,5.9042373046010175,-0.930994710074704,True,normal,normal,False,1,6,True,True,False,False,normal
ets_additive_damped,territorial_authority_74_bonds_lodged,bonds_lodged,territorial_authority,74,Gore District,2025-12-01,2026-01-01,,1,18.0,27.970177507397068,-9.970177507397068,9.970177507397068,99.4044395290064,ets_additive_damped,-9.970177507397068,-35.64574270134799,below_forecast,0.771372046273946,4.010652638804402,8.77280910384108,mad,5.946112140555081,-1.806482841184403,True,normal,normal,False,1,6,True,True,False,False,normal
ets_additive_damped,territorial_authority_74_bonds_lodged,bonds_lodged,territorial_authority,74,Gore District,2026-01-01,2026-02-01,,1,18.0,23.804212427175965,-5.804212427175965,5.804212427175965,33.68888189978391,ets_additive_damped,-5.804212427175965,-24.383131535784877,below_forecast,0.04241380529701644,4.0388972156554175,8.8641011786325,mad,5.987986976509144,-0.9763926099721459,True,normal,normal,False,1,6,True,True,False,False,normal
xgboost_pooled_recursive,territorial_authority_74_median_rent,median_rent,territorial_authority,74,Gore District,2025-02-01,2025-03-01,,1,390.0,467.90234375,-77.90234375,77.90234375,6068.775161743164,xgboost_pooled_recursive,-77.90234375,-16.64927410400474,below_forecast,,,,unavailable,,,False,unavailable,unavailable,False,1,6,True,True,False,False,unavailable
xgboost_pooled_recursive,territorial_authority_74_median_rent,median_rent,territorial_authority,74,Gore District,2025-03-01,2025-04-01,,1,450.0,468.8931274414063,-18.89312744140625,18.89312744140625,356.9502645172179,xgboost_pooled_recursive,-18.893127441406307,-4.029303552496026,below_forecast,,,,unavailable,,,False,unavailable,unavailable,False,1,6,True,True,False,False,unavailable
xgboost_pooled_recursive,territorial_authority_74_median_rent,median_rent,territorial_authority,74,Gore District,2025-04-01,2025-05-01,,1,470.0,455.1230163574219,14.876983642578123,14.876983642578123,221.3246423015371,xgboost_pooled_recursive,14.876983642578125,3.2687829680964278,above_forecast,,,,unavailable,,,False,unavailable,unavailable,False,1,6,True,False,False,False,unavailable
xgboost_pooled_recursive,territorial_authority_74_median_rent,median_rent,territorial_authority,74,Gore District,2025-05-01,2025-06-01,,1,460.0,460.8596496582031,-0.859649658203125,0.859649658203125,0.7389975348487496,xgboost_pooled_recursive,-0.859649658203125,-0.1865317692361839,below_forecast,,,,unavailable,,,False,unavailable,unavailable,False,1,6,True,False,False,False,unavailable
xgboost_pooled_recursive,territorial_authority_74_median_rent,median_rent,territorial_authority,74,Gore District,2025-06-01,2025-07-01,,1,500.0,463.7345581054688,36.26544189453125,36.26544189453125,1315.1822758056223,xgboost_pooled_recursive,36.26544189453119,7.820301778390045,above_forecast,,,,unavailable,,,False,unavailable,unavailable,False,1,6,True,True,False,False,unavailable
xgboost_pooled_recursive,territorial_authority_74_median_rent,median_rent,territorial_authority,74,Gore District,2025-07-01,2025-08-01,,1,445.0,472.66253662109375,-27.66253662109375,27.66253662109375,765.2159323133528,xgboost_pooled_recursive,-27.66253662109375,-5.852491889635249,below_forecast,,,,unavailable,,,False,unavailable,unavailable,False,1,6,True,True,False,False,unavailable
xgboost_pooled_recursive,territorial_authority_74_median_rent,median_rent,territorial_authority,74,Gore District,2025-08-01,2025-09-01,,1,445.0,454.4669494628906,-9.466949462890623,9.466949462890623,89.6231321329251,xgboost_pooled_recursive,-9.466949462890625,-2.083088654538925,below_forecast,-9.876388549804716,21.269760131835938,36.4130096435547,mad,31.53411435409331,0.012984004634363335,True,normal,normal,False,1,6,True,False,False,False,normal
xgboost_pooled_recursive,territorial_authority_74_median_rent,median_rent,territorial_authority,74,Gore District,2025-09-01,2025-10-01,,1,460.0,465.5119018554688,-5.51190185546875,5.51190185546875,30.38106206431985,xgboost_pooled_recursive,-5.511901855468807,-1.1840517575381202,below_forecast,-9.466949462890625,18.195587158203125,30.28649902343753,mad,26.97640794396312,0.1466113507638771,True,normal,normal,False,1,6,True,False,False,False,normal
xgboost_pooled_recursive,territorial_authority_74_median_rent,median_rent,territorial_authority,74,Gore District,2025-10-01,2025-11-01,,1,495.0,459.09130859375,35.90869140625,35.90869140625,1289.4341185092926,xgboost_pooled_recursive,35.90869140625,7.821688351330913,above_forecast,-7.489425659179716,15.788406372070312,24.159988403320355,mad,23.407570603514177,1.854020556021066,True,normal,normal,False,1,6,True,True,False,False,normal
xgboost_pooled_recursive,territorial_authority_74_median_rent,median_rent,territorial_authority,74,Gore District,2025-11-01,2025-12-01,,1,460.0,480.5128479003906,-20.512847900390625,20.512847900390625,420.7769289845601,xgboost_pooled_recursive,-20.512847900390625,-4.268948892838532,below_forecast,-5.511901855468807,20.388885498046932,33.77011108398443,mad,30.228147513783444,-0.4962575373856992,True,normal,normal,False,1,6,True,True,False,False,normal
xgboost_pooled_recursive,territorial_authority_74_median_rent,median_rent,territorial_authority,74,Gore District,2025-12-01,2026-01-01,,1,440.0,490.9241638183594,-50.924163818359375,50.924163818359375,2593.270460599102,xgboost_pooled_recursive,-50.924163818359375,-10.37312228069531,below_forecast,-7.489425659179716,16.59826660156247,31.050743103027358,mad,24.608252930411375,-1.7650476156111894,True,normal,normal,False,1,6,True,True,False,False,normal
xgboost_pooled_recursive,territorial_authority_74_median_rent,median_rent,territorial_authority,74,Gore District,2026-01-01,2026-02-01,,1,470.0,456.3833923339844,13.616607666015623,13.616607666015623,185.4120043301955,xgboost_pooled_recursive,13.616607666015625,2.983589651757289,above_forecast,-9.466949462890625,18.195587158203125,31.096359252929688,mad,26.97640794396312,0.8556942487249112,True,normal,normal,False,1,6,True,False,False,False,normal
ets_additive_damped,territorial_authority_75_bonds_lodged,bonds_lodged,territorial_authority,75,Invercargill City,2025-02-01,2025-03-01,,1,144.0,123.11599335415931,20.884006645840685,20.884006645840685,436.1417335835179,ets_additive_damped,20.884006645840685,16.96287060428055,above_forecast,,,,unavailable,,,False,unavailable,unavailable,False,1,6,True,True,False,False,unavailable
ets_additive_damped,territorial_authority_75_bonds_lodged,bonds_lodged,territorial_authority,75,Invercargill City,2025-03-01,2025-04-01,,1,135.0,110.10505518788872,24.89494481211129,24.89494481211129,619.7582771980668,ets_additive_damped,24.894944812111277,22.610174228267095,above_forecast,,,,unavailable,,,False,unavailable,unavailable,False,1,6,True,True,False,False,unavailable
ets_additive_damped,territorial_authority_75_bonds_lodged,bonds_lodged,territorial_authority,75,Invercargill City,2025-04-01,2025-05-01,,1,156.0,128.1431781698753,27.856821830124687,27.856821830124687,776.0025224753114,ets_additive_damped,27.856821830124687,21.73882545132117,above_forecast,,,,unavailable,,,False,unavailable,unavailable,False,1,6,True,True,False,False,unavailable
ets_additive_damped,territorial_authority_75_bonds_lodged,bonds_lodged,territorial_authority,75,Invercargill City,2025-05-01,2025-06-01,,1,138.0,129.1248021421391,8.875197857860911,8.875197857860911,78.7691370161789,ets_additive_damped,8.875197857860911,6.873348660074767,above_forecast,,,,unavailable,,,False,unavailable,unavailable,False,1,6,True,False,False,False,unavailable
ets_additive_damped,territorial_authority_75_bonds_lodged,bonds_lodged,territorial_authority,75,Invercargill City,2025-06-01,2025-07-01,,1,135.0,144.6773758257399,-9.677375825739889,9.677375825739889,93.65160287261476,ets_additive_damped,-9.677375825739887,-6.688935136199895,below_forecast,,,,unavailable,,,False,unavailable,unavailable,False,1,6,True,False,False,False,unavailable
ets_additive_damped,territorial_authority_75_bonds_lodged,bonds_lodged,territorial_authority,75,Invercargill City,2025-07-01,2025-08-01,,1,141.0,132.9782647942242,8.021735205775798,8.021735205775798,64.34823571158289,ets_additive_damped,8.021735205775798,6.0323656788490565,above_forecast,,,,unavailable,,,False,unavailable,unavailable,False,1,6,True,False,False,False,unavailable
ets_additive_damped,territorial_authority_75_bonds_lodged,bonds_lodged,territorial_authority,75,Invercargill City,2025-08-01,2025-09-01,,1,132.0,127.55694359242082,4.443056407579178,4.443056407579178,19.74075024093039,ets_additive_damped,4.443056407579178,3.4831944717772116,above_forecast,14.879602251850798,8.43660480316774,15.657109401746553,mad,12.507938922413254,-0.8343937325733292,True,normal,normal,False,1,6,True,False,False,False,normal
ets_additive_damped,territorial_authority_75_bonds_lodged,bonds_lodged,territorial_authority,75,Invercargill City,2025-09-01,2025-10-01,,1,126.0,126.59027760202146,-0.5902776020214588,0.5902776020214588,0.3484276474482037,ets_additive_damped,-0.5902776020214588,-0.4662898393170385,below_forecast,8.875197857860911,12.008808787979774,16.657079922298493,mad,17.804015994039695,-0.531648335018973,True,normal,normal,False,1,6,True,False,False,False,normal
ets_additive_damped,territorial_authority_75_bonds_lodged,bonds_lodged,territorial_authority,75,Invercargill City,2025-10-01,2025-11-01,,1,123.0,129.85704992483397,-6.857049924833973,6.857049924833973,47.01913367166559,ets_additive_damped,-6.857049924833973,-5.280460266734139,below_forecast,8.448466531818354,10.737142123931072,18.702018282229314,mad,15.918668827177274,-0.9614821831409585,True,normal,normal,False,1,6,True,False,False,False,normal
ets_additive_damped,territorial_authority_75_bonds_lodged,bonds_lodged,territorial_authority,75,Invercargill City,2025-11-01,2025-12-01,,1,129.0,120.84634771018266,8.153652289817344,8.153652289817344,66.48204566324362,ets_additive_damped,8.153652289817344,6.74712347068335,above_forecast,8.021735205775798,12.862271440064887,21.474284247862144,mad,19.0693423870495,0.006917757380618175,True,normal,normal,False,1,6,True,False,False,False,normal
ets_additive_damped,territorial_authority_75_bonds_lodged,bonds_lodged,territorial_authority,75,Invercargill City,2025-12-01,2026-01-01,,1,114.0,151.04391284411616,-37.04391284411616,37.04391284411616,1372.2514788024746,ets_additive_damped,-37.043912844116164,-24.52526033428906,below_forecast,8.087693747796571,10.737142123931072,17.21374854846704,mad,15.918668827177274,-2.83513697545246,True,moderate,low,True,1,6,True,True,True,True,dashboard_alert
ets_additive_damped,territorial_authority_75_bonds_lodged,bonds_lodged,territorial_authority,75,Invercargill City,2026-01-01,2026-02-01,,1,135.0,153.45848467955963,-18.458484679559632,18.458484679559632,340.71565666553767,ets_additive_damped,-18.458484679559632,-12.028324610465976,below_forecast,8.021735205775798,12.862271440064887,18.603266015278514,mad,19.0693423870495,-1.388627848190447,True,normal,normal,False,1,6,True,True,False,False,normal
ets_additive_damped,territorial_authority_75_median_rent,median_rent,territorial_authority,75,Invercargill City,2025-02-01,2025-03-01,,1,470.0,483.9175602638591,-13.91756026385906,13.91756026385906,193.69848369814864,ets_additive_damped,-13.917560263859116,-2.8760188525232433,below_forecast,,,,unavailable,,,False,unavailable,unavailable,False,1,6,True,False,False,False,unavailable
ets_additive_damped,territorial_authority_75_median_rent,median_rent,territorial_authority,75,Invercargill City,2025-03-01,2025-04-01,,1,498.0,492.22914608835225,5.770853911647748,5.770853911647748,33.30275486958011,ets_additive_damped,5.770853911647748,1.1723917523997884,above_forecast,,,,unavailable,,,False,unavailable,unavailable,False,1,6,True,False,False,False,unavailable
ets_additive_damped,territorial_authority_75_median_rent,median_rent,territorial_authority,75,Invercargill City,2025-04-01,2025-05-01,,1,485.0,484.7633015409531,0.2366984590469201,0.2366984590469201,0.0560261605151865,ets_additive_damped,0.2366984590469201,0.0488276357336682,above_forecast,,,,unavailable,,,False,unavailable,unavailable,False,1,6,True,False,False,False,unavailable
ets_additive_damped,territorial_authority_75_median_rent,median_rent,territorial_authority,75,Invercargill City,2025-05-01,2025-06-01,,1,480.0,482.4292760346339,-2.429276034633915,2.429276034633915,5.901382052446679,ets_additive_damped,-2.429276034633915,-0.5035507079092596,below_forecast,,,,unavailable,,,False,unavailable,unavailable,False,1,6,True,False,False,False,unavailable
ets_additive_damped,territorial_authority_75_median_rent,median_rent,territorial_authority,75,Invercargill City,2025-06-01,2025-07-01,,1,480.0,486.43825912400496,-6.438259124004958,6.438259124004958,41.45118054783309,ets_additive_damped,-6.438259124004958,-1.3235511399944568,below_forecast,,,,unavailable,,,False,unavailable,unavailable,False,1,6,True,False,False,False,unavailable
ets_additive_damped,territorial_authority_75_median_rent,median_rent,territorial_authority,75,Invercargill City,2025-07-01,2025-08-01,,1,480.0,488.42069604402985,-8.420696044029853,8.420696044029853,70.90812186594002,ets_additive_damped,-8.420696044029853,-1.7240661815179816,below_forecast,,,,unavailable,,,False,unavailable,unavailable,False,1,6,True,False,False,False,unavailable
ets_additive_damped,territorial_authority_75_median_rent,median_rent,territorial_authority,75,Invercargill City,2025-08-01,2025-09-01,,1,480.0,489.8170281837775,-9.817028183777497,9.817028183777497,96.37404236108166,ets_additive_damped,-9.817028183777495,-2.004223540406232,below_forecast,-4.433767579319436,4.328697251538387,7.495291649650341,mad,6.41763862348167,-0.8388226449462427,True,normal,normal,False,1,6,True,False,False,False,normal
ets_additive_damped,territorial_authority_75_median_rent,median_rent,territorial_authority,75,Invercargill City,2025-09-01,2025-10-01,,1,470.0,490.136868218382,-20.13686821838201,20.13686821838201,405.49346164448326,ets_additive_damped,-20.136868218382006,-4.108417367495392,below_forecast,-6.438259124004958,4.008983089371043,8.022573326110177,mad,5.943636900475972,-2.30475201021786,True,normal,normal,False,1,6,True,True,False,False,normal
ets_additive_damped,territorial_authority_75_median_rent,median_rent,territorial_authority,75,Invercargill City,2025-10-01,2025-11-01,,1,500.0,479.29095496396906,20.709045036030943,20.709045036030943,428.8645463043579,ets_additive_damped,20.709045036030943,4.320766920708477,above_forecast,-7.429477584017405,5.7441421146126,9.079378792584194,mad,8.51614842789118,3.304137176366263,True,moderate,high,True,1,6,True,True,True,True,dashboard_alert
ets_additive_damped,territorial_authority_75_median_rent,median_rent,territorial_authority,75,Invercargill City,2025-11-01,2025-12-01,,1,480.0,487.0493656317309,-7.049365631730893,7.049365631730893,49.693555809828695,ets_additive_damped,-7.049365631730893,-1.447361628854082,below_forecast,-6.438259124004958,6.674957583051878,10.053726642824415,mad,9.896156535288181,-0.061751903938344455,True,normal,normal,False,1,6,True,False,False,False,normal
ets_additive_damped,territorial_authority_75_median_rent,median_rent,territorial_authority,75,Invercargill City,2025-12-01,2026-01-01,,1,480.0,491.7750580174964,-11.775058017496406,11.775058017496406,138.65199131540638,ets_additive_damped,-11.775058017496406,-2.394399192379836,below_forecast,-6.7438123778679255,5.647523590074428,9.038149984467296,mad,8.372903765862755,-0.6008961502867642,True,normal,normal,False,1,6,True,False,False,False,normal
ets_additive_damped,territorial_authority_75_median_rent,median_rent,territorial_authority,75,Invercargill City,2026-01-01,2026-02-01,,1,475.0,475.77822037670455,-0.778220376704553,0.778220376704553,0.6056269547181764,ets_additive_damped,-0.778220376704553,-0.16356788591297544,below_forecast,-7.049365631730893,4.725692385765512,9.699754312843453,mad,7.006215545982969,0.8950831178212775,True,normal,normal,False,1,6,True,False,False,False,normal
